{"version":1,"wall_time":12.51,"cpu_time":12.51,"gc_time":1.99,"gc_overhead":15.89,"max_rss_kb":2739972,"domain_stats":{"0":{"wall_time":12.51,"gc_time":1.99,"gc_overhead":15.89}},"mean_latency":0.055945,"stddev_latency":0.223525,"min_latency":0.0,"max_latency":20.332543,"distr_latency":{"25.0000":0.001047,"50.0000":0.008543,"60.0000":0.014703,"70.0000":0.023935,"75.0000":0.038719,"80.0000":0.088319,"85.0000":0.116415,"90.0000":0.186879,"95.0000":0.267007,"96.0000":0.317951,"97.0000":0.355839,"98.0000":0.366079,"99.0000":0.461823,"99.9000":0.964607,"99.9900":10.199039,"99.9990":20.332543,"99.9999":20.332543,"100.0000":20.332543},"allocations":{"total_heap":4646362165,"minor_heap":4556541706,"major_heap":377728778,"promoted_words":287908319,"promoted_pct":6.32},"domain_alloc_stats":{"0":{"total":4646362165,"minor":4556541706,"promoted":287908319,"major":377728778,"promoted_pct":6.32}},"collections":{"minor":17495,"major":27,"forced_major":0,"compactions":0}}
{"version":1,"wall_time":13.17,"cpu_time":13.17,"gc_time":2.07,"gc_overhead":15.69,"max_rss_kb":2769300,"domain_stats":{"0":{"wall_time":13.17,"gc_time":2.07,"gc_overhead":15.69}},"mean_latency":0.058146,"stddev_latency":0.225262,"min_latency":0.0,"max_latency":20.037631,"distr_latency":{"25.0000":0.001047,"50.0000":0.008895,"60.0000":0.015343,"70.0000":0.025375,"75.0000":0.041695,"80.0000":0.092031,"85.0000":0.122687,"90.0000":0.188543,"95.0000":0.280575,"96.0000":0.326399,"97.0000":0.360959,"98.0000":0.373503,"99.0000":0.475391,"99.9000":1.089535,"99.9900":10.100735,"99.9990":20.037631,"99.9999":20.037631,"100.0000":20.037631},"allocations":{"total_heap":4646362165,"minor_heap":4556541706,"major_heap":377728778,"promoted_words":287908319,"promoted_pct":6.32},"domain_alloc_stats":{"0":{"total":4646362165,"minor":4556541706,"promoted":287908319,"major":377728778,"promoted_pct":6.32}},"collections":{"minor":17495,"major":27,"forced_major":0,"compactions":0}}
{"version":1,"wall_time":12.5,"cpu_time":12.5,"gc_time":2.0,"gc_overhead":16.0,"max_rss_kb":2742180,"domain_stats":{"0":{"wall_time":12.5,"gc_time":2.0,"gc_overhead":16.0}},"mean_latency":0.0563,"stddev_latency":0.222261,"min_latency":0.0,"max_latency":20.070399,"distr_latency":{"25.0000":0.001047,"50.0000":0.008647,"60.0000":0.014903,"70.0000":0.024063,"75.0000":0.039295,"80.0000":0.088191,"85.0000":0.118335,"90.0000":0.189695,"95.0000":0.268031,"96.0000":0.319999,"97.0000":0.356351,"98.0000":0.366847,"99.0000":0.461823,"99.9000":1.023999,"99.9900":10.436607,"99.9990":20.070399,"99.9999":20.070399,"100.0000":20.070399},"allocations":{"total_heap":4646362165,"minor_heap":4556541706,"major_heap":377728778,"promoted_words":287908319,"promoted_pct":6.32},"domain_alloc_stats":{"0":{"total":4646362165,"minor":4556541706,"promoted":287908319,"major":377728778,"promoted_pct":6.32}},"collections":{"minor":17495,"major":27,"forced_major":0,"compactions":0}}
{"version":1,"wall_time":12.51,"cpu_time":12.51,"gc_time":2.0,"gc_overhead":15.97,"max_rss_kb":2739340,"domain_stats":{"0":{"wall_time":12.51,"gc_time":2.0,"gc_overhead":15.97}},"mean_latency":0.056226,"stddev_latency":0.222693,"min_latency":0.0,"max_latency":20.004863,"distr_latency":{"25.0000":0.001031,"50.0000":0.008551,"60.0000":0.014847,"70.0000":0.024143,"75.0000":0.038879,"80.0000":0.089279,"85.0000":0.117311,"90.0000":0.187007,"95.0000":0.267263,"96.0000":0.319999,"97.0000":0.354815,"98.0000":0.365567,"99.0000":0.459775,"99.9000":0.974335,"99.9900":10.248191,"99.9990":20.004863,"99.9999":20.004863,"100.0000":20.004863},"allocations":{"total_heap":4646362165,"minor_heap":4556541706,"major_heap":377728778,"promoted_words":287908319,"promoted_pct":6.32},"domain_alloc_stats":{"0":{"total":4646362165,"minor":4556541706,"promoted":287908319,"major":377728778,"promoted_pct":6.32}},"collections":{"minor":17495,"major":27,"forced_major":0,"compactions":0}}
{"version":1,"wall_time":12.5,"cpu_time":12.5,"gc_time":2.01,"gc_overhead":16.05,"max_rss_kb":2745676,"domain_stats":{"0":{"wall_time":12.5,"gc_time":2.01,"gc_overhead":16.05}},"mean_latency":0.056469,"stddev_latency":0.225138,"min_latency":0.0,"max_latency":19.857407,"distr_latency":{"25.0000":0.001055,"50.0000":0.008655,"60.0000":0.015167,"70.0000":0.024735,"75.0000":0.039391,"80.0000":0.088383,"85.0000":0.117311,"90.0000":0.188415,"95.0000":0.267263,"96.0000":0.319743,"97.0000":0.357119,"98.0000":0.368383,"99.0000":0.465663,"99.9000":1.023999,"99.9900":12.623871,"99.9990":19.857407,"99.9999":19.857407,"100.0000":19.857407},"allocations":{"total_heap":4646362165,"minor_heap":4556541706,"major_heap":377728778,"promoted_words":287908319,"promoted_pct":6.32},"domain_alloc_stats":{"0":{"total":4646362165,"minor":4556541706,"promoted":287908319,"major":377728778,"promoted_pct":6.32}},"collections":{"minor":17495,"major":27,"forced_major":0,"compactions":0}}
{"version":1,"wall_time":12.52,"cpu_time":12.52,"gc_time":1.99,"gc_overhead":15.87,"max_rss_kb":2731684,"domain_stats":{"0":{"wall_time":12.52,"gc_time":1.99,"gc_overhead":15.87}},"mean_latency":0.055938,"stddev_latency":0.221038,"min_latency":0.0,"max_latency":19.857407,"distr_latency":{"25.0000":0.001023,"50.0000":0.008487,"60.0000":0.014775,"70.0000":0.024255,"75.0000":0.039039,"80.0000":0.087999,"85.0000":0.118527,"90.0000":0.186367,"95.0000":0.265215,"96.0000":0.316671,"97.0000":0.355071,"98.0000":0.364799,"99.0000":0.459519,"99.9000":0.979967,"99.9900":10.182655,"99.9990":19.857407,"99.9999":19.857407,"100.0000":19.857407},"allocations":{"total_heap":4646362165,"minor_heap":4556541706,"major_heap":377728778,"promoted_words":287908319,"promoted_pct":6.32},"domain_alloc_stats":{"0":{"total":4646362165,"minor":4556541706,"promoted":287908319,"major":377728778,"promoted_pct":6.32}},"collections":{"minor":17495,"major":27,"forced_major":0,"compactions":0}}
{"version":1,"wall_time":12.45,"cpu_time":12.45,"gc_time":2.0,"gc_overhead":16.1,"max_rss_kb":2715776,"domain_stats":{"0":{"wall_time":12.45,"gc_time":2.0,"gc_overhead":16.1}},"mean_latency":0.056392,"stddev_latency":0.221451,"min_latency":0.0,"max_latency":20.004863,"distr_latency":{"25.0000":0.001047,"50.0000":0.008583,"60.0000":0.014935,"70.0000":0.024063,"75.0000":0.038687,"80.0000":0.088063,"85.0000":0.117695,"90.0000":0.188415,"95.0000":0.269823,"96.0000":0.319743,"97.0000":0.361471,"98.0000":0.372223,"99.0000":0.460287,"99.9000":1.037311,"99.9900":10.166271,"99.9990":20.004863,"99.9999":20.004863,"100.0000":20.004863},"allocations":{"total_heap":4646362165,"minor_heap":4556541706,"major_heap":377728778,"promoted_words":287908319,"promoted_pct":6.32},"domain_alloc_stats":{"0":{"total":4646362165,"minor":4556541706,"promoted":287908319,"major":377728778,"promoted_pct":6.32}},"collections":{"minor":17495,"major":27,"forced_major":0,"compactions":0}}
{"version":1,"wall_time":12.47,"cpu_time":12.47,"gc_time":2.0,"gc_overhead":16.03,"max_rss_kb":2771120,"domain_stats":{"0":{"wall_time":12.47,"gc_time":2.0,"gc_overhead":16.03}},"mean_latency":0.056229,"stddev_latency":0.221434,"min_latency":0.0,"max_latency":19.972095,"distr_latency":{"25.0000":0.001047,"50.0000":0.008583,"60.0000":0.015207,"70.0000":0.024831,"75.0000":0.039071,"80.0000":0.088767,"85.0000":0.117119,"90.0000":0.186751,"95.0000":0.267775,"96.0000":0.320767,"97.0000":0.355839,"98.0000":0.366847,"99.0000":0.462847,"99.9000":0.974335,"99.9900":10.166271,"99.9990":19.972095,"99.9999":19.972095,"100.0000":19.972095},"allocations":{"total_heap":4646362165,"minor_heap":4556541706,"major_heap":377728778,"promoted_words":287908319,"promoted_pct":6.32},"domain_alloc_stats":{"0":{"total":4646362165,"minor":4556541706,"promoted":287908319,"major":377728778,"promoted_pct":6.32}},"collections":{"minor":17495,"major":27,"forced_major":0,"compactions":0}}
{"version":1,"wall_time":12.48,"cpu_time":12.48,"gc_time":2.02,"gc_overhead":16.19,"max_rss_kb":2756612,"domain_stats":{"0":{"wall_time":12.48,"gc_time":2.02,"gc_overhead":16.19}},"mean_latency":0.05687,"stddev_latency":0.221997,