{"version":1,"wall_time":16.46,"cpu_time":16.46,"gc_time":15.41,"gc_overhead":93.62,"max_rss_kb":1110592,"domain_stats":{"0":{"wall_time":16.46,"gc_time":15.41,"gc_overhead":93.62}},"mean_latency":1.175707,"stddev_latency":2.048823,"min_latency":0.0,"max_latency":35.913727,"distr_latency":{"25.0000":0.001911,"50.0000":0.093119,"60.0000":0.188927,"70.0000":0.749567,"75.0000":1.538047,"80.0000":2.453503,"85.0000":3.352575,"90.0000":4.460543,"95.0000":6.004735,"96.0000":6.320127,"97.0000":6.627327,"98.0000":6.889471,"99.0000":7.561215,"99.9000":11.403263,"99.9900":31.473663,"99.9990":35.913727,"99.9999":35.913727,"100.0000":35.913727},"allocations":{"total_heap":1717111595,"minor_heap":1716164055,"major_heap":280247303,"promoted_words":279299763,"promoted_pct":16.27},"domain_alloc_stats":{"0":{"total":1717111595,"minor":1716164055,"promoted":279299763,"major":280247303,"promoted_pct":16.27}},"collections":{"minor":6562,"major":25,"forced_major":0,"compactions":0}}
{"version":1,"wall_time":17.48,"cpu_time":17.48,"gc_time":16.43,"gc_overhead":93.97,"max_rss_kb":1106464,"domain_stats":{"0":{"wall_time":17.48,"gc_time":16.43,"gc_overhead":93.97}},"mean_latency":1.253496,"stddev_latency":2.191642,"min_latency":0.0,"max_latency":33.685503,"distr_latency":{"25.0000":0.001903,"50.0000":0.093247,"60.0000":0.184831,"70.0000":0.789503,"75.0000":1.572863,"80.0000":2.564095,"85.0000":3.606527,"90.0000":4.841471,"95.0000":6.582271,"96.0000":6.918143,"97.0000":7.213055,"98.0000":7.565311,"99.0000":8.089599,"99.9000":11.583487,"99.9900":30.769151,"99.9990":33.685503,"99.9999":33.685503,"100.0000":33.685503},"allocations":{"total_heap":1717111595,"minor_heap":1716164055,"major_heap":280247303,"promoted_words":279299763,"promoted_pct":16.27},"domain_alloc_stats":{"0":{"total":1717111595,"minor":1716164055,"promoted":279299763,"major":280247303,"promoted_pct":16.27}},"collections":{"minor":6562,"major":25,"forced_major":0,"compactions":0}}
{"version":1,"wall_time":17.32,"cpu_time":17.32,"gc_time":16.27,"gc_overhead":93.93,"max_rss_kb":1110796,"domain_stats":{"0":{"wall_time":17.32,"gc_time":16.27,"gc_overhead":93.93}},"mean_latency":1.241178,"stddev_latency":2.184141,"min_latency":0.0,"max_latency":35.127295,"distr_latency":{"25.0000":0.001807,"50.0000":0.093311,"60.0000":0.188159,"70.0000":0.772095,"75.0000":1.546239,"80.0000":2.500607,"85.0000":3.510271,"90.0000":4.796415,"95.0000":6.561791,"96.0000":6.893567,"97.0000":7.237631,"98.0000":7.606271,"99.0000":7.979007,"99.9000":11.468799,"99.9900":32.833535,"99.9990":35.127295,"99.9999":35.127295,"100.0000":35.127295},"allocations":{"total_heap":1717111595,"minor_heap":1716164055,"major_heap":280247303,"promoted_words":279299763,"promoted_pct":16.27},"domain_alloc_stats":{"0":{"total":1717111595,"minor":1716164055,"promoted":279299763,"major":280247303,"promoted_pct":16.27}},"collections":{"minor":6562,"major":25,"forced_major":0,"compactions":0}}
{"version":1,"wall_time":17.08,"cpu_time":17.08,"gc_time":16.03,"gc_overhead":93.83,"max_rss_kb":1110656,"domain_stats":{"0":{"wall_time":17.08,"gc_time":16.03,"gc_overhead":93.83}},"mean_latency":1.222702,"stddev_latency":2.147309,"min_latency":0.0,"max_latency":35.192831,"distr_latency":{"25.0000":0.001903,"50.0000":0.093439,"60.0000":0.189055,"70.0000":0.758783,"75.0000":1.526783,"80.0000":2.455551,"85.0000":3.465215,"90.0000":4.698111,"95.0000":6.426623,"96.0000":6.778879,"97.0000":7.110655,"98.0000":7.467007,"99.0000":7.888895,"99.9000":11.157503,"99.9900":32.112639,"99.9990":35.192831,"99.9999":35.192831,"100.0000":35.192831},"allocations":{"total_heap":1717111595,"minor_heap":1716164055,"major_heap":280247303,"promoted_words":279299763,"promoted_pct":16.27},"domain_alloc_stats":{"0":{"total":1717111595,"minor":1716164055,"promoted":279299763,"major":280247303,"promoted_pct":16.27}},"collections":{"minor":6562,"major":25,"forced_major":0,"compactions":0}}
{"version":1,"wall_time":18.51,"cpu_time":18.51,"gc_time":17.48,"gc_overhead":94.42,"max_rss_kb":1110876,"domain_stats":{"0":{"wall_time":18.51,"gc_time":17.48,"gc_overhead":94.42}},"mean_latency":1.333303,"stddev_latency":2.359673,"min_latency":0.0,"max_latency":34.209791,"distr_latency":{"25.0000":0.001935,"50.0000":0.091711,"60.0000":0.191743,"70.0000":0.806399,"75.0000":1.602559,"80.0000":2.615295,"85.0000":3.702783,"90.0000":5.263359,"95.0000":7.180287,"96.0000":7.581695,"97.0000":7.966719,"98.0000":8.351743,"99.0000":8.757247,"99.9000":11.452415,"99.9900":31.490047,"99.9990":34.209791,"99.9999":34.209791,"100.0000":34.209791},"allocations":{"total_heap":1717111595,"minor_heap":1716164055,"major_heap":280247303,"promoted_words":279299763,"promoted_pct":16.27},"domain_alloc_stats":{"0":{"total":1717111595,"minor":1716164055,"promoted":279299763,"major":280247303,"promoted_pct":16.27}},"collections":{"minor":6562,"major":25,"forced_major":0,"compactions":0}}
{"version":1,"wall_time":16.9,"cpu_time":16.9,"gc_time":15.85,"gc_overhead":93.79,"max_rss_kb":1110788,"domain_stats":{"0":{"wall_time":16.9,"gc_time":15.85,"gc_overhead":93.79}},"mean_latency":1.209378,"stddev_latency":2.133667,"min_latency":0.0,"max_latency":35.815423,"distr_latency":{"25.0000":0.001943,"50.0000":0.092095,"60.0000":0.186239,"70.0000":0.740863,"75.0000":1.499135,"80.0000":2.414591,"85.0000":3.391487,"90.0000":4.603903,"95.0000":6.426623,"96.0000":6.766591,"97.0000":7.106559,"98.0000":7.458815,"99.0000":7.901183,"99.9000":10.911743,"99.9900":31.784959,"99.9990":35.815423,"99.9999":35.815423,"100.0000":35.815423},"allocations":{"total_heap":1717111595,"minor_heap":1716164055,"major_heap":280247303,"promoted_words":279299763,"promoted_pct":16.27},"domain_alloc_stats":{"0":{"total":1717111595,"minor":1716164055,"promoted":279299763,"major":280247303,"promoted_pct":16.27}},"collections":{"minor":6562,"major":25,"forced_major":0,"compactions":0}}
{"version":1,"wall_time":17.21,"cpu_time":17.21,"gc_time":16.17,"gc_overhead":93.91,"max_rss_kb":1110828,"domain_stats":{"0":{"wall_time":17.21,"gc_time":16.17,"gc_overhead":93.91}},"mean_latency":1.233388,"stddev_latency":2.180911,"min_latency":0.0,"max_latency":36.798463,"distr_latency":{"25.0000":0.001943,"50.0000":0.093055,"60.0000":0.188287,"70.0000":0.760831,"75.0000":1.522687,"80.0000":2.463743,"85.0000":3.401727,"90.0000":4.792319,"95.0000":6.557695,"96.0000":6.918143,"97.0000":7.254015,"98.0000":7.614463,"99.0000":7.966719,"99.9000":11.444223,"99.9900":31.490047,"99.9990":36.798463,"99.9999":36.798463,"100.0000":36.798463},"allocations":{"total_heap":1717111595,"minor_heap":1716164055,"major_heap":280247303,"promoted_words":279299763,"promoted_pct":16.27},"domain_alloc_stats":{"0":{"total":1717111595,"minor":1716164055,"promoted":279299763,"major":280247303,"promoted_pct":16.27}},"collections":{"minor":6562,"major":25,"forced_major":0,"compactions":0}}
{"version":1,"wall_time":17.21,"cpu_time":17.21,"gc_time":16.15,"gc_overhead":93.8,"max_rss_kb":1106496,"domain_stats":{"0":{"wall_time":17.21,"gc_time":16.15,"gc_overhead":93.8}},"mean_latency":1.231874,"stddev_latency":2.173667,"min_latency":0.0,"max_latency":34.668543,"distr_latency":{"25.0000":0.001887,"50.0000":0.092543,"60.0000":0.186879,"70.0000":0.752639,"75.0000":1.522687,"80.0000":2.451455,"85.0000":3.459071,"90.0000":4.780031,"95.0000":6.533119,"96.0000":6.885375,"97.0000":7.237631,"98.0000":7.585791,"99.0000":7.946239,"99.9000":11.436031,"99.9900":32.767999,"99.9990":34.668543,"99.9999":34.668543,"100.0000":34.668543},"allocations":{"total_heap":1717111595,"minor_heap":1716164055,"major_heap":280247303,"promoted_words":279299763,"promoted_pct":16.27},"domain_alloc_stats":{"0":{"total":1717111595,"minor":1716164055,"promoted":279299763,"major":280247303,"promoted_pct":16.27}},"collections":{"minor":6562,"major":25,"forced_major":0,"compactions":0}}
{"version":1,"wall_time":17.34,"cpu_time":17.34,"gc_time":16.3,"gc_overhead":93.97,"max_rss_kb":1106836,"domain_stats":{"0":{"wall_time":17.34,"gc_time":16.3,"gc_overhead":93.97}},