{"version":1,"wall_time":6.26,"cpu_time":6.26,"gc_time":4.86,"gc_overhead":77.59,"max_rss_kb":77908,"domain_stats":{"0":{"wall_time":6.26,"gc_time":4.86,"gc_overhead":77.59}},"mean_latency":0.583606,"stddev_latency":0.631207,"min_latency":0.0,"max_latency":2.455551,"distr_latency":{"25.0000":0.008207,"50.0000":0.158591,"60.0000":1.135615,"70.0000":1.323007,"75.0000":1.332223,"80.0000":1.340415,"85.0000":1.350655,"90.0000":1.359871,"95.0000":1.374207,"96.0000":1.379327,"97.0000":1.385471,"98.0000":1.397759,"99.0000":1.494015,"99.9000":1.988607,"99.9900":2.363391,"99.9990":2.455551,"99.9999":2.455551,"100.0000":2.455551},"allocations":{"total_heap":659150968,"minor_heap":624675914,"major_heap":98087167,"promoted_words":63612113,"promoted_pct":10.18},"domain_alloc_stats":{"0":{"total":659150968,"minor":624675914,"promoted":63612113,"major":98087167,"promoted_pct":10.18}},"collections":{"minor":9013,"major":3476,"forced_major":1116,"compactions":0}}
{"version":1,"wall_time":6.15,"cpu_time":6.15,"gc_time":4.87,"gc_overhead":79.18,"max_rss_kb":76844,"domain_stats":{"0":{"wall_time":6.15,"gc_time":4.87,"gc_overhead":79.18}},"mean_latency":0.585744,"stddev_latency":0.63288,"min_latency":0.0,"max_latency":2.437119,"distr_latency":{"25.0000":0.008111,"50.0000":0.160383,"60.0000":1.153023,"70.0000":1.328127,"75.0000":1.336319,"80.0000":1.343487,"85.0000":1.351679,"90.0000":1.360895,"95.0000":1.375231,"96.0000":1.379327,"97.0000":1.386495,"98.0000":1.401855,"99.0000":1.482751,"99.9000":1.994751,"99.9900":2.326527,"99.9990":2.437119,"99.9999":2.437119,"100.0000":2.437119},"allocations":{"total_heap":659151000,"minor_heap":624675914,"major_heap":98087204,"promoted_words":63612118,"promoted_pct":10.18},"domain_alloc_stats":{"0":{"total":659151000,"minor":624675914,"promoted":63612118,"major":98087204,"promoted_pct":10.18}},"collections":{"minor":9013,"major":3476,"forced_major":1116,"compactions":0}}
{"version":1,"wall_time":6.11,"cpu_time":6.11,"gc_time":4.82,"gc_overhead":78.94,"max_rss_kb":77712,"domain_stats":{"0":{"wall_time":6.11,"gc_time":4.82,"gc_overhead":78.94}},"mean_latency":0.579723,"stddev_latency":0.625933,"min_latency":0.0,"max_latency":2.519039,"distr_latency":{"25.0000":0.008111,"50.0000":0.161407,"60.0000":1.144831,"70.0000":1.313791,"75.0000":1.323007,"80.0000":1.331199,"85.0000":1.338367,"90.0000":1.346559,"95.0000":1.361919,"96.0000":1.367039,"97.0000":1.374207,"98.0000":1.384447,"99.0000":1.483775,"99.9000":1.985535,"99.9900":2.320383,"99.9990":2.519039,"99.9999":2.519039,"100.0000":2.519039},"allocations":{"total_heap":659151000,"minor_heap":624675914,"major_heap":98087204,"promoted_words":63612118,"promoted_pct":10.18},"domain_alloc_stats":{"0":{"total":659151000,"minor":624675914,"promoted":63612118,"major":98087204,"promoted_pct":10.18}},"collections":{"minor":9013,"major":3476,"forced_major":1116,"compactions":0}}
{"version":1,"wall_time":6.18,"cpu_time":6.18,"gc_time":4.9,"gc_overhead":79.32,"max_rss_kb":77368,"domain_stats":{"0":{"wall_time":6.18,"gc_time":4.9,"gc_overhead":79.32}},"mean_latency":0.588833,"stddev_latency":0.635583,"min_latency":0.0,"max_latency":2.365439,"distr_latency":{"25.0000":0.008263,"50.0000":0.164735,"60.0000":1.156095,"70.0000":1.332223,"75.0000":1.341439,"80.0000":1.349631,"85.0000":1.357823,"90.0000":1.367039,"95.0000":1.383423,"96.0000":1.388543,"97.0000":1.394687,"98.0000":1.407999,"99.0000":1.491967,"99.9000":2.027519,"99.9900":2.363391,"99.9990":2.365439,"99.9999":2.365439,"100.0000":2.365439},"allocations":{"total_heap":659151000,"minor_heap":624675914,"major_heap":98087204,"promoted_words":63612118,"promoted_pct":10.18},"domain_alloc_stats":{"0":{"total":659151000,"minor":624675914,"promoted":63612118,"major":98087204,"promoted_pct":10.18}},"collections":{"minor":9013,"major":3476,"forced_major":1116,"compactions":0}}
{"version":1,"wall_time":6.12,"cpu_time":6.12,"gc_time":4.85,"gc_overhead":79.21,"max_rss_kb":77420,"domain_stats":{"0":{"wall_time":6.12,"gc_time":4.85,"gc_overhead":79.21}},"mean_latency":0.582821,"stddev_latency":0.630101,"min_latency":0.0,"max_latency":2.424831,"distr_latency":{"25.0000":0.008183,"50.0000":0.160511,"60.0000":1.140735,"70.0000":1.324031,"75.0000":1.331199,"80.0000":1.338367,"85.0000":1.345535,"90.0000":1.353727,"95.0000":1.368063,"96.0000":1.373183,"97.0000":1.379327,"98.0000":1.393663,"99.0000":1.488895,"99.9000":2.000895,"99.9900":2.344959,"99.9990":2.424831,"99.9999":2.424831,"100.0000":2.424831},"allocations":{"total_heap":659150998,"minor_heap":624675912,"major_heap":98087192,"promoted_words":63612106,"promoted_pct":10.18},"domain_alloc_stats":{"0":{"total":659150998,"minor":624675912,"promoted":63612106,"major":98087192,"promoted_pct":10.18}},"collections":{"minor":9013,"major":3476,"forced_major":1116,"compactions":0}}
{"version":1,"wall_time":6.11,"cpu_time":6.11,"gc_time":4.84,"gc_overhead":79.15,"max_rss_kb":77272,"domain_stats":{"0":{"wall_time":6.11,"gc_time":4.84,"gc_overhead":79.15}},"mean_latency":0.581486,"stddev_latency":0.627856,"min_latency":0.0,"max_latency":2.385919,"distr_latency":{"25.0000":0.008247,"50.0000":0.162559,"60.0000":1.139711,"70.0000":1.315839,"75.0000":1.324031,"80.0000":1.331199,"85.0000":1.340415,"90.0000":1.349631,"95.0000":1.364991,"96.0000":1.370111,"97.0000":1.378303,"98.0000":1.390591,"99.0000":1.468415,"99.9000":1.971199,"99.9900":2.377727,"99.9990":2.385919,"99.9999":2.385919,"100.0000":2.385919},"allocations":{"total_heap":659151000,"minor_heap":624675914,"major_heap":98087204,"promoted_words":63612118,"promoted_pct":10.18},"domain_alloc_stats":{"0":{"total":659151000,"minor":624675914,"promoted":63612118,"major":98087204,"promoted_pct":10.18}},"collections":{"minor":9013,"major":3476,"forced_major":1116,"compactions":0}}
{"version":1,"wall_time":6.21,"cpu_time":6.21,"gc_time":4.89,"gc_overhead":78.71,"max_rss_kb":77552,"domain_stats":{"0":{"wall_time":6.21,"gc_time":4.89,"gc_overhead":78.71}},"mean_latency":0.587411,"stddev_latency":0.634973,"min_latency":0.0,"max_latency":2.428927,"distr_latency":{"25.0000":0.008255,"50.0000":0.159615,"60.0000":1.159167,"70.0000":1.333247,"75.0000":1.343487,"80.0000":1.350655,"85.0000":1.356799,"90.0000":1.366015,"95.0000":1.380351,"96.0000":1.385471,"97.0000":1.392639,"98.0000":1.404927,"99.0000":1.489919,"99.9000":1.995775,"99.9900":2.285567,"99.9990":2.428927,"99.9999":2.428927,"100.0000":2.428927},"allocations":{"total_heap":659151004,"minor_heap":624675918,"major_heap":98087196,"promoted_words":63612110,"promoted_pct":10.18},"domain_alloc_stats":{"0":{"total":659151004,"minor":624675918,"promoted":63612110,"major":98087196,"promoted_pct":10.18}},"collections":{"minor":9013,"major":3476,"forced_major":1116,"compactions":0}}
{"version":1,"wall_time":6.19,"cpu_time":6.19,"gc_time":4.91,"gc_overhead":79.38,"max_rss_kb":77692,"domain_stats":{"0":{"wall_time":6.19,"gc_time":4.91,"gc_overhead":79.38}},"mean_latency":0.59036,"stddev_latency":0.638342,"min_latency":0.0,"max_latency":2.506751,"distr_latency":{"25.0000":0.008175,"50.0000":0.160767,"60.0000":1.160191,"70.0000":1.336319,"75.0000":1.344511,"80.0000":1.352703,"85.0000":1.360895,"90.0000":1.372159,"95.0000":1.387519,"96.0000":1.393663,"97.0000":1.401855,"98.0000":1.418239,"99.0000":1.525759,"99.9000":2.011135,"99.9900":2.355199,"99.9990":2.506751,"99.9999":2.506751,"100.0000":2.506751},"allocations":{"total_heap":659151006,"minor_heap":624675920,"major_heap":98087186,"promoted_words":63612100,"promoted_pct":10.18},"domain_alloc_stats":{"0":{"total":659151006,"minor":624675920,"promoted":63612100,"major":98087186,"promoted_pct":10.18}},"collections":{"minor":9013,"major":3476,"forced_major":1116,"compactions":0}}
{"version":1,"wall_time":6.16,"cpu_time":6.16,"gc_time":4.89,"gc_overhead":79.27,"max_rss_kb":77496,"domain_stats":{"0":{"wall_time":6.16,"gc_time":4.89,"gc_overhead":79.27}},"mean_latency":0.586962,"stddev_latency":0.634292,"min_latency":0.0,"max_latency":2.357247,"distr_latency":{"25.0000":0.008311,"50.0000":0.161535,