{"version":1,"wall_time":6.1,"cpu_time":6.1,"gc_time":4.88,"gc_overhead":80.03,"max_rss_kb":82664,"domain_stats":{"0":{"wall_time":6.1,"gc_time":4.88,"gc_overhead":80.03}},"mean_latency":0.616451,"stddev_latency":0.635601,"min_latency":0.0,"max_latency":2.422783,"distr_latency":{"25.0000":0.015183,"50.0000":0.173695,"60.0000":1.251327,"70.0000":1.339391,"75.0000":1.346559,"80.0000":1.351679,"85.0000":1.357823,"90.0000":1.363967,"95.0000":1.372159,"96.0000":1.376255,"97.0000":1.381375,"98.0000":1.392639,"99.0000":1.517567,"99.9000":2.183167,"99.9900":2.248703,"99.9990":2.422783,"99.9999":2.422783,"100.0000":2.422783},"allocations":{"total_heap":597140975,"minor_heap":562663733,"major_heap":97141041,"promoted_words":62663799,"promoted_pct":11.14},"domain_alloc_stats":{"0":{"total":597140975,"minor":562663733,"promoted":62663799,"major":97141041,"promoted_pct":11.14}},"collections":{"minor":8783,"major":3488,"forced_major":1116,"compactions":0}}
{"version":1,"wall_time":6.1,"cpu_time":6.1,"gc_time":4.88,"gc_overhead":79.97,"max_rss_kb":82024,"domain_stats":{"0":{"wall_time":6.1,"gc_time":4.88,"gc_overhead":79.97}},"mean_latency":0.616365,"stddev_latency":0.635535,"min_latency":0.0,"max_latency":2.361343,"distr_latency":{"25.0000":0.015247,"50.0000":0.173567,"60.0000":1.250303,"70.0000":1.338367,"75.0000":1.345535,"80.0000":1.350655,"85.0000":1.355775,"90.0000":1.361919,"95.0000":1.372159,"96.0000":1.375231,"97.0000":1.379327,"98.0000":1.389567,"99.0000":1.532927,"99.9000":2.197503,"99.9900":2.351103,"99.9990":2.361343,"99.9999":2.361343,"100.0000":2.361343},"allocations":{"total_heap":597140977,"minor_heap":562663735,"major_heap":97141023,"promoted_words":62663781,"promoted_pct":11.14},"domain_alloc_stats":{"0":{"total":597140977,"minor":562663735,"promoted":62663781,"major":97141023,"promoted_pct":11.14}},"collections":{"minor":8783,"major":3488,"forced_major":1116,"compactions":0}}
{"version":1,"wall_time":6.11,"cpu_time":6.11,"gc_time":4.89,"gc_overhead":80.11,"max_rss_kb":82556,"domain_stats":{"0":{"wall_time":6.11,"gc_time":4.89,"gc_overhead":80.11}},"mean_latency":0.618224,"stddev_latency":0.636992,"min_latency":0.0,"max_latency":2.318335,"distr_latency":{"25.0000":0.015223,"50.0000":0.176255,"60.0000":1.253375,"70.0000":1.343487,"75.0000":1.349631,"80.0000":1.354751,"85.0000":1.359871,"90.0000":1.366015,"95.0000":1.374207,"96.0000":1.377279,"97.0000":1.382399,"98.0000":1.393663,"99.0000":1.524735,"99.9000":2.201599,"99.9900":2.277375,"99.9990":2.318335,"99.9999":2.318335,"100.0000":2.318335},"allocations":{"total_heap":597140973,"minor_heap":562663731,"major_heap":97141041,"promoted_words":62663799,"promoted_pct":11.14},"domain_alloc_stats":{"0":{"total":597140973,"minor":562663731,"promoted":62663799,"major":97141041,"promoted_pct":11.14}},"collections":{"minor":8783,"major":3488,"forced_major":1116,"compactions":0}}
{"version":1,"wall_time":6.06,"cpu_time":6.06,"gc_time":4.84,"gc_overhead":79.87,"max_rss_kb":81980,"domain_stats":{"0":{"wall_time":6.06,"gc_time":4.84,"gc_overhead":79.87}},"mean_latency":0.611097,"stddev_latency":0.629803,"min_latency":0.0,"max_latency":2.441215,"distr_latency":{"25.0000":0.015127,"50.0000":0.174207,"60.0000":1.242111,"70.0000":1.324031,"75.0000":1.331199,"80.0000":1.338367,"85.0000":1.345535,"90.0000":1.354751,"95.0000":1.366015,"96.0000":1.369087,"97.0000":1.373183,"98.0000":1.382399,"99.0000":1.497087,"99.9000":2.181119,"99.9900":2.306047,"99.9990":2.441215,"99.9999":2.441215,"100.0000":2.441215},"allocations":{"total_heap":597140975,"minor_heap":562663733,"major_heap":97141028,"promoted_words":62663786,"promoted_pct":11.14},"domain_alloc_stats":{"0":{"total":597140975,"minor":562663733,"promoted":62663786,"major":97141028,"promoted_pct":11.14}},"collections":{"minor":8783,"major":3488,"forced_major":1116,"compactions":0}}
{"version":1,"wall_time":6.06,"cpu_time":6.06,"gc_time":4.85,"gc_overhead":79.94,"max_rss_kb":81948,"domain_stats":{"0":{"wall_time":6.06,"gc_time":4.85,"gc_overhead":79.94}},"mean_latency":0.61237,"stddev_latency":0.630695,"min_latency":0.0,"max_latency":2.375679,"distr_latency":{"25.0000":0.015151,"50.0000":0.175999,"60.0000":1.243135,"70.0000":1.329151,"75.0000":1.335295,"80.0000":1.341439,"85.0000":1.346559,"90.0000":1.352703,"95.0000":1.362943,"96.0000":1.366015,"97.0000":1.372159,"98.0000":1.379327,"99.0000":1.511423,"99.9000":2.199551,"99.9900":2.324479,"99.9990":2.375679,"99.9999":2.375679,"100.0000":2.375679},"allocations":{"total_heap":597140977,"minor_heap":562663735,"major_heap":97141041,"promoted_words":62663799,"promoted_pct":11.14},"domain_alloc_stats":{"0":{"total":597140977,"minor":562663735,"promoted":62663799,"major":97141041,"promoted_pct":11.14}},"collections":{"minor":8783,"major":3488,"forced_major":1116,"compactions":0}}
{"version":1,"wall_time":6.04,"cpu_time":6.04,"gc_time":4.82,"gc_overhead":79.91,"max_rss_kb":83436,"domain_stats":{"0":{"wall_time":6.04,"gc_time":4.82,"gc_overhead":79.91}},"mean_latency":0.609434,"stddev_latency":0.628033,"min_latency":0.0,"max_latency":2.283519,"distr_latency":{"25.0000":0.015103,"50.0000":0.172927,"60.0000":1.245183,"70.0000":1.325055,"75.0000":1.331199,"80.0000":1.335295,"85.0000":1.340415,"90.0000":1.345535,"95.0000":1.354751,"96.0000":1.357823,"97.0000":1.361919,"98.0000":1.373183,"99.0000":1.501183,"99.9000":2.185215,"99.9900":2.215935,"99.9990":2.283519,"99.9999":2.283519,"100.0000":2.283519},"allocations":{"total_heap":597140975,"minor_heap":562663733,"major_heap":97141022,"promoted_words":62663780,"promoted_pct":11.14},"domain_alloc_stats":{"0":{"total":597140975,"minor":562663733,"promoted":62663780,"major":97141022,"promoted_pct":11.14}},"collections":{"minor":8783,"major":3488,"forced_major":1116,"compactions":0}}
{"version":1,"wall_time":6.05,"cpu_time":6.05,"gc_time":4.84,"gc_overhead":80.03,"max_rss_kb":82256,"domain_stats":{"0":{"wall_time":6.05,"gc_time":4.84,"gc_overhead":80.03}},"mean_latency":0.611621,"stddev_latency":0.630373,"min_latency":0.0,"max_latency":2.351103,"distr_latency":{"25.0000":0.015183,"50.0000":0.173567,"60.0000":1.236991,"70.0000":1.329151,"75.0000":1.335295,"80.0000":1.340415,"85.0000":1.345535,"90.0000":1.350655,"95.0000":1.361919,"96.0000":1.366015,"97.0000":1.372159,"98.0000":1.384447,"99.0000":1.514495,"99.9000":2.193407,"99.9900":2.320383,"99.9990":2.351103,"99.9999":2.351103,"100.0000":2.351103},"allocations":{"total_heap":597140973,"minor_heap":562663731,"major_heap":97141041,"promoted_words":62663799,"promoted_pct":11.14},"domain_alloc_stats":{"0":{"total":597140973,"minor":562663731,"promoted":62663799,"major":97141041,"promoted_pct":11.14}},"collections":{"minor":8783,"major":3488,"forced_major":1116,"compactions":0}}
{"version":1,"wall_time":6.05,"cpu_time":6.05,"gc_time":4.83,"gc_overhead":79.9,"max_rss_kb":81852,"domain_stats":{"0":{"wall_time":6.05,"gc_time":4.83,"gc_overhead":79.9}},"mean_latency":0.610669,"stddev_latency":0.629132,"min_latency":0.0,"max_latency":2.326527,"distr_latency":{"25.0000":0.015263,"50.0000":0.173311,"60.0000":1.251327,"70.0000":1.326079,"75.0000":1.332223,"80.0000":1.338367,"85.0000":1.342463,"90.0000":1.347583,"95.0000":1.355775,"96.0000":1.358847,"97.0000":1.363967,"98.0000":1.372159,"99.0000":1.505279,"99.9000":2.168831,"99.9900":2.312191,"99.9990":2.326527,"99.9999":2.326527,"100.0000":2.326527},"allocations":{"total_heap":597140971,"minor_heap":562663729,"major_heap":97141041,"promoted_words":62663799,"promoted_pct":11.14},"domain_alloc_stats":{"0":{"total":597140971,"minor":562663729,"promoted":62663799,"major":97141041,"promoted_pct":11.14}},"collections":{"minor":8783,"major":3488,"forced_major":1116,"compactions":0}}
{"version":1,"wall_time":6.11,"cpu_time":6.11,"gc_time":4.89,"gc_overhead":80.05,"max_rss_kb":82456,"domain_stats":{"0":{"wall_time":6.11,"gc_time":4.89,"gc_overhead":80.05}},"mean_latency":0.617994,"stddev_latency":0.636925,"min_latency":0.0,"max_latency":2.371583,"distr_latency":{"25.0000":0.015151,"50.0000":0.175615,