{"version":1,"wall_time":2.51,"cpu_time":2.51,"gc_time":0.11,"gc_overhead":4.44,"max_rss_kb":11448,"domain_stats":{"0":{"wall_time":2.51,"gc_time":0.11,"gc_overhead":4.44}},"mean_latency":0.01428,"stddev_latency":0.019517,"min_latency":0.0,"max_latency":0.079807,"distr_latency":{"25.0000":4.7e-05,"50.0000":0.004367,"60.0000":0.008543,"70.0000":0.010671,"75.0000":0.031423,"80.0000":0.033663,"85.0000":0.035007,"90.0000":0.056735,"95.0000":0.057119,"96.0000":0.057247,"97.0000":0.057439,"98.0000":0.057791,"99.0000":0.058367,"99.9000":0.059935,"99.9900":0.074751,"99.9990":0.079807,"99.9999":0.079807,"100.0000":0.079807},"allocations":{"total_heap":266165948,"minor_heap":93576235,"major_heap":193486454,"promoted_words":20896741,"promoted_pct":22.33},"domain_alloc_stats":{"0":{"total":266165948,"minor":93576235,"promoted":20896741,"major":193486454,"promoted_pct":22.33}},"collections":{"minor":3560,"major":1780,"forced_major":0,"compactions":0}}
{"version":1,"wall_time":2.54,"cpu_time":2.54,"gc_time":0.11,"gc_overhead":4.39,"max_rss_kb":11128,"domain_stats":{"0":{"wall_time":2.54,"gc_time":0.11,"gc_overhead":4.39}},"mean_latency":0.014344,"stddev_latency":0.019522,"min_latency":0.0,"max_latency":0.084735,"distr_latency":{"25.0000":4.7e-05,"50.0000":0.004383,"60.0000":0.008535,"70.0000":0.010607,"75.0000":0.032191,"80.0000":0.034271,"85.0000":0.036415,"90.0000":0.056383,"95.0000":0.056703,"96.0000":0.056799,"97.0000":0.056991,"98.0000":0.057375,"99.0000":0.057855,"99.9000":0.059263,"99.9900":0.076159,"99.9990":0.084735,"99.9999":0.084735,"100.0000":0.084735},"allocations":{"total_heap":266165948,"minor_heap":93576235,"major_heap":193486454,"promoted_words":20896741,"promoted_pct":22.33},"domain_alloc_stats":{"0":{"total":266165948,"minor":93576235,"promoted":20896741,"major":193486454,"promoted_pct":22.33}},"collections":{"minor":3560,"major":1780,"forced_major":0,"compactions":0}}
{"version":1,"wall_time":2.53,"cpu_time":2.53,"gc_time":0.11,"gc_overhead":4.5,"max_rss_kb":11012,"domain_stats":{"0":{"wall_time":2.53,"gc_time":0.11,"gc_overhead":4.5}},"mean_latency":0.014617,"stddev_latency":0.019982,"min_latency":0.0,"max_latency":0.082431,"distr_latency":{"25.0000":4.7e-05,"50.0000":0.004783,"60.0000":0.008535,"70.0000":0.010623,"75.0000":0.031903,"80.0000":0.034111,"85.0000":0.035551,"90.0000":0.058271,"95.0000":0.058751,"96.0000":0.058847,"97.0000":0.059039,"98.0000":0.059391,"99.0000":0.059999,"99.9000":0.062495,"99.9900":0.080703,"99.9990":0.082431,"99.9999":0.082431,"100.0000":0.082431},"allocations":{"total_heap":266165948,"minor_heap":93576235,"major_heap":193486454,"promoted_words":20896741,"promoted_pct":22.33},"domain_alloc_stats":{"0":{"total":266165948,"minor":93576235,"promoted":20896741,"major":193486454,"promoted_pct":22.33}},"collections":{"minor":3560,"major":1780,"forced_major":0,"compactions":0}}
{"version":1,"wall_time":2.51,"cpu_time":2.51,"gc_time":0.11,"gc_overhead":4.2,"max_rss_kb":10932,"domain_stats":{"0":{"wall_time":2.51,"gc_time":0.11,"gc_overhead":4.2}},"mean_latency":0.013565,"stddev_latency":0.018884,"min_latency":0.0,"max_latency":0.080191,"distr_latency":{"25.0000":4.7e-05,"50.0000":0.003983,"60.0000":0.008503,"70.0000":0.010623,"75.0000":0.028159,"80.0000":0.028815,"85.0000":0.029695,"90.0000":0.056415,"95.0000":0.056703,"96.0000":0.056799,"97.0000":0.057023,"98.0000":0.057311,"99.0000":0.057759,"99.9000":0.059359,"99.9900":0.076991,"99.9990":0.080191,"99.9999":0.080191,"100.0000":0.080191},"allocations":{"total_heap":266165948,"minor_heap":93576235,"major_heap":193486454,"promoted_words":20896741,"promoted_pct":22.33},"domain_alloc_stats":{"0":{"total":266165948,"minor":93576235,"promoted":20896741,"major":193486454,"promoted_pct":22.33}},"collections":{"minor":3560,"major":1780,"forced_major":0,"compactions":0}}
{"version":1,"wall_time":2.53,"cpu_time":2.53,"gc_time":0.11,"gc_overhead":4.51,"max_rss_kb":11396,"domain_stats":{"0":{"wall_time":2.53,"gc_time":0.11,"gc_overhead":4.51}},"mean_latency":0.014628,"stddev_latency":0.019881,"min_latency":0.0,"max_latency":0.092287,"distr_latency":{"25.0000":4.7e-05,"50.0000":0.004455,"60.0000":0.008503,"70.0000":0.010631,"75.0000":0.033151,"80.0000":0.035391,"85.0000":0.037407,"90.0000":0.057087,"95.0000":0.057631,"96.0000":0.057759,"97.0000":0.057887,"98.0000":0.058239,"99.0000":0.058815,"99.9000":0.060543,"99.9900":0.084671,"99.9990":0.092287,"99.9999":0.092287,"100.0000":0.092287},"allocations":{"total_heap":266165948,"minor_heap":93576235,"major_heap":193486454,"promoted_words":20896741,"promoted_pct":22.33},"domain_alloc_stats":{"0":{"total":266165948,"minor":93576235,"promoted":20896741,"major":193486454,"promoted_pct":22.33}},"collections":{"minor":3560,"major":1780,"forced_major":0,"compactions":0}}
{"version":1,"wall_time":2.53,"cpu_time":2.53,"gc_time":0.11,"gc_overhead":4.54,"max_rss_kb":11380,"domain_stats":{"0":{"wall_time":2.53,"gc_time":0.11,"gc_overhead":4.54}},"mean_latency":0.014743,"stddev_latency":0.020026,"min_latency":0.0,"max_latency":0.094527,"distr_latency":{"25.0000":4.7e-05,"50.0000":0.004551,"60.0000":0.008551,"70.0000":0.010751,"75.0000":0.033791,"80.0000":0.035935,"85.0000":0.037503,"90.0000":0.057471,"95.0000":0.058047,"96.0000":0.058207,"97.0000":0.058431,"98.0000":0.058623,"99.0000":0.059167,"99.9000":0.060319,"99.9900":0.074495,"99.9990":0.094527,"99.9999":0.094527,"100.0000":0.094527},"allocations":{"total_heap":266165948,"minor_heap":93576235,"major_heap":193486454,"promoted_words":20896741,"promoted_pct":22.33},"domain_alloc_stats":{"0":{"total":266165948,"minor":93576235,"promoted":20896741,"major":193486454,"promoted_pct":22.33}},"collections":{"minor":3560,"major":1780,"forced_major":0,"compactions":0}}
{"version":1,"wall_time":2.53,"cpu_time":2.53,"gc_time":0.11,"gc_overhead":4.48,"max_rss_kb":11152,"domain_stats":{"0":{"wall_time":2.53,"gc_time":0.11,"gc_overhead":4.48}},"mean_latency":0.014584,"stddev_latency":0.019844,"min_latency":0.0,"max_latency":0.079103,"distr_latency":{"25.0000":4.7e-05,"50.0000":0.004383,"60.0000":0.008551,"70.0000":0.010607,"75.0000":0.033471,"80.0000":0.035743,"85.0000":0.037343,"90.0000":0.056927,"95.0000":0.057311,"96.0000":0.057439,"97.0000":0.057599,"98.0000":0.057919,"99.0000":0.058527,"99.9000":0.060191,"99.9900":0.077503,"99.9990":0.079103,"99.9999":0.079103,"100.0000":0.079103},"allocations":{"total_heap":266165948,"minor_heap":93576235,"major_heap":193486454,"promoted_words":20896741,"promoted_pct":22.33},"domain_alloc_stats":{"0":{"total":266165948,"minor":93576235,"promoted":20896741,"major":193486454,"promoted_pct":22.33}},"collections":{"minor":3560,"major":1780,"forced_major":0,"compactions":0}}
{"version":1,"wall_time":2.54,"cpu_time":2.54,"gc_time":0.11,"gc_overhead":4.48,"max_rss_kb":11296,"domain_stats":{"0":{"wall_time":2.54,"gc_time":0.11,"gc_overhead":4.48}},"mean_latency":0.014619,"stddev_latency":0.019991,"min_latency":0.0,"max_latency":0.080383,"distr_latency":{"25.0000":4.7e-05,"50.0000":0.004735,"60.0000":0.008535,"70.0000":0.010623,"75.0000":0.030895,"80.0000":0.034431,"85.0000":0.037215,"90.0000":0.058015,"95.0000":0.058399,"96.0000":0.058527,"97.0000":0.058719,"98.0000":0.059135,"99.0000":0.059647,"99.9000":0.061695,"99.9900":0.076159,"99.9990":0.080383,"99.9999":0.080383,"100.0000":0.080383},"allocations":{"total_heap":266165948,"minor_heap":93576235,"major_heap":193486454,"promoted_words":20896741,"promoted_pct":22.33},"domain_alloc_stats":{"0":{"total":266165948,"minor":93576235,"promoted":20896741,"major":193486454,"promoted_pct":22.33}},"collections":{"minor":3560,"major":1780,"forced_major":0,"compactions":0}}
{"version":1,"wall_time":2.51,"cpu_time":2.51,"gc_time":0.11,"gc_overhead":4.21,"max_rss_kb":11448,"domain_stats":{"0":{"wall_time":2.51,"gc_time":0.11,"gc_overhead":4.21}},"mean_latency":0.013564,"stddev_latency":0.018866,"min_latency":0.0,"max_latency":0.081343,"distr_latency":{"25.0000":5.5e-05,"50.0000":0.004127,"60.0000":0.008535,"70.0000":0.010631,