{"version":1,"wall_time":2.9,"cpu_time":2.9,"gc_time":2.87,"gc_overhead":99.1,"max_rss_kb":111668,"domain_stats":{"0":{"wall_time":2.9,"gc_time":2.87,"gc_overhead":99.1}},"mean_latency":0.239306,"stddev_latency":0.387297,"min_latency":0.0,"max_latency":3.129343,"distr_latency":{"25.0000":0.000287,"50.0000":0.000295,"60.0000":0.008975,"70.0000":0.180735,"75.0000":0.461055,"80.0000":0.752639,"85.0000":0.891903,"90.0000":0.899583,"95.0000":0.906239,"96.0000":0.909311,"97.0000":0.983551,"98.0000":1.145855,"99.0000":1.315839,"99.9000":1.545215,"99.9900":2.766847,"99.9990":3.129343,"99.9999":3.129343,"100.0000":3.129343},"allocations":{"total_heap":14037452,"minor_heap":300185,"major_heap":13737450,"promoted_words":183,"promoted_pct":0.06},"domain_alloc_stats":{"0":{"total":14037452,"minor":300185,"promoted":183,"major":13737450,"promoted_pct":0.06}},"collections":{"minor":982,"major":982,"forced_major":0,"compactions":0}}
{"version":1,"wall_time":2.89,"cpu_time":2.89,"gc_time":2.87,"gc_overhead":99.09,"max_rss_kb":111608,"domain_stats":{"0":{"wall_time":2.89,"gc_time":2.87,"gc_overhead":99.09}},"mean_latency":0.238946,"stddev_latency":0.386557,"min_latency":0.0,"max_latency":3.254271,"distr_latency":{"25.0000":0.000287,"50.0000":0.000295,"60.0000":0.009223,"70.0000":0.179327,"75.0000":0.464639,"80.0000":0.747007,"85.0000":0.891391,"90.0000":0.899071,"95.0000":0.905727,"96.0000":0.908287,"97.0000":0.987135,"98.0000":1.159167,"99.0000":1.310719,"99.9000":1.542143,"99.9900":2.746367,"99.9990":3.254271,"99.9999":3.254271,"100.0000":3.254271},"allocations":{"total_heap":14037452,"minor_heap":300185,"major_heap":13737450,"promoted_words":183,"promoted_pct":0.06},"domain_alloc_stats":{"0":{"total":14037452,"minor":300185,"promoted":183,"major":13737450,"promoted_pct":0.06}},"collections":{"minor":982,"major":982,"forced_major":0,"compactions":0}}
{"version":1,"wall_time":2.94,"cpu_time":2.94,"gc_time":2.91,"gc_overhead":99.11,"max_rss_kb":111728,"domain_stats":{"0":{"wall_time":2.94,"gc_time":2.91,"gc_overhead":99.11}},"mean_latency":0.242605,"stddev_latency":0.395314,"min_latency":0.0,"max_latency":4.694015,"distr_latency":{"25.0000":0.000287,"50.0000":0.000303,"60.0000":0.009047,"70.0000":0.182271,"75.0000":0.463103,"80.0000":0.753151,"85.0000":0.893439,"90.0000":0.901119,"95.0000":0.909311,"96.0000":0.927743,"97.0000":1.068031,"98.0000":1.214463,"99.0000":1.324031,"99.9000":1.545215,"99.9900":3.497983,"99.9990":4.694015,"99.9999":4.694015,"100.0000":4.694015},"allocations":{"total_heap":14037452,"minor_heap":300185,"major_heap":13737450,"promoted_words":183,"promoted_pct":0.06},"domain_alloc_stats":{"0":{"total":14037452,"minor":300185,"promoted":183,"major":13737450,"promoted_pct":0.06}},"collections":{"minor":982,"major":982,"forced_major":0,"compactions":0}}
{"version":1,"wall_time":2.9,"cpu_time":2.9,"gc_time":2.88,"gc_overhead":99.1,"max_rss_kb":111600,"domain_stats":{"0":{"wall_time":2.9,"gc_time":2.88,"gc_overhead":99.1}},"mean_latency":0.239736,"stddev_latency":0.38806,"min_latency":0.0,"max_latency":3.209215,"distr_latency":{"25.0000":0.000287,"50.0000":0.000295,"60.0000":0.009151,"70.0000":0.180863,"75.0000":0.469759,"80.0000":0.751615,"85.0000":0.891391,"90.0000":0.899071,"95.0000":0.906751,"96.0000":0.913919,"97.0000":0.999423,"98.0000":1.157119,"99.0000":1.313791,"99.9000":1.545215,"99.9900":3.121151,"99.9990":3.209215,"99.9999":3.209215,"100.0000":3.209215},"allocations":{"total_heap":14037452,"minor_heap":300185,"major_heap":13737450,"promoted_words":183,"promoted_pct":0.06},"domain_alloc_stats":{"0":{"total":14037452,"minor":300185,"promoted":183,"major":13737450,"promoted_pct":0.06}},"collections":{"minor":982,"major":982,"forced_major":0,"compactions":0}}
{"version":1,"wall_time":2.91,"cpu_time":2.91,"gc_time":2.88,"gc_overhead":99.09,"max_rss_kb":111640,"domain_stats":{"0":{"wall_time":2.91,"gc_time":2.88,"gc_overhead":99.09}},"mean_latency":0.240381,"stddev_latency":0.389435,"min_latency":0.0,"max_latency":3.964927,"distr_latency":{"25.0000":0.000287,"50.0000":0.000295,"60.0000":0.009271,"70.0000":0.183807,"75.0000":0.465407,"80.0000":0.750079,"85.0000":0.892927,"90.0000":0.900607,"95.0000":0.908287,"96.0000":0.911871,"97.0000":1.004031,"98.0000":1.175551,"99.0000":1.316863,"99.9000":1.546239,"99.9900":2.783231,"99.9990":3.964927,"99.9999":3.964927,"100.0000":3.964927},"allocations":{"total_heap":14037452,"minor_heap":300185,"major_heap":13737450,"promoted_words":183,"promoted_pct":0.06},"domain_alloc_stats":{"0":{"total":14037452,"minor":300185,"promoted":183,"major":13737450,"promoted_pct":0.06}},"collections":{"minor":982,"major":982,"forced_major":0,"compactions":0}}
{"version":1,"wall_time":2.95,"cpu_time":2.95,"gc_time":2.92,"gc_overhead":99.09,"max_rss_kb":111736,"domain_stats":{"0":{"wall_time":2.95,"gc_time":2.92,"gc_overhead":99.09}},"mean_latency":0.243343,"stddev_latency":0.395375,"min_latency":0.0,"max_latency":3.215359,"distr_latency":{"25.0000":0.000287,"50.0000":0.000295,"60.0000":0.009207,"70.0000":0.183807,"75.0000":0.470015,"80.0000":0.759807,"85.0000":0.894463,"90.0000":0.901631,"95.0000":0.911359,"96.0000":0.960511,"97.0000":1.096703,"98.0000":1.233919,"99.0000":1.321983,"99.9000":1.547263,"99.9900":2.797567,"99.9990":3.215359,"99.9999":3.215359,"100.0000":3.215359},"allocations":{"total_heap":14037452,"minor_heap":300185,"major_heap":13737450,"promoted_words":183,"promoted_pct":0.06},"domain_alloc_stats":{"0":{"total":14037452,"minor":300185,"promoted":183,"major":13737450,"promoted_pct":0.06}},"collections":{"minor":982,"major":982,"forced_major":0,"compactions":0}}
{"version":1,"wall_time":2.9,"cpu_time":2.9,"gc_time":2.87,"gc_overhead":99.1,"max_rss_kb":111528,"domain_stats":{"0":{"wall_time":2.9,"gc_time":2.87,"gc_overhead":99.1}},"mean_latency":0.239499,"stddev_latency":0.387337,"min_latency":0.0,"max_latency":3.745791,"distr_latency":{"25.0000":0.000287,"50.0000":0.000295,"60.0000":0.009095,"70.0000":0.183423,"75.0000":0.466175,"80.0000":0.752639,"85.0000":0.892927,"90.0000":0.900095,"95.0000":0.907263,"96.0000":0.911359,"97.0000":0.976895,"98.0000":1.144831,"99.0000":1.309695,"99.9000":1.546239,"99.9900":2.754559,"99.9990":3.745791,"99.9999":3.745791,"100.0000":3.745791},"allocations":{"total_heap":14037452,"minor_heap":300185,"major_heap":13737450,"promoted_words":183,"promoted_pct":0.06},"domain_alloc_stats":{"0":{"total":14037452,"minor":300185,"promoted":183,"major":13737450,"promoted_pct":0.06}},"collections":{"minor":982,"major":982,"forced_major":0,"compactions":0}}
{"version":1,"wall_time":2.93,"cpu_time":2.93,"gc_time":2.9,"gc_overhead":99.11,"max_rss_kb":111760,"domain_stats":{"0":{"wall_time":2.93,"gc_time":2.9,"gc_overhead":99.11}},"mean_latency":0.242098,"stddev_latency":0.392794,"min_latency":0.0,"max_latency":3.332095,"distr_latency":{"25.0000":0.000287,"50.0000":0.000295,"60.0000":0.009223,"70.0000":0.184575,"75.0000":0.473087,"80.0000":0.745983,"85.0000":0.893951,"90.0000":0.902143,"95.0000":0.912383,"96.0000":0.924671,"97.0000":1.067007,"98.0000":1.207295,"99.0000":1.321983,"99.9000":1.546239,"99.9900":2.752511,"99.9990":3.332095,"99.9999":3.332095,"100.0000":3.332095},"allocations":{"total_heap":14037452,"minor_heap":300185,"major_heap":13737450,"promoted_words":183,"promoted_pct":0.06},"domain_alloc_stats":{"0":{"total":14037452,"minor":300185,"promoted":183,"major":13737450,"promoted_pct":0.06}},"collections":{"minor":982,"major":982,"forced_major":0,"compactions":0}}
{"version":1,"wall_time":2.89,"cpu_time":2.89,"gc_time":2.87,"gc_overhead":99.11,"max_rss_kb":111668,"domain_stats":{"0":{"wall_time":2.89,"gc_time":2.87,"gc_overhead":99.11}},"mean_latency":0.239075,"stddev_latency":0.386763,"min_latency":0.0,"max_latency":3.127295,"distr_latency":{"25.0000":0.000287,"50.0000":0.000295,"60.0000":0.008927,"70.0000":0.181247,"75.0000":0.464895,"80.0000":0.748543,"85.0000":0.888831,"90.0000":0.895487,"95.0000":0.904191,"96.0000":0.912383,"97.0000":1.017855,"98.0000":1.165311,