{"version":1,"wall_time":4.11,"cpu_time":4.11,"gc_time":3.07,"gc_overhead":74.65,"max_rss_kb":172920,"domain_stats":{"0":{"wall_time":4.11,"gc_time":3.07,"gc_overhead":74.65}},"mean_latency":0.205332,"stddev_latency":0.437628,"min_latency":0.0,"max_latency":3.033087,"distr_latency":{"25.0000":8.7e-05,"50.0000":0.000295,"60.0000":0.000383,"70.0000":0.004711,"75.0000":0.008823,"80.0000":0.292607,"85.0000":0.780799,"90.0000":0.932863,"95.0000":1.228799,"96.0000":1.338367,"97.0000":1.474559,"98.0000":1.601535,"99.0000":1.753087,"99.9000":2.330623,"99.9900":2.871295,"99.9990":3.033087,"99.9999":3.033087,"100.0000":3.033087},"allocations":{"total_heap":14038035,"minor_heap":300768,"major_heap":13737868,"promoted_words":601,"promoted_pct":0.2},"domain_alloc_stats":{"0":{"total":14038035,"minor":300768,"promoted":601,"major":13737868,"promoted_pct":0.2}},"collections":{"minor":1963,"major":981,"forced_major":0,"compactions":0}}
{"version":1,"wall_time":4.11,"cpu_time":4.11,"gc_time":3.08,"gc_overhead":74.75,"max_rss_kb":172616,"domain_stats":{"0":{"wall_time":4.11,"gc_time":3.08,"gc_overhead":74.75}},"mean_latency":0.205771,"stddev_latency":0.440095,"min_latency":0.0,"max_latency":3.190783,"distr_latency":{"25.0000":8.7e-05,"50.0000":0.000295,"60.0000":0.000343,"70.0000":0.004791,"75.0000":0.008823,"80.0000":0.290303,"85.0000":0.776703,"90.0000":0.928255,"95.0000":1.233919,"96.0000":1.343487,"97.0000":1.479679,"98.0000":1.602559,"99.0000":1.759231,"99.9000":2.435071,"99.9900":3.012607,"99.9990":3.190783,"99.9999":3.190783,"100.0000":3.190783},"allocations":{"total_heap":14038035,"minor_heap":300768,"major_heap":13737868,"promoted_words":601,"promoted_pct":0.2},"domain_alloc_stats":{"0":{"total":14038035,"minor":300768,"promoted":601,"major":13737868,"promoted_pct":0.2}},"collections":{"minor":1963,"major":981,"forced_major":0,"compactions":0}}
{"version":1,"wall_time":4.11,"cpu_time":4.11,"gc_time":3.07,"gc_overhead":74.66,"max_rss_kb":172836,"domain_stats":{"0":{"wall_time":4.11,"gc_time":3.07,"gc_overhead":74.66}},"mean_latency":0.205456,"stddev_latency":0.437995,"min_latency":0.0,"max_latency":3.045375,"distr_latency":{"25.0000":0.000127,"50.0000":0.000295,"60.0000":0.000383,"70.0000":0.004567,"75.0000":0.009015,"80.0000":0.292351,"85.0000":0.782335,"90.0000":0.929279,"95.0000":1.227775,"96.0000":1.333247,"97.0000":1.469439,"98.0000":1.600511,"99.0000":1.753087,"99.9000":2.496511,"99.9900":2.805759,"99.9990":3.045375,"99.9999":3.045375,"100.0000":3.045375},"allocations":{"total_heap":14038035,"minor_heap":300768,"major_heap":13737868,"promoted_words":601,"promoted_pct":0.2},"domain_alloc_stats":{"0":{"total":14038035,"minor":300768,"promoted":601,"major":13737868,"promoted_pct":0.2}},"collections":{"minor":1963,"major":981,"forced_major":0,"compactions":0}}
{"version":1,"wall_time":4.13,"cpu_time":4.13,"gc_time":3.08,"gc_overhead":74.71,"max_rss_kb":173212,"domain_stats":{"0":{"wall_time":4.13,"gc_time":3.08,"gc_overhead":74.71}},"mean_latency":0.206297,"stddev_latency":0.440258,"min_latency":0.0,"max_latency":3.067903,"distr_latency":{"25.0000":8.7e-05,"50.0000":0.000295,"60.0000":0.000343,"70.0000":0.004863,"75.0000":0.008895,"80.0000":0.291071,"85.0000":0.780287,"90.0000":0.927743,"95.0000":1.242111,"96.0000":1.345535,"97.0000":1.480703,"98.0000":1.596415,"99.0000":1.751039,"99.9000":2.445311,"99.9900":2.928639,"99.9990":3.067903,"99.9999":3.067903,"100.0000":3.067903},"allocations":{"total_heap":14038035,"minor_heap":300768,"major_heap":13737868,"promoted_words":601,"promoted_pct":0.2},"domain_alloc_stats":{"0":{"total":14038035,"minor":300768,"promoted":601,"major":13737868,"promoted_pct":0.2}},"collections":{"minor":1963,"major":981,"forced_major":0,"compactions":0}}
{"version":1,"wall_time":4.1,"cpu_time":4.1,"gc_time":3.06,"gc_overhead":74.71,"max_rss_kb":173164,"domain_stats":{"0":{"wall_time":4.1,"gc_time":3.06,"gc_overhead":74.71}},"mean_latency":0.204895,"stddev_latency":0.43776,"min_latency":0.0,"max_latency":3.020799,"distr_latency":{"25.0000":8.7e-05,"50.0000":0.000295,"60.0000":0.000383,"70.0000":0.004743,"75.0000":0.008807,"80.0000":0.292351,"85.0000":0.770047,"90.0000":0.926719,"95.0000":1.231871,"96.0000":1.340415,"97.0000":1.483775,"98.0000":1.597439,"99.0000":1.745919,"99.9000":2.439167,"99.9900":3.004415,"99.9990":3.020799,"99.9999":3.020799,"100.0000":3.020799},"allocations":{"total_heap":14038035,"minor_heap":300768,"major_heap":13737868,"promoted_words":601,"promoted_pct":0.2},"domain_alloc_stats":{"0":{"total":14038035,"minor":300768,"promoted":601,"major":13737868,"promoted_pct":0.2}},"collections":{"minor":1963,"major":981,"forced_major":0,"compactions":0}}
{"version":1,"wall_time":4.09,"cpu_time":4.09,"gc_time":3.05,"gc_overhead":74.57,"max_rss_kb":172572,"domain_stats":{"0":{"wall_time":4.09,"gc_time":3.05,"gc_overhead":74.57}},"mean_latency":0.20421,"stddev_latency":0.433722,"min_latency":0.0,"max_latency":3.147775,"distr_latency":{"25.0000":8.7e-05,"50.0000":0.000295,"60.0000":0.000383,"70.0000":0.004703,"75.0000":0.008871,"80.0000":0.293119,"85.0000":0.780287,"90.0000":0.932351,"95.0000":1.225727,"96.0000":1.327103,"97.0000":1.469439,"98.0000":1.597439,"99.0000":1.745919,"99.9000":2.246655,"99.9900":2.598911,"99.9990":3.147775,"99.9999":3.147775,"100.0000":3.147775},"allocations":{"total_heap":14038035,"minor_heap":300768,"major_heap":13737868,"promoted_words":601,"promoted_pct":0.2},"domain_alloc_stats":{"0":{"total":14038035,"minor":300768,"promoted":601,"major":13737868,"promoted_pct":0.2}},"collections":{"minor":1963,"major":981,"forced_major":0,"compactions":0}}
{"version":1,"wall_time":4.14,"cpu_time":4.14,"gc_time":3.1,"gc_overhead":74.79,"max_rss_kb":172644,"domain_stats":{"0":{"wall_time":4.14,"gc_time":3.1,"gc_overhead":74.79}},"mean_latency":0.207106,"stddev_latency":0.443244,"min_latency":0.0,"max_latency":3.448831,"distr_latency":{"25.0000":8.7e-05,"50.0000":0.000295,"60.0000":0.000383,"70.0000":0.004807,"75.0000":0.009031,"80.0000":0.294399,"85.0000":0.779775,"90.0000":0.935935,"95.0000":1.243135,"96.0000":1.340415,"97.0000":1.484799,"98.0000":1.605631,"99.0000":1.762303,"99.9000":2.533375,"99.9900":3.031039,"99.9990":3.448831,"99.9999":3.448831,"100.0000":3.448831},"allocations":{"total_heap":14038035,"minor_heap":300768,"major_heap":13737868,"promoted_words":601,"promoted_pct":0.2},"domain_alloc_stats":{"0":{"total":14038035,"minor":300768,"promoted":601,"major":13737868,"promoted_pct":0.2}},"collections":{"minor":1963,"major":981,"forced_major":0,"compactions":0}}
{"version":1,"wall_time":4.09,"cpu_time":4.09,"gc_time":3.04,"gc_overhead":74.36,"max_rss_kb":172388,"domain_stats":{"0":{"wall_time":4.09,"gc_time":3.04,"gc_overhead":74.36}},"mean_latency":0.203371,"stddev_latency":0.432666,"min_latency":0.0,"max_latency":3.024895,"distr_latency":{"25.0000":8.7e-05,"50.0000":0.000295,"60.0000":0.000335,"70.0000":0.004783,"75.0000":0.009135,"80.0000":0.292351,"85.0000":0.780799,"90.0000":0.929791,"95.0000":1.198079,"96.0000":1.321983,"97.0000":1.457151,"98.0000":1.589247,"99.0000":1.735679,"99.9000":2.367487,"99.9900":2.918399,"99.9990":3.024895,"99.9999":3.024895,"100.0000":3.024895},"allocations":{"total_heap":14038035,"minor_heap":300768,"major_heap":13737868,"promoted_words":601,"promoted_pct":0.2},"domain_alloc_stats":{"0":{"total":14038035,"minor":300768,"promoted":601,"major":13737868,"promoted_pct":0.2}},"collections":{"minor":1963,"major":981,"forced_major":0,"compactions":0}}
{"version":1,"wall_time":4.12,"cpu_time":4.12,"gc_time":3.08,"gc_overhead":74.83,"max_rss_kb":172712,"domain_stats":{"0":{"wall_time":4.12,"gc_time":3.08,"gc_overhead":74.83}},"mean_latency":0.206324,"stddev_latency":0.438913,"min_latency":0.0,"max_latency":3.373055,"distr_latency":{"25.0000":7.1e-05,"50.0000":0.000295,"60.0000":0.000383,"70.0000":0.004703,"75.0000":0.009135,"80.0000":0.292607,"85.0000":0.786431,"90.0000":0.932863,"95.0000":1.242111,"96.0000":1.340415,"97.0000":1.487871,"98.0000":1.595391,"99.0000":1.745919,