{"version":1,"wall_time":3.44,"cpu_time":3.44,"gc_time":0.84,"gc_overhead":24.31,"max_rss_kb":336264,"domain_stats":{"0":{"wall_time":3.44,"gc_time":0.84,"gc_overhead":24.31}},"mean_latency":0.247203,"stddev_latency":0.356425,"min_latency":0.0,"max_latency":4.231167,"distr_latency":{"25.0000":0.037183,"50.0000":0.111679,"60.0000":0.150527,"70.0000":0.233983,"75.0000":0.333055,"80.0000":0.379903,"85.0000":0.490239,"90.0000":0.655359,"95.0000":0.926207,"96.0000":1.072127,"97.0000":1.184767,"98.0000":1.508351,"99.0000":1.721343,"99.9000":2.398207,"99.9900":4.231167,"99.9990":4.231167,"99.9999":4.231167,"100.0000":4.231167},"allocations":{"total_heap":434085025,"minor_heap":418097763,"major_heap":139293715,"promoted_words":123306453,"promoted_pct":29.49},"domain_alloc_stats":{"0":{"total":434085025,"minor":418097763,"promoted":123306453,"major":139293715,"promoted_pct":29.49}},"collections":{"minor":1629,"major":34,"forced_major":0,"compactions":0}}
{"version":1,"wall_time":3.48,"cpu_time":3.48,"gc_time":0.85,"gc_overhead":24.49,"max_rss_kb":336292,"domain_stats":{"0":{"wall_time":3.48,"gc_time":0.85,"gc_overhead":24.49}},"mean_latency":0.251546,"stddev_latency":0.36544,"min_latency":0.0,"max_latency":4.247551,"distr_latency":{"25.0000":0.037631,"50.0000":0.113727,"60.0000":0.153087,"70.0000":0.236159,"75.0000":0.336895,"80.0000":0.387071,"85.0000":0.494591,"90.0000":0.664063,"95.0000":0.933375,"96.0000":1.089535,"97.0000":1.218559,"98.0000":1.562623,"99.0000":1.778687,"99.9000":2.463743,"99.9900":4.247551,"99.9990":4.247551,"99.9999":4.247551,"100.0000":4.247551},"allocations":{"total_heap":434085025,"minor_heap":418097763,"major_heap":139293715,"promoted_words":123306453,"promoted_pct":29.49},"domain_alloc_stats":{"0":{"total":434085025,"minor":418097763,"promoted":123306453,"major":139293715,"promoted_pct":29.49}},"collections":{"minor":1629,"major":34,"forced_major":0,"compactions":0}}
{"version":1,"wall_time":3.46,"cpu_time":3.46,"gc_time":0.84,"gc_overhead":24.26,"max_rss_kb":336324,"domain_stats":{"0":{"wall_time":3.46,"gc_time":0.84,"gc_overhead":24.26}},"mean_latency":0.247808,"stddev_latency":0.356782,"min_latency":0.0,"max_latency":4.227071,"distr_latency":{"25.0000":0.037631,"50.0000":0.112383,"60.0000":0.151935,"70.0000":0.237183,"75.0000":0.334079,"80.0000":0.380415,"85.0000":0.492031,"90.0000":0.655871,"95.0000":0.912895,"96.0000":1.070079,"97.0000":1.185791,"98.0000":1.517567,"99.0000":1.718271,"99.9000":2.400255,"99.9900":4.227071,"99.9990":4.227071,"99.9999":4.227071,"100.0000":4.227071},"allocations":{"total_heap":434085025,"minor_heap":418097763,"major_heap":139293715,"promoted_words":123306453,"promoted_pct":29.49},"domain_alloc_stats":{"0":{"total":434085025,"minor":418097763,"promoted":123306453,"major":139293715,"promoted_pct":29.49}},"collections":{"minor":1629,"major":34,"forced_major":0,"compactions":0}}
{"version":1,"wall_time":3.46,"cpu_time":3.46,"gc_time":0.84,"gc_overhead":24.36,"max_rss_kb":336208,"domain_stats":{"0":{"wall_time":3.46,"gc_time":0.84,"gc_overhead":24.36}},"mean_latency":0.248823,"stddev_latency":0.359376,"min_latency":0.0,"max_latency":4.243455,"distr_latency":{"25.0000":0.037599,"50.0000":0.112575,"60.0000":0.151807,"70.0000":0.236543,"75.0000":0.333823,"80.0000":0.380927,"85.0000":0.493823,"90.0000":0.662015,"95.0000":0.930815,"96.0000":1.078271,"97.0000":1.188863,"98.0000":1.512447,"99.0000":1.748991,"99.9000":2.410495,"99.9900":4.243455,"99.9990":4.243455,"99.9999":4.243455,"100.0000":4.243455},"allocations":{"total_heap":434085025,"minor_heap":418097763,"major_heap":139293715,"promoted_words":123306453,"promoted_pct":29.49},"domain_alloc_stats":{"0":{"total":434085025,"minor":418097763,"promoted":123306453,"major":139293715,"promoted_pct":29.49}},"collections":{"minor":1629,"major":34,"forced_major":0,"compactions":0}}
{"version":1,"wall_time":3.47,"cpu_time":3.47,"gc_time":0.85,"gc_overhead":24.42,"max_rss_kb":336280,"domain_stats":{"0":{"wall_time":3.47,"gc_time":0.85,"gc_overhead":24.42}},"mean_latency":0.250599,"stddev_latency":0.359805,"min_latency":0.0,"max_latency":4.239359,"distr_latency":{"25.0000":0.037503,"50.0000":0.113471,"60.0000":0.152703,"70.0000":0.235647,"75.0000":0.342015,"80.0000":0.385279,"85.0000":0.495871,"90.0000":0.669695,"95.0000":0.930303,"96.0000":1.082367,"97.0000":1.185791,"98.0000":1.512447,"99.0000":1.731583,"99.9000":2.387967,"99.9900":4.239359,"99.9990":4.239359,"99.9999":4.239359,"100.0000":4.239359},"allocations":{"total_heap":434085025,"minor_heap":418097763,"major_heap":139293715,"promoted_words":123306453,"promoted_pct":29.49},"domain_alloc_stats":{"0":{"total":434085025,"minor":418097763,"promoted":123306453,"major":139293715,"promoted_pct":29.49}},"collections":{"minor":1629,"major":34,"forced_major":0,"compactions":0}}
{"version":1,"wall_time":3.46,"cpu_time":3.46,"gc_time":0.85,"gc_overhead":24.48,"max_rss_kb":336180,"domain_stats":{"0":{"wall_time":3.46,"gc_time":0.85,"gc_overhead":24.48}},"mean_latency":0.250464,"stddev_latency":0.359217,"min_latency":0.0,"max_latency":4.235263,"distr_latency":{"25.0000":0.037439,"50.0000":0.112959,"60.0000":0.152575,"70.0000":0.237055,"75.0000":0.342783,"80.0000":0.386303,"85.0000":0.504831,"90.0000":0.670207,"95.0000":0.921087,"96.0000":1.073151,"97.0000":1.186815,"98.0000":1.506303,"99.0000":1.726463,"99.9000":2.404351,"99.9900":4.235263,"99.9990":4.235263,"99.9999":4.235263,"100.0000":4.235263},"allocations":{"total_heap":434085025,"minor_heap":418097763,"major_heap":139293715,"promoted_words":123306453,"promoted_pct":29.49},"domain_alloc_stats":{"0":{"total":434085025,"minor":418097763,"promoted":123306453,"major":139293715,"promoted_pct":29.49}},"collections":{"minor":1629,"major":34,"forced_major":0,"compactions":0}}
{"version":1,"wall_time":3.46,"cpu_time":3.46,"gc_time":0.84,"gc_overhead":24.31,"max_rss_kb":336356,"domain_stats":{"0":{"wall_time":3.46,"gc_time":0.84,"gc_overhead":24.31}},"mean_latency":0.248725,"stddev_latency":0.358055,"min_latency":0.0,"max_latency":4.222975,"distr_latency":{"25.0000":0.037375,"50.0000":0.112255,"60.0000":0.150399,"70.0000":0.238207,"75.0000":0.334847,"80.0000":0.380159,"85.0000":0.494591,"90.0000":0.662015,"95.0000":0.924159,"96.0000":1.075199,"97.0000":1.185791,"98.0000":1.517567,"99.0000":1.713151,"99.9000":2.387967,"99.9900":4.222975,"99.9990":4.222975,"99.9999":4.222975,"100.0000":4.222975},"allocations":{"total_heap":434085025,"minor_heap":418097763,"major_heap":139293715,"promoted_words":123306453,"promoted_pct":29.49},"domain_alloc_stats":{"0":{"total":434085025,"minor":418097763,"promoted":123306453,"major":139293715,"promoted_pct":29.49}},"collections":{"minor":1629,"major":34,"forced_major":0,"compactions":0}}
{"version":1,"wall_time":3.46,"cpu_time":3.46,"gc_time":0.85,"gc_overhead":24.5,"max_rss_kb":336224,"domain_stats":{"0":{"wall_time":3.46,"gc_time":0.85,"gc_overhead":24.5}},"mean_latency":0.250138,"stddev_latency":0.360897,"min_latency":0.0,"max_latency":4.231167,"distr_latency":{"25.0000":0.037727,"50.0000":0.112703,"60.0000":0.150399,"70.0000":0.241151,"75.0000":0.335103,"80.0000":0.383231,"85.0000":0.491007,"90.0000":0.658431,"95.0000":0.934911,"96.0000":1.084415,"97.0000":1.201151,"98.0000":1.534975,"99.0000":1.746943,"99.9000":2.439167,"99.9900":4.231167,"99.9990":4.231167,"99.9999":4.231167,"100.0000":4.231167},"allocations":{"total_heap":434085025,"minor_heap":418097763,"major_heap":139293715,"promoted_words":123306453,"promoted_pct":29.49},"domain_alloc_stats":{"0":{"total":434085025,"minor":418097763,"promoted":123306453,"major":139293715,"promoted_pct":29.49}},"collections":{"minor":1629,"major":34,"forced_major":0,"compactions":0}}
{"version":1,"wall_time":3.46,"cpu_time":3.46,"gc_time":0.84,"gc_overhead":24.35,"max_rss_kb":336324,"domain_stats":{"0":{"wall_time":3.46,"gc_time":0.84,"gc_overhead":24.35}},"mean_latency":0.249175,"stddev_latency":0.359403,"min_latency":0.0,"max_latency":4.227071,"distr_latency":{"25.0000":0.037631,"50.0000":0.111679,