{"version":1,"wall_time":12.3,"cpu_time":12.3,"gc_time":2.54,"gc_overhead":20.66,"max_rss_kb":495316,"domain_stats":{"0":{"wall_time":12.3,"gc_time":2.54,"gc_overhead":20.66}},"mean_latency":0.149545,"stddev_latency":0.230469,"min_latency":0.0,"max_latency":3.772415,"distr_latency":{"25.0000":0.033407,"50.0000":0.070591,"60.0000":0.096703,"70.0000":0.130047,"75.0000":0.152191,"80.0000":0.191871,"85.0000":0.252671,"90.0000":0.410367,"95.0000":0.581119,"96.0000":0.665599,"97.0000":0.756223,"98.0000":0.866303,"99.0000":1.110015,"99.9000":2.076671,"99.9900":3.162111,"99.9990":3.772415,"99.9999":3.772415,"100.0000":3.772415},"allocations":{"total_heap":2223968527,"minor_heap":2175264316,"major_heap":422212592,"promoted_words":373508381,"promoted_pct":17.17},"domain_alloc_stats":{"0":{"total":2223968527,"minor":2175264316,"promoted":373508381,"major":422212592,"promoted_pct":17.17}},"collections":{"minor":8345,"major":54,"forced_major":0,"compactions":0}}
{"version":1,"wall_time":12.32,"cpu_time":12.32,"gc_time":2.54,"gc_overhead":20.65,"max_rss_kb":495144,"domain_stats":{"0":{"wall_time":12.32,"gc_time":2.54,"gc_overhead":20.65}},"mean_latency":0.149594,"stddev_latency":0.231274,"min_latency":0.0,"max_latency":3.753983,"distr_latency":{"25.0000":0.033215,"50.0000":0.070783,"60.0000":0.096767,"70.0000":0.130367,"75.0000":0.151935,"80.0000":0.190847,"85.0000":0.252415,"90.0000":0.408575,"95.0000":0.584191,"96.0000":0.671231,"97.0000":0.757759,"98.0000":0.869375,"99.0000":1.114111,"99.9000":2.086911,"99.9900":3.166207,"99.9990":3.753983,"99.9999":3.753983,"100.0000":3.753983},"allocations":{"total_heap":2223968527,"minor_heap":2175264316,"major_heap":422212592,"promoted_words":373508381,"promoted_pct":17.17},"domain_alloc_stats":{"0":{"total":2223968527,"minor":2175264316,"promoted":373508381,"major":422212592,"promoted_pct":17.17}},"collections":{"minor":8345,"major":54,"forced_major":0,"compactions":0}}
{"version":1,"wall_time":12.43,"cpu_time":12.43,"gc_time":2.54,"gc_overhead":20.43,"max_rss_kb":495296,"domain_stats":{"0":{"wall_time":12.43,"gc_time":2.54,"gc_overhead":20.43}},"mean_latency":0.149329,"stddev_latency":0.23137,"min_latency":0.0,"max_latency":3.784703,"distr_latency":{"25.0000":0.033087,"50.0000":0.070143,"60.0000":0.096063,"70.0000":0.129791,"75.0000":0.151551,"80.0000":0.190719,"85.0000":0.251775,"90.0000":0.407551,"95.0000":0.579583,"96.0000":0.670719,"97.0000":0.761343,"98.0000":0.868863,"99.0000":1.112063,"99.9000":2.101247,"99.9900":3.170303,"99.9990":3.784703,"99.9999":3.784703,"100.0000":3.784703},"allocations":{"total_heap":2223968527,"minor_heap":2175264316,"major_heap":422212592,"promoted_words":373508381,"promoted_pct":17.17},"domain_alloc_stats":{"0":{"total":2223968527,"minor":2175264316,"promoted":373508381,"major":422212592,"promoted_pct":17.17}},"collections":{"minor":8345,"major":54,"forced_major":0,"compactions":0}}
{"version":1,"wall_time":12.43,"cpu_time":12.43,"gc_time":2.53,"gc_overhead":20.37,"max_rss_kb":495256,"domain_stats":{"0":{"wall_time":12.43,"gc_time":2.53,"gc_overhead":20.37}},"mean_latency":0.148946,"stddev_latency":0.230543,"min_latency":0.0,"max_latency":3.649535,"distr_latency":{"25.0000":0.033055,"50.0000":0.069951,"60.0000":0.095871,"70.0000":0.129343,"75.0000":0.151295,"80.0000":0.190847,"85.0000":0.251391,"90.0000":0.406271,"95.0000":0.575999,"96.0000":0.666111,"97.0000":0.755711,"98.0000":0.858111,"99.0000":1.106943,"99.9000":2.111487,"99.9900":3.170303,"99.9990":3.649535,"99.9999":3.649535,"100.0000":3.649535},"allocations":{"total_heap":2223968527,"minor_heap":2175264316,"major_heap":422212592,"promoted_words":373508381,"promoted_pct":17.17},"domain_alloc_stats":{"0":{"total":2223968527,"minor":2175264316,"promoted":373508381,"major":422212592,"promoted_pct":17.17}},"collections":{"minor":8345,"major":54,"forced_major":0,"compactions":0}}
{"version":1,"wall_time":12.33,"cpu_time":12.33,"gc_time":2.54,"gc_overhead":20.56,"max_rss_kb":495244,"domain_stats":{"0":{"wall_time":12.33,"gc_time":2.54,"gc_overhead":20.56}},"mean_latency":0.149159,"stddev_latency":0.230727,"min_latency":0.0,"max_latency":3.749887,"distr_latency":{"25.0000":0.033023,"50.0000":0.070207,"60.0000":0.096319,"70.0000":0.129471,"75.0000":0.151935,"80.0000":0.190079,"85.0000":0.252415,"90.0000":0.409343,"95.0000":0.583167,"96.0000":0.671231,"97.0000":0.752127,"98.0000":0.857087,"99.0000":1.104895,"99.9000":2.096127,"99.9900":3.174399,"99.9990":3.749887,"99.9999":3.749887,"100.0000":3.749887},"allocations":{"total_heap":2223968527,"minor_heap":2175264316,"major_heap":422212592,"promoted_words":373508381,"promoted_pct":17.17},"domain_alloc_stats":{"0":{"total":2223968527,"minor":2175264316,"promoted":373508381,"major":422212592,"promoted_pct":17.17}},"collections":{"minor":8345,"major":54,"forced_major":0,"compactions":0}}
{"version":1,"wall_time":12.37,"cpu_time":12.37,"gc_time":2.54,"gc_overhead":20.52,"max_rss_kb":495308,"domain_stats":{"0":{"wall_time":12.37,"gc_time":2.54,"gc_overhead":20.52}},"mean_latency":0.149267,"stddev_latency":0.231046,"min_latency":0.0,"max_latency":3.713023,"distr_latency":{"25.0000":0.033183,"50.0000":0.070207,"60.0000":0.096383,"70.0000":0.129919,"75.0000":0.151935,"80.0000":0.190463,"85.0000":0.251775,"90.0000":0.407551,"95.0000":0.578559,"96.0000":0.665599,"97.0000":0.757247,"98.0000":0.866303,"99.0000":1.112063,"99.9000":2.092031,"99.9900":3.178495,"99.9990":3.713023,"99.9999":3.713023,"100.0000":3.713023},"allocations":{"total_heap":2223968527,"minor_heap":2175264316,"major_heap":422212592,"promoted_words":373508381,"promoted_pct":17.17},"domain_alloc_stats":{"0":{"total":2223968527,"minor":2175264316,"promoted":373508381,"major":422212592,"promoted_pct":17.17}},"collections":{"minor":8345,"major":54,"forced_major":0,"compactions":0}}
{"version":1,"wall_time":12.27,"cpu_time":12.27,"gc_time":2.56,"gc_overhead":20.85,"max_rss_kb":495188,"domain_stats":{"0":{"wall_time":12.27,"gc_time":2.56,"gc_overhead":20.85}},"mean_latency":0.150526,"stddev_latency":0.231834,"min_latency":0.0,"max_latency":3.698687,"distr_latency":{"25.0000":0.033375,"50.0000":0.071295,"60.0000":0.097535,"70.0000":0.131199,"75.0000":0.152959,"80.0000":0.192255,"85.0000":0.254335,"90.0000":0.413951,"95.0000":0.588799,"96.0000":0.674303,"97.0000":0.758271,"98.0000":0.877055,"99.0000":1.105919,"99.9000":2.097151,"99.9900":3.151871,"99.9990":3.698687,"99.9999":3.698687,"100.0000":3.698687},"allocations":{"total_heap":2223968527,"minor_heap":2175264316,"major_heap":422212592,"promoted_words":373508381,"promoted_pct":17.17},"domain_alloc_stats":{"0":{"total":2223968527,"minor":2175264316,"promoted":373508381,"major":422212592,"promoted_pct":17.17}},"collections":{"minor":8345,"major":54,"forced_major":0,"compactions":0}}
{"version":1,"wall_time":12.37,"cpu_time":12.37,"gc_time":2.53,"gc_overhead":20.48,"max_rss_kb":495212,"domain_stats":{"0":{"wall_time":12.37,"gc_time":2.53,"gc_overhead":20.48}},"mean_latency":0.148928,"stddev_latency":0.230334,"min_latency":0.0,"max_latency":3.729407,"distr_latency":{"25.0000":0.032991,"50.0000":0.070079,"60.0000":0.096127,"70.0000":0.129407,"75.0000":0.151423,"80.0000":0.190463,"85.0000":0.250879,"90.0000":0.408063,"95.0000":0.577535,"96.0000":0.663551,"97.0000":0.754687,"98.0000":0.866303,"99.0000":1.110015,"99.9000":2.088959,"99.9900":3.170303,"99.9990":3.729407,"99.9999":3.729407,"100.0000":3.729407},"allocations":{"total_heap":2223968527,"minor_heap":2175264316,"major_heap":422212592,"promoted_words":373508381,"promoted_pct":17.17},"domain_alloc_stats":{"0":{"total":2223968527,"minor":2175264316,"promoted":373508381,"major":422212592,"promoted_pct":17.17}},"collections":{"minor":8345,"major":54,"forced_major":0,"compactions":0}}
{"version":1,"wall_time":12.34,"cpu_time":12.34,"gc_time":2.58,"gc_overhead":20.86,"max_rss_kb":495240,"domain_stats":{"0":{"wall_time":12.34,"gc_time":2.58,"gc_overhead":20.86}},"mean_latency":0.151448,"stddev_latency":0.232043,"min_latency":0.0,