{"version":1,"wall_time":3.96,"cpu_time":3.96,"gc_time":0.4,"gc_overhead":10.14,"max_rss_kb":51516,"domain_stats":{"0":{"wall_time":3.96,"gc_time":0.4,"gc_overhead":10.14}},"mean_latency":0.027748,"stddev_latency":0.030116,"min_latency":0.0,"max_latency":0.350719,"distr_latency":{"25.0000":0.008503,"50.0000":0.018959,"60.0000":0.024959,"70.0000":0.032239,"75.0000":0.036575,"80.0000":0.041407,"85.0000":0.047103,"90.0000":0.052799,"95.0000":0.090751,"96.0000":0.104447,"97.0000":0.119743,"98.0000":0.138367,"99.0000":0.158079,"99.9000":0.186623,"99.9900":0.262399,"99.9990":0.350719,"99.9999":0.350719,"100.0000":0.350719},"allocations":{"total_heap":1898407346,"minor_heap":1898428319,"major_heap":83561565,"promoted_words":83582538,"promoted_pct":4.4},"domain_alloc_stats":{"0":{"total":1898407346,"minor":1898428319,"promoted":83582538,"major":83561565,"promoted_pct":4.4}},"collections":{"minor":7294,"major":104,"forced_major":0,"compactions":0}}
{"version":1,"wall_time":3.93,"cpu_time":3.93,"gc_time":0.4,"gc_overhead":10.23,"max_rss_kb":51684,"domain_stats":{"0":{"wall_time":3.93,"gc_time":0.4,"gc_overhead":10.23}},"mean_latency":0.027759,"stddev_latency":0.029952,"min_latency":0.0,"max_latency":0.360959,"distr_latency":{"25.0000":0.008455,"50.0000":0.019263,"60.0000":0.025295,"70.0000":0.032239,"75.0000":0.036511,"80.0000":0.041567,"85.0000":0.047135,"90.0000":0.053055,"95.0000":0.088575,"96.0000":0.102399,"97.0000":0.118527,"98.0000":0.136703,"99.0000":0.157183,"99.9000":0.187775,"99.9900":0.263679,"99.9990":0.360959,"99.9999":0.360959,"100.0000":0.360959},"allocations":{"total_heap":1898299309,"minor_heap":1898297193,"major_heap":83754058,"promoted_words":83751942,"promoted_pct":4.41},"domain_alloc_stats":{"0":{"total":1898299309,"minor":1898297193,"promoted":83751942,"major":83754058,"promoted_pct":4.41}},"collections":{"minor":7293,"major":103,"forced_major":0,"compactions":0}}
{"version":1,"wall_time":3.94,"cpu_time":3.94,"gc_time":0.4,"gc_overhead":10.26,"max_rss_kb":51432,"domain_stats":{"0":{"wall_time":3.94,"gc_time":0.4,"gc_overhead":10.26}},"mean_latency":0.027911,"stddev_latency":0.029632,"min_latency":0.0,"max_latency":0.363007,"distr_latency":{"25.0000":0.008447,"50.0000":0.019279,"60.0000":0.025503,"70.0000":0.032991,"75.0000":0.037375,"80.0000":0.042431,"85.0000":0.048383,"90.0000":0.054655,"95.0000":0.087103,"96.0000":0.102847,"97.0000":0.117567,"98.0000":0.135295,"99.0000":0.152831,"99.9000":0.187775,"99.9900":0.232319,"99.9990":0.363007,"99.9999":0.363007,"100.0000":0.363007},"allocations":{"total_heap":1898298990,"minor_heap":1898296874,"major_heap":83571029,"promoted_words":83568913,"promoted_pct":4.4},"domain_alloc_stats":{"0":{"total":1898298990,"minor":1898296874,"promoted":83568913,"major":83571029,"promoted_pct":4.4}},"collections":{"minor":7293,"major":103,"forced_major":0,"compactions":0}}
{"version":1,"wall_time":3.93,"cpu_time":3.93,"gc_time":0.41,"gc_overhead":10.33,"max_rss_kb":51776,"domain_stats":{"0":{"wall_time":3.93,"gc_time":0.41,"gc_overhead":10.33}},"mean_latency":0.028056,"stddev_latency":0.03033,"min_latency":0.0,"max_latency":0.349439,"distr_latency":{"25.0000":0.008575,"50.0000":0.019295,"60.0000":0.025423,"70.0000":0.032575,"75.0000":0.036991,"80.0000":0.042047,"85.0000":0.047743,"90.0000":0.053855,"95.0000":0.090495,"96.0000":0.105727,"97.0000":0.119999,"98.0000":0.138111,"99.0000":0.158335,"99.9000":0.191359,"99.9900":0.254719,"99.9990":0.349439,"99.9999":0.349439,"100.0000":0.349439},"allocations":{"total_heap":1898299211,"minor_heap":1898297095,"major_heap":83659150,"promoted_words":83657034,"promoted_pct":4.41},"domain_alloc_stats":{"0":{"total":1898299211,"minor":1898297095,"promoted":83657034,"major":83659150,"promoted_pct":4.41}},"collections":{"minor":7293,"major":103,"forced_major":0,"compactions":0}}
{"version":1,"wall_time":3.99,"cpu_time":3.99,"gc_time":0.4,"gc_overhead":10.08,"max_rss_kb":51004,"domain_stats":{"0":{"wall_time":3.99,"gc_time":0.4,"gc_overhead":10.08}},"mean_latency":0.027785,"stddev_latency":0.030074,"min_latency":0.0,"max_latency":0.322303,"distr_latency":{"25.0000":0.008503,"50.0000":0.019055,"60.0000":0.025071,"70.0000":0.032239,"75.0000":0.036511,"80.0000":0.041631,"85.0000":0.047071,"90.0000":0.053215,"95.0000":0.090047,"96.0000":0.104831,"97.0000":0.119423,"98.0000":0.137087,"99.0000":0.156287,"99.9000":0.193535,"99.9900":0.255615,"99.9990":0.322303,"99.9999":0.322303,"100.0000":0.322303},"allocations":{"total_heap":1898299478,"minor_heap":1898297362,"major_heap":83562361,"promoted_words":83560245,"promoted_pct":4.4},"domain_alloc_stats":{"0":{"total":1898299478,"minor":1898297362,"promoted":83560245,"major":83562361,"promoted_pct":4.4}},"collections":{"minor":7293,"major":103,"forced_major":0,"compactions":0}}
{"version":1,"wall_time":3.98,"cpu_time":3.98,"gc_time":0.4,"gc_overhead":10.09,"max_rss_kb":51448,"domain_stats":{"0":{"wall_time":3.98,"gc_time":0.4,"gc_overhead":10.09}},"mean_latency":0.027731,"stddev_latency":0.029895,"min_latency":0.0,"max_latency":0.377599,"distr_latency":{"25.0000":0.008567,"50.0000":0.019151,"60.0000":0.025055,"70.0000":0.032207,"75.0000":0.036575,"80.0000":0.041471,"85.0000":0.047231,"90.0000":0.053375,"95.0000":0.090367,"96.0000":0.103871,"97.0000":0.119423,"98.0000":0.135807,"99.0000":0.153343,"99.9000":0.189311,"99.9900":0.360191,"99.9990":0.377599,"99.9999":0.377599,"100.0000":0.377599},"allocations":{"total_heap":1898299163,"minor_heap":1898297047,"major_heap":83523701,"promoted_words":83521585,"promoted_pct":4.4},"domain_alloc_stats":{"0":{"total":1898299163,"minor":1898297047,"promoted":83521585,"major":83523701,"promoted_pct":4.4}},"collections":{"minor":7293,"major":103,"forced_major":0,"compactions":0}}
{"version":1,"wall_time":3.92,"cpu_time":3.92,"gc_time":0.4,"gc_overhead":10.21,"max_rss_kb":51232,"domain_stats":{"0":{"wall_time":3.92,"gc_time":0.4,"gc_overhead":10.21}},"mean_latency":0.027611,"stddev_latency":0.029687,"min_latency":0.0,"max_latency":0.360959,"distr_latency":{"25.0000":0.008503,"50.0000":0.019215,"60.0000":0.025119,"70.0000":0.032191,"75.0000":0.036351,"80.0000":0.041151,"85.0000":0.046943,"90.0000":0.053055,"95.0000":0.086655,"96.0000":0.102207,"97.0000":0.117183,"98.0000":0.135295,"99.0000":0.155391,"99.9000":0.192255,"99.9900":0.259327,"99.9990":0.360959,"99.9999":0.360959,"100.0000":0.360959},"allocations":{"total_heap":1898299136,"minor_heap":1898297020,"major_heap":83588683,"promoted_words":83586567,"promoted_pct":4.4},"domain_alloc_stats":{"0":{"total":1898299136,"minor":1898297020,"promoted":83586567,"major":83588683,"promoted_pct":4.4}},"collections":{"minor":7293,"major":103,"forced_major":0,"compactions":0}}
{"version":1,"wall_time":3.98,"cpu_time":3.98,"gc_time":0.41,"gc_overhead":10.2,"max_rss_kb":51268,"domain_stats":{"0":{"wall_time":3.98,"gc_time":0.41,"gc_overhead":10.2}},"mean_latency":0.02806,"stddev_latency":0.029526,"min_latency":0.0,"max_latency":0.355583,"distr_latency":{"25.0000":0.008591,"50.0000":0.019471,"60.0000":0.025679,"70.0000":0.033151,"75.0000":0.037695,"80.0000":0.042815,"85.0000":0.048863,"90.0000":0.055135,"95.0000":0.086399,"96.0000":0.099839,"97.0000":0.117375,"98.0000":0.135423,"99.0000":0.153983,"99.9000":0.187135,"99.9900":0.231807,"99.9990":0.355583,"99.9999":0.355583,"100.0000":0.355583},"allocations":{"total_heap":1898299098,"minor_heap":1898296982,"major_heap":83642821,"promoted_words":83640705,"promoted_pct":4.41},"domain_alloc_stats":{"0":{"total":1898299098,"minor":1898296982,"promoted":83640705,"major":83642821,"promoted_pct":4.41}},"collections":{"minor":7293,"major":103,"forced_major":0,"compactions":0}}
{"version":1,"wall_time":3.93,"cpu_time":3.93,"gc_time":0.4,"gc_overhead":10.21,"max_rss_kb":51632,"domain_stats":{"0":{"wall_time":3.93,"gc_time":0.4,"gc_overhead":10.21}},"mean_latency":0.027694,"stddev_latency":0.030026,"min_latency":0.0,"max_latency":0.444159,"distr_latency":{"25.0000":0.008487,"50.0000":0.018975,"60.0000":0.024975,"70.0000":0.032047,