{"version":1,"wall_time":26.15,"cpu_time":26.15,"gc_time":2.42,"gc_overhead":9.26,"max_rss_kb":1947796,"domain_stats":{"0":{"wall_time":26.15,"gc_time":2.42,"gc_overhead":9.26}},"mean_latency":0.079515,"stddev_latency":0.229779,"min_latency":0.0,"max_latency":12.394495,"distr_latency":{"25.0000":0.001047,"50.0000":0.031807,"60.0000":0.067839,"70.0000":0.092863,"75.0000":0.101311,"80.0000":0.109055,"85.0000":0.118783,"90.0000":0.143871,"95.0000":0.252927,"96.0000":0.299007,"97.0000":0.398591,"98.0000":0.614399,"99.0000":0.885247,"99.9000":2.506751,"99.9900":9.494527,"99.9990":12.394495,"99.9999":12.394495,"100.0000":12.394495},"allocations":{"total_heap":3861638363,"minor_heap":3791923490,"major_heap":304185177,"promoted_words":234470304,"promoted_pct":6.18},"domain_alloc_stats":{"0":{"total":3861638363,"minor":3791923490,"promoted":234470304,"major":304185177,"promoted_pct":6.18}},"collections":{"minor":15180,"major":64,"forced_major":0,"compactions":0}}
{"version":1,"wall_time":26.04,"cpu_time":26.04,"gc_time":2.4,"gc_overhead":9.2,"max_rss_kb":1936012,"domain_stats":{"0":{"wall_time":26.04,"gc_time":2.4,"gc_overhead":9.2}},"mean_latency":0.078607,"stddev_latency":0.232405,"min_latency":0.0,"max_latency":12.500991,"distr_latency":{"25.0000":0.001047,"50.0000":0.031183,"60.0000":0.067263,"70.0000":0.093119,"75.0000":0.100991,"80.0000":0.109311,"85.0000":0.119615,"90.0000":0.147199,"95.0000":0.250623,"96.0000":0.300031,"97.0000":0.394751,"98.0000":0.558591,"99.0000":0.827391,"99.9000":2.142207,"99.9900":11.354111,"99.9990":12.500991,"99.9999":12.500991,"100.0000":12.500991},"allocations":{"total_heap":3862691443,"minor_heap":3792978003,"major_heap":304035787,"promoted_words":234322347,"promoted_pct":6.18},"domain_alloc_stats":{"0":{"total":3862691443,"minor":3792978003,"promoted":234322347,"major":304035787,"promoted_pct":6.18}},"collections":{"minor":15182,"major":63,"forced_major":0,"compactions":0}}
{"version":1,"wall_time":26.01,"cpu_time":26.01,"gc_time":2.51,"gc_overhead":9.66,"max_rss_kb":1982488,"domain_stats":{"0":{"wall_time":26.01,"gc_time":2.51,"gc_overhead":9.66}},"mean_latency":0.082433,"stddev_latency":0.294696,"min_latency":0.0,"max_latency":29.392895,"distr_latency":{"25.0000":0.000951,"50.0000":0.030975,"60.0000":0.066623,"70.0000":0.094591,"75.0000":0.101503,"80.0000":0.110143,"85.0000":0.119999,"90.0000":0.147199,"95.0000":0.257919,"96.0000":0.312831,"97.0000":0.400895,"98.0000":0.607231,"99.0000":0.966143,"99.9000":2.406399,"99.9900":10.928127,"99.9990":29.392895,"99.9999":29.392895,"100.0000":29.392895},"allocations":{"total_heap":3864141687,"minor_heap":3794426814,"major_heap":303899639,"promoted_words":234184766,"promoted_pct":6.17},"domain_alloc_stats":{"0":{"total":3864141687,"minor":3794426814,"promoted":234184766,"major":303899639,"promoted_pct":6.17}},"collections":{"minor":15190,"major":64,"forced_major":0,"compactions":0}}
{"version":1,"wall_time":26.13,"cpu_time":26.13,"gc_time":2.48,"gc_overhead":9.51,"max_rss_kb":1959760,"domain_stats":{"0":{"wall_time":26.13,"gc_time":2.48,"gc_overhead":9.51}},"mean_latency":0.081525,"stddev_latency":0.262252,"min_latency":0.0,"max_latency":20.643839,"distr_latency":{"25.0000":0.001087,"50.0000":0.032335,"60.0000":0.067839,"70.0000":0.093951,"75.0000":0.101887,"80.0000":0.110143,"85.0000":0.118847,"90.0000":0.146687,"95.0000":0.260991,"96.0000":0.312575,"97.0000":0.398847,"98.0000":0.604159,"99.0000":0.946687,"99.9000":2.168831,"99.9900":10.493951,"99.9990":20.643839,"99.9999":20.643839,"100.0000":20.643839},"allocations":{"total_heap":3862750882,"minor_heap":3793036009,"major_heap":304060194,"promoted_words":234345321,"promoted_pct":6.18},"domain_alloc_stats":{"0":{"total":3862750882,"minor":3793036009,"promoted":234345321,"major":304060194,"promoted_pct":6.18}},"collections":{"minor":15185,"major":64,"forced_major":0,"compactions":0}}
{"version":1,"wall_time":26.06,"cpu_time":26.06,"gc_time":2.46,"gc_overhead":9.45,"max_rss_kb":1959464,"domain_stats":{"0":{"wall_time":26.06,"gc_time":2.46,"gc_overhead":9.45}},"mean_latency":0.080862,"stddev_latency":0.260989,"min_latency":0.0,"max_latency":20.447231,"distr_latency":{"25.0000":0.000911,"50.0000":0.031615,"60.0000":0.066943,"70.0000":0.093439,"75.0000":0.101183,"80.0000":0.109567,"85.0000":0.119231,"90.0000":0.145023,"95.0000":0.256127,"96.0000":0.307199,"97.0000":0.397055,"98.0000":0.587263,"99.0000":0.920575,"99.9000":2.142207,"99.9900":10.584063,"99.9990":20.447231,"99.9999":20.447231,"100.0000":20.447231},"allocations":{"total_heap":3862322411,"minor_heap":3792607538,"major_heap":304167398,"promoted_words":234452525,"promoted_pct":6.18},"domain_alloc_stats":{"0":{"total":3862322411,"minor":3792607538,"promoted":234452525,"major":304167398,"promoted_pct":6.18}},"collections":{"minor":15184,"major":64,"forced_major":0,"compactions":0}}
{"version":1,"wall_time":25.99,"cpu_time":25.99,"gc_time":2.56,"gc_overhead":9.86,"max_rss_kb":1979060,"domain_stats":{"0":{"wall_time":25.99,"gc_time":2.56,"gc_overhead":9.86}},"mean_latency":0.084073,"stddev_latency":0.322254,"min_latency":0.0,"max_latency":33.177599,"distr_latency":{"25.0000":0.001015,"50.0000":0.029727,"60.0000":0.064991,"70.0000":0.093055,"75.0000":0.102463,"80.0000":0.110591,"85.0000":0.121151,"90.0000":0.143871,"95.0000":0.258687,"96.0000":0.337151,"97.0000":0.420607,"98.0000":0.639487,"99.0000":0.973823,"99.9000":2.582527,"99.9900":11.411455,"99.9990":33.177599,"99.9999":33.177599,"100.0000":33.177599},"allocations":{"total_heap":3863766509,"minor_heap":3794051636,"major_heap":304002264,"promoted_words":234287391,"promoted_pct":6.18},"domain_alloc_stats":{"0":{"total":3863766509,"minor":3794051636,"promoted":234287391,"major":304002264,"promoted_pct":6.18}},"collections":{"minor":15188,"major":64,"forced_major":0,"compactions":0}}
{"version":1,"wall_time":26.08,"cpu_time":26.08,"gc_time":2.39,"gc_overhead":9.16,"max_rss_kb":1978044,"domain_stats":{"0":{"wall_time":26.08,"gc_time":2.39,"gc_overhead":9.16}},"mean_latency":0.078399,"stddev_latency":0.248784,"min_latency":0.0,"max_latency":18.923519,"distr_latency":{"25.0000":0.001063,"50.0000":0.030239,"60.0000":0.066623,"70.0000":0.093695,"75.0000":0.100863,"80.0000":0.109631,"85.0000":0.119423,"90.0000":0.147327,"95.0000":0.248191,"96.0000":0.292351,"97.0000":0.371455,"98.0000":0.558591,"99.0000":0.849919,"99.9000":1.848319,"99.9900":11.608063,"99.9990":18.923519,"99.9999":18.923519,"100.0000":18.923519},"allocations":{"total_heap":3862379499,"minor_heap":3792666070,"major_heap":304017777,"promoted_words":234304348,"promoted_pct":6.18},"domain_alloc_stats":{"0":{"total":3862379499,"minor":3792666070,"promoted":234304348,"major":304017777,"promoted_pct":6.18}},"collections":{"minor":15180,"major":63,"forced_major":0,"compactions":0}}
{"version":1,"wall_time":26.36,"cpu_time":26.36,"gc_time":2.49,"gc_overhead":9.44,"max_rss_kb":1958264,"domain_stats":{"0":{"wall_time":26.36,"gc_time":2.49,"gc_overhead":9.44}},"mean_latency":0.081601,"stddev_latency":0.257315,"min_latency":0.0,"max_latency":19.005439,"distr_latency":{"25.0000":0.000855,"50.0000":0.031647,"60.0000":0.067711,"70.0000":0.093503,"75.0000":0.100927,"80.0000":0.109375,"85.0000":0.118975,"90.0000":0.146047,"95.0000":0.263167,"96.0000":0.316671,"97.0000":0.405759,"98.0000":0.619007,"99.0000":0.940031,"99.9000":2.125823,"99.9900":10.010623,"99.9990":19.005439,"99.9999":19.005439,"100.0000":19.005439},"allocations":{"total_heap":3863586170,"minor_heap":3793871297,"major_heap":303996144,"promoted_words":234281271,"promoted_pct":6.18},"domain_alloc_stats":{"0":{"total":3863586170,"minor":3793871297,"promoted":234281271,"major":303996144,"promoted_pct":6.18}},"collections":{"minor":15188,"major":64,"forced_major":0,"compactions":0}}
{"version":1,"wall_time":26.33,"cpu_time":26.33,"gc_time":2.5,"gc_overhead":9.5,"max_rss_kb":1971500,"domain_stats":{"0":{"wall_time":26.33,"gc_time":2.5,"gc_overhead":9.5}},"mean_latency":0.082107,"stddev_latency":0.293447,"min_latency":0.0,