{"version":1,"wall_time":3.3,"cpu_time":3.3,"gc_time":1.09,"gc_overhead":33.11,"max_rss_kb":990412,"domain_stats":{"0":{"wall_time":3.3,"gc_time":1.09,"gc_overhead":33.11}},"mean_latency":0.108042,"stddev_latency":0.079348,"min_latency":0.0,"max_latency":0.908799,"distr_latency":{"25.0000":0.040639,"50.0000":0.100863,"60.0000":0.114879,"70.0000":0.126591,"75.0000":0.144383,"80.0000":0.160127,"85.0000":0.182911,"90.0000":0.203135,"95.0000":0.250495,"96.0000":0.272127,"97.0000":0.295423,"98.0000":0.326143,"99.0000":0.373247,"99.9000":0.545279,"99.9900":0.739839,"99.9990":0.908799,"99.9999":0.908799,"100.0000":0.908799},"allocations":{"total_heap":1329097837,"minor_heap":1326044210,"major_heap":151547096,"promoted_words":148493469,"promoted_pct":11.2},"domain_alloc_stats":{"0":{"total":1329097837,"minor":1326044210,"promoted":148493469,"major":151547096,"promoted_pct":11.2}},"collections":{"minor":5066,"major":12,"forced_major":0,"compactions":0}}
{"version":1,"wall_time":3.29,"cpu_time":3.29,"gc_time":1.08,"gc_overhead":32.84,"max_rss_kb":991292,"domain_stats":{"0":{"wall_time":3.29,"gc_time":1.08,"gc_overhead":32.84}},"mean_latency":0.106603,"stddev_latency":0.077705,"min_latency":0.0,"max_latency":0.908799,"distr_latency":{"25.0000":0.041023,"50.0000":0.099903,"60.0000":0.113599,"70.0000":0.124479,"75.0000":0.141183,"80.0000":0.156927,"85.0000":0.178687,"90.0000":0.199551,"95.0000":0.243967,"96.0000":0.264703,"97.0000":0.289279,"98.0000":0.319231,"99.0000":0.365055,"99.9000":0.531455,"99.9900":0.737791,"99.9990":0.908799,"99.9999":0.908799,"100.0000":0.908799},"allocations":{"total_heap":1329097837,"minor_heap":1326044210,"major_heap":151547096,"promoted_words":148493469,"promoted_pct":11.2},"domain_alloc_stats":{"0":{"total":1329097837,"minor":1326044210,"promoted":148493469,"major":151547096,"promoted_pct":11.2}},"collections":{"minor":5066,"major":12,"forced_major":0,"compactions":0}}
{"version":1,"wall_time":3.3,"cpu_time":3.3,"gc_time":1.09,"gc_overhead":33.09,"max_rss_kb":990428,"domain_stats":{"0":{"wall_time":3.3,"gc_time":1.09,"gc_overhead":33.09}},"mean_latency":0.10774,"stddev_latency":0.078631,"min_latency":0.0,"max_latency":0.909823,"distr_latency":{"25.0000":0.040607,"50.0000":0.101439,"60.0000":0.115199,"70.0000":0.126399,"75.0000":0.143615,"80.0000":0.159359,"85.0000":0.181247,"90.0000":0.201727,"95.0000":0.248191,"96.0000":0.265215,"97.0000":0.290559,"98.0000":0.322815,"99.0000":0.370431,"99.9000":0.542719,"99.9900":0.746495,"99.9990":0.909823,"99.9999":0.909823,"100.0000":0.909823},"allocations":{"total_heap":1329097837,"minor_heap":1326044210,"major_heap":151547096,"promoted_words":148493469,"promoted_pct":11.2},"domain_alloc_stats":{"0":{"total":1329097837,"minor":1326044210,"promoted":148493469,"major":151547096,"promoted_pct":11.2}},"collections":{"minor":5066,"major":12,"forced_major":0,"compactions":0}}
{"version":1,"wall_time":3.28,"cpu_time":3.28,"gc_time":1.08,"gc_overhead":32.77,"max_rss_kb":992248,"domain_stats":{"0":{"wall_time":3.28,"gc_time":1.08,"gc_overhead":32.77}},"mean_latency":0.106285,"stddev_latency":0.077559,"min_latency":0.0,"max_latency":0.902143,"distr_latency":{"25.0000":0.041407,"50.0000":0.099455,"60.0000":0.112895,"70.0000":0.123775,"75.0000":0.140799,"80.0000":0.156031,"85.0000":0.178303,"90.0000":0.198527,"95.0000":0.244223,"96.0000":0.265471,"97.0000":0.291583,"98.0000":0.319231,"99.0000":0.362239,"99.9000":0.533503,"99.9900":0.714751,"99.9990":0.902143,"99.9999":0.902143,"100.0000":0.902143},"allocations":{"total_heap":1329097837,"minor_heap":1326044210,"major_heap":151547096,"promoted_words":148493469,"promoted_pct":11.2},"domain_alloc_stats":{"0":{"total":1329097837,"minor":1326044210,"promoted":148493469,"major":151547096,"promoted_pct":11.2}},"collections":{"minor":5066,"major":12,"forced_major":0,"compactions":0}}
{"version":1,"wall_time":3.28,"cpu_time":3.28,"gc_time":1.08,"gc_overhead":33.01,"max_rss_kb":993044,"domain_stats":{"0":{"wall_time":3.28,"gc_time":1.08,"gc_overhead":33.01}},"mean_latency":0.107007,"stddev_latency":0.077664,"min_latency":0.0,"max_latency":0.953855,"distr_latency":{"25.0000":0.040703,"50.0000":0.101375,"60.0000":0.115519,"70.0000":0.125887,"75.0000":0.141823,"80.0000":0.157567,"85.0000":0.179327,"90.0000":0.200319,"95.0000":0.242943,"96.0000":0.261887,"97.0000":0.287999,"98.0000":0.317439,"99.0000":0.366847,"99.9000":0.542719,"99.9900":0.697343,"99.9990":0.953855,"99.9999":0.953855,"100.0000":0.953855},"allocations":{"total_heap":1329097837,"minor_heap":1326044210,"major_heap":151547096,"promoted_words":148493469,"promoted_pct":11.2},"domain_alloc_stats":{"0":{"total":1329097837,"minor":1326044210,"promoted":148493469,"major":151547096,"promoted_pct":11.2}},"collections":{"minor":5066,"major":12,"forced_major":0,"compactions":0}}
{"version":1,"wall_time":3.29,"cpu_time":3.29,"gc_time":1.08,"gc_overhead":32.76,"max_rss_kb":990872,"domain_stats":{"0":{"wall_time":3.29,"gc_time":1.08,"gc_overhead":32.76}},"mean_latency":0.106463,"stddev_latency":0.07752,"min_latency":0.0,"max_latency":0.910847,"distr_latency":{"25.0000":0.040895,"50.0000":0.100095,"60.0000":0.113535,"70.0000":0.124799,"75.0000":0.141439,"80.0000":0.157183,"85.0000":0.178943,"90.0000":0.198527,"95.0000":0.243583,"96.0000":0.263167,"97.0000":0.288255,"98.0000":0.317439,"99.0000":0.360703,"99.9000":0.540159,"99.9900":0.709119,"99.9990":0.910847,"99.9999":0.910847,"100.0000":0.910847},"allocations":{"total_heap":1329097837,"minor_heap":1326044210,"major_heap":151547096,"promoted_words":148493469,"promoted_pct":11.2},"domain_alloc_stats":{"0":{"total":1329097837,"minor":1326044210,"promoted":148493469,"major":151547096,"promoted_pct":11.2}},"collections":{"minor":5066,"major":12,"forced_major":0,"compactions":0}}
{"version":1,"wall_time":3.29,"cpu_time":3.29,"gc_time":1.08,"gc_overhead":32.81,"max_rss_kb":991212,"domain_stats":{"0":{"wall_time":3.29,"gc_time":1.08,"gc_overhead":32.81}},"mean_latency":0.106505,"stddev_latency":0.078137,"min_latency":0.0,"max_latency":0.908287,"distr_latency":{"25.0000":0.040927,"50.0000":0.099583,"60.0000":0.113151,"70.0000":0.124287,"75.0000":0.141439,"80.0000":0.157183,"85.0000":0.179327,"90.0000":0.200319,"95.0000":0.245887,"96.0000":0.265215,"97.0000":0.289535,"98.0000":0.321535,"99.0000":0.369919,"99.9000":0.541695,"99.9900":0.710143,"99.9990":0.908287,"99.9999":0.908287,"100.0000":0.908287},"allocations":{"total_heap":1329097837,"minor_heap":1326044210,"major_heap":151547096,"promoted_words":148493469,"promoted_pct":11.2},"domain_alloc_stats":{"0":{"total":1329097837,"minor":1326044210,"promoted":148493469,"major":151547096,"promoted_pct":11.2}},"collections":{"minor":5066,"major":12,"forced_major":0,"compactions":0}}
{"version":1,"wall_time":3.3,"cpu_time":3.3,"gc_time":1.08,"gc_overhead":32.78,"max_rss_kb":990648,"domain_stats":{"0":{"wall_time":3.3,"gc_time":1.08,"gc_overhead":32.78}},"mean_latency":0.106711,"stddev_latency":0.077642,"min_latency":0.0,"max_latency":0.999935,"distr_latency":{"25.0000":0.040319,"50.0000":0.100991,"60.0000":0.114623,"70.0000":0.125503,"75.0000":0.141823,"80.0000":0.157311,"85.0000":0.178943,"90.0000":0.198911,"95.0000":0.242815,"96.0000":0.261375,"97.0000":0.286463,"98.0000":0.317695,"99.0000":0.363007,"99.9000":0.542719,"99.9900":0.722431,"99.9990":0.999935,"99.9999":0.999935,"100.0000":0.999935},"allocations":{"total_heap":1329097837,"minor_heap":1326044210,"major_heap":151547096,"promoted_words":148493469,"promoted_pct":11.2},"domain_alloc_stats":{"0":{"total":1329097837,"minor":1326044210,"promoted":148493469,"major":151547096,"promoted_pct":11.2}},"collections":{"minor":5066,"major":12,"forced_major":0,"compactions":0}}
{"version":1,"wall_time":3.3,"cpu_time":3.3,"gc_time":1.08,"gc_overhead":32.81,"max_rss_kb":990544,"domain_stats":{"0":{"wall_time":3.3,"gc_time":1.08,"gc_overhead":32.81}},"mean_latency":0.106828,"stddev_latency":0.077965,"min_latency":0.0,"max_latency":0.914943,"distr_latency":{"25.0000":0.040511,