{"version":1,"wall_time":1.95,"cpu_time":1.95,"gc_time":0.15,"gc_overhead":7.94,"max_rss_kb":35476,"domain_stats":{"0":{"wall_time":1.95,"gc_time":0.15,"gc_overhead":7.94}},"mean_latency":0.017443,"stddev_latency":0.010852,"min_latency":0.0,"max_latency":0.080575,"distr_latency":{"25.0000":0.008183,"50.0000":0.018591,"60.0000":0.020735,"70.0000":0.022607,"75.0000":0.023615,"80.0000":0.024623,"85.0000":0.025519,"90.0000":0.027135,"95.0000":0.041311,"96.0000":0.042143,"97.0000":0.043103,"98.0000":0.044415,"99.0000":0.046175,"99.9000":0.049407,"99.9900":0.074879,"99.9990":0.080575,"99.9999":0.080575,"100.0000":0.080575},"allocations":{"total_heap":1161945845,"minor_heap":1161945772,"major_heap":89891676,"promoted_words":89891603,"promoted_pct":7.74},"domain_alloc_stats":{"0":{"total":1161945845,"minor":1161945772,"promoted":89891603,"major":89891676,"promoted_pct":7.74}},"collections":{"minor":5451,"major":2036,"forced_major":0,"compactions":0}}
{"version":1,"wall_time":1.95,"cpu_time":1.95,"gc_time":0.16,"gc_overhead":7.96,"max_rss_kb":35388,"domain_stats":{"0":{"wall_time":1.95,"gc_time":0.16,"gc_overhead":7.96}},"mean_latency":0.017532,"stddev_latency":0.010907,"min_latency":0.0,"max_latency":0.083455,"distr_latency":{"25.0000":0.008271,"50.0000":0.018703,"60.0000":0.020863,"70.0000":0.022655,"75.0000":0.023743,"80.0000":0.024607,"85.0000":0.025535,"90.0000":0.027567,"95.0000":0.041471,"96.0000":0.042367,"97.0000":0.043327,"98.0000":0.044735,"99.0000":0.046559,"99.9000":0.049887,"99.9900":0.081087,"99.9990":0.083455,"99.9999":0.083455,"100.0000":0.083455},"allocations":{"total_heap":1161945845,"minor_heap":1161945772,"major_heap":89891676,"promoted_words":89891603,"promoted_pct":7.74},"domain_alloc_stats":{"0":{"total":1161945845,"minor":1161945772,"promoted":89891603,"major":89891676,"promoted_pct":7.74}},"collections":{"minor":5451,"major":2036,"forced_major":0,"compactions":0}}
{"version":1,"wall_time":1.98,"cpu_time":1.98,"gc_time":0.16,"gc_overhead":8.0,"max_rss_kb":35316,"domain_stats":{"0":{"wall_time":1.98,"gc_time":0.16,"gc_overhead":8.0}},"mean_latency":0.017885,"stddev_latency":0.011138,"min_latency":0.0,"max_latency":0.085311,"distr_latency":{"25.0000":0.008463,"50.0000":0.019135,"60.0000":0.021215,"70.0000":0.023055,"75.0000":0.024223,"80.0000":0.025103,"85.0000":0.026095,"90.0000":0.028127,"95.0000":0.042271,"96.0000":0.043199,"97.0000":0.044255,"98.0000":0.045599,"99.0000":0.047519,"99.9000":0.050911,"99.9900":0.075263,"99.9990":0.085311,"99.9999":0.085311,"100.0000":0.085311},"allocations":{"total_heap":1161945845,"minor_heap":1161945772,"major_heap":89891676,"promoted_words":89891603,"promoted_pct":7.74},"domain_alloc_stats":{"0":{"total":1161945845,"minor":1161945772,"promoted":89891603,"major":89891676,"promoted_pct":7.74}},"collections":{"minor":5451,"major":2036,"forced_major":0,"compactions":0}}
{"version":1,"wall_time":1.92,"cpu_time":1.92,"gc_time":0.16,"gc_overhead":8.23,"max_rss_kb":34992,"domain_stats":{"0":{"wall_time":1.92,"gc_time":0.16,"gc_overhead":8.23}},"mean_latency":0.017808,"stddev_latency":0.011122,"min_latency":0.0,"max_latency":0.082687,"distr_latency":{"25.0000":0.008367,"50.0000":0.018927,"60.0000":0.021071,"70.0000":0.022943,"75.0000":0.024287,"80.0000":0.024943,"85.0000":0.025951,"90.0000":0.028191,"95.0000":0.042399,"96.0000":0.043263,"97.0000":0.044159,"98.0000":0.045567,"99.0000":0.047583,"99.9000":0.051199,"99.9900":0.079231,"99.9990":0.082687,"99.9999":0.082687,"100.0000":0.082687},"allocations":{"total_heap":1161945845,"minor_heap":1161945772,"major_heap":89891676,"promoted_words":89891603,"promoted_pct":7.74},"domain_alloc_stats":{"0":{"total":1161945845,"minor":1161945772,"promoted":89891603,"major":89891676,"promoted_pct":7.74}},"collections":{"minor":5451,"major":2036,"forced_major":0,"compactions":0}}
{"version":1,"wall_time":1.93,"cpu_time":1.93,"gc_time":0.16,"gc_overhead":8.24,"max_rss_kb":35620,"domain_stats":{"0":{"wall_time":1.93,"gc_time":0.16,"gc_overhead":8.24}},"mean_latency":0.017975,"stddev_latency":0.011107,"min_latency":0.0,"max_latency":0.186623,"distr_latency":{"25.0000":0.008935,"50.0000":0.019183,"60.0000":0.021295,"70.0000":0.022991,"75.0000":0.024159,"80.0000":0.025007,"85.0000":0.025983,"90.0000":0.028047,"95.0000":0.041823,"96.0000":0.042783,"97.0000":0.043775,"98.0000":0.045119,"99.0000":0.047135,"99.9000":0.050975,"99.9900":0.081343,"99.9990":0.186623,"99.9999":0.186623,"100.0000":0.186623},"allocations":{"total_heap":1161945845,"minor_heap":1161945772,"major_heap":89891676,"promoted_words":89891603,"promoted_pct":7.74},"domain_alloc_stats":{"0":{"total":1161945845,"minor":1161945772,"promoted":89891603,"major":89891676,"promoted_pct":7.74}},"collections":{"minor":5451,"major":2036,"forced_major":0,"compactions":0}}
{"version":1,"wall_time":2.0,"cpu_time":2.0,"gc_time":0.16,"gc_overhead":7.81,"max_rss_kb":35116,"domain_stats":{"0":{"wall_time":2.0,"gc_time":0.16,"gc_overhead":7.81}},"mean_latency":0.01764,"stddev_latency":0.011348,"min_latency":0.0,"max_latency":0.208383,"distr_latency":{"25.0000":0.008263,"50.0000":0.018815,"60.0000":0.020831,"70.0000":0.022623,"75.0000":0.023871,"80.0000":0.024607,"85.0000":0.025551,"90.0000":0.027823,"95.0000":0.042079,"96.0000":0.042943,"97.0000":0.043903,"98.0000":0.045119,"99.0000":0.047071,"99.9000":0.050591,"99.9900":0.176511,"99.9990":0.208383,"99.9999":0.208383,"100.0000":0.208383},"allocations":{"total_heap":1161945845,"minor_heap":1161945772,"major_heap":89891676,"promoted_words":89891603,"promoted_pct":7.74},"domain_alloc_stats":{"0":{"total":1161945845,"minor":1161945772,"promoted":89891603,"major":89891676,"promoted_pct":7.74}},"collections":{"minor":5451,"major":2036,"forced_major":0,"compactions":0}}
{"version":1,"wall_time":1.94,"cpu_time":1.94,"gc_time":0.16,"gc_overhead":8.1,"max_rss_kb":35532,"domain_stats":{"0":{"wall_time":1.94,"gc_time":0.16,"gc_overhead":8.1}},"mean_latency":0.017725,"stddev_latency":0.011192,"min_latency":0.0,"max_latency":0.136447,"distr_latency":{"25.0000":0.008287,"50.0000":0.018799,"60.0000":0.020975,"70.0000":0.022815,"75.0000":0.024143,"80.0000":0.024831,"85.0000":0.025823,"90.0000":0.028079,"95.0000":0.042271,"96.0000":0.043167,"97.0000":0.044191,"98.0000":0.045439,"99.0000":0.047647,"99.9000":0.051071,"99.9900":0.086271,"99.9990":0.136447,"99.9999":0.136447,"100.0000":0.136447},"allocations":{"total_heap":1161945845,"minor_heap":1161945772,"major_heap":89891676,"promoted_words":89891603,"promoted_pct":7.74},"domain_alloc_stats":{"0":{"total":1161945845,"minor":1161945772,"promoted":89891603,"major":89891676,"promoted_pct":7.74}},"collections":{"minor":5451,"major":2036,"forced_major":0,"compactions":0}}
{"version":1,"wall_time":1.97,"cpu_time":1.97,"gc_time":0.16,"gc_overhead":7.93,"max_rss_kb":35220,"domain_stats":{"0":{"wall_time":1.97,"gc_time":0.16,"gc_overhead":7.93}},"mean_latency":0.017651,"stddev_latency":0.011063,"min_latency":0.0,"max_latency":0.123199,"distr_latency":{"25.0000":0.008271,"50.0000":0.018895,"60.0000":0.021055,"70.0000":0.022783,"75.0000":0.023903,"80.0000":0.024719,"85.0000":0.025663,"90.0000":0.027743,"95.0000":0.041919,"96.0000":0.042783,"97.0000":0.043775,"98.0000":0.045055,"99.0000":0.047231,"99.9000":0.050943,"99.9900":0.086463,"99.9990":0.123199,"99.9999":0.123199,"100.0000":0.123199},"allocations":{"total_heap":1161945845,"minor_heap":1161945772,"major_heap":89891676,"promoted_words":89891603,"promoted_pct":7.74},"domain_alloc_stats":{"0":{"total":1161945845,"minor":1161945772,"promoted":89891603,"major":89891676,"promoted_pct":7.74}},"collections":{"minor":5451,"major":2036,"forced_major":0,"compactions":0}}
{"version":1,"wall_time":2.04,"cpu_time":2.04,"gc_time":0.16,"gc_overhead":7.74,"max_rss_kb":35584,"domain_stats":{"0":{"wall_time":2.04,"gc_time":0.16,"gc_overhead":7.74}},"mean_latency":0.017808,"stddev_latency":0.011203,"min_latency":0.0,"max_latency":0.082559,"distr_latency":{"25.0000":0.008351,"50.0000":0.018719,"60.0000":0.020911,