{"version":1,"wall_time":6.21,"cpu_time":6.21,"gc_time":5.0,"gc_overhead":80.56,"max_rss_kb":76996,"domain_stats":{"0":{"wall_time":6.21,"gc_time":5.0,"gc_overhead":80.56}},"mean_latency":0.606466,"stddev_latency":0.632262,"min_latency":0.0,"max_latency":2.256895,"distr_latency":{"25.0000":0.011031,"50.0000":0.191615,"60.0000":1.212415,"70.0000":1.336319,"75.0000":1.348607,"80.0000":1.358847,"85.0000":1.369087,"90.0000":1.381375,"95.0000":1.396735,"96.0000":1.401855,"97.0000":1.407999,"98.0000":1.418239,"99.0000":1.446911,"99.9000":2.142207,"99.9900":2.242559,"99.9990":2.256895,"99.9999":2.256895,"100.0000":2.256895},"allocations":{"total_heap":597140980,"minor_heap":562663770,"major_heap":97414992,"promoted_words":62937782,"promoted_pct":11.19},"domain_alloc_stats":{"0":{"total":597140980,"minor":562663770,"promoted":62937782,"major":97414992,"promoted_pct":11.19}},"collections":{"minor":8926,"major":3546,"forced_major":1116,"compactions":0}}
{"version":1,"wall_time":6.18,"cpu_time":6.18,"gc_time":5.0,"gc_overhead":80.85,"max_rss_kb":76876,"domain_stats":{"0":{"wall_time":6.18,"gc_time":5.0,"gc_overhead":80.85}},"mean_latency":0.605533,"stddev_latency":0.631774,"min_latency":0.0,"max_latency":2.267135,"distr_latency":{"25.0000":0.011031,"50.0000":0.191615,"60.0000":1.179647,"70.0000":1.338367,"75.0000":1.350655,"80.0000":1.360895,"85.0000":1.368063,"90.0000":1.378303,"95.0000":1.392639,"96.0000":1.397759,"97.0000":1.406975,"98.0000":1.418239,"99.0000":1.449983,"99.9000":2.172927,"99.9900":2.228223,"99.9990":2.267135,"99.9999":2.267135,"100.0000":2.267135},"allocations":{"total_heap":597140980,"minor_heap":562663770,"major_heap":97414992,"promoted_words":62937782,"promoted_pct":11.19},"domain_alloc_stats":{"0":{"total":597140980,"minor":562663770,"promoted":62937782,"major":97414992,"promoted_pct":11.19}},"collections":{"minor":8926,"major":3546,"forced_major":1116,"compactions":0}}
{"version":1,"wall_time":6.27,"cpu_time":6.27,"gc_time":5.09,"gc_overhead":81.12,"max_rss_kb":77004,"domain_stats":{"0":{"wall_time":6.27,"gc_time":5.09,"gc_overhead":81.12}},"mean_latency":0.616541,"stddev_latency":0.64333,"min_latency":0.0,"max_latency":2.258943,"distr_latency":{"25.0000":0.011311,"50.0000":0.193791,"60.0000":1.203199,"70.0000":1.360895,"75.0000":1.375231,"80.0000":1.387519,"85.0000":1.399807,"90.0000":1.411071,"95.0000":1.427455,"96.0000":1.431551,"97.0000":1.436671,"98.0000":1.444863,"99.0000":1.478655,"99.9000":2.174975,"99.9900":2.222079,"99.9990":2.258943,"99.9999":2.258943,"100.0000":2.258943},"allocations":{"total_heap":597140976,"minor_heap":562663766,"major_heap":97414992,"promoted_words":62937782,"promoted_pct":11.19},"domain_alloc_stats":{"0":{"total":597140976,"minor":562663766,"promoted":62937782,"major":97414992,"promoted_pct":11.19}},"collections":{"minor":8926,"major":3546,"forced_major":1116,"compactions":0}}
{"version":1,"wall_time":6.25,"cpu_time":6.25,"gc_time":5.06,"gc_overhead":81.03,"max_rss_kb":76388,"domain_stats":{"0":{"wall_time":6.25,"gc_time":5.06,"gc_overhead":81.03}},"mean_latency":0.613281,"stddev_latency":0.639151,"min_latency":0.0,"max_latency":2.279423,"distr_latency":{"25.0000":0.010991,"50.0000":0.195071,"60.0000":1.218559,"70.0000":1.351679,"75.0000":1.363967,"80.0000":1.374207,"85.0000":1.383423,"90.0000":1.393663,"95.0000":1.409023,"96.0000":1.413119,"97.0000":1.419263,"98.0000":1.428479,"99.0000":1.463295,"99.9000":2.183167,"99.9900":2.256895,"99.9990":2.279423,"99.9999":2.279423,"100.0000":2.279423},"allocations":{"total_heap":597140980,"minor_heap":562663770,"major_heap":97414992,"promoted_words":62937782,"promoted_pct":11.19},"domain_alloc_stats":{"0":{"total":597140980,"minor":562663770,"promoted":62937782,"major":97414992,"promoted_pct":11.19}},"collections":{"minor":8926,"major":3546,"forced_major":1116,"compactions":0}}
{"version":1,"wall_time":6.25,"cpu_time":6.25,"gc_time":5.07,"gc_overhead":81.13,"max_rss_kb":76496,"domain_stats":{"0":{"wall_time":6.25,"gc_time":5.07,"gc_overhead":81.13}},"mean_latency":0.614875,"stddev_latency":0.641869,"min_latency":0.0,"max_latency":2.242559,"distr_latency":{"25.0000":0.011127,"50.0000":0.191103,"60.0000":1.188863,"70.0000":1.352703,"75.0000":1.370111,"80.0000":1.383423,"85.0000":1.395711,"90.0000":1.409023,"95.0000":1.427455,"96.0000":1.431551,"97.0000":1.437695,"98.0000":1.447935,"99.0000":1.478655,"99.9000":2.177023,"99.9900":2.232319,"99.9990":2.242559,"99.9999":2.242559,"100.0000":2.242559},"allocations":{"total_heap":597140980,"minor_heap":562663770,"major_heap":97414974,"promoted_words":62937764,"promoted_pct":11.19},"domain_alloc_stats":{"0":{"total":597140980,"minor":562663770,"promoted":62937764,"major":97414974,"promoted_pct":11.19}},"collections":{"minor":8926,"major":3546,"forced_major":1116,"compactions":0}}
{"version":1,"wall_time":6.22,"cpu_time":6.22,"gc_time":5.01,"gc_overhead":80.53,"max_rss_kb":76576,"domain_stats":{"0":{"wall_time":6.22,"gc_time":5.01,"gc_overhead":80.53}},"mean_latency":0.606998,"stddev_latency":0.632384,"min_latency":0.0,"max_latency":2.256895,"distr_latency":{"25.0000":0.011231,"50.0000":0.195839,"60.0000":1.181695,"70.0000":1.336319,"75.0000":1.350655,"80.0000":1.360895,"85.0000":1.372159,"90.0000":1.385471,"95.0000":1.402879,"96.0000":1.409023,"97.0000":1.416191,"98.0000":1.427455,"99.0000":1.455103,"99.9000":2.150399,"99.9900":2.201599,"99.9990":2.256895,"99.9999":2.256895,"100.0000":2.256895},"allocations":{"total_heap":597140990,"minor_heap":562663780,"major_heap":97414974,"promoted_words":62937764,"promoted_pct":11.19},"domain_alloc_stats":{"0":{"total":597140990,"minor":562663780,"promoted":62937764,"major":97414974,"promoted_pct":11.19}},"collections":{"minor":8926,"major":3546,"forced_major":1116,"compactions":0}}
{"version":1,"wall_time":6.22,"cpu_time":6.22,"gc_time":5.04,"gc_overhead":80.97,"max_rss_kb":76320,"domain_stats":{"0":{"wall_time":6.22,"gc_time":5.04,"gc_overhead":80.97}},"mean_latency":0.610696,"stddev_latency":0.636587,"min_latency":0.0,"max_latency":2.324479,"distr_latency":{"25.0000":0.011167,"50.0000":0.194047,"60.0000":1.176575,"70.0000":1.349631,"75.0000":1.362943,"80.0000":1.372159,"85.0000":1.381375,"90.0000":1.390591,"95.0000":1.406975,"96.0000":1.410047,"97.0000":1.414143,"98.0000":1.422335,"99.0000":1.468415,"99.9000":2.154495,"99.9900":2.242559,"99.9990":2.324479,"99.9999":2.324479,"100.0000":2.324479},"allocations":{"total_heap":597140988,"minor_heap":562663778,"major_heap":97414949,"promoted_words":62937739,"promoted_pct":11.19},"domain_alloc_stats":{"0":{"total":597140988,"minor":562663778,"promoted":62937739,"major":97414949,"promoted_pct":11.19}},"collections":{"minor":8926,"major":3546,"forced_major":1116,"compactions":0}}
{"version":1,"wall_time":6.24,"cpu_time":6.24,"gc_time":5.06,"gc_overhead":81.05,"max_rss_kb":76680,"domain_stats":{"0":{"wall_time":6.24,"gc_time":5.06,"gc_overhead":81.05}},"mean_latency":0.612593,"stddev_latency":0.639083,"min_latency":0.0,"max_latency":2.248703,"distr_latency":{"25.0000":0.011135,"50.0000":0.191871,"60.0000":1.197055,"70.0000":1.355775,"75.0000":1.368063,"80.0000":1.377279,"85.0000":1.385471,"90.0000":1.395711,"95.0000":1.409023,"96.0000":1.413119,"97.0000":1.418239,"98.0000":1.426431,"99.0000":1.471487,"99.9000":2.166783,"99.9900":2.248703,"99.9990":2.248703,"99.9999":2.248703,"100.0000":2.248703},"allocations":{"total_heap":597140982,"minor_heap":562663772,"major_heap":97414997,"promoted_words":62937787,"promoted_pct":11.19},"domain_alloc_stats":{"0":{"total":597140982,"minor":562663772,"promoted":62937787,"major":97414997,"promoted_pct":11.19}},"collections":{"minor":8926,"major":3546,"forced_major":1116,"compactions":0}}
{"version":1,"wall_time":6.29,"cpu_time":6.29,"gc_time":5.1,"gc_overhead":81.14,"max_rss_kb":76644,"domain_stats":{"0":{"wall_time":6.29,"gc_time":5.1,"gc_overhead":81.14}},"mean_latency":0.61836,"stddev_latency":0.642982,"min_latency":0.0,"max_latency":2.390015,"distr_latency":{"25.0000":0.011327,"50.0000":0.205055,