{"version":1,"wall_time":4.1,"cpu_time":4.1,"gc_time":0.61,"gc_overhead":14.82,"max_rss_kb":36492,"domain_stats":{"0":{"wall_time":4.1,"gc_time":0.61,"gc_overhead":14.82}},"mean_latency":0.041953,"stddev_latency":0.046055,"min_latency":0.0,"max_latency":0.398847,"distr_latency":{"25.0000":0.008623,"50.0000":0.028223,"60.0000":0.038303,"70.0000":0.049887,"75.0000":0.055871,"80.0000":0.062175,"85.0000":0.074367,"90.0000":0.107071,"95.0000":0.146943,"96.0000":0.158591,"97.0000":0.168063,"98.0000":0.181375,"99.0000":0.201215,"99.9000":0.292095,"99.9900":0.379903,"99.9990":0.398847,"99.9999":0.398847,"100.0000":0.398847},"allocations":{"total_heap":1898407483,"minor_heap":1898427939,"major_heap":84395601,"promoted_words":84416057,"promoted_pct":4.45},"domain_alloc_stats":{"0":{"total":1898407483,"minor":1898427939,"promoted":84416057,"major":84395601,"promoted_pct":4.45}},"collections":{"minor":7335,"major":186,"forced_major":0,"compactions":0}}
{"version":1,"wall_time":4.08,"cpu_time":4.08,"gc_time":0.6,"gc_overhead":14.74,"max_rss_kb":36644,"domain_stats":{"0":{"wall_time":4.08,"gc_time":0.6,"gc_overhead":14.74}},"mean_latency":0.041543,"stddev_latency":0.045704,"min_latency":0.0,"max_latency":0.380671,"distr_latency":{"25.0000":0.008391,"50.0000":0.027887,"60.0000":0.038015,"70.0000":0.049311,"75.0000":0.055711,"80.0000":0.061759,"85.0000":0.075391,"90.0000":0.105791,"95.0000":0.144255,"96.0000":0.154751,"97.0000":0.166655,"98.0000":0.179839,"99.0000":0.198783,"99.9000":0.302079,"99.9900":0.379903,"99.9990":0.380671,"99.9999":0.380671,"100.0000":0.380671},"allocations":{"total_heap":1898299533,"minor_heap":1898297417,"major_heap":84420856,"promoted_words":84418740,"promoted_pct":4.45},"domain_alloc_stats":{"0":{"total":1898299533,"minor":1898297417,"promoted":84418740,"major":84420856,"promoted_pct":4.45}},"collections":{"minor":7335,"major":187,"forced_major":0,"compactions":0}}
{"version":1,"wall_time":4.12,"cpu_time":4.12,"gc_time":0.59,"gc_overhead":14.35,"max_rss_kb":36524,"domain_stats":{"0":{"wall_time":4.12,"gc_time":0.59,"gc_overhead":14.35}},"mean_latency":0.040789,"stddev_latency":0.045191,"min_latency":0.0,"max_latency":0.400127,"distr_latency":{"25.0000":0.008471,"50.0000":0.027103,"60.0000":0.037183,"70.0000":0.047935,"75.0000":0.053951,"80.0000":0.060159,"85.0000":0.074559,"90.0000":0.104319,"95.0000":0.143359,"96.0000":0.152959,"97.0000":0.164223,"98.0000":0.175103,"99.0000":0.195071,"99.9000":0.312063,"99.9900":0.381695,"99.9990":0.400127,"99.9999":0.400127,"100.0000":0.400127},"allocations":{"total_heap":1898298971,"minor_heap":1898296855,"major_heap":84003711,"promoted_words":84001595,"promoted_pct":4.43},"domain_alloc_stats":{"0":{"total":1898298971,"minor":1898296855,"promoted":84001595,"major":84003711,"promoted_pct":4.43}},"collections":{"minor":7334,"major":185,"forced_major":0,"compactions":0}}
{"version":1,"wall_time":4.06,"cpu_time":4.06,"gc_time":0.59,"gc_overhead":14.48,"max_rss_kb":36872,"domain_stats":{"0":{"wall_time":4.06,"gc_time":0.59,"gc_overhead":14.48}},"mean_latency":0.040631,"stddev_latency":0.044793,"min_latency":0.0,"max_latency":0.402431,"distr_latency":{"25.0000":0.008495,"50.0000":0.027407,"60.0000":0.036959,"70.0000":0.047807,"75.0000":0.053791,"80.0000":0.059967,"85.0000":0.072767,"90.0000":0.104063,"95.0000":0.141951,"96.0000":0.150911,"97.0000":0.161919,"98.0000":0.174079,"99.0000":0.192767,"99.9000":0.315647,"99.9900":0.377855,"99.9990":0.402431,"99.9999":0.402431,"100.0000":0.402431},"allocations":{"total_heap":1898406888,"minor_heap":1898428004,"major_heap":84321242,"promoted_words":84342358,"promoted_pct":4.44},"domain_alloc_stats":{"0":{"total":1898406888,"minor":1898428004,"promoted":84342358,"major":84321242,"promoted_pct":4.44}},"collections":{"minor":7335,"major":186,"forced_major":0,"compactions":0}}
{"version":1,"wall_time":4.08,"cpu_time":4.08,"gc_time":0.6,"gc_overhead":14.66,"max_rss_kb":36560,"domain_stats":{"0":{"wall_time":4.08,"gc_time":0.6,"gc_overhead":14.66}},"mean_latency":0.041262,"stddev_latency":0.04578,"min_latency":0.0,"max_latency":0.387583,"distr_latency":{"25.0000":0.008471,"50.0000":0.027135,"60.0000":0.037151,"70.0000":0.048063,"75.0000":0.054239,"80.0000":0.060415,"85.0000":0.075199,"90.0000":0.107583,"95.0000":0.147071,"96.0000":0.156031,"97.0000":0.167039,"98.0000":0.180479,"99.0000":0.199039,"99.9000":0.293631,"99.9900":0.361983,"99.9990":0.387583,"99.9999":0.387583,"100.0000":0.387583},"allocations":{"total_heap":1898298972,"minor_heap":1898296856,"major_heap":83978055,"promoted_words":83975939,"promoted_pct":4.42},"domain_alloc_stats":{"0":{"total":1898298972,"minor":1898296856,"promoted":83975939,"major":83978055,"promoted_pct":4.42}},"collections":{"minor":7334,"major":185,"forced_major":0,"compactions":0}}
{"version":1,"wall_time":4.14,"cpu_time":4.14,"gc_time":0.61,"gc_overhead":14.79,"max_rss_kb":36840,"domain_stats":{"0":{"wall_time":4.14,"gc_time":0.61,"gc_overhead":14.79}},"mean_latency":0.042282,"stddev_latency":0.046048,"min_latency":0.0,"max_latency":0.393983,"distr_latency":{"25.0000":0.008623,"50.0000":0.028415,"60.0000":0.039231,"70.0000":0.051007,"75.0000":0.057087,"80.0000":0.063391,"85.0000":0.076351,"90.0000":0.108031,"95.0000":0.145791,"96.0000":0.153727,"97.0000":0.165503,"98.0000":0.177919,"99.0000":0.198399,"99.9000":0.315647,"99.9900":0.391679,"99.9990":0.393983,"99.9999":0.393983,"100.0000":0.393983},"allocations":{"total_heap":1898299277,"minor_heap":1898297161,"major_heap":84480399,"promoted_words":84478283,"promoted_pct":4.45},"domain_alloc_stats":{"0":{"total":1898299277,"minor":1898297161,"promoted":84478283,"major":84480399,"promoted_pct":4.45}},"collections":{"minor":7335,"major":187,"forced_major":0,"compactions":0}}
{"version":1,"wall_time":4.14,"cpu_time":4.14,"gc_time":0.61,"gc_overhead":14.77,"max_rss_kb":36812,"domain_stats":{"0":{"wall_time":4.14,"gc_time":0.61,"gc_overhead":14.77}},"mean_latency":0.042233,"stddev_latency":0.045936,"min_latency":0.0,"max_latency":0.387071,"distr_latency":{"25.0000":0.008855,"50.0000":0.028495,"60.0000":0.038975,"70.0000":0.050303,"75.0000":0.056447,"80.0000":0.063007,"85.0000":0.075327,"90.0000":0.106687,"95.0000":0.147967,"96.0000":0.157183,"97.0000":0.167679,"98.0000":0.180735,"99.0000":0.196991,"99.9000":0.311039,"99.9900":0.376063,"99.9990":0.387071,"99.9999":0.387071,"100.0000":0.387071},"allocations":{"total_heap":1898299054,"minor_heap":1898296938,"major_heap":84454187,"promoted_words":84452071,"promoted_pct":4.45},"domain_alloc_stats":{"0":{"total":1898299054,"minor":1898296938,"promoted":84452071,"major":84454187,"promoted_pct":4.45}},"collections":{"minor":7335,"major":187,"forced_major":0,"compactions":0}}
{"version":1,"wall_time":4.08,"cpu_time":4.08,"gc_time":0.6,"gc_overhead":14.67,"max_rss_kb":36656,"domain_stats":{"0":{"wall_time":4.08,"gc_time":0.6,"gc_overhead":14.67}},"mean_latency":0.041357,"stddev_latency":0.045575,"min_latency":0.0,"max_latency":0.404735,"distr_latency":{"25.0000":0.008591,"50.0000":0.027455,"60.0000":0.037471,"70.0000":0.048575,"75.0000":0.054687,"80.0000":0.060575,"85.0000":0.075071,"90.0000":0.107263,"95.0000":0.145535,"96.0000":0.156287,"97.0000":0.166783,"98.0000":0.180223,"99.0000":0.195583,"99.9000":0.298239,"99.9900":0.382719,"99.9990":0.404735,"99.9999":0.404735,"100.0000":0.404735},"allocations":{"total_heap":1898407743,"minor_heap":1898428362,"major_heap":84392285,"promoted_words":84412904,"promoted_pct":4.45},"domain_alloc_stats":{"0":{"total":1898407743,"minor":1898428362,"promoted":84412904,"major":84392285,"promoted_pct":4.45}},"collections":{"minor":7335,"major":186,"forced_major":0,"compactions":0}}
{"version":1,"wall_time":4.14,"cpu_time":4.14,"gc_time":0.6,"gc_overhead":14.45,"max_rss_kb":36888,"domain_stats":{"0":{"wall_time":4.14,"gc_time":0.6,"gc_overhead":14.45}},"mean_latency":0.041271,"stddev_latency":0.045555,"min_latency":0.0,"max_latency":0.390655,"distr_latency":{"25.0000":0.008511,"50.0000":0.027535,"60.0000":0.037407,