{"version":1,"wall_time":15.04,"cpu_time":15.04,"gc_time":1.08,"gc_overhead":7.17,"max_rss_kb":134992,"domain_stats":{"0":{"wall_time":15.04,"gc_time":1.08,"gc_overhead":7.17}},"mean_latency":0.014011,"stddev_latency":0.015832,"min_latency":0.0,"max_latency":0.471551,"distr_latency":{"25.0000":0.003943,"50.0000":0.009975,"60.0000":0.013063,"70.0000":0.015695,"75.0000":0.017423,"80.0000":0.020047,"85.0000":0.023135,"90.0000":0.028095,"95.0000":0.044159,"96.0000":0.049599,"97.0000":0.056671,"98.0000":0.066559,"99.0000":0.081279,"99.9000":0.127679,"99.9900":0.193791,"99.9990":0.322047,"99.9999":0.471551,"100.0000":0.471551},"allocations":{"total_heap":10082509519,"minor_heap":10081958671,"major_heap":196885081,"promoted_words":196334233,"promoted_pct":1.95},"domain_alloc_stats":{"0":{"total":10082509519,"minor":10081958671,"promoted":196334233,"major":196885081,"promoted_pct":1.95}},"collections":{"minor":38502,"major":81,"forced_major":0,"compactions":0}}
{"version":1,"wall_time":15.03,"cpu_time":15.03,"gc_time":1.08,"gc_overhead":7.16,"max_rss_kb":135364,"domain_stats":{"0":{"wall_time":15.03,"gc_time":1.08,"gc_overhead":7.16}},"mean_latency":0.013848,"stddev_latency":0.015657,"min_latency":0.0,"max_latency":0.538111,"distr_latency":{"25.0000":0.003863,"50.0000":0.009967,"60.0000":0.012911,"70.0000":0.015487,"75.0000":0.017215,"80.0000":0.019791,"85.0000":0.022831,"90.0000":0.027791,"95.0000":0.043711,"96.0000":0.049087,"97.0000":0.056063,"98.0000":0.065791,"99.0000":0.079743,"99.9000":0.126655,"99.9900":0.183167,"99.9990":0.310527,"99.9999":0.538111,"100.0000":0.538111},"allocations":{"total_heap":10194438139,"minor_heap":10193893251,"major_heap":199046676,"promoted_words":198501788,"promoted_pct":1.95},"domain_alloc_stats":{"0":{"total":10194438139,"minor":10193893251,"promoted":198501788,"major":199046676,"promoted_pct":1.95}},"collections":{"minor":38929,"major":81,"forced_major":0,"compactions":0}}
{"version":1,"wall_time":15.03,"cpu_time":15.03,"gc_time":1.07,"gc_overhead":7.14,"max_rss_kb":135524,"domain_stats":{"0":{"wall_time":15.03,"gc_time":1.07,"gc_overhead":7.14}},"mean_latency":0.013735,"stddev_latency":0.015532,"min_latency":0.0,"max_latency":0.466943,"distr_latency":{"25.0000":0.003855,"50.0000":0.009895,"60.0000":0.012815,"70.0000":0.015375,"75.0000":0.017055,"80.0000":0.019615,"85.0000":0.022607,"90.0000":0.027503,"95.0000":0.043231,"96.0000":0.048767,"97.0000":0.055647,"98.0000":0.065151,"99.0000":0.079039,"99.9000":0.125887,"99.9900":0.189567,"99.9990":0.323327,"99.9999":0.466943,"100.0000":0.466943},"allocations":{"total_heap":10247265995,"minor_heap":10246714859,"major_heap":200021828,"promoted_words":199470692,"promoted_pct":1.95},"domain_alloc_stats":{"0":{"total":10247265995,"minor":10246714859,"promoted":199470692,"major":200021828,"promoted_pct":1.95}},"collections":{"minor":39131,"major":82,"forced_major":0,"compactions":0}}
{"version":1,"wall_time":15.05,"cpu_time":15.05,"gc_time":1.08,"gc_overhead":7.2,"max_rss_kb":135808,"domain_stats":{"0":{"wall_time":15.05,"gc_time":1.08,"gc_overhead":7.2}},"mean_latency":0.0138,"stddev_latency":0.015667,"min_latency":0.0,"max_latency":0.472575,"distr_latency":{"25.0000":0.003847,"50.0000":0.009887,"60.0000":0.012847,"70.0000":0.015415,"75.0000":0.017135,"80.0000":0.019663,"85.0000":0.022671,"90.0000":0.027551,"95.0000":0.043679,"96.0000":0.049055,"97.0000":0.056255,"98.0000":0.066111,"99.0000":0.080511,"99.9000":0.126719,"99.9900":0.190591,"99.9990":0.317439,"99.9999":0.472575,"100.0000":0.472575},"allocations":{"total_heap":10288946554,"minor_heap":10288395455,"major_heap":200876823,"promoted_words":200325724,"promoted_pct":1.95},"domain_alloc_stats":{"0":{"total":10288946554,"minor":10288395455,"promoted":200325724,"major":200876823,"promoted_pct":1.95}},"collections":{"minor":39290,"major":82,"forced_major":0,"compactions":0}}
{"version":1,"wall_time":15.03,"cpu_time":15.03,"gc_time":1.1,"gc_overhead":7.33,"max_rss_kb":136164,"domain_stats":{"0":{"wall_time":15.03,"gc_time":1.1,"gc_overhead":7.33}},"mean_latency":0.013921,"stddev_latency":0.015821,"min_latency":0.0,"max_latency":0.479487,"distr_latency":{"25.0000":0.003887,"50.0000":0.009935,"60.0000":0.012967,"70.0000":0.015535,"75.0000":0.017263,"80.0000":0.019855,"85.0000":0.022863,"90.0000":0.027791,"95.0000":0.044191,"96.0000":0.049695,"97.0000":0.056799,"98.0000":0.066559,"99.0000":0.081151,"99.9000":0.128319,"99.9900":0.190079,"99.9990":0.320767,"99.9999":0.479487,"100.0000":0.479487},"allocations":{"total_heap":10378468299,"minor_heap":10377916935,"major_heap":202706359,"promoted_words":202154995,"promoted_pct":1.95},"domain_alloc_stats":{"0":{"total":10378468299,"minor":10377916935,"promoted":202154995,"major":202706359,"promoted_pct":1.95}},"collections":{"minor":39632,"major":83,"forced_major":0,"compactions":0}}
{"version":1,"wall_time":15.03,"cpu_time":15.03,"gc_time":1.08,"gc_overhead":7.19,"max_rss_kb":135408,"domain_stats":{"0":{"wall_time":15.03,"gc_time":1.08,"gc_overhead":7.19}},"mean_latency":0.013906,"stddev_latency":0.015947,"min_latency":0.0,"max_latency":0.463615,"distr_latency":{"25.0000":0.003887,"50.0000":0.009911,"60.0000":0.012871,"70.0000":0.015447,"75.0000":0.017151,"80.0000":0.019743,"85.0000":0.022719,"90.0000":0.027631,"95.0000":0.044415,"96.0000":0.050143,"97.0000":0.057375,"98.0000":0.067007,"99.0000":0.082367,"99.9000":0.128575,"99.9900":0.191487,"99.9990":0.316927,"99.9999":0.463615,"100.0000":0.463615},"allocations":{"total_heap":10178715784,"minor_heap":10178164756,"major_heap":198735620,"promoted_words":198184592,"promoted_pct":1.95},"domain_alloc_stats":{"0":{"total":10178715784,"minor":10178164756,"promoted":198184592,"major":198735620,"promoted_pct":1.95}},"collections":{"minor":38869,"major":81,"forced_major":0,"compactions":0}}
{"version":1,"wall_time":15.03,"cpu_time":15.03,"gc_time":1.09,"gc_overhead":7.24,"max_rss_kb":135504,"domain_stats":{"0":{"wall_time":15.03,"gc_time":1.09,"gc_overhead":7.24}},"mean_latency":0.014004,"stddev_latency":0.016023,"min_latency":0.0,"max_latency":0.474623,"distr_latency":{"25.0000":0.003895,"50.0000":0.009927,"60.0000":0.012983,"70.0000":0.015591,"75.0000":0.017327,"80.0000":0.019903,"85.0000":0.022943,"90.0000":0.027903,"95.0000":0.044799,"96.0000":0.050559,"97.0000":0.057439,"98.0000":0.067327,"99.0000":0.082751,"99.9000":0.127167,"99.9900":0.182783,"99.9990":0.376831,"99.9999":0.474623,"100.0000":0.474623},"allocations":{"total_heap":10191553117,"minor_heap":10191009702,"major_heap":198959574,"promoted_words":198416159,"promoted_pct":1.95},"domain_alloc_stats":{"0":{"total":10191553117,"minor":10191009702,"promoted":198416159,"major":198959574,"promoted_pct":1.95}},"collections":{"minor":38918,"major":81,"forced_major":0,"compactions":0}}
{"version":1,"wall_time":15.03,"cpu_time":15.03,"gc_time":1.08,"gc_overhead":7.19,"max_rss_kb":135504,"domain_stats":{"0":{"wall_time":15.03,"gc_time":1.08,"gc_overhead":7.19}},"mean_latency":0.013923,"stddev_latency":0.015867,"min_latency":0.0,"max_latency":0.623103,"distr_latency":{"25.0000":0.003887,"50.0000":0.009935,"60.0000":0.012951,"70.0000":0.015543,"75.0000":0.017231,"80.0000":0.019855,"85.0000":0.022863,"90.0000":0.027855,"95.0000":0.044191,"96.0000":0.049727,"97.0000":0.056863,"98.0000":0.066559,"99.0000":0.081407,"99.9000":0.125695,"99.9900":0.188159,"99.9990":0.319743,"99.9999":0.623103,"100.0000":0.623103},"allocations":{"total_heap":10173466265,"minor_heap":10172921911,"major_heap":198669313,"promoted_words":198124959,"promoted_pct":1.95},"domain_alloc_stats":{"0":{"total":10173466265,"minor":10172921911,"promoted":198124959,"major":198669313,"promoted_pct":1.95}},"collections":{"minor":38849,"major":81,"forced_major":0,"compactions":0}}
{"version":1,"wall_time":15.02,"cpu_time":15.02,"gc_time":1.08,"gc_overhead":7.18,"max_rss_kb":135112,"domain_stats":{"0":{"wall_time":15.02,"gc_time":1.08,"gc_overhead":7.18}},"mean_latency":0.014006,"stddev_latency":0.016047,"min_latency":0.0,