{"version":1,"wall_time":1.63,"cpu_time":1.63,"gc_time":0.61,"gc_overhead":37.23,"max_rss_kb":986080,"domain_stats":{"0":{"wall_time":1.63,"gc_time":0.61,"gc_overhead":37.23}},"mean_latency":0.117663,"stddev_latency":0.17631,"min_latency":0.0,"max_latency":1.393663,"distr_latency":{"25.0000":0.030799,"50.0000":0.119167,"60.0000":0.120831,"70.0000":0.122495,"75.0000":0.124223,"80.0000":0.133631,"85.0000":0.136703,"90.0000":0.139135,"95.0000":0.297727,"96.0000":0.797695,"97.0000":0.801279,"98.0000":0.882687,"99.0000":0.928767,"99.9000":0.943615,"99.9900":1.168383,"99.9990":1.393663,"99.9999":1.393663,"100.0000":1.393663},"allocations":{"total_heap":685705349,"minor_heap":673313063,"major_heap":132047205,"promoted_words":119654919,"promoted_pct":17.77},"domain_alloc_stats":{"0":{"total":685705349,"minor":673313063,"promoted":119654919,"major":132047205,"promoted_pct":17.77}},"collections":{"minor":2573,"major":9,"forced_major":0,"compactions":0}}
{"version":1,"wall_time":1.62,"cpu_time":1.62,"gc_time":0.61,"gc_overhead":37.94,"max_rss_kb":986080,"domain_stats":{"0":{"wall_time":1.62,"gc_time":0.61,"gc_overhead":37.94}},"mean_latency":0.119367,"stddev_latency":0.178832,"min_latency":0.0,"max_latency":1.510399,"distr_latency":{"25.0000":0.029215,"50.0000":0.123839,"60.0000":0.125567,"70.0000":0.127615,"75.0000":0.129407,"80.0000":0.132863,"85.0000":0.135167,"90.0000":0.137471,"95.0000":0.301567,"96.0000":0.807935,"97.0000":0.817151,"98.0000":0.895999,"99.0000":0.935423,"99.9000":0.952319,"99.9900":1.177599,"99.9990":1.510399,"99.9999":1.510399,"100.0000":1.510399},"allocations":{"total_heap":685705349,"minor_heap":673313063,"major_heap":132047205,"promoted_words":119654919,"promoted_pct":17.77},"domain_alloc_stats":{"0":{"total":685705349,"minor":673313063,"promoted":119654919,"major":132047205,"promoted_pct":17.77}},"collections":{"minor":2573,"major":9,"forced_major":0,"compactions":0}}
{"version":1,"wall_time":1.62,"cpu_time":1.62,"gc_time":0.6,"gc_overhead":37.28,"max_rss_kb":986072,"domain_stats":{"0":{"wall_time":1.62,"gc_time":0.6,"gc_overhead":37.28}},"mean_latency":0.117451,"stddev_latency":0.176285,"min_latency":0.0,"max_latency":1.390591,"distr_latency":{"25.0000":0.030911,"50.0000":0.118655,"60.0000":0.120191,"70.0000":0.121919,"75.0000":0.123711,"80.0000":0.134015,"85.0000":0.137087,"90.0000":0.139391,"95.0000":0.300799,"96.0000":0.797183,"97.0000":0.800255,"98.0000":0.882175,"99.0000":0.931327,"99.9000":0.950271,"99.9900":1.176575,"99.9990":1.390591,"99.9999":1.390591,"100.0000":1.390591},"allocations":{"total_heap":685705349,"minor_heap":673313063,"major_heap":132047205,"promoted_words":119654919,"promoted_pct":17.77},"domain_alloc_stats":{"0":{"total":685705349,"minor":673313063,"promoted":119654919,"major":132047205,"promoted_pct":17.77}},"collections":{"minor":2573,"major":9,"forced_major":0,"compactions":0}}
{"version":1,"wall_time":1.59,"cpu_time":1.59,"gc_time":0.61,"gc_overhead":38.23,"max_rss_kb":936812,"domain_stats":{"0":{"wall_time":1.59,"gc_time":0.61,"gc_overhead":38.23}},"mean_latency":0.118109,"stddev_latency":0.176718,"min_latency":0.0,"max_latency":1.389567,"distr_latency":{"25.0000":0.031055,"50.0000":0.119807,"60.0000":0.121343,"70.0000":0.122815,"75.0000":0.124607,"80.0000":0.133759,"85.0000":0.136703,"90.0000":0.139135,"95.0000":0.294911,"96.0000":0.800255,"97.0000":0.804351,"98.0000":0.884223,"99.0000":0.928255,"99.9000":0.946175,"99.9900":1.167359,"99.9990":1.389567,"99.9999":1.389567,"100.0000":1.389567},"allocations":{"total_heap":685705349,"minor_heap":673313063,"major_heap":132047205,"promoted_words":119654919,"promoted_pct":17.77},"domain_alloc_stats":{"0":{"total":685705349,"minor":673313063,"promoted":119654919,"major":132047205,"promoted_pct":17.77}},"collections":{"minor":2573,"major":9,"forced_major":0,"compactions":0}}
{"version":1,"wall_time":1.62,"cpu_time":1.62,"gc_time":0.61,"gc_overhead":37.52,"max_rss_kb":986008,"domain_stats":{"0":{"wall_time":1.62,"gc_time":0.61,"gc_overhead":37.52}},"mean_latency":0.117945,"stddev_latency":0.177012,"min_latency":0.0,"max_latency":1.401855,"distr_latency":{"25.0000":0.030959,"50.0000":0.119487,"60.0000":0.120959,"70.0000":0.122815,"75.0000":0.124351,"80.0000":0.133375,"85.0000":0.136575,"90.0000":0.139135,"95.0000":0.307711,"96.0000":0.800767,"97.0000":0.804351,"98.0000":0.887295,"99.0000":0.931327,"99.9000":0.963583,"99.9900":1.219583,"99.9990":1.401855,"99.9999":1.401855,"100.0000":1.401855},"allocations":{"total_heap":685705349,"minor_heap":673313063,"major_heap":132047205,"promoted_words":119654919,"promoted_pct":17.77},"domain_alloc_stats":{"0":{"total":685705349,"minor":673313063,"promoted":119654919,"major":132047205,"promoted_pct":17.77}},"collections":{"minor":2573,"major":9,"forced_major":0,"compactions":0}}
{"version":1,"wall_time":1.63,"cpu_time":1.63,"gc_time":0.63,"gc_overhead":38.65,"max_rss_kb":986076,"domain_stats":{"0":{"wall_time":1.63,"gc_time":0.63,"gc_overhead":38.65}},"mean_latency":0.122827,"stddev_latency":0.18553,"min_latency":0.0,"max_latency":1.508351,"distr_latency":{"25.0000":0.029263,"50.0000":0.127231,"60.0000":0.128895,"70.0000":0.130751,"75.0000":0.132351,"80.0000":0.134143,"85.0000":0.135679,"90.0000":0.137855,"95.0000":0.306687,"96.0000":0.859647,"97.0000":0.863743,"98.0000":0.931839,"99.0000":0.940543,"99.9000":0.968191,"99.9900":1.178623,"99.9990":1.508351,"99.9999":1.508351,"100.0000":1.508351},"allocations":{"total_heap":685705349,"minor_heap":673313063,"major_heap":132047205,"promoted_words":119654919,"promoted_pct":17.77},"domain_alloc_stats":{"0":{"total":685705349,"minor":673313063,"promoted":119654919,"major":132047205,"promoted_pct":17.77}},"collections":{"minor":2573,"major":9,"forced_major":0,"compactions":0}}
{"version":1,"wall_time":1.6,"cpu_time":1.6,"gc_time":0.61,"gc_overhead":37.78,"max_rss_kb":913192,"domain_stats":{"0":{"wall_time":1.6,"gc_time":0.61,"gc_overhead":37.78}},"mean_latency":0.117783,"stddev_latency":0.176508,"min_latency":0.0,"max_latency":1.411071,"distr_latency":{"25.0000":0.031311,"50.0000":0.119423,"60.0000":0.121023,"70.0000":0.122815,"75.0000":0.124543,"80.0000":0.133503,"85.0000":0.136575,"90.0000":0.139263,"95.0000":0.296703,"96.0000":0.798207,"97.0000":0.802303,"98.0000":0.883199,"99.0000":0.929279,"99.9000":0.954367,"99.9900":1.188863,"99.9990":1.411071,"99.9999":1.411071,"100.0000":1.411071},"allocations":{"total_heap":685705349,"minor_heap":673313063,"major_heap":132047205,"promoted_words":119654919,"promoted_pct":17.77},"domain_alloc_stats":{"0":{"total":685705349,"minor":673313063,"promoted":119654919,"major":132047205,"promoted_pct":17.77}},"collections":{"minor":2573,"major":9,"forced_major":0,"compactions":0}}
{"version":1,"wall_time":1.6,"cpu_time":1.6,"gc_time":0.6,"gc_overhead":37.79,"max_rss_kb":926344,"domain_stats":{"0":{"wall_time":1.6,"gc_time":0.6,"gc_overhead":37.79}},"mean_latency":0.11725,"stddev_latency":0.176214,"min_latency":0.0,"max_latency":1.385471,"distr_latency":{"25.0000":0.031583,"50.0000":0.119295,"60.0000":0.120895,"70.0000":0.122623,"75.0000":0.124351,"80.0000":0.132991,"85.0000":0.136703,"90.0000":0.139007,"95.0000":0.303615,"96.0000":0.798207,"97.0000":0.802303,"98.0000":0.883711,"99.0000":0.929791,"99.9000":0.952319,"99.9900":1.160191,"99.9990":1.385471,"99.9999":1.385471,"100.0000":1.385471},"allocations":{"total_heap":685705349,"minor_heap":673313063,"major_heap":132047205,"promoted_words":119654919,"promoted_pct":17.77},"domain_alloc_stats":{"0":{"total":685705349,"minor":673313063,"promoted":119654919,"major":132047205,"promoted_pct":17.77}},"collections":{"minor":2573,"major":9,"forced_major":0,"compactions":0}}
{"version":1,"wall_time":1.62,"cpu_time":1.62,"gc_time":0.6,"gc_overhead":37.35,"max_rss_kb":985968,"domain_stats":{"0":{"wall_time":1.62,"gc_time":0.6,"gc_overhead":37.35}},"mean_latency":0.117623,"stddev_latency":0.175998,"min_latency":0.0,"max_latency":1.413119,"distr_latency":{"25.0000":0.031023,"50.0000":0.119423,"60.0000":0.120959,