{"version":1,"wall_time":3.19,"cpu_time":3.19,"gc_time":0.92,"gc_overhead":28.89,"max_rss_kb":351660,"domain_stats":{"0":{"wall_time":3.19,"gc_time":0.92,"gc_overhead":28.89}},"mean_latency":0.202184,"stddev_latency":0.353206,"min_latency":0.0,"max_latency":8.511487,"distr_latency":{"25.0000":0.022031,"50.0000":0.088383,"60.0000":0.135935,"70.0000":0.191231,"75.0000":0.245119,"80.0000":0.303615,"85.0000":0.392447,"90.0000":0.520703,"95.0000":0.702975,"96.0000":0.777215,"97.0000":0.883199,"98.0000":1.263615,"99.0000":1.801215,"99.9000":3.186687,"99.9900":8.511487,"99.9990":8.511487,"99.9999":8.511487,"100.0000":8.511487},"allocations":{"total_heap":606050573,"minor_heap":583677523,"major_heap":161749882,"promoted_words":139376832,"promoted_pct":23.88},"domain_alloc_stats":{"0":{"total":606050573,"minor":583677523,"promoted":139376832,"major":161749882,"promoted_pct":23.88}},"collections":{"minor":2260,"major":28,"forced_major":0,"compactions":0}}
{"version":1,"wall_time":3.18,"cpu_time":3.18,"gc_time":0.91,"gc_overhead":28.7,"max_rss_kb":351992,"domain_stats":{"0":{"wall_time":3.18,"gc_time":0.91,"gc_overhead":28.7}},"mean_latency":0.199719,"stddev_latency":0.350925,"min_latency":0.0,"max_latency":8.359935,"distr_latency":{"25.0000":0.021855,"50.0000":0.087999,"60.0000":0.134655,"70.0000":0.188415,"75.0000":0.242047,"80.0000":0.301823,"85.0000":0.386815,"90.0000":0.506623,"95.0000":0.686079,"96.0000":0.766463,"97.0000":0.869887,"98.0000":1.254399,"99.0000":1.784831,"99.9000":3.223551,"99.9900":8.359935,"99.9990":8.359935,"99.9999":8.359935,"100.0000":8.359935},"allocations":{"total_heap":606050573,"minor_heap":583677523,"major_heap":161749882,"promoted_words":139376832,"promoted_pct":23.88},"domain_alloc_stats":{"0":{"total":606050573,"minor":583677523,"promoted":139376832,"major":161749882,"promoted_pct":23.88}},"collections":{"minor":2260,"major":28,"forced_major":0,"compactions":0}}
{"version":1,"wall_time":3.19,"cpu_time":3.19,"gc_time":0.91,"gc_overhead":28.48,"max_rss_kb":351668,"domain_stats":{"0":{"wall_time":3.19,"gc_time":0.91,"gc_overhead":28.48}},"mean_latency":0.199049,"stddev_latency":0.346043,"min_latency":0.0,"max_latency":8.146943,"distr_latency":{"25.0000":0.022031,"50.0000":0.086975,"60.0000":0.135679,"70.0000":0.189823,"75.0000":0.242303,"80.0000":0.301055,"85.0000":0.387583,"90.0000":0.505599,"95.0000":0.686591,"96.0000":0.767999,"97.0000":0.869375,"98.0000":1.232895,"99.0000":1.789951,"99.9000":3.100671,"99.9900":8.146943,"99.9990":8.146943,"99.9999":8.146943,"100.0000":8.146943},"allocations":{"total_heap":606050573,"minor_heap":583677523,"major_heap":161749882,"promoted_words":139376832,"promoted_pct":23.88},"domain_alloc_stats":{"0":{"total":606050573,"minor":583677523,"promoted":139376832,"major":161749882,"promoted_pct":23.88}},"collections":{"minor":2260,"major":28,"forced_major":0,"compactions":0}}
{"version":1,"wall_time":3.19,"cpu_time":3.19,"gc_time":0.91,"gc_overhead":28.61,"max_rss_kb":351676,"domain_stats":{"0":{"wall_time":3.19,"gc_time":0.91,"gc_overhead":28.61}},"mean_latency":0.20022,"stddev_latency":0.352436,"min_latency":0.0,"max_latency":8.454143,"distr_latency":{"25.0000":0.022159,"50.0000":0.087551,"60.0000":0.134143,"70.0000":0.189567,"75.0000":0.240639,"80.0000":0.303103,"85.0000":0.388863,"90.0000":0.508159,"95.0000":0.685567,"96.0000":0.767487,"97.0000":0.885759,"98.0000":1.262591,"99.0000":1.807359,"99.9000":3.194879,"99.9900":8.454143,"99.9990":8.454143,"99.9999":8.454143,"100.0000":8.454143},"allocations":{"total_heap":606050573,"minor_heap":583677523,"major_heap":161749882,"promoted_words":139376832,"promoted_pct":23.88},"domain_alloc_stats":{"0":{"total":606050573,"minor":583677523,"promoted":139376832,"major":161749882,"promoted_pct":23.88}},"collections":{"minor":2260,"major":28,"forced_major":0,"compactions":0}}
{"version":1,"wall_time":3.19,"cpu_time":3.19,"gc_time":0.91,"gc_overhead":28.61,"max_rss_kb":351720,"domain_stats":{"0":{"wall_time":3.19,"gc_time":0.91,"gc_overhead":28.61}},"mean_latency":0.199953,"stddev_latency":0.350821,"min_latency":0.0,"max_latency":8.454143,"distr_latency":{"25.0000":0.021839,"50.0000":0.088255,"60.0000":0.134911,"70.0000":0.188799,"75.0000":0.241919,"80.0000":0.301311,"85.0000":0.390143,"90.0000":0.508927,"95.0000":0.689151,"96.0000":0.763391,"97.0000":0.880639,"98.0000":1.256447,"99.0000":1.786879,"99.9000":3.174399,"99.9900":8.454143,"99.9990":8.454143,"99.9999":8.454143,"100.0000":8.454143},"allocations":{"total_heap":606050573,"minor_heap":583677523,"major_heap":161749882,"promoted_words":139376832,"promoted_pct":23.88},"domain_alloc_stats":{"0":{"total":606050573,"minor":583677523,"promoted":139376832,"major":161749882,"promoted_pct":23.88}},"collections":{"minor":2260,"major":28,"forced_major":0,"compactions":0}}
{"version":1,"wall_time":3.19,"cpu_time":3.19,"gc_time":0.91,"gc_overhead":28.53,"max_rss_kb":351676,"domain_stats":{"0":{"wall_time":3.19,"gc_time":0.91,"gc_overhead":28.53}},"mean_latency":0.199469,"stddev_latency":0.349518,"min_latency":0.0,"max_latency":8.351743,"distr_latency":{"25.0000":0.021807,"50.0000":0.087231,"60.0000":0.134271,"70.0000":0.187903,"75.0000":0.241535,"80.0000":0.301567,"85.0000":0.387327,"90.0000":0.504319,"95.0000":0.687103,"96.0000":0.763903,"97.0000":0.876031,"98.0000":1.253375,"99.0000":1.793023,"99.9000":3.229695,"99.9900":8.351743,"99.9990":8.351743,"99.9999":8.351743,"100.0000":8.351743},"allocations":{"total_heap":606050573,"minor_heap":583677523,"major_heap":161749882,"promoted_words":139376832,"promoted_pct":23.88},"domain_alloc_stats":{"0":{"total":606050573,"minor":583677523,"promoted":139376832,"major":161749882,"promoted_pct":23.88}},"collections":{"minor":2260,"major":28,"forced_major":0,"compactions":0}}
{"version":1,"wall_time":3.2,"cpu_time":3.2,"gc_time":0.91,"gc_overhead":28.53,"max_rss_kb":351764,"domain_stats":{"0":{"wall_time":3.2,"gc_time":0.91,"gc_overhead":28.53}},"mean_latency":0.20013,"stddev_latency":0.35359,"min_latency":0.0,"max_latency":8.658943,"distr_latency":{"25.0000":0.022031,"50.0000":0.087103,"60.0000":0.133631,"70.0000":0.188415,"75.0000":0.241407,"80.0000":0.301823,"85.0000":0.386815,"90.0000":0.508159,"95.0000":0.685055,"96.0000":0.771071,"97.0000":0.888319,"98.0000":1.265663,"99.0000":1.802239,"99.9000":3.182591,"99.9900":8.658943,"99.9990":8.658943,"99.9999":8.658943,"100.0000":8.658943},"allocations":{"total_heap":606050573,"minor_heap":583677523,"major_heap":161749882,"promoted_words":139376832,"promoted_pct":23.88},"domain_alloc_stats":{"0":{"total":606050573,"minor":583677523,"promoted":139376832,"major":161749882,"promoted_pct":23.88}},"collections":{"minor":2260,"major":28,"forced_major":0,"compactions":0}}
{"version":1,"wall_time":3.18,"cpu_time":3.18,"gc_time":0.91,"gc_overhead":28.73,"max_rss_kb":351712,"domain_stats":{"0":{"wall_time":3.18,"gc_time":0.91,"gc_overhead":28.73}},"mean_latency":0.200387,"stddev_latency":0.352383,"min_latency":0.0,"max_latency":8.585215,"distr_latency":{"25.0000":0.021935,"50.0000":0.087743,"60.0000":0.134527,"70.0000":0.188415,"75.0000":0.242303,"80.0000":0.303103,"85.0000":0.388607,"90.0000":0.511999,"95.0000":0.690175,"96.0000":0.771071,"97.0000":0.878079,"98.0000":1.262591,"99.0000":1.805311,"99.9000":3.170303,"99.9900":8.585215,"99.9990":8.585215,"99.9999":8.585215,"100.0000":8.585215},"allocations":{"total_heap":606050573,"minor_heap":583677523,"major_heap":161749882,"promoted_words":139376832,"promoted_pct":23.88},"domain_alloc_stats":{"0":{"total":606050573,"minor":583677523,"promoted":139376832,"major":161749882,"promoted_pct":23.88}},"collections":{"minor":2260,"major":28,"forced_major":0,"compactions":0}}
{"version":1,"wall_time":3.17,"cpu_time":3.17,"gc_time":0.91,"gc_overhead":28.76,"max_rss_kb":351756,"domain_stats":{"0":{"wall_time":3.17,"gc_time":0.91,"gc_overhead":28.76}},"mean_latency":0.200044,"stddev_latency":0.350884,"min_latency":0.0,"max_latency":8.413183,"distr_latency":{"25.0000":0.022207,"50.0000":0.088255,