{"version":1,"wall_time":1.61,"cpu_time":1.61,"gc_time":0.04,"gc_overhead":2.33,"max_rss_kb":15584,"domain_stats":{"0":{"wall_time":1.61,"gc_time":0.04,"gc_overhead":2.33}},"mean_latency":0.003278,"stddev_latency":0.005525,"min_latency":0.0,"max_latency":0.039007,"distr_latency":{"25.0000":4.7e-05,"50.0000":0.000607,"60.0000":0.001463,"70.0000":0.003367,"75.0000":0.004023,"80.0000":0.004335,"85.0000":0.005391,"90.0000":0.011103,"95.0000":0.018063,"96.0000":0.018175,"97.0000":0.018367,"98.0000":0.018895,"99.0000":0.019231,"99.9000":0.032063,"99.9900":0.037727,"99.9990":0.039007,"99.9999":0.039007,"100.0000":0.039007},"allocations":{"total_heap":397857070,"minor_heap":200465857,"major_heap":198034812,"promoted_words":643599,"promoted_pct":0.32},"domain_alloc_stats":{"0":{"total":397857070,"minor":200465857,"promoted":643599,"major":198034812,"promoted_pct":0.32}},"collections":{"minor":3240,"major":1620,"forced_major":0,"compactions":0}}
{"version":1,"wall_time":1.62,"cpu_time":1.62,"gc_time":0.04,"gc_overhead":2.33,"max_rss_kb":15216,"domain_stats":{"0":{"wall_time":1.62,"gc_time":0.04,"gc_overhead":2.33}},"mean_latency":0.003309,"stddev_latency":0.005606,"min_latency":0.0,"max_latency":0.117887,"distr_latency":{"25.0000":4.7e-05,"50.0000":0.000615,"60.0000":0.001471,"70.0000":0.003391,"75.0000":0.004103,"80.0000":0.004375,"85.0000":0.005527,"90.0000":0.011295,"95.0000":0.018191,"96.0000":0.018335,"97.0000":0.018575,"98.0000":0.019087,"99.0000":0.019407,"99.9000":0.031471,"99.9900":0.036991,"99.9990":0.117887,"99.9999":0.117887,"100.0000":0.117887},"allocations":{"total_heap":397857070,"minor_heap":200465857,"major_heap":198034812,"promoted_words":643599,"promoted_pct":0.32},"domain_alloc_stats":{"0":{"total":397857070,"minor":200465857,"promoted":643599,"major":198034812,"promoted_pct":0.32}},"collections":{"minor":3240,"major":1620,"forced_major":0,"compactions":0}}
{"version":1,"wall_time":1.63,"cpu_time":1.63,"gc_time":0.04,"gc_overhead":2.37,"max_rss_kb":15444,"domain_stats":{"0":{"wall_time":1.63,"gc_time":0.04,"gc_overhead":2.37}},"mean_latency":0.003385,"stddev_latency":0.0058,"min_latency":0.0,"max_latency":0.065247,"distr_latency":{"25.0000":4.7e-05,"50.0000":0.000623,"60.0000":0.001471,"70.0000":0.003383,"75.0000":0.004071,"80.0000":0.004407,"85.0000":0.005511,"90.0000":0.011471,"95.0000":0.018223,"96.0000":0.018351,"97.0000":0.018751,"98.0000":0.019183,"99.0000":0.020303,"99.9000":0.032383,"99.9900":0.037471,"99.9990":0.065247,"99.9999":0.065247,"100.0000":0.065247},"allocations":{"total_heap":397857070,"minor_heap":200465857,"major_heap":198034812,"promoted_words":643599,"promoted_pct":0.32},"domain_alloc_stats":{"0":{"total":397857070,"minor":200465857,"promoted":643599,"major":198034812,"promoted_pct":0.32}},"collections":{"minor":3240,"major":1620,"forced_major":0,"compactions":0}}
{"version":1,"wall_time":1.63,"cpu_time":1.63,"gc_time":0.04,"gc_overhead":2.37,"max_rss_kb":15476,"domain_stats":{"0":{"wall_time":1.63,"gc_time":0.04,"gc_overhead":2.37}},"mean_latency":0.003381,"stddev_latency":0.00584,"min_latency":0.0,"max_latency":0.039903,"distr_latency":{"25.0000":4.7e-05,"50.0000":0.000615,"60.0000":0.001487,"70.0000":0.003391,"75.0000":0.004095,"80.0000":0.004287,"85.0000":0.005431,"90.0000":0.011263,"95.0000":0.018143,"96.0000":0.018255,"97.0000":0.018767,"98.0000":0.019183,"99.0000":0.025263,"99.9000":0.032511,"99.9900":0.038399,"99.9990":0.039903,"99.9999":0.039903,"100.0000":0.039903},"allocations":{"total_heap":397857070,"minor_heap":200465857,"major_heap":198034812,"promoted_words":643599,"promoted_pct":0.32},"domain_alloc_stats":{"0":{"total":397857070,"minor":200465857,"promoted":643599,"major":198034812,"promoted_pct":0.32}},"collections":{"minor":3240,"major":1620,"forced_major":0,"compactions":0}}
{"version":1,"wall_time":1.66,"cpu_time":1.66,"gc_time":0.04,"gc_overhead":2.44,"max_rss_kb":15452,"domain_stats":{"0":{"wall_time":1.66,"gc_time":0.04,"gc_overhead":2.44}},"mean_latency":0.003549,"stddev_latency":0.006323,"min_latency":0.0,"max_latency":0.038719,"distr_latency":{"25.0000":4.7e-05,"50.0000":0.000671,"60.0000":0.001551,"70.0000":0.003487,"75.0000":0.003975,"80.0000":0.004391,"85.0000":0.005495,"90.0000":0.011407,"95.0000":0.018175,"96.0000":0.018623,"97.0000":0.019135,"98.0000":0.027951,"99.0000":0.031231,"99.9000":0.032495,"99.9900":0.037343,"99.9990":0.038719,"99.9999":0.038719,"100.0000":0.038719},"allocations":{"total_heap":397857070,"minor_heap":200465857,"major_heap":198034812,"promoted_words":643599,"promoted_pct":0.32},"domain_alloc_stats":{"0":{"total":397857070,"minor":200465857,"promoted":643599,"major":198034812,"promoted_pct":0.32}},"collections":{"minor":3240,"major":1620,"forced_major":0,"compactions":0}}
{"version":1,"wall_time":1.62,"cpu_time":1.62,"gc_time":0.04,"gc_overhead":2.34,"max_rss_kb":15376,"domain_stats":{"0":{"wall_time":1.62,"gc_time":0.04,"gc_overhead":2.34}},"mean_latency":0.003321,"stddev_latency":0.005533,"min_latency":0.0,"max_latency":0.037887,"distr_latency":{"25.0000":4.7e-05,"50.0000":0.000623,"60.0000":0.001503,"70.0000":0.003423,"75.0000":0.004215,"80.0000":0.004471,"85.0000":0.005535,"90.0000":0.011255,"95.0000":0.018143,"96.0000":0.018239,"97.0000":0.018415,"98.0000":0.019023,"99.0000":0.019343,"99.9000":0.031823,"99.9900":0.036223,"99.9990":0.037887,"99.9999":0.037887,"100.0000":0.037887},"allocations":{"total_heap":397857070,"minor_heap":200465857,"major_heap":198034812,"promoted_words":643599,"promoted_pct":0.32},"domain_alloc_stats":{"0":{"total":397857070,"minor":200465857,"promoted":643599,"major":198034812,"promoted_pct":0.32}},"collections":{"minor":3240,"major":1620,"forced_major":0,"compactions":0}}
{"version":1,"wall_time":1.62,"cpu_time":1.62,"gc_time":0.04,"gc_overhead":2.32,"max_rss_kb":15428,"domain_stats":{"0":{"wall_time":1.62,"gc_time":0.04,"gc_overhead":2.32}},"mean_latency":0.003287,"stddev_latency":0.005486,"min_latency":0.0,"max_latency":0.037343,"distr_latency":{"25.0000":5.5e-05,"50.0000":0.000615,"60.0000":0.001495,"70.0000":0.003375,"75.0000":0.004055,"80.0000":0.004335,"85.0000":0.005423,"90.0000":0.011327,"95.0000":0.018175,"96.0000":0.018303,"97.0000":0.018511,"98.0000":0.019055,"99.0000":0.019311,"99.9000":0.031551,"99.9900":0.037119,"99.9990":0.037343,"99.9999":0.037343,"100.0000":0.037343},"allocations":{"total_heap":397857070,"minor_heap":200465857,"major_heap":198034812,"promoted_words":643599,"promoted_pct":0.32},"domain_alloc_stats":{"0":{"total":397857070,"minor":200465857,"promoted":643599,"major":198034812,"promoted_pct":0.32}},"collections":{"minor":3240,"major":1620,"forced_major":0,"compactions":0}}
{"version":1,"wall_time":1.64,"cpu_time":1.64,"gc_time":0.04,"gc_overhead":2.32,"max_rss_kb":15452,"domain_stats":{"0":{"wall_time":1.64,"gc_time":0.04,"gc_overhead":2.32}},"mean_latency":0.003316,"stddev_latency":0.005485,"min_latency":0.0,"max_latency":0.048383,"distr_latency":{"25.0000":4.7e-05,"50.0000":0.000663,"60.0000":0.001543,"70.0000":0.003463,"75.0000":0.004111,"80.0000":0.004471,"85.0000":0.005567,"90.0000":0.011151,"95.0000":0.018127,"96.0000":0.018255,"97.0000":0.018463,"98.0000":0.019039,"99.0000":0.019391,"99.9000":0.031711,"99.9900":0.037503,"99.9990":0.048383,"99.9999":0.048383,"100.0000":0.048383},"allocations":{"total_heap":397857070,"minor_heap":200465857,"major_heap":198034812,"promoted_words":643599,"promoted_pct":0.32},"domain_alloc_stats":{"0":{"total":397857070,"minor":200465857,"promoted":643599,"major":198034812,"promoted_pct":0.32}},"collections":{"minor":3240,"major":1620,"forced_major":0,"compactions":0}}
{"version":1,"wall_time":1.63,"cpu_time":1.63,"gc_time":0.04,"gc_overhead":2.29,"max_rss_kb":15408,"domain_stats":{"0":{"wall_time":1.63,"gc_time":0.04,"gc_overhead":2.29}},"mean_latency":0.003259,"stddev_latency":0.005365,"min_latency":0.0,"max_latency":0.037183,"distr_latency":{"25.0000":4.7e-05,"50.0000":0.000615,"60.0000":0.001471,"70.0000":0.003391,"75.0000":0.004103,"80.0000":0.004383,