{"version":1,"wall_time":2.53,"cpu_time":2.53,"gc_time":0.5,"gc_overhead":19.74,"max_rss_kb":130236,"domain_stats":{"0":{"wall_time":2.53,"gc_time":0.5,"gc_overhead":19.74}},"mean_latency":0.001969,"stddev_latency":0.002068,"min_latency":0.0,"max_latency":0.037503,"distr_latency":{"25.0000":4.7e-05,"50.0000":0.001943,"60.0000":0.002015,"70.0000":0.002727,"75.0000":0.003575,"80.0000":0.003935,"85.0000":0.004031,"90.0000":0.004255,"95.0000":0.004951,"96.0000":0.005903,"97.0000":0.006943,"98.0000":0.007951,"99.0000":0.009143,"99.9000":0.012327,"99.9900":0.017055,"99.9990":0.024799,"99.9999":0.037503,"100.0000":0.037503},"allocations":{"total_heap":3994359348,"minor_heap":4706259,"major_heap":3989860330,"promoted_words":207241,"promoted_pct":4.4},"domain_alloc_stats":{"0":{"total":3994359348,"minor":4706259,"promoted":207241,"major":3989860330,"promoted_pct":4.4}},"collections":{"minor":106784,"major":53387,"forced_major":0,"compactions":0}}
{"version":1,"wall_time":2.51,"cpu_time":2.51,"gc_time":0.48,"gc_overhead":19.27,"max_rss_kb":132016,"domain_stats":{"0":{"wall_time":2.51,"gc_time":0.48,"gc_overhead":19.27}},"mean_latency":0.001906,"stddev_latency":0.002011,"min_latency":0.0,"max_latency":0.031503,"distr_latency":{"25.0000":5.5e-05,"50.0000":0.001951,"60.0000":0.002031,"70.0000":0.002815,"75.0000":0.003295,"80.0000":0.003511,"85.0000":0.003671,"90.0000":0.003911,"95.0000":0.004743,"96.0000":0.005983,"97.0000":0.007087,"98.0000":0.008135,"99.0000":0.009311,"99.9000":0.012663,"99.9900":0.016511,"99.9990":0.023199,"99.9999":0.031503,"100.0000":0.031503},"allocations":{"total_heap":3994359348,"minor_heap":4706259,"major_heap":3989860330,"promoted_words":207241,"promoted_pct":4.4},"domain_alloc_stats":{"0":{"total":3994359348,"minor":4706259,"promoted":207241,"major":3989860330,"promoted_pct":4.4}},"collections":{"minor":106784,"major":53387,"forced_major":0,"compactions":0}}
{"version":1,"wall_time":2.55,"cpu_time":2.55,"gc_time":0.52,"gc_overhead":20.41,"max_rss_kb":129196,"domain_stats":{"0":{"wall_time":2.55,"gc_time":0.52,"gc_overhead":20.41}},"mean_latency":0.002051,"stddev_latency":0.002149,"min_latency":0.0,"max_latency":0.037247,"distr_latency":{"25.0000":5.5e-05,"50.0000":0.001943,"60.0000":0.002031,"70.0000":0.002783,"75.0000":0.004127,"80.0000":0.004247,"85.0000":0.004335,"90.0000":0.004575,"95.0000":0.005231,"96.0000":0.005975,"97.0000":0.006991,"98.0000":0.008007,"99.0000":0.009183,"99.9000":0.012431,"99.9900":0.016815,"99.9990":0.023487,"99.9999":0.037247,"100.0000":0.037247},"allocations":{"total_heap":3994359348,"minor_heap":4706259,"major_heap":3989860330,"promoted_words":207241,"promoted_pct":4.4},"domain_alloc_stats":{"0":{"total":3994359348,"minor":4706259,"promoted":207241,"major":3989860330,"promoted_pct":4.4}},"collections":{"minor":106784,"major":53387,"forced_major":0,"compactions":0}}
{"version":1,"wall_time":2.53,"cpu_time":2.53,"gc_time":0.51,"gc_overhead":20.28,"max_rss_kb":130208,"domain_stats":{"0":{"wall_time":2.53,"gc_time":0.51,"gc_overhead":20.28}},"mean_latency":0.002028,"stddev_latency":0.002128,"min_latency":0.0,"max_latency":0.031791,"distr_latency":{"25.0000":4.7e-05,"50.0000":0.001951,"60.0000":0.002031,"70.0000":0.002823,"75.0000":0.003543,"80.0000":0.004151,"85.0000":0.004335,"90.0000":0.004551,"95.0000":0.005271,"96.0000":0.006023,"97.0000":0.007015,"98.0000":0.008023,"99.0000":0.009207,"99.9000":0.012383,"99.9900":0.015111,"99.9990":0.021423,"99.9999":0.031791,"100.0000":0.031791},"allocations":{"total_heap":3994359348,"minor_heap":4706259,"major_heap":3989860330,"promoted_words":207241,"promoted_pct":4.4},"domain_alloc_stats":{"0":{"total":3994359348,"minor":4706259,"promoted":207241,"major":3989860330,"promoted_pct":4.4}},"collections":{"minor":106784,"major":53387,"forced_major":0,"compactions":0}}
{"version":1,"wall_time":2.54,"cpu_time":2.54,"gc_time":0.52,"gc_overhead":20.39,"max_rss_kb":129776,"domain_stats":{"0":{"wall_time":2.54,"gc_time":0.52,"gc_overhead":20.39}},"mean_latency":0.002047,"stddev_latency":0.002149,"min_latency":0.0,"max_latency":0.022223,"distr_latency":{"25.0000":3.1e-05,"50.0000":0.001975,"60.0000":0.002047,"70.0000":0.002863,"75.0000":0.003943,"80.0000":0.004143,"85.0000":0.004295,"90.0000":0.004543,"95.0000":0.005247,"96.0000":0.006111,"97.0000":0.007111,"98.0000":0.008135,"99.0000":0.009311,"99.9000":0.012503,"99.9900":0.016087,"99.9990":0.020415,"99.9999":0.022223,"100.0000":0.022223},"allocations":{"total_heap":3994359348,"minor_heap":4706259,"major_heap":3989860330,"promoted_words":207241,"promoted_pct":4.4},"domain_alloc_stats":{"0":{"total":3994359348,"minor":4706259,"promoted":207241,"major":3989860330,"promoted_pct":4.4}},"collections":{"minor":106784,"major":53387,"forced_major":0,"compactions":0}}
{"version":1,"wall_time":2.55,"cpu_time":2.55,"gc_time":0.52,"gc_overhead":20.26,"max_rss_kb":129264,"domain_stats":{"0":{"wall_time":2.55,"gc_time":0.52,"gc_overhead":20.26}},"mean_latency":0.002042,"stddev_latency":0.002148,"min_latency":0.0,"max_latency":0.041951,"distr_latency":{"25.0000":3.1e-05,"50.0000":0.001951,"60.0000":0.002031,"70.0000":0.002783,"75.0000":0.003903,"80.0000":0.004191,"85.0000":0.004287,"90.0000":0.004543,"95.0000":0.005223,"96.0000":0.006015,"97.0000":0.007063,"98.0000":0.008071,"99.0000":0.009271,"99.9000":0.012463,"99.9900":0.016591,"99.9990":0.022911,"99.9999":0.041951,"100.0000":0.041951},"allocations":{"total_heap":3994359348,"minor_heap":4706259,"major_heap":3989860330,"promoted_words":207241,"promoted_pct":4.4},"domain_alloc_stats":{"0":{"total":3994359348,"minor":4706259,"promoted":207241,"major":3989860330,"promoted_pct":4.4}},"collections":{"minor":106784,"major":53387,"forced_major":0,"compactions":0}}
{"version":1,"wall_time":2.52,"cpu_time":2.52,"gc_time":0.49,"gc_overhead":19.58,"max_rss_kb":131072,"domain_stats":{"0":{"wall_time":2.52,"gc_time":0.49,"gc_overhead":19.58}},"mean_latency":0.001949,"stddev_latency":0.002044,"min_latency":0.0,"max_latency":0.023503,"distr_latency":{"25.0000":3.1e-05,"50.0000":0.001943,"60.0000":0.002023,"70.0000":0.002735,"75.0000":0.003247,"80.0000":0.003863,"85.0000":0.003991,"90.0000":0.004247,"95.0000":0.004951,"96.0000":0.005863,"97.0000":0.006927,"98.0000":0.007927,"99.0000":0.009095,"99.9000":0.012231,"99.9900":0.016023,"99.9990":0.022431,"99.9999":0.023503,"100.0000":0.023503},"allocations":{"total_heap":3994359348,"minor_heap":4706259,"major_heap":3989860330,"promoted_words":207241,"promoted_pct":4.4},"domain_alloc_stats":{"0":{"total":3994359348,"minor":4706259,"promoted":207241,"major":3989860330,"promoted_pct":4.4}},"collections":{"minor":106784,"major":53387,"forced_major":0,"compactions":0}}
{"version":1,"wall_time":2.54,"cpu_time":2.54,"gc_time":0.51,"gc_overhead":19.97,"max_rss_kb":130256,"domain_stats":{"0":{"wall_time":2.54,"gc_time":0.51,"gc_overhead":19.97}},"mean_latency":0.002001,"stddev_latency":0.002097,"min_latency":0.0,"max_latency":0.024671,"distr_latency":{"25.0000":4.7e-05,"50.0000":0.001951,"60.0000":0.002031,"70.0000":0.002775,"75.0000":0.003895,"80.0000":0.003967,"85.0000":0.004087,"90.0000":0.004311,"95.0000":0.005007,"96.0000":0.005911,"97.0000":0.006983,"98.0000":0.008015,"99.0000":0.009231,"99.9000":0.012463,"99.9900":0.016527,"99.9990":0.022975,"99.9999":0.024671,"100.0000":0.024671},"allocations":{"total_heap":3994359348,"minor_heap":4706259,"major_heap":3989860330,"promoted_words":207241,"promoted_pct":4.4},"domain_alloc_stats":{"0":{"total":3994359348,"minor":4706259,"promoted":207241,"major":3989860330,"promoted_pct":4.4}},"collections":{"minor":106784,"major":53387,"forced_major":0,"compactions":0}}
{"version":1,"wall_time":2.54,"cpu_time":2.54,"gc_time":0.52,"gc_overhead":20.32,"max_rss_kb":130132,"domain_stats":{"0":{"wall_time":2.54,"gc_time":0.52,"gc_overhead":20.32}},"mean_latency":0.002036,"stddev_latency":0.002134,"min_latency":0.0,"max_latency":0.021407,"distr_latency":{"25.0000":3.1e-05,"50.0000":0.001951,"60.0000":0.002023,"70.0000":0.002807,