{"version":1,"wall_time":4.88,"cpu_time":4.88,"gc_time":0.26,"gc_overhead":5.38,"max_rss_kb":81936,"domain_stats":{"0":{"wall_time":4.88,"gc_time":0.26,"gc_overhead":5.38}},"mean_latency":0.013258,"stddev_latency":0.068958,"min_latency":0.0,"max_latency":3.713023,"distr_latency":{"25.0000":0.000295,"50.0000":0.002407,"60.0000":0.003927,"70.0000":0.004863,"75.0000":0.005303,"80.0000":0.006407,"85.0000":0.010063,"90.0000":0.025055,"95.0000":0.051551,"96.0000":0.064447,"97.0000":0.090815,"98.0000":0.147711,"99.0000":0.162047,"99.9000":0.635391,"99.9900":2.744319,"99.9990":3.713023,"99.9999":3.713023,"100.0000":3.713023},"allocations":{"total_heap":2593748233,"minor_heap":2589165570,"major_heap":41692204,"promoted_words":37109541,"promoted_pct":1.43},"domain_alloc_stats":{"0":{"total":2593748233,"minor":2589165570,"promoted":37109541,"major":41692204,"promoted_pct":1.43}},"collections":{"minor":9980,"major":202,"forced_major":0,"compactions":0}}
{"version":1,"wall_time":4.88,"cpu_time":4.88,"gc_time":0.26,"gc_overhead":5.36,"max_rss_kb":81908,"domain_stats":{"0":{"wall_time":4.88,"gc_time":0.26,"gc_overhead":5.36}},"mean_latency":0.013186,"stddev_latency":0.069047,"min_latency":0.0,"max_latency":3.713023,"distr_latency":{"25.0000":0.000295,"50.0000":0.002303,"60.0000":0.003895,"70.0000":0.004815,"75.0000":0.005247,"80.0000":0.006367,"85.0000":0.009807,"90.0000":0.024255,"95.0000":0.051391,"96.0000":0.064575,"97.0000":0.086783,"98.0000":0.147327,"99.0000":0.163071,"99.9000":0.626175,"99.9900":2.779135,"99.9990":3.713023,"99.9999":3.713023,"100.0000":3.713023},"allocations":{"total_heap":2593748233,"minor_heap":2589165570,"major_heap":41692204,"promoted_words":37109541,"promoted_pct":1.43},"domain_alloc_stats":{"0":{"total":2593748233,"minor":2589165570,"promoted":37109541,"major":41692204,"promoted_pct":1.43}},"collections":{"minor":9980,"major":202,"forced_major":0,"compactions":0}}
{"version":1,"wall_time":5.02,"cpu_time":5.02,"gc_time":0.26,"gc_overhead":5.25,"max_rss_kb":81928,"domain_stats":{"0":{"wall_time":5.02,"gc_time":0.26,"gc_overhead":5.25}},"mean_latency":0.013307,"stddev_latency":0.069158,"min_latency":0.0,"max_latency":3.719167,"distr_latency":{"25.0000":0.000303,"50.0000":0.002327,"60.0000":0.003927,"70.0000":0.004863,"75.0000":0.005303,"80.0000":0.006447,"85.0000":0.010015,"90.0000":0.024079,"95.0000":0.052479,"96.0000":0.065375,"97.0000":0.091135,"98.0000":0.147711,"99.0000":0.162815,"99.9000":0.623615,"99.9900":2.795519,"99.9990":3.719167,"99.9999":3.719167,"100.0000":3.719167},"allocations":{"total_heap":2593748233,"minor_heap":2589165570,"major_heap":41676719,"promoted_words":37094056,"promoted_pct":1.43},"domain_alloc_stats":{"0":{"total":2593748233,"minor":2589165570,"promoted":37094056,"major":41676719,"promoted_pct":1.43}},"collections":{"minor":9980,"major":202,"forced_major":0,"compactions":0}}
{"version":1,"wall_time":4.9,"cpu_time":4.9,"gc_time":0.26,"gc_overhead":5.35,"max_rss_kb":81900,"domain_stats":{"0":{"wall_time":4.9,"gc_time":0.26,"gc_overhead":5.35}},"mean_latency":0.013236,"stddev_latency":0.069055,"min_latency":0.0,"max_latency":3.708927,"distr_latency":{"25.0000":0.000303,"50.0000":0.002303,"60.0000":0.003895,"70.0000":0.004815,"75.0000":0.005255,"80.0000":0.006391,"85.0000":0.009991,"90.0000":0.024383,"95.0000":0.051679,"96.0000":0.064415,"97.0000":0.090239,"98.0000":0.148351,"99.0000":0.163327,"99.9000":0.627711,"99.9900":2.791423,"99.9990":3.708927,"99.9999":3.708927,"100.0000":3.708927},"allocations":{"total_heap":2593748233,"minor_heap":2589165570,"major_heap":41692204,"promoted_words":37109541,"promoted_pct":1.43},"domain_alloc_stats":{"0":{"total":2593748233,"minor":2589165570,"promoted":37109541,"major":41692204,"promoted_pct":1.43}},"collections":{"minor":9980,"major":202,"forced_major":0,"compactions":0}}
{"version":1,"wall_time":4.92,"cpu_time":4.92,"gc_time":0.27,"gc_overhead":5.4,"max_rss_kb":81936,"domain_stats":{"0":{"wall_time":4.92,"gc_time":0.27,"gc_overhead":5.4}},"mean_latency":0.01343,"stddev_latency":0.069053,"min_latency":0.0,"max_latency":3.719167,"distr_latency":{"25.0000":0.000303,"50.0000":0.002391,"60.0000":0.003991,"70.0000":0.004935,"75.0000":0.005407,"80.0000":0.006607,"85.0000":0.010463,"90.0000":0.026031,"95.0000":0.053023,"96.0000":0.065855,"97.0000":0.091519,"98.0000":0.147967,"99.0000":0.162815,"99.9000":0.628223,"99.9900":2.813951,"99.9990":3.719167,"99.9999":3.719167,"100.0000":3.719167},"allocations":{"total_heap":2593748233,"minor_heap":2589165570,"major_heap":41676719,"promoted_words":37094056,"promoted_pct":1.43},"domain_alloc_stats":{"0":{"total":2593748233,"minor":2589165570,"promoted":37094056,"major":41676719,"promoted_pct":1.43}},"collections":{"minor":9980,"major":202,"forced_major":0,"compactions":0}}
{"version":1,"wall_time":4.91,"cpu_time":4.91,"gc_time":0.26,"gc_overhead":5.37,"max_rss_kb":82004,"domain_stats":{"0":{"wall_time":4.91,"gc_time":0.26,"gc_overhead":5.37}},"mean_latency":0.013301,"stddev_latency":0.068925,"min_latency":0.0,"max_latency":3.729407,"distr_latency":{"25.0000":0.000303,"50.0000":0.002311,"60.0000":0.003927,"70.0000":0.004855,"75.0000":0.005295,"80.0000":0.006423,"85.0000":0.010103,"90.0000":0.025615,"95.0000":0.052287,"96.0000":0.065247,"97.0000":0.092031,"98.0000":0.147839,"99.0000":0.161407,"99.9000":0.626175,"99.9900":2.795519,"99.9990":3.729407,"99.9999":3.729407,"100.0000":3.729407},"allocations":{"total_heap":2593748233,"minor_heap":2589165570,"major_heap":41677893,"promoted_words":37095230,"promoted_pct":1.43},"domain_alloc_stats":{"0":{"total":2593748233,"minor":2589165570,"promoted":37095230,"major":41677893,"promoted_pct":1.43}},"collections":{"minor":9980,"major":202,"forced_major":0,"compactions":0}}
{"version":1,"wall_time":5.22,"cpu_time":5.22,"gc_time":0.26,"gc_overhead":4.96,"max_rss_kb":81976,"domain_stats":{"0":{"wall_time":5.22,"gc_time":0.26,"gc_overhead":4.96}},"mean_latency":0.013056,"stddev_latency":0.067973,"min_latency":0.0,"max_latency":3.698687,"distr_latency":{"25.0000":0.000295,"50.0000":0.002335,"60.0000":0.003871,"70.0000":0.004783,"75.0000":0.005215,"80.0000":0.006351,"85.0000":0.009927,"90.0000":0.024719,"95.0000":0.051327,"96.0000":0.063967,"97.0000":0.087487,"98.0000":0.143103,"99.0000":0.158335,"99.9000":0.601087,"99.9900":2.691071,"99.9990":3.698687,"99.9999":3.698687,"100.0000":3.698687},"allocations":{"total_heap":2593748233,"minor_heap":2589165570,"major_heap":41692204,"promoted_words":37109541,"promoted_pct":1.43},"domain_alloc_stats":{"0":{"total":2593748233,"minor":2589165570,"promoted":37109541,"major":41692204,"promoted_pct":1.43}},"collections":{"minor":9980,"major":202,"forced_major":0,"compactions":0}}
{"version":1,"wall_time":4.9,"cpu_time":4.9,"gc_time":0.26,"gc_overhead":5.4,"max_rss_kb":81912,"domain_stats":{"0":{"wall_time":4.9,"gc_time":0.26,"gc_overhead":5.4}},"mean_latency":0.013362,"stddev_latency":0.069233,"min_latency":0.0,"max_latency":3.729407,"distr_latency":{"25.0000":0.000303,"50.0000":0.002375,"60.0000":0.003935,"70.0000":0.004855,"75.0000":0.005295,"80.0000":0.006415,"85.0000":0.010087,"90.0000":0.025391,"95.0000":0.052447,"96.0000":0.065343,"97.0000":0.092607,"98.0000":0.148991,"99.0000":0.163327,"99.9000":0.628223,"99.9900":2.820095,"99.9990":3.729407,"99.9999":3.729407,"100.0000":3.729407},"allocations":{"total_heap":2593748233,"minor_heap":2589165570,"major_heap":41677893,"promoted_words":37095230,"promoted_pct":1.43},"domain_alloc_stats":{"0":{"total":2593748233,"minor":2589165570,"promoted":37095230,"major":41677893,"promoted_pct":1.43}},"collections":{"minor":9980,"major":202,"forced_major":0,"compactions":0}}
{"version":1,"wall_time":4.86,"cpu_time":4.86,"gc_time":0.26,"gc_overhead":5.41,"max_rss_kb":81900,"domain_stats":{"0":{"wall_time":4.86,"gc_time":0.26,"gc_overhead":5.41}},"mean_latency":0.013296,"stddev_latency":0.068965,"min_latency":0.0,"max_latency":3.700735,"distr_latency":{"25.0000":0.000303,"50.0000":0.002303,"60.0000":0.003911,"70.0000":0.004823,