{"version":1,"wall_time":7.28,"cpu_time":7.28,"gc_time":0.34,"gc_overhead":4.66,"max_rss_kb":366872,"domain_stats":{"0":{"wall_time":7.28,"gc_time":0.34,"gc_overhead":4.66}},"mean_latency":0.022662,"stddev_latency":0.218325,"min_latency":0.0,"max_latency":21.446655,"distr_latency":{"25.0000":0.000295,"50.0000":0.000311,"60.0000":0.000687,"70.0000":0.001327,"75.0000":0.002047,"80.0000":0.004135,"85.0000":0.012727,"90.0000":0.013927,"95.0000":0.026623,"96.0000":0.056895,"97.0000":0.079487,"98.0000":0.276479,"99.0000":0.667135,"99.9000":1.698815,"99.9900":4.771839,"99.9990":21.446655,"99.9999":21.446655,"100.0000":21.446655},"allocations":{"total_heap":1646750552,"minor_heap":923414460,"major_heap":758847706,"promoted_words":35511614,"promoted_pct":3.85},"domain_alloc_stats":{"0":{"total":1646750552,"minor":923414460,"promoted":35511614,"major":758847706,"promoted_pct":3.85}},"collections":{"minor":3825,"major":255,"forced_major":0,"compactions":0}}
{"version":1,"wall_time":7.28,"cpu_time":7.28,"gc_time":0.34,"gc_overhead":4.62,"max_rss_kb":366988,"domain_stats":{"0":{"wall_time":7.28,"gc_time":0.34,"gc_overhead":4.62}},"mean_latency":0.022441,"stddev_latency":0.217823,"min_latency":0.0,"max_latency":21.512191,"distr_latency":{"25.0000":0.000295,"50.0000":0.000327,"60.0000":0.000695,"70.0000":0.001351,"75.0000":0.002015,"80.0000":0.003887,"85.0000":0.012703,"90.0000":0.013927,"95.0000":0.025615,"96.0000":0.056639,"97.0000":0.078911,"98.0000":0.289279,"99.0000":0.666111,"99.9000":1.591295,"99.9900":4.403199,"99.9990":21.512191,"99.9999":21.512191,"100.0000":21.512191},"allocations":{"total_heap":1646750552,"minor_heap":923414460,"major_heap":758847706,"promoted_words":35511614,"promoted_pct":3.85},"domain_alloc_stats":{"0":{"total":1646750552,"minor":923414460,"promoted":35511614,"major":758847706,"promoted_pct":3.85}},"collections":{"minor":3825,"major":255,"forced_major":0,"compactions":0}}
{"version":1,"wall_time":7.3,"cpu_time":7.3,"gc_time":0.34,"gc_overhead":4.68,"max_rss_kb":366716,"domain_stats":{"0":{"wall_time":7.3,"gc_time":0.34,"gc_overhead":4.68}},"mean_latency":0.022794,"stddev_latency":0.221021,"min_latency":0.0,"max_latency":21.610495,"distr_latency":{"25.0000":0.000295,"50.0000":0.000327,"60.0000":0.000735,"70.0000":0.001351,"75.0000":0.002023,"80.0000":0.003935,"85.0000":0.013647,"90.0000":0.014783,"95.0000":0.026255,"96.0000":0.057727,"97.0000":0.079423,"98.0000":0.293887,"99.0000":0.664575,"99.9000":1.632255,"99.9900":5.300223,"99.9990":21.610495,"99.9999":21.610495,"100.0000":21.610495},"allocations":{"total_heap":1646750552,"minor_heap":923414460,"major_heap":758847706,"promoted_words":35511614,"promoted_pct":3.85},"domain_alloc_stats":{"0":{"total":1646750552,"minor":923414460,"promoted":35511614,"major":758847706,"promoted_pct":3.85}},"collections":{"minor":3825,"major":255,"forced_major":0,"compactions":0}}
{"version":1,"wall_time":7.3,"cpu_time":7.3,"gc_time":0.34,"gc_overhead":4.61,"max_rss_kb":366912,"domain_stats":{"0":{"wall_time":7.3,"gc_time":0.34,"gc_overhead":4.61}},"mean_latency":0.022474,"stddev_latency":0.219345,"min_latency":0.0,"max_latency":21.594111,"distr_latency":{"25.0000":0.000295,"50.0000":0.000311,"60.0000":0.000687,"70.0000":0.001311,"75.0000":0.001975,"80.0000":0.003791,"85.0000":0.012687,"90.0000":0.013855,"95.0000":0.025567,"96.0000":0.056223,"97.0000":0.078911,"98.0000":0.289023,"99.0000":0.660479,"99.9000":1.633279,"99.9900":4.681727,"99.9990":21.594111,"99.9999":21.594111,"100.0000":21.594111},"allocations":{"total_heap":1646750552,"minor_heap":923414460,"major_heap":758847706,"promoted_words":35511614,"promoted_pct":3.85},"domain_alloc_stats":{"0":{"total":1646750552,"minor":923414460,"promoted":35511614,"major":758847706,"promoted_pct":3.85}},"collections":{"minor":3825,"major":255,"forced_major":0,"compactions":0}}
{"version":1,"wall_time":7.36,"cpu_time":7.36,"gc_time":0.34,"gc_overhead":4.58,"max_rss_kb":366952,"domain_stats":{"0":{"wall_time":7.36,"gc_time":0.34,"gc_overhead":4.58}},"mean_latency":0.022506,"stddev_latency":0.218509,"min_latency":0.0,"max_latency":21.512191,"distr_latency":{"25.0000":0.000295,"50.0000":0.000327,"60.0000":0.000743,"70.0000":0.001383,"75.0000":0.002015,"80.0000":0.003855,"85.0000":0.012791,"90.0000":0.013943,"95.0000":0.026463,"96.0000":0.056863,"97.0000":0.080511,"98.0000":0.292351,"99.0000":0.664575,"99.9000":1.692671,"99.9900":4.423679,"99.9990":21.512191,"99.9999":21.512191,"100.0000":21.512191},"allocations":{"total_heap":1646750552,"minor_heap":923414460,"major_heap":758847706,"promoted_words":35511614,"promoted_pct":3.85},"domain_alloc_stats":{"0":{"total":1646750552,"minor":923414460,"promoted":35511614,"major":758847706,"promoted_pct":3.85}},"collections":{"minor":3825,"major":255,"forced_major":0,"compactions":0}}
{"version":1,"wall_time":7.29,"cpu_time":7.29,"gc_time":0.34,"gc_overhead":4.64,"max_rss_kb":366952,"domain_stats":{"0":{"wall_time":7.29,"gc_time":0.34,"gc_overhead":4.64}},"mean_latency":0.022574,"stddev_latency":0.219444,"min_latency":0.0,"max_latency":21.495807,"distr_latency":{"25.0000":0.000295,"50.0000":0.000327,"60.0000":0.000735,"70.0000":0.001343,"75.0000":0.001991,"80.0000":0.003783,"85.0000":0.012751,"90.0000":0.013927,"95.0000":0.025935,"96.0000":0.055871,"97.0000":0.078783,"98.0000":0.292095,"99.0000":0.659967,"99.9000":1.681407,"99.9900":4.935679,"99.9990":21.495807,"99.9999":21.495807,"100.0000":21.495807},"allocations":{"total_heap":1646750552,"minor_heap":923414460,"major_heap":758847706,"promoted_words":35511614,"promoted_pct":3.85},"domain_alloc_stats":{"0":{"total":1646750552,"minor":923414460,"promoted":35511614,"major":758847706,"promoted_pct":3.85}},"collections":{"minor":3825,"major":255,"forced_major":0,"compactions":0}}
{"version":1,"wall_time":7.29,"cpu_time":7.29,"gc_time":0.33,"gc_overhead":4.59,"max_rss_kb":366964,"domain_stats":{"0":{"wall_time":7.29,"gc_time":0.33,"gc_overhead":4.59}},"mean_latency":0.022331,"stddev_latency":0.21835,"min_latency":0.0,"max_latency":21.577727,"distr_latency":{"25.0000":0.000295,"50.0000":0.000335,"60.0000":0.000743,"70.0000":0.001367,"75.0000":0.002015,"80.0000":0.003895,"85.0000":0.012623,"90.0000":0.013783,"95.0000":0.025455,"96.0000":0.057823,"97.0000":0.079423,"98.0000":0.293119,"99.0000":0.660479,"99.9000":1.579007,"99.9900":4.612095,"99.9990":21.577727,"99.9999":21.577727,"100.0000":21.577727},"allocations":{"total_heap":1646750552,"minor_heap":923414460,"major_heap":758847706,"promoted_words":35511614,"promoted_pct":3.85},"domain_alloc_stats":{"0":{"total":1646750552,"minor":923414460,"promoted":35511614,"major":758847706,"promoted_pct":3.85}},"collections":{"minor":3825,"major":255,"forced_major":0,"compactions":0}}
{"version":1,"wall_time":7.33,"cpu_time":7.33,"gc_time":0.34,"gc_overhead":4.58,"max_rss_kb":366828,"domain_stats":{"0":{"wall_time":7.33,"gc_time":0.34,"gc_overhead":4.58}},"mean_latency":0.022384,"stddev_latency":0.217545,"min_latency":0.0,"max_latency":21.528575,"distr_latency":{"25.0000":0.000295,"50.0000":0.000327,"60.0000":0.000735,"70.0000":0.001335,"75.0000":0.001983,"80.0000":0.003831,"85.0000":0.012591,"90.0000":0.013767,"95.0000":0.025711,"96.0000":0.056543,"97.0000":0.079231,"98.0000":0.287487,"99.0000":0.659967,"99.9000":1.636351,"99.9900":4.141055,"99.9990":21.528575,"99.9999":21.528575,"100.0000":21.528575},"allocations":{"total_heap":1646750552,"minor_heap":923414460,"major_heap":758847706,"promoted_words":35511614,"promoted_pct":3.85},"domain_alloc_stats":{"0":{"total":1646750552,"minor":923414460,"promoted":35511614,"major":758847706,"promoted_pct":3.85}},"collections":{"minor":3825,"major":255,"forced_major":0,"compactions":0}}
{"version":1,"wall_time":7.26,"cpu_time":7.26,"gc_time":0.33,"gc_overhead":4.6,"max_rss_kb":366960,"domain_stats":{"0":{"wall_time":7.26,"gc_time":0.33,"gc_overhead":4.6}},"mean_latency":0.022313,"stddev_latency":0.217354,"min_latency":0.0,"max_latency":21.512191,"distr_latency":{"25.0000":0.000295,"50.0000":0.000311,