{"version":1,"wall_time":15.02,"cpu_time":15.02,"gc_time":1.34,"gc_overhead":8.93,"max_rss_kb":104692,"domain_stats":{"0":{"wall_time":15.02,"gc_time":1.34,"gc_overhead":8.93}},"mean_latency":0.017514,"stddev_latency":0.020437,"min_latency":0.0,"max_latency":0.523519,"distr_latency":{"25.0000":0.004007,"50.0000":0.012503,"60.0000":0.015567,"70.0000":0.019167,"75.0000":0.022287,"80.0000":0.025423,"85.0000":0.030735,"90.0000":0.041375,"95.0000":0.058815,"96.0000":0.064095,"97.0000":0.071295,"98.0000":0.080575,"99.0000":0.096639,"99.9000":0.173055,"99.9900":0.216063,"99.9990":0.373503,"99.9999":0.523519,"100.0000":0.523519},"allocations":{"total_heap":10038865492,"minor_heap":10038316403,"major_heap":195966778,"promoted_words":195417689,"promoted_pct":1.95},"domain_alloc_stats":{"0":{"total":10038865492,"minor":10038316403,"promoted":195417689,"major":195966778,"promoted_pct":1.95}},"collections":{"minor":38366,"major":140,"forced_major":0,"compactions":0}}
{"version":1,"wall_time":15.02,"cpu_time":15.02,"gc_time":1.35,"gc_overhead":8.96,"max_rss_kb":105280,"domain_stats":{"0":{"wall_time":15.02,"gc_time":1.35,"gc_overhead":8.96}},"mean_latency":0.017504,"stddev_latency":0.020626,"min_latency":0.0,"max_latency":0.495359,"distr_latency":{"25.0000":0.003991,"50.0000":0.012351,"60.0000":0.015327,"70.0000":0.018959,"75.0000":0.021967,"80.0000":0.025103,"85.0000":0.030543,"90.0000":0.041727,"95.0000":0.059487,"96.0000":0.064991,"97.0000":0.072319,"98.0000":0.081471,"99.0000":0.097791,"99.9000":0.175359,"99.9900":0.218751,"99.9990":0.377087,"99.9999":0.495359,"100.0000":0.495359},"allocations":{"total_heap":10082383613,"minor_heap":10081831953,"major_heap":196782774,"promoted_words":196231114,"promoted_pct":1.95},"domain_alloc_stats":{"0":{"total":10082383613,"minor":10081831953,"promoted":196231114,"major":196782774,"promoted_pct":1.95}},"collections":{"minor":38532,"major":140,"forced_major":0,"compactions":0}}
{"version":1,"wall_time":15.03,"cpu_time":15.03,"gc_time":1.32,"gc_overhead":8.81,"max_rss_kb":104392,"domain_stats":{"0":{"wall_time":15.03,"gc_time":1.32,"gc_overhead":8.81}},"mean_latency":0.017466,"stddev_latency":0.020563,"min_latency":0.0,"max_latency":0.497151,"distr_latency":{"25.0000":0.003991,"50.0000":0.012375,"60.0000":0.015335,"70.0000":0.018943,"75.0000":0.021983,"80.0000":0.025119,"85.0000":0.030591,"90.0000":0.041567,"95.0000":0.059071,"96.0000":0.064383,"97.0000":0.071487,"98.0000":0.080831,"99.0000":0.096639,"99.9000":0.175231,"99.9900":0.237311,"99.9990":0.367103,"99.9999":0.497151,"100.0000":0.497151},"allocations":{"total_heap":9937546254,"minor_heap":9936998496,"major_heap":194008835,"promoted_words":193461077,"promoted_pct":1.95},"domain_alloc_stats":{"0":{"total":9937546254,"minor":9936998496,"promoted":193461077,"major":194008835,"promoted_pct":1.95}},"collections":{"minor":37979,"major":139,"forced_major":0,"compactions":0}}
{"version":1,"wall_time":15.02,"cpu_time":15.02,"gc_time":1.34,"gc_overhead":8.89,"max_rss_kb":104644,"domain_stats":{"0":{"wall_time":15.02,"gc_time":1.34,"gc_overhead":8.89}},"mean_latency":0.017489,"stddev_latency":0.020488,"min_latency":0.0,"max_latency":0.507135,"distr_latency":{"25.0000":0.004047,"50.0000":0.012415,"60.0000":0.015375,"70.0000":0.018975,"75.0000":0.022031,"80.0000":0.025135,"85.0000":0.030575,"90.0000":0.041567,"95.0000":0.059135,"96.0000":0.064671,"97.0000":0.071679,"98.0000":0.080959,"99.0000":0.097215,"99.9000":0.173695,"99.9900":0.215551,"99.9990":0.366591,"99.9999":0.507135,"100.0000":0.507135},"allocations":{"total_heap":10005967806,"minor_heap":10005417584,"major_heap":195312908,"promoted_words":194762686,"promoted_pct":1.95},"domain_alloc_stats":{"0":{"total":10005967806,"minor":10005417584,"promoted":194762686,"major":195312908,"promoted_pct":1.95}},"collections":{"minor":38240,"major":139,"forced_major":0,"compactions":0}}
{"version":1,"wall_time":15.02,"cpu_time":15.02,"gc_time":1.34,"gc_overhead":8.91,"max_rss_kb":104364,"domain_stats":{"0":{"wall_time":15.02,"gc_time":1.34,"gc_overhead":8.91}},"mean_latency":0.017663,"stddev_latency":0.020635,"min_latency":0.0,"max_latency":0.501503,"distr_latency":{"25.0000":0.004063,"50.0000":0.012615,"60.0000":0.015655,"70.0000":0.019263,"75.0000":0.022431,"80.0000":0.025631,"85.0000":0.031007,"90.0000":0.041791,"95.0000":0.059391,"96.0000":0.064639,"97.0000":0.071807,"98.0000":0.081023,"99.0000":0.097151,"99.9000":0.175487,"99.9900":0.246271,"99.9990":0.370943,"99.9999":0.501503,"100.0000":0.501503},"allocations":{"total_heap":9929561537,"minor_heap":9929003165,"major_heap":193865114,"promoted_words":193306742,"promoted_pct":1.95},"domain_alloc_stats":{"0":{"total":9929561537,"minor":9929003165,"promoted":193306742,"major":193865114,"promoted_pct":1.95}},"collections":{"minor":37948,"major":138,"forced_major":0,"compactions":0}}
{"version":1,"wall_time":15.02,"cpu_time":15.02,"gc_time":1.32,"gc_overhead":8.77,"max_rss_kb":104300,"domain_stats":{"0":{"wall_time":15.02,"gc_time":1.32,"gc_overhead":8.77}},"mean_latency":0.017456,"stddev_latency":0.02059,"min_latency":0.0,"max_latency":0.495359,"distr_latency":{"25.0000":0.004007,"50.0000":0.012311,"60.0000":0.015255,"70.0000":0.018863,"75.0000":0.021887,"80.0000":0.024991,"85.0000":0.030431,"90.0000":0.041727,"95.0000":0.059423,"96.0000":0.065119,"97.0000":0.072063,"98.0000":0.081471,"99.0000":0.097471,"99.9000":0.173567,"99.9900":0.220799,"99.9990":0.364287,"99.9999":0.495359,"100.0000":0.495359},"allocations":{"total_heap":9893123756,"minor_heap":9892565432,"major_heap":193215680,"promoted_words":192657356,"promoted_pct":1.95},"domain_alloc_stats":{"0":{"total":9893123756,"minor":9892565432,"promoted":192657356,"major":193215680,"promoted_pct":1.95}},"collections":{"minor":37809,"major":138,"forced_major":0,"compactions":0}}
{"version":1,"wall_time":15.02,"cpu_time":15.02,"gc_time":1.34,"gc_overhead":8.92,"max_rss_kb":104688,"domain_stats":{"0":{"wall_time":15.02,"gc_time":1.34,"gc_overhead":8.92}},"mean_latency":0.017492,"stddev_latency":0.020385,"min_latency":0.0,"max_latency":0.486399,"distr_latency":{"25.0000":0.004167,"50.0000":0.012415,"60.0000":0.015431,"70.0000":0.018959,"75.0000":0.022047,"80.0000":0.025135,"85.0000":0.030607,"90.0000":0.041503,"95.0000":0.059007,"96.0000":0.064415,"97.0000":0.071679,"98.0000":0.080767,"99.0000":0.096447,"99.9000":0.169727,"99.9900":0.209535,"99.9990":0.361471,"99.9999":0.486399,"100.0000":0.486399},"allocations":{"total_heap":10036513515,"minor_heap":10035957128,"major_heap":195913814,"promoted_words":195357427,"promoted_pct":1.95},"domain_alloc_stats":{"0":{"total":10036513515,"minor":10035957128,"promoted":195357427,"major":195913814,"promoted_pct":1.95}},"collections":{"minor":38357,"major":140,"forced_major":0,"compactions":0}}
{"version":1,"wall_time":15.02,"cpu_time":15.02,"gc_time":1.35,"gc_overhead":8.99,"max_rss_kb":105588,"domain_stats":{"0":{"wall_time":15.02,"gc_time":1.35,"gc_overhead":8.99}},"mean_latency":0.017432,"stddev_latency":0.020411,"min_latency":0.0,"max_latency":0.490751,"distr_latency":{"25.0000":0.004007,"50.0000":0.012383,"60.0000":0.015391,"70.0000":0.018927,"75.0000":0.021983,"80.0000":0.025071,"85.0000":0.030463,"90.0000":0.041407,"95.0000":0.058815,"96.0000":0.064191,"97.0000":0.071295,"98.0000":0.080639,"99.0000":0.096511,"99.9000":0.175103,"99.9900":0.217855,"99.9990":0.359423,"99.9999":0.490751,"100.0000":0.490751},"allocations":{"total_heap":10152775594,"minor_heap":10152217036,"major_heap":198130069,"promoted_words":197571511,"promoted_pct":1.95},"domain_alloc_stats":{"0":{"total":10152775594,"minor":10152217036,"promoted":197571511,"major":198130069,"promoted_pct":1.95}},"collections":{"minor":38801,"major":141,"forced_major":0,"compactions":0}}
{"version":1,"wall_time":15.02,"cpu_time":15.02,"gc_time":1.34,"gc_overhead":8.95,"max_rss_kb":105324,"domain_stats":{"0":{"wall_time":15.02,"gc_time":1.34,"gc_overhead":8.95}},"mean_latency":0.017458,"stddev_latency":0.020535,"min_latency":0.0,