{"version":1,"wall_time":9.37,"cpu_time":20.29,"gc_time":3.9,"gc_overhead":19.24,"max_rss_kb":2154864,"domain_stats":{"0":{"wall_time":9.37,"gc_time":1.19,"gc_overhead":12.72},"1":{"wall_time":3.63,"gc_time":0.98,"gc_overhead":27.05},"2":{"wall_time":3.64,"gc_time":0.93,"gc_overhead":25.44},"3":{"wall_time":3.64,"gc_time":0.8,"gc_overhead":22.0}},"mean_latency":0.085783,"stddev_latency":0.37659,"min_latency":0.0,"max_latency":43.712511,"distr_latency":{"25.0000":0.000383,"50.0000":0.003471,"60.0000":0.005663,"70.0000":0.074047,"75.0000":0.097983,"80.0000":0.120639,"85.0000":0.140287,"90.0000":0.177663,"95.0000":0.327167,"96.0000":0.403455,"97.0000":0.547327,"98.0000":0.757247,"99.0000":1.101823,"99.9000":2.594815,"99.9900":11.698175,"99.9990":43.712511,"99.9999":43.712511,"100.0000":43.712511},"allocations":{"total_heap":4507003980,"minor_heap":4563875964,"major_heap":207360093,"promoted_words":264232077,"promoted_pct":5.79},"domain_alloc_stats":{"0":{"total":1240547308,"minor":1247554416,"promoted":80345465,"major":73338357,"promoted_pct":6.44},"1":{"total":1071054129,"minor":1091506139,"promoted":60316619,"major":39864609,"promoted_pct":5.53},"2":{"total":1105727461,"minor":1113181857,"promoted":63104852,"major":55650456,"promoted_pct":5.67},"3":{"total":1089675082,"minor":1111633552,"promoted":60465141,"major":38506671,"promoted_pct":5.44}},"collections":{"minor":5743,"major":66,"forced_major":0,"compactions":0}}
{"version":1,"wall_time":9.2,"cpu_time":20.05,"gc_time":3.89,"gc_overhead":19.42,"max_rss_kb":2162688,"domain_stats":{"0":{"wall_time":9.2,"gc_time":1.29,"gc_overhead":13.98},"1":{"wall_time":3.62,"gc_time":1.0,"gc_overhead":27.66},"2":{"wall_time":3.61,"gc_time":0.87,"gc_overhead":24.06},"3":{"wall_time":3.62,"gc_time":0.74,"gc_overhead":20.38}},"mean_latency":0.08676,"stddev_latency":0.379483,"min_latency":0.0,"max_latency":43.778047,"distr_latency":{"25.0000":0.000367,"50.0000":0.002927,"60.0000":0.005015,"70.0000":0.075391,"75.0000":0.098431,"80.0000":0.117375,"85.0000":0.139775,"90.0000":0.177791,"95.0000":0.327935,"96.0000":0.406783,"97.0000":0.546815,"98.0000":0.769023,"99.0000":1.125375,"99.9000":3.117055,"99.9900":12.910591,"99.9990":43.778047,"99.9999":43.778047,"100.0000":43.778047},"allocations":{"total_heap":4453797288,"minor_heap":4510288231,"major_heap":206218116,"promoted_words":262709059,"promoted_pct":5.82},"domain_alloc_stats":{"0":{"total":1225939675,"minor":1232327023,"promoted":79131553,"major":72744205,"promoted_pct":6.42},"1":{"total":1039727820,"minor":1056030664,"promoted":62085019,"major":45782175,"promoted_pct":5.88},"2":{"total":1095411306,"minor":1113263590,"promoted":60910580,"major":43058296,"promoted_pct":5.47},"3":{"total":1092718487,"minor":1108666954,"promoted":60581907,"major":44633440,"promoted_pct":5.46}},"collections":{"minor":5666,"major":67,"forced_major":0,"compactions":0}}
{"version":1,"wall_time":9.45,"cpu_time":20.34,"gc_time":4.12,"gc_overhead":20.24,"max_rss_kb":2179532,"domain_stats":{"0":{"wall_time":9.45,"gc_time":1.4,"gc_overhead":14.84},"1":{"wall_time":3.62,"gc_time":0.93,"gc_overhead":25.57},"2":{"wall_time":3.64,"gc_time":1.0,"gc_overhead":27.36},"3":{"wall_time":3.62,"gc_time":0.79,"gc_overhead":21.81}},"mean_latency":0.093485,"stddev_latency":0.446641,"min_latency":0.0,"max_latency":46.137343,"distr_latency":{"25.0000":0.000375,"50.0000":0.003751,"60.0000":0.006607,"70.0000":0.078271,"75.0000":0.102271,"80.0000":0.121727,"85.0000":0.143743,"90.0000":0.188415,"95.0000":0.361727,"96.0000":0.454143,"97.0000":0.602623,"98.0000":0.821247,"99.0000":1.191935,"99.9000":3.592191,"99.9900":13.762559,"99.9990":46.137343,"99.9999":46.137343,"100.0000":46.137343},"allocations":{"total_heap":4377940692,"minor_heap":4427582844,"major_heap":210989780,"promoted_words":260631932,"promoted_pct":5.89},"domain_alloc_stats":{"0":{"total":1175412844,"minor":1174688087,"promoted":79996508,"major":80721265,"promoted_pct":6.81},"1":{"total":1058929540,"minor":1076261946,"promoted":59711927,"major":42379521,"promoted_pct":5.55},"2":{"total":1059440206,"minor":1073737009,"promoted":60464304,"major":46167501,"promoted_pct":5.63},"3":{"total":1084158102,"minor":1102895802,"promoted":60459193,"major":41721493,"promoted_pct":5.48}},"collections":{"minor":5568,"major":68,"forced_major":0,"compactions":0}}
{"version":1,"wall_time":9.3,"cpu_time":20.18,"gc_time":3.93,"gc_overhead":19.48,"max_rss_kb":2154276,"domain_stats":{"0":{"wall_time":9.3,"gc_time":1.28,"gc_overhead":13.73},"1":{"wall_time":3.64,"gc_time":0.97,"gc_overhead":26.71},"2":{"wall_time":3.62,"gc_time":0.83,"gc_overhead":22.9},"3":{"wall_time":3.62,"gc_time":0.85,"gc_overhead":23.53}},"mean_latency":0.088145,"stddev_latency":0.380255,"min_latency":0.0,"max_latency":43.712511,"distr_latency":{"25.0000":0.000383,"50.0000":0.003751,"60.0000":0.006295,"70.0000":0.077567,"75.0000":0.101311,"80.0000":0.119743,"85.0000":0.140415,"90.0000":0.178303,"95.0000":0.329983,"96.0000":0.399615,"97.0000":0.545791,"98.0000":0.763903,"99.0000":1.128447,"99.9000":3.276799,"99.9900":12.419071,"99.9990":43.712511,"99.9999":43.712511,"100.0000":43.712511},"allocations":{"total_heap":4440543940,"minor_heap":4489795553,"major_heap":212907775,"promoted_words":262159388,"promoted_pct":5.84},"domain_alloc_stats":{"0":{"total":1204488395,"minor":1203095749,"promoted":79230605,"major":80623251,"promoted_pct":6.59},"1":{"total":1073947159,"minor":1091101887,"promoted":62640725,"major":45485997,"promoted_pct":5.74},"2":{"total":1093462434,"minor":1103994069,"promoted":60383682,"major":49852047,"promoted_pct":5.47},"3":{"total":1068645952,"minor":1091603848,"promoted":59904376,"major":36946480,"promoted_pct":5.49}},"collections":{"minor":5644,"major":67,"forced_major":0,"compactions":0}}
{"version":1,"wall_time":9.04,"cpu_time":20.21,"gc_time":3.48,"gc_overhead":17.2,"max_rss_kb":2156492,"domain_stats":{"0":{"wall_time":9.04,"gc_time":1.04,"gc_overhead":11.55},"1":{"wall_time":3.74,"gc_time":0.94,"gc_overhead":25.25},"2":{"wall_time":3.71,"gc_time":0.78,"gc_overhead":20.91},"3":{"wall_time":3.72,"gc_time":0.71,"gc_overhead":19.11}},"mean_latency":0.083567,"stddev_latency":0.296605,"min_latency":0.0,"max_latency":20.103167,"distr_latency":{"25.0000":0.000367,"50.0000":0.003623,"60.0000":0.005551,"70.0000":0.079999,"75.0000":0.100479,"80.0000":0.120063,"85.0000":0.144511,"90.0000":0.185599,"95.0000":0.332031,"96.0000":0.403711,"97.0000":0.508159,"98.0000":0.692735,"99.0000":0.978943,"99.9000":2.746367,"99.9900":12.124159,"99.9990":20.103167,"99.9999":20.103167,"100.0000":20.103167},"allocations":{"total_heap":4160693418,"minor_heap":4225281780,"major_heap":180815102,"promoted_words":245403464,"promoted_pct":5.81},"domain_alloc_stats":{"0":{"total":1141761130,"minor":1139790377,"promoted":74988556,"major":76959309,"promoted_pct":6.58},"1":{"total":1004042334,"minor":1021391249,"promoted":56537301,"major":39188386,"promoted_pct":5.54},"2":{"total":1003201713,"minor":1025632089,"promoted":57059383,"major":34629007,"promoted_pct":5.56},"3":{"total":1011688241,"minor":1038468065,"promoted":56818224,"major":30038400,"promoted_pct":5.47}},"collections":{"minor":5243,"major":62,"forced_major":0,"compactions":0}}
{"version":1,"wall_time":9.3,"cpu_time":20.09,"gc_time":3.81,"gc_overhead":18.96,"max_rss_kb":2178456,"domain_stats":{"0":{"wall_time":9.3,"gc_time":1.22,"gc_overhead":13.08},"1":{"wall_time":3.59,"gc_time":1.02,"gc_overhead":28.37},"2":{"wall_time":3.61,"gc_time":0.79,"gc_overhead":21.83},"3":{"wall_time":3.59,"gc_time":0.79,"gc_overhead":21.91}},"mean_latency":0.08411,"stddev_latency":0.386483,"min_latency":0.0,"max_latency":40.042495,"distr_latency":{"25.0000":0.000383,"50.0000":0.003607,"60.0000":0.011135,"70.0000":0.075391,"75.0000":0.096255,"80.0000":0.117055,"85.0000":0.138495,"90.0000":0.173439,"95.0000":0.304895,"96.0000":0.376319,"97.0000":0.515583,"98.0000":0.743423,"99.0000":1.050623,"99.9000":2.865151,"99.9900":10.993663,"99.9990":40.042495,"99.9999":40.042495,