{"version":1,"wall_time":1.45,"cpu_time":1.45,"gc_time":0.56,"gc_overhead":38.57,"max_rss_kb":1029824,"domain_stats":{"0":{"wall_time":1.45,"gc_time":0.56,"gc_overhead":38.57}},"mean_latency":0.110203,"stddev_latency":0.171134,"min_latency":0.0,"max_latency":0.930815,"distr_latency":{"25.0000":0.000775,"50.0000":0.114879,"60.0000":0.116351,"70.0000":0.117631,"75.0000":0.118783,"80.0000":0.121599,"85.0000":0.133631,"90.0000":0.136959,"95.0000":0.300031,"96.0000":0.772095,"97.0000":0.779263,"98.0000":0.853503,"99.0000":0.912895,"99.9000":0.924159,"99.9900":0.930303,"99.9990":0.930815,"99.9999":0.930815,"100.0000":0.930815},"allocations":{"total_heap":674695630,"minor_heap":662565487,"major_heap":131955673,"promoted_words":119825530,"promoted_pct":18.09},"domain_alloc_stats":{"0":{"total":674695630,"minor":662565487,"promoted":119825530,"major":131955673,"promoted_pct":18.09}},"collections":{"minor":2531,"major":7,"forced_major":0,"compactions":0}}
{"version":1,"wall_time":1.46,"cpu_time":1.46,"gc_time":0.56,"gc_overhead":38.28,"max_rss_kb":1023000,"domain_stats":{"0":{"wall_time":1.46,"gc_time":0.56,"gc_overhead":38.28}},"mean_latency":0.110145,"stddev_latency":0.170573,"min_latency":0.0,"max_latency":0.940543,"distr_latency":{"25.0000":0.000743,"50.0000":0.114751,"60.0000":0.116287,"70.0000":0.117695,"75.0000":0.118847,"80.0000":0.121535,"85.0000":0.134655,"90.0000":0.137471,"95.0000":0.299519,"96.0000":0.768511,"97.0000":0.774143,"98.0000":0.811519,"99.0000":0.920063,"99.9000":0.930815,"99.9900":0.939007,"99.9990":0.940543,"99.9999":0.940543,"100.0000":0.940543},"allocations":{"total_heap":674695630,"minor_heap":662565487,"major_heap":131955673,"promoted_words":119825530,"promoted_pct":18.09},"domain_alloc_stats":{"0":{"total":674695630,"minor":662565487,"promoted":119825530,"major":131955673,"promoted_pct":18.09}},"collections":{"minor":2531,"major":7,"forced_major":0,"compactions":0}}
{"version":1,"wall_time":1.45,"cpu_time":1.45,"gc_time":0.55,"gc_overhead":38.14,"max_rss_kb":1029664,"domain_stats":{"0":{"wall_time":1.45,"gc_time":0.55,"gc_overhead":38.14}},"mean_latency":0.109229,"stddev_latency":0.17072,"min_latency":0.0,"max_latency":0.941567,"distr_latency":{"25.0000":0.000751,"50.0000":0.114111,"60.0000":0.115839,"70.0000":0.117503,"75.0000":0.118655,"80.0000":0.121471,"85.0000":0.130943,"90.0000":0.136319,"95.0000":0.293631,"96.0000":0.768511,"97.0000":0.772607,"98.0000":0.851967,"99.0000":0.918015,"99.9000":0.929791,"99.9900":0.941055,"99.9990":0.941567,"99.9999":0.941567,"100.0000":0.941567},"allocations":{"total_heap":674695630,"minor_heap":662565487,"major_heap":131955673,"promoted_words":119825530,"promoted_pct":18.09},"domain_alloc_stats":{"0":{"total":674695630,"minor":662565487,"promoted":119825530,"major":131955673,"promoted_pct":18.09}},"collections":{"minor":2531,"major":7,"forced_major":0,"compactions":0}}
{"version":1,"wall_time":1.44,"cpu_time":1.44,"gc_time":0.57,"gc_overhead":39.31,"max_rss_kb":1029660,"domain_stats":{"0":{"wall_time":1.44,"gc_time":0.57,"gc_overhead":39.31}},"mean_latency":0.112171,"stddev_latency":0.173462,"min_latency":0.0,"max_latency":0.991743,"distr_latency":{"25.0000":0.000743,"50.0000":0.118271,"60.0000":0.119679,"70.0000":0.121151,"75.0000":0.122111,"80.0000":0.125119,"85.0000":0.134143,"90.0000":0.136831,"95.0000":0.296191,"96.0000":0.787967,"97.0000":0.794111,"98.0000":0.870911,"99.0000":0.912383,"99.9000":0.922623,"99.9900":0.951807,"99.9990":0.991743,"99.9999":0.991743,"100.0000":0.991743},"allocations":{"total_heap":674695630,"minor_heap":662565487,"major_heap":131955673,"promoted_words":119825530,"promoted_pct":18.09},"domain_alloc_stats":{"0":{"total":674695630,"minor":662565487,"promoted":119825530,"major":131955673,"promoted_pct":18.09}},"collections":{"minor":2531,"major":7,"forced_major":0,"compactions":0}}
{"version":1,"wall_time":1.44,"cpu_time":1.44,"gc_time":0.57,"gc_overhead":39.34,"max_rss_kb":1029764,"domain_stats":{"0":{"wall_time":1.44,"gc_time":0.57,"gc_overhead":39.34}},"mean_latency":0.111907,"stddev_latency":0.173464,"min_latency":0.0,"max_latency":0.941567,"distr_latency":{"25.0000":0.000743,"50.0000":0.118079,"60.0000":0.119615,"70.0000":0.121151,"75.0000":0.122367,"80.0000":0.125503,"85.0000":0.133247,"90.0000":0.135935,"95.0000":0.295423,"96.0000":0.790527,"97.0000":0.795135,"98.0000":0.875519,"99.0000":0.912383,"99.9000":0.922111,"99.9900":0.923647,"99.9990":0.941567,"99.9999":0.941567,"100.0000":0.941567},"allocations":{"total_heap":674695630,"minor_heap":662565487,"major_heap":131955673,"promoted_words":119825530,"promoted_pct":18.09},"domain_alloc_stats":{"0":{"total":674695630,"minor":662565487,"promoted":119825530,"major":131955673,"promoted_pct":18.09}},"collections":{"minor":2531,"major":7,"forced_major":0,"compactions":0}}
{"version":1,"wall_time":1.46,"cpu_time":1.46,"gc_time":0.56,"gc_overhead":38.22,"max_rss_kb":1020748,"domain_stats":{"0":{"wall_time":1.46,"gc_time":0.56,"gc_overhead":38.22}},"mean_latency":0.110047,"stddev_latency":0.171244,"min_latency":0.0,"max_latency":0.947199,"distr_latency":{"25.0000":0.000743,"50.0000":0.113983,"60.0000":0.115711,"70.0000":0.117183,"75.0000":0.118463,"80.0000":0.121407,"85.0000":0.133887,"90.0000":0.136831,"95.0000":0.310527,"96.0000":0.771071,"97.0000":0.774143,"98.0000":0.855551,"99.0000":0.919551,"99.9000":0.927743,"99.9900":0.933375,"99.9990":0.947199,"99.9999":0.947199,"100.0000":0.947199},"allocations":{"total_heap":674695630,"minor_heap":662565487,"major_heap":131955673,"promoted_words":119825530,"promoted_pct":18.09},"domain_alloc_stats":{"0":{"total":674695630,"minor":662565487,"promoted":119825530,"major":131955673,"promoted_pct":18.09}},"collections":{"minor":2531,"major":7,"forced_major":0,"compactions":0}}
{"version":1,"wall_time":1.48,"cpu_time":1.48,"gc_time":0.56,"gc_overhead":37.66,"max_rss_kb":980552,"domain_stats":{"0":{"wall_time":1.48,"gc_time":0.56,"gc_overhead":37.66}},"mean_latency":0.110054,"stddev_latency":0.171172,"min_latency":0.0,"max_latency":0.935423,"distr_latency":{"25.0000":0.000751,"50.0000":0.113983,"60.0000":0.115455,"70.0000":0.116799,"75.0000":0.118015,"80.0000":0.120703,"85.0000":0.134143,"90.0000":0.136831,"95.0000":0.305151,"96.0000":0.770559,"97.0000":0.775167,"98.0000":0.856063,"99.0000":0.918015,"99.9000":0.926719,"99.9900":0.934911,"99.9990":0.935423,"99.9999":0.935423,"100.0000":0.935423},"allocations":{"total_heap":674695630,"minor_heap":662565487,"major_heap":131955673,"promoted_words":119825530,"promoted_pct":18.09},"domain_alloc_stats":{"0":{"total":674695630,"minor":662565487,"promoted":119825530,"major":131955673,"promoted_pct":18.09}},"collections":{"minor":2531,"major":7,"forced_major":0,"compactions":0}}
{"version":1,"wall_time":1.43,"cpu_time":1.43,"gc_time":0.56,"gc_overhead":38.83,"max_rss_kb":1029700,"domain_stats":{"0":{"wall_time":1.43,"gc_time":0.56,"gc_overhead":38.83}},"mean_latency":0.109858,"stddev_latency":0.17092,"min_latency":0.0,"max_latency":1.008639,"distr_latency":{"25.0000":0.000743,"50.0000":0.114431,"60.0000":0.115839,"70.0000":0.117183,"75.0000":0.118271,"80.0000":0.121087,"85.0000":0.133503,"90.0000":0.136447,"95.0000":0.295167,"96.0000":0.769023,"97.0000":0.772095,"98.0000":0.850943,"99.0000":0.918527,"99.9000":0.930303,"99.9900":0.933887,"99.9990":1.008639,"99.9999":1.008639,"100.0000":1.008639},"allocations":{"total_heap":674695630,"minor_heap":662565487,"major_heap":131955673,"promoted_words":119825530,"promoted_pct":18.09},"domain_alloc_stats":{"0":{"total":674695630,"minor":662565487,"promoted":119825530,"major":131955673,"promoted_pct":18.09}},"collections":{"minor":2531,"major":7,"forced_major":0,"compactions":0}}
{"version":1,"wall_time":1.43,"cpu_time":1.43,"gc_time":0.55,"gc_overhead":38.67,"max_rss_kb":1029820,"domain_stats":{"0":{"wall_time":1.43,"gc_time":0.55,"gc_overhead":38.67}},"mean_latency":0.108956,"stddev_latency":0.169099,"min_latency":0.0,"max_latency":0.936447,"distr_latency":{"25.0000":0.000735,"50.0000":0.114495,