{"version":1,"wall_time":3.87,"cpu_time":3.87,"gc_time":0.19,"gc_overhead":5.04,"max_rss_kb":25240,"domain_stats":{"0":{"wall_time":3.87,"gc_time":0.19,"gc_overhead":5.04}},"mean_latency":0.015668,"stddev_latency":0.010273,"min_latency":0.0,"max_latency":0.134271,"distr_latency":{"25.0000":0.009031,"50.0000":0.013127,"60.0000":0.015695,"70.0000":0.019535,"75.0000":0.021775,"80.0000":0.024287,"85.0000":0.027615,"90.0000":0.029983,"95.0000":0.033887,"96.0000":0.034751,"97.0000":0.035935,"98.0000":0.037599,"99.0000":0.041887,"99.9000":0.078399,"99.9900":0.090943,"99.9990":0.134271,"99.9999":0.134271,"100.0000":0.134271},"allocations":{"total_heap":1726155222,"minor_heap":1620073991,"major_heap":172343534,"promoted_words":66262303,"promoted_pct":4.09},"domain_alloc_stats":{"0":{"total":1726155222,"minor":1620073991,"promoted":66262303,"major":172343534,"promoted_pct":4.09}},"collections":{"minor":7884,"major":3385,"forced_major":0,"compactions":0}}
{"version":1,"wall_time":3.89,"cpu_time":3.89,"gc_time":0.2,"gc_overhead":5.1,"max_rss_kb":24972,"domain_stats":{"0":{"wall_time":3.89,"gc_time":0.2,"gc_overhead":5.1}},"mean_latency":0.015924,"stddev_latency":0.010273,"min_latency":0.0,"max_latency":0.104831,"distr_latency":{"25.0000":0.009303,"50.0000":0.013495,"60.0000":0.016175,"70.0000":0.020127,"75.0000":0.021983,"80.0000":0.024495,"85.0000":0.027599,"90.0000":0.029871,"95.0000":0.034751,"96.0000":0.035583,"97.0000":0.036671,"98.0000":0.037951,"99.0000":0.042015,"99.9000":0.078079,"99.9900":0.094655,"99.9990":0.104831,"99.9999":0.104831,"100.0000":0.104831},"allocations":{"total_heap":1726155222,"minor_heap":1620073991,"major_heap":172343534,"promoted_words":66262303,"promoted_pct":4.09},"domain_alloc_stats":{"0":{"total":1726155222,"minor":1620073991,"promoted":66262303,"major":172343534,"promoted_pct":4.09}},"collections":{"minor":7884,"major":3385,"forced_major":0,"compactions":0}}
{"version":1,"wall_time":3.89,"cpu_time":3.89,"gc_time":0.2,"gc_overhead":5.09,"max_rss_kb":24796,"domain_stats":{"0":{"wall_time":3.89,"gc_time":0.2,"gc_overhead":5.09}},"mean_latency":0.015921,"stddev_latency":0.01021,"min_latency":0.0,"max_latency":0.104639,"distr_latency":{"25.0000":0.009367,"50.0000":0.013711,"60.0000":0.015927,"70.0000":0.019775,"75.0000":0.021999,"80.0000":0.024399,"85.0000":0.027551,"90.0000":0.029903,"95.0000":0.033919,"96.0000":0.034719,"97.0000":0.035871,"98.0000":0.038111,"99.0000":0.043103,"99.9000":0.078207,"99.9900":0.099775,"99.9990":0.104639,"99.9999":0.104639,"100.0000":0.104639},"allocations":{"total_heap":1726155222,"minor_heap":1620073991,"major_heap":172343534,"promoted_words":66262303,"promoted_pct":4.09},"domain_alloc_stats":{"0":{"total":1726155222,"minor":1620073991,"promoted":66262303,"major":172343534,"promoted_pct":4.09}},"collections":{"minor":7884,"major":3385,"forced_major":0,"compactions":0}}
{"version":1,"wall_time":3.86,"cpu_time":3.86,"gc_time":0.2,"gc_overhead":5.13,"max_rss_kb":25020,"domain_stats":{"0":{"wall_time":3.86,"gc_time":0.2,"gc_overhead":5.13}},"mean_latency":0.015924,"stddev_latency":0.010445,"min_latency":0.0,"max_latency":0.104639,"distr_latency":{"25.0000":0.009191,"50.0000":0.013383,"60.0000":0.016071,"70.0000":0.019967,"75.0000":0.022031,"80.0000":0.024687,"85.0000":0.027871,"90.0000":0.030223,"95.0000":0.034879,"96.0000":0.035807,"97.0000":0.036735,"98.0000":0.038303,"99.0000":0.042591,"99.9000":0.081535,"99.9900":0.093311,"99.9990":0.104639,"99.9999":0.104639,"100.0000":0.104639},"allocations":{"total_heap":1726155222,"minor_heap":1620073991,"major_heap":172343534,"promoted_words":66262303,"promoted_pct":4.09},"domain_alloc_stats":{"0":{"total":1726155222,"minor":1620073991,"promoted":66262303,"major":172343534,"promoted_pct":4.09}},"collections":{"minor":7884,"major":3385,"forced_major":0,"compactions":0}}
{"version":1,"wall_time":3.87,"cpu_time":3.87,"gc_time":0.19,"gc_overhead":5.03,"max_rss_kb":25096,"domain_stats":{"0":{"wall_time":3.87,"gc_time":0.19,"gc_overhead":5.03}},"mean_latency":0.015646,"stddev_latency":0.010284,"min_latency":0.0,"max_latency":0.095231,"distr_latency":{"25.0000":0.008991,"50.0000":0.013071,"60.0000":0.015663,"70.0000":0.019535,"75.0000":0.021775,"80.0000":0.024335,"85.0000":0.027615,"90.0000":0.029887,"95.0000":0.033791,"96.0000":0.034623,"97.0000":0.035839,"98.0000":0.037599,"99.0000":0.042047,"99.9000":0.081151,"99.9900":0.093759,"99.9990":0.095231,"99.9999":0.095231,"100.0000":0.095231},"allocations":{"total_heap":1726155222,"minor_heap":1620073991,"major_heap":172343534,"promoted_words":66262303,"promoted_pct":4.09},"domain_alloc_stats":{"0":{"total":1726155222,"minor":1620073991,"promoted":66262303,"major":172343534,"promoted_pct":4.09}},"collections":{"minor":7884,"major":3385,"forced_major":0,"compactions":0}}
{"version":1,"wall_time":3.88,"cpu_time":3.88,"gc_time":0.19,"gc_overhead":5.01,"max_rss_kb":24976,"domain_stats":{"0":{"wall_time":3.88,"gc_time":0.19,"gc_overhead":5.01}},"mean_latency":0.01563,"stddev_latency":0.010291,"min_latency":0.0,"max_latency":0.101055,"distr_latency":{"25.0000":0.009015,"50.0000":0.013055,"60.0000":0.015583,"70.0000":0.019599,"75.0000":0.021711,"80.0000":0.024335,"85.0000":0.027567,"90.0000":0.029903,"95.0000":0.033823,"96.0000":0.034623,"97.0000":0.035679,"98.0000":0.037695,"99.0000":0.042047,"99.9000":0.081087,"99.9900":0.093311,"99.9990":0.101055,"99.9999":0.101055,"100.0000":0.101055},"allocations":{"total_heap":1726155222,"minor_heap":1620073991,"major_heap":172343534,"promoted_words":66262303,"promoted_pct":4.09},"domain_alloc_stats":{"0":{"total":1726155222,"minor":1620073991,"promoted":66262303,"major":172343534,"promoted_pct":4.09}},"collections":{"minor":7884,"major":3385,"forced_major":0,"compactions":0}}
{"version":1,"wall_time":3.87,"cpu_time":3.87,"gc_time":0.19,"gc_overhead":5.03,"max_rss_kb":25104,"domain_stats":{"0":{"wall_time":3.87,"gc_time":0.19,"gc_overhead":5.03}},"mean_latency":0.015656,"stddev_latency":0.010137,"min_latency":0.0,"max_latency":0.103551,"distr_latency":{"25.0000":0.009143,"50.0000":0.013327,"60.0000":0.015735,"70.0000":0.019455,"75.0000":0.021519,"80.0000":0.024063,"85.0000":0.027295,"90.0000":0.029679,"95.0000":0.033759,"96.0000":0.034591,"97.0000":0.035711,"98.0000":0.037663,"99.0000":0.042527,"99.9000":0.076927,"99.9900":0.093951,"99.9990":0.103551,"99.9999":0.103551,"100.0000":0.103551},"allocations":{"total_heap":1726155222,"minor_heap":1620073991,"major_heap":172343534,"promoted_words":66262303,"promoted_pct":4.09},"domain_alloc_stats":{"0":{"total":1726155222,"minor":1620073991,"promoted":66262303,"major":172343534,"promoted_pct":4.09}},"collections":{"minor":7884,"major":3385,"forced_major":0,"compactions":0}}
{"version":1,"wall_time":3.87,"cpu_time":3.87,"gc_time":0.2,"gc_overhead":5.09,"max_rss_kb":25068,"domain_stats":{"0":{"wall_time":3.87,"gc_time":0.2,"gc_overhead":5.09}},"mean_latency":0.015813,"stddev_latency":0.01024,"min_latency":0.0,"max_latency":0.102911,"distr_latency":{"25.0000":0.009255,"50.0000":0.013343,"60.0000":0.015983,"70.0000":0.019983,"75.0000":0.021887,"80.0000":0.024351,"85.0000":0.027535,"90.0000":0.029871,"95.0000":0.034495,"96.0000":0.035295,"97.0000":0.036351,"98.0000":0.037791,"99.0000":0.041855,"99.9000":0.077183,"99.9900":0.089535,"99.9990":0.102911,"99.9999":0.102911,"100.0000":0.102911},"allocations":{"total_heap":1726155222,"minor_heap":1620073991,"major_heap":172343534,"promoted_words":66262303,"promoted_pct":4.09},"domain_alloc_stats":{"0":{"total":1726155222,"minor":1620073991,"promoted":66262303,"major":172343534,"promoted_pct":4.09}},"collections":{"minor":7884,"major":3385,"forced_major":0,"compactions":0}}
{"version":1,"wall_time":3.89,"cpu_time":3.89,"gc_time":0.2,"gc_overhead":5.04,"max_rss_kb":24788,"domain_stats":{"0":{"wall_time":3.89,"gc_time":0.2,"gc_overhead":5.04}},"mean_latency":0.015771,"stddev_latency":0.010374,"min_latency":0.0,"max_latency":0.115263,"distr_latency":{"25.0000":0.009031,"50.0000":0.013175,"60.0000":0.015783,