{"version":1,"wall_time":14.39,"cpu_time":21.0,"gc_time":2.85,"gc_overhead":13.57,"max_rss_kb":1969152,"domain_stats":{"0":{"wall_time":14.39,"gc_time":1.46,"gc_overhead":10.18},"1":{"wall_time":6.61,"gc_time":1.39,"gc_overhead":20.96}},"mean_latency":0.106484,"stddev_latency":0.280341,"min_latency":0.0,"max_latency":12.967935,"distr_latency":{"25.0000":0.000423,"50.0000":0.027007,"60.0000":0.084031,"70.0000":0.123903,"75.0000":0.135807,"80.0000":0.148607,"85.0000":0.169983,"90.0000":0.214143,"95.0000":0.363775,"96.0000":0.450559,"97.0000":0.581631,"98.0000":0.791039,"99.0000":1.124351,"99.9000":3.110911,"99.9900":9.601023,"99.9990":12.967935,"99.9999":12.967935,"100.0000":12.967935},"allocations":{"total_heap":3011555758,"minor_heap":3045821135,"major_heap":200038181,"promoted_words":234303558,"promoted_pct":7.69},"domain_alloc_stats":{"0":{"total":1585504500,"minor":1591368263,"promoted":125822869,"major":119959106,"promoted_pct":7.91},"1":{"total":1426051258,"minor":1454452872,"promoted":108480689,"major":80079075,"promoted_pct":7.46}},"collections":{"minor":7080,"major":68,"forced_major":0,"compactions":0}}
{"version":1,"wall_time":14.42,"cpu_time":20.96,"gc_time":2.89,"gc_overhead":13.78,"max_rss_kb":2025088,"domain_stats":{"0":{"wall_time":14.42,"gc_time":1.54,"gc_overhead":10.68},"1":{"wall_time":6.55,"gc_time":1.35,"gc_overhead":20.62}},"mean_latency":0.107095,"stddev_latency":0.352237,"min_latency":0.0,"max_latency":32.800767,"distr_latency":{"25.0000":0.000423,"50.0000":0.029311,"60.0000":0.079359,"70.0000":0.121535,"75.0000":0.137983,"80.0000":0.151295,"85.0000":0.169855,"90.0000":0.210687,"95.0000":0.348671,"96.0000":0.438527,"97.0000":0.557055,"98.0000":0.804351,"99.0000":1.170431,"99.9000":3.024895,"99.9900":11.821055,"99.9990":32.800767,"99.9999":32.800767,"100.0000":32.800767},"allocations":{"total_heap":3012461309,"minor_heap":3046910715,"major_heap":200036451,"promoted_words":234485857,"promoted_pct":7.7},"domain_alloc_stats":{"0":{"total":1573437855,"minor":1582161025,"promoted":125343264,"major":116620094,"promoted_pct":7.92},"1":{"total":1439023454,"minor":1464749690,"promoted":109142593,"major":83416357,"promoted_pct":7.45}},"collections":{"minor":7080,"major":65,"forced_major":0,"compactions":0}}
{"version":1,"wall_time":14.26,"cpu_time":20.81,"gc_time":2.81,"gc_overhead":13.52,"max_rss_kb":2117332,"domain_stats":{"0":{"wall_time":14.26,"gc_time":1.46,"gc_overhead":10.27},"1":{"wall_time":6.56,"gc_time":1.35,"gc_overhead":20.59}},"mean_latency":0.104491,"stddev_latency":0.281148,"min_latency":0.0,"max_latency":12.091391,"distr_latency":{"25.0000":0.000415,"50.0000":0.017711,"60.0000":0.082751,"70.0000":0.124735,"75.0000":0.138623,"80.0000":0.151679,"85.0000":0.168703,"90.0000":0.215295,"95.0000":0.342271,"96.0000":0.419071,"97.0000":0.550399,"98.0000":0.771071,"99.0000":1.136639,"99.9000":2.686975,"99.9900":11.091967,"99.9990":12.091391,"99.9999":12.091391,"100.0000":12.091391},"allocations":{"total_heap":3012861190,"minor_heap":3044878660,"major_heap":201960941,"promoted_words":233978411,"promoted_pct":7.68},"domain_alloc_stats":{"0":{"total":1603905475,"minor":1608159267,"promoted":125851188,"major":121597396,"promoted_pct":7.83},"1":{"total":1408955715,"minor":1436719393,"promoted":108127223,"major":80363545,"promoted_pct":7.53}},"collections":{"minor":7074,"major":67,"forced_major":0,"compactions":0}}
{"version":1,"wall_time":14.28,"cpu_time":20.86,"gc_time":2.85,"gc_overhead":13.65,"max_rss_kb":2032944,"domain_stats":{"0":{"wall_time":14.28,"gc_time":1.45,"gc_overhead":10.15},"1":{"wall_time":6.58,"gc_time":1.4,"gc_overhead":21.24}},"mean_latency":0.105878,"stddev_latency":0.26665,"min_latency":0.0,"max_latency":12.681215,"distr_latency":{"25.0000":0.000431,"50.0000":0.026095,"60.0000":0.082047,"70.0000":0.123135,"75.0000":0.138367,"80.0000":0.153471,"85.0000":0.174079,"90.0000":0.217343,"95.0000":0.370431,"96.0000":0.445183,"97.0000":0.559103,"98.0000":0.793087,"99.0000":1.122303,"99.9000":2.498559,"99.9900":9.478143,"99.9990":12.681215,"99.9999":12.681215,"100.0000":12.681215},"allocations":{"total_heap":3017802368,"minor_heap":3049775562,"major_heap":202684265,"promoted_words":234657459,"promoted_pct":7.69},"domain_alloc_stats":{"0":{"total":1611664034,"minor":1616268846,"promoted":126938583,"major":122333771,"promoted_pct":7.85},"1":{"total":1406138334,"minor":1433506716,"promoted":107718876,"major":80350494,"promoted_pct":7.51}},"collections":{"minor":7100,"major":64,"forced_major":0,"compactions":0}}
{"version":1,"wall_time":14.61,"cpu_time":21.03,"gc_time":3.1,"gc_overhead":14.73,"max_rss_kb":2017540,"domain_stats":{"0":{"wall_time":14.61,"gc_time":1.72,"gc_overhead":11.75},"1":{"wall_time":6.42,"gc_time":1.38,"gc_overhead":21.49}},"mean_latency":0.111575,"stddev_latency":0.382217,"min_latency":0.0,"max_latency":40.992767,"distr_latency":{"25.0000":0.000423,"50.0000":0.032799,"60.0000":0.084031,"70.0000":0.124095,"75.0000":0.136831,"80.0000":0.148223,"85.0000":0.167295,"90.0000":0.222975,"95.0000":0.408575,"96.0000":0.502015,"97.0000":0.643583,"98.0000":0.842751,"99.0000":1.154047,"99.9000":2.830335,"99.9900":11.673599,"99.9990":40.992767,"99.9999":40.992767,"100.0000":40.992767},"allocations":{"total_heap":3096934830,"minor_heap":3120865998,"major_heap":220285067,"promoted_words":244216235,"promoted_pct":7.83},"domain_alloc_stats":{"0":{"total":1630458080,"minor":1631529643,"promoted":130508940,"major":129437377,"promoted_pct":8.0},"1":{"total":1466476750,"minor":1489336355,"promoted":113707295,"major":90847690,"promoted_pct":7.63}},"collections":{"minor":7336,"major":72,"forced_major":0,"compactions":0}}
{"version":1,"wall_time":14.46,"cpu_time":20.81,"gc_time":3.05,"gc_overhead":14.66,"max_rss_kb":2055988,"domain_stats":{"0":{"wall_time":14.46,"gc_time":1.58,"gc_overhead":10.9},"1":{"wall_time":6.35,"gc_time":1.48,"gc_overhead":23.24}},"mean_latency":0.110319,"stddev_latency":0.347974,"min_latency":0.0,"max_latency":31.997951,"distr_latency":{"25.0000":0.000431,"50.0000":0.031407,"60.0000":0.084479,"70.0000":0.123583,"75.0000":0.136959,"80.0000":0.153983,"85.0000":0.175231,"90.0000":0.223103,"95.0000":0.383743,"96.0000":0.466175,"97.0000":0.596991,"98.0000":0.821247,"99.0000":1.174527,"99.9000":2.623487,"99.9900":11.984895,"99.9990":31.997951,"99.9999":31.997951,"100.0000":31.997951},"allocations":{"total_heap":3096001726,"minor_heap":3121000722,"major_heap":219556612,"promoted_words":244555608,"promoted_pct":7.84},"domain_alloc_stats":{"0":{"total":1614254631,"minor":1625516343,"promoted":130581660,"major":119319948,"promoted_pct":8.03},"1":{"total":1481747095,"minor":1495484379,"promoted":113973948,"major":100236664,"promoted_pct":7.62}},"collections":{"minor":7341,"major":71,"forced_major":0,"compactions":0}}
{"version":1,"wall_time":14.54,"cpu_time":20.94,"gc_time":2.97,"gc_overhead":14.18,"max_rss_kb":2015168,"domain_stats":{"0":{"wall_time":14.54,"gc_time":1.51,"gc_overhead":10.4},"1":{"wall_time":6.4,"gc_time":1.46,"gc_overhead":22.75}},"mean_latency":0.108322,"stddev_latency":0.279839,"min_latency":0.0,"max_latency":15.081471,"distr_latency":{"25.0000":0.000423,"50.0000":0.033951,"60.0000":0.083391,"70.0000":0.124671,"75.0000":0.139903,"80.0000":0.153727,"85.0000":0.173311,"90.0000":0.220159,"95.0000":0.393727,"96.0000":0.478463,"97.0000":0.610303,"98.0000":0.800767,"99.0000":1.094655,"99.9000":2.836479,"99.9900":9.486335,"99.9990":15.081471,"99.9999":15.081471,"100.0000":15.081471},"allocations":{"total_heap":3103960212,"minor_heap":3128201817,"major_heap":220694446,"promoted_words":244936051,"promoted_pct":7.83},"domain_alloc_stats":{"0":{"total":1636731016,"minor":1639881077,"promoted":132907864,"major":129757803,"promoted_pct":8.1},"1":{"total":1467229196,"minor":1488320740,"promoted":112028187,"major":90936643,"promoted_pct":7.53}},"collections":{"minor":7299,"major":67,"forced_major":0,"compactions":0}}
{"version":1,"wall_time":14.41,"cpu_time":20.76,"gc_time":3.0,"gc_overhead":14.44,