{"version":1,"wall_time":1.23,"cpu_time":1.23,"gc_time":0.34,"gc_overhead":27.59,"max_rss_kb":328024,"domain_stats":{"0":{"wall_time":1.23,"gc_time":0.34,"gc_overhead":27.59}},"mean_latency":0.080791,"stddev_latency":0.287377,"min_latency":0.0,"max_latency":14.819327,"distr_latency":{"25.0000":0.000927,"50.0000":0.008135,"60.0000":0.020191,"70.0000":0.047615,"75.0000":0.085055,"80.0000":0.111679,"85.0000":0.148863,"90.0000":0.216831,"95.0000":0.331519,"96.0000":0.375807,"97.0000":0.487167,"98.0000":0.774143,"99.0000":0.902655,"99.9000":2.248703,"99.9900":14.819327,"99.9990":14.819327,"99.9999":14.819327,"100.0000":14.819327},"allocations":{"total_heap":539402649,"minor_heap":527581008,"major_heap":58169054,"promoted_words":46347413,"promoted_pct":8.78},"domain_alloc_stats":{"0":{"total":539402649,"minor":527581008,"promoted":46347413,"major":58169054,"promoted_pct":8.78}},"collections":{"minor":2034,"major":20,"forced_major":0,"compactions":0}}
{"version":1,"wall_time":1.22,"cpu_time":1.22,"gc_time":0.33,"gc_overhead":26.84,"max_rss_kb":332324,"domain_stats":{"0":{"wall_time":1.22,"gc_time":0.33,"gc_overhead":26.84}},"mean_latency":0.07799,"stddev_latency":0.277225,"min_latency":0.0,"max_latency":14.270463,"distr_latency":{"25.0000":0.000943,"50.0000":0.007975,"60.0000":0.019743,"70.0000":0.046175,"75.0000":0.082367,"80.0000":0.108479,"85.0000":0.145791,"90.0000":0.203007,"95.0000":0.322559,"96.0000":0.363519,"97.0000":0.464639,"98.0000":0.748543,"99.0000":0.916479,"99.9000":2.156543,"99.9900":14.270463,"99.9990":14.270463,"99.9999":14.270463,"100.0000":14.270463},"allocations":{"total_heap":539402649,"minor_heap":527581008,"major_heap":58169054,"promoted_words":46347413,"promoted_pct":8.78},"domain_alloc_stats":{"0":{"total":539402649,"minor":527581008,"promoted":46347413,"major":58169054,"promoted_pct":8.78}},"collections":{"minor":2034,"major":20,"forced_major":0,"compactions":0}}
{"version":1,"wall_time":1.23,"cpu_time":1.23,"gc_time":0.33,"gc_overhead":27.22,"max_rss_kb":331244,"domain_stats":{"0":{"wall_time":1.23,"gc_time":0.33,"gc_overhead":27.22}},"mean_latency":0.079402,"stddev_latency":0.285251,"min_latency":0.0,"max_latency":14.737407,"distr_latency":{"25.0000":0.000943,"50.0000":0.007903,"60.0000":0.019775,"70.0000":0.047199,"75.0000":0.083455,"80.0000":0.109183,"85.0000":0.148223,"90.0000":0.211455,"95.0000":0.322815,"96.0000":0.355583,"97.0000":0.476415,"98.0000":0.737791,"99.0000":0.923135,"99.9000":2.232319,"99.9900":14.737407,"99.9990":14.737407,"99.9999":14.737407,"100.0000":14.737407},"allocations":{"total_heap":539402649,"minor_heap":527581008,"major_heap":58169054,"promoted_words":46347413,"promoted_pct":8.78},"domain_alloc_stats":{"0":{"total":539402649,"minor":527581008,"promoted":46347413,"major":58169054,"promoted_pct":8.78}},"collections":{"minor":2034,"major":20,"forced_major":0,"compactions":0}}
{"version":1,"wall_time":1.22,"cpu_time":1.22,"gc_time":0.34,"gc_overhead":27.43,"max_rss_kb":331828,"domain_stats":{"0":{"wall_time":1.22,"gc_time":0.34,"gc_overhead":27.43}},"mean_latency":0.079959,"stddev_latency":0.285771,"min_latency":0.0,"max_latency":14.729215,"distr_latency":{"25.0000":0.000935,"50.0000":0.007911,"60.0000":0.020143,"70.0000":0.046847,"75.0000":0.083647,"80.0000":0.109311,"85.0000":0.147967,"90.0000":0.213375,"95.0000":0.325631,"96.0000":0.378879,"97.0000":0.477439,"98.0000":0.747519,"99.0000":0.935423,"99.9000":2.205695,"99.9900":14.729215,"99.9990":14.729215,"99.9999":14.729215,"100.0000":14.729215},"allocations":{"total_heap":539402649,"minor_heap":527581008,"major_heap":58169054,"promoted_words":46347413,"promoted_pct":8.78},"domain_alloc_stats":{"0":{"total":539402649,"minor":527581008,"promoted":46347413,"major":58169054,"promoted_pct":8.78}},"collections":{"minor":2034,"major":20,"forced_major":0,"compactions":0}}
{"version":1,"wall_time":1.22,"cpu_time":1.22,"gc_time":0.33,"gc_overhead":26.82,"max_rss_kb":332420,"domain_stats":{"0":{"wall_time":1.22,"gc_time":0.33,"gc_overhead":26.82}},"mean_latency":0.077542,"stddev_latency":0.277129,"min_latency":0.0,"max_latency":14.327807,"distr_latency":{"25.0000":0.000943,"50.0000":0.007831,"60.0000":0.019935,"70.0000":0.045791,"75.0000":0.081151,"80.0000":0.107327,"85.0000":0.145791,"90.0000":0.202879,"95.0000":0.318207,"96.0000":0.353535,"97.0000":0.450815,"98.0000":0.744959,"99.0000":0.890367,"99.9000":2.187263,"99.9900":14.327807,"99.9990":14.327807,"99.9999":14.327807,"100.0000":14.327807},"allocations":{"total_heap":539402649,"minor_heap":527581008,"major_heap":58169054,"promoted_words":46347413,"promoted_pct":8.78},"domain_alloc_stats":{"0":{"total":539402649,"minor":527581008,"promoted":46347413,"major":58169054,"promoted_pct":8.78}},"collections":{"minor":2034,"major":20,"forced_major":0,"compactions":0}}
{"version":1,"wall_time":1.22,"cpu_time":1.22,"gc_time":0.34,"gc_overhead":27.54,"max_rss_kb":331656,"domain_stats":{"0":{"wall_time":1.22,"gc_time":0.34,"gc_overhead":27.54}},"mean_latency":0.080289,"stddev_latency":0.29307,"min_latency":0.0,"max_latency":15.319039,"distr_latency":{"25.0000":0.000951,"50.0000":0.007943,"60.0000":0.020047,"70.0000":0.046847,"75.0000":0.083647,"80.0000":0.109823,"85.0000":0.147583,"90.0000":0.211967,"95.0000":0.326399,"96.0000":0.376063,"97.0000":0.488191,"98.0000":0.745983,"99.0000":0.920063,"99.9000":2.226175,"99.9900":15.319039,"99.9990":15.319039,"99.9999":15.319039,"100.0000":15.319039},"allocations":{"total_heap":539402649,"minor_heap":527581008,"major_heap":58169054,"promoted_words":46347413,"promoted_pct":8.78},"domain_alloc_stats":{"0":{"total":539402649,"minor":527581008,"promoted":46347413,"major":58169054,"promoted_pct":8.78}},"collections":{"minor":2034,"major":20,"forced_major":0,"compactions":0}}
{"version":1,"wall_time":1.22,"cpu_time":1.22,"gc_time":0.33,"gc_overhead":26.91,"max_rss_kb":332232,"domain_stats":{"0":{"wall_time":1.22,"gc_time":0.33,"gc_overhead":26.91}},"mean_latency":0.078253,"stddev_latency":0.281885,"min_latency":0.0,"max_latency":14.630911,"distr_latency":{"25.0000":0.000895,"50.0000":0.007911,"60.0000":0.019743,"70.0000":0.046431,"75.0000":0.081983,"80.0000":0.109631,"85.0000":0.145407,"90.0000":0.204031,"95.0000":0.323583,"96.0000":0.346111,"97.0000":0.459519,"98.0000":0.766463,"99.0000":0.925183,"99.9000":2.156543,"99.9900":14.630911,"99.9990":14.630911,"99.9999":14.630911,"100.0000":14.630911},"allocations":{"total_heap":539402649,"minor_heap":527581008,"major_heap":58169054,"promoted_words":46347413,"promoted_pct":8.78},"domain_alloc_stats":{"0":{"total":539402649,"minor":527581008,"promoted":46347413,"major":58169054,"promoted_pct":8.78}},"collections":{"minor":2034,"major":20,"forced_major":0,"compactions":0}}
{"version":1,"wall_time":1.21,"cpu_time":1.21,"gc_time":0.32,"gc_overhead":26.78,"max_rss_kb":332392,"domain_stats":{"0":{"wall_time":1.21,"gc_time":0.32,"gc_overhead":26.78}},"mean_latency":0.077331,"stddev_latency":0.273891,"min_latency":0.0,"max_latency":14.106623,"distr_latency":{"25.0000":0.000935,"50.0000":0.007855,"60.0000":0.019791,"70.0000":0.046367,"75.0000":0.082111,"80.0000":0.108223,"85.0000":0.145919,"90.0000":0.201983,"95.0000":0.320511,"96.0000":0.351743,"97.0000":0.451839,"98.0000":0.742399,"99.0000":0.902655,"99.9000":2.158591,"99.9900":14.106623,"99.9990":14.106623,"99.9999":14.106623,"100.0000":14.106623},"allocations":{"total_heap":539402649,"minor_heap":527581008,"major_heap":58169054,"promoted_words":46347413,"promoted_pct":8.78},"domain_alloc_stats":{"0":{"total":539402649,"minor":527581008,"promoted":46347413,"major":58169054,"promoted_pct":8.78}},"collections":{"minor":2034,"major":20,"forced_major":0,"compactions":0}}
{"version":1,"wall_time":1.22,"cpu_time":1.22,"gc_time":0.33,"gc_overhead":26.87,"max_rss_kb":332364,"domain_stats":{"0":{"wall_time":1.22,"gc_time":0.33,"gc_overhead":26.87}},"mean_latency":0.078066,"stddev_latency":0.277522,"min_latency":0.0,"max_latency":14.319615,"distr_latency":{"25.0000":0.000975,"50.0000":0.007855,