{"version":1,"wall_time":2.56,"cpu_time":2.56,"gc_time":0.02,"gc_overhead":0.93,"max_rss_kb":19132,"domain_stats":{"0":{"wall_time":2.56,"gc_time":0.02,"gc_overhead":0.93}},"mean_latency":0.004886,"stddev_latency":0.005234,"min_latency":0.0,"max_latency":0.063871,"distr_latency":{"25.0000":0.000367,"50.0000":0.003887,"60.0000":0.004591,"70.0000":0.005623,"75.0000":0.006727,"80.0000":0.007911,"85.0000":0.009687,"90.0000":0.011887,"95.0000":0.016335,"96.0000":0.017471,"97.0000":0.018655,"98.0000":0.020431,"99.0000":0.022239,"99.9000":0.028383,"99.9900":0.063871,"99.9990":0.063871,"99.9999":0.063871,"100.0000":0.063871},"allocations":{"total_heap":333059844,"minor_heap":252195428,"major_heap":83214299,"promoted_words":2349883,"promoted_pct":0.93},"domain_alloc_stats":{"0":{"total":333059844,"minor":252195428,"promoted":2349883,"major":83214299,"promoted_pct":0.93}},"collections":{"minor":2122,"major":1531,"forced_major":0,"compactions":0}}
{"version":1,"wall_time":2.53,"cpu_time":2.53,"gc_time":0.02,"gc_overhead":0.94,"max_rss_kb":19176,"domain_stats":{"0":{"wall_time":2.53,"gc_time":0.02,"gc_overhead":0.94}},"mean_latency":0.004882,"stddev_latency":0.005384,"min_latency":0.0,"max_latency":0.075647,"distr_latency":{"25.0000":0.000367,"50.0000":0.003903,"60.0000":0.004583,"70.0000":0.005527,"75.0000":0.006687,"80.0000":0.007895,"85.0000":0.009575,"90.0000":0.011847,"95.0000":0.016231,"96.0000":0.017567,"97.0000":0.018911,"98.0000":0.020223,"99.0000":0.022063,"99.9000":0.029375,"99.9900":0.075647,"99.9990":0.075647,"99.9999":0.075647,"100.0000":0.075647},"allocations":{"total_heap":333059844,"minor_heap":252195428,"major_heap":83214299,"promoted_words":2349883,"promoted_pct":0.93},"domain_alloc_stats":{"0":{"total":333059844,"minor":252195428,"promoted":2349883,"major":83214299,"promoted_pct":0.93}},"collections":{"minor":2122,"major":1531,"forced_major":0,"compactions":0}}
{"version":1,"wall_time":2.54,"cpu_time":2.54,"gc_time":0.02,"gc_overhead":0.92,"max_rss_kb":19112,"domain_stats":{"0":{"wall_time":2.54,"gc_time":0.02,"gc_overhead":0.92}},"mean_latency":0.004782,"stddev_latency":0.005122,"min_latency":0.0,"max_latency":0.062879,"distr_latency":{"25.0000":0.000367,"50.0000":0.003823,"60.0000":0.004527,"70.0000":0.005447,"75.0000":0.006543,"80.0000":0.007743,"85.0000":0.009431,"90.0000":0.011631,"95.0000":0.016023,"96.0000":0.017135,"97.0000":0.018335,"98.0000":0.019887,"99.0000":0.021791,"99.9000":0.028175,"99.9900":0.062879,"99.9990":0.062879,"99.9999":0.062879,"100.0000":0.062879},"allocations":{"total_heap":333059844,"minor_heap":252195428,"major_heap":83214299,"promoted_words":2349883,"promoted_pct":0.93},"domain_alloc_stats":{"0":{"total":333059844,"minor":252195428,"promoted":2349883,"major":83214299,"promoted_pct":0.93}},"collections":{"minor":2122,"major":1531,"forced_major":0,"compactions":0}}
{"version":1,"wall_time":2.54,"cpu_time":2.54,"gc_time":0.02,"gc_overhead":0.93,"max_rss_kb":18736,"domain_stats":{"0":{"wall_time":2.54,"gc_time":0.02,"gc_overhead":0.93}},"mean_latency":0.004861,"stddev_latency":0.005219,"min_latency":0.0,"max_latency":0.069055,"distr_latency":{"25.0000":0.000367,"50.0000":0.003871,"60.0000":0.004567,"70.0000":0.005551,"75.0000":0.006655,"80.0000":0.007871,"85.0000":0.009591,"90.0000":0.011751,"95.0000":0.016231,"96.0000":0.017375,"97.0000":0.018671,"98.0000":0.020223,"99.0000":0.021935,"99.9000":0.027615,"99.9900":0.069055,"99.9990":0.069055,"99.9999":0.069055,"100.0000":0.069055},"allocations":{"total_heap":333059844,"minor_heap":252195428,"major_heap":83214299,"promoted_words":2349883,"promoted_pct":0.93},"domain_alloc_stats":{"0":{"total":333059844,"minor":252195428,"promoted":2349883,"major":83214299,"promoted_pct":0.93}},"collections":{"minor":2122,"major":1531,"forced_major":0,"compactions":0}}
{"version":1,"wall_time":2.54,"cpu_time":2.54,"gc_time":0.02,"gc_overhead":0.93,"max_rss_kb":18992,"domain_stats":{"0":{"wall_time":2.54,"gc_time":0.02,"gc_overhead":0.93}},"mean_latency":0.004832,"stddev_latency":0.005259,"min_latency":0.0,"max_latency":0.070783,"distr_latency":{"25.0000":0.000351,"50.0000":0.003823,"60.0000":0.004503,"70.0000":0.005471,"75.0000":0.006591,"80.0000":0.007711,"85.0000":0.009583,"90.0000":0.011775,"95.0000":0.016399,"96.0000":0.017407,"97.0000":0.018671,"98.0000":0.020223,"99.0000":0.022143,"99.9000":0.028511,"99.9900":0.070783,"99.9990":0.070783,"99.9999":0.070783,"100.0000":0.070783},"allocations":{"total_heap":333059844,"minor_heap":252195428,"major_heap":83214299,"promoted_words":2349883,"promoted_pct":0.93},"domain_alloc_stats":{"0":{"total":333059844,"minor":252195428,"promoted":2349883,"major":83214299,"promoted_pct":0.93}},"collections":{"minor":2122,"major":1531,"forced_major":0,"compactions":0}}
{"version":1,"wall_time":2.53,"cpu_time":2.53,"gc_time":0.02,"gc_overhead":0.93,"max_rss_kb":19080,"domain_stats":{"0":{"wall_time":2.53,"gc_time":0.02,"gc_overhead":0.93}},"mean_latency":0.004818,"stddev_latency":0.005157,"min_latency":0.0,"max_latency":0.072959,"distr_latency":{"25.0000":0.000375,"50.0000":0.003863,"60.0000":0.004567,"70.0000":0.005543,"75.0000":0.006615,"80.0000":0.007783,"85.0000":0.009511,"90.0000":0.011615,"95.0000":0.015823,"96.0000":0.017103,"97.0000":0.018319,"98.0000":0.019919,"99.0000":0.021663,"99.9000":0.028431,"99.9900":0.072959,"99.9990":0.072959,"99.9999":0.072959,"100.0000":0.072959},"allocations":{"total_heap":333059844,"minor_heap":252195428,"major_heap":83214299,"promoted_words":2349883,"promoted_pct":0.93},"domain_alloc_stats":{"0":{"total":333059844,"minor":252195428,"promoted":2349883,"major":83214299,"promoted_pct":0.93}},"collections":{"minor":2122,"major":1531,"forced_major":0,"compactions":0}}
{"version":1,"wall_time":2.54,"cpu_time":2.54,"gc_time":0.02,"gc_overhead":0.94,"max_rss_kb":18988,"domain_stats":{"0":{"wall_time":2.54,"gc_time":0.02,"gc_overhead":0.94}},"mean_latency":0.00487,"stddev_latency":0.005247,"min_latency":0.0,"max_latency":0.066175,"distr_latency":{"25.0000":0.000375,"50.0000":0.003863,"60.0000":0.004575,"70.0000":0.005535,"75.0000":0.006671,"80.0000":0.007791,"85.0000":0.009607,"90.0000":0.011815,"95.0000":0.016335,"96.0000":0.017471,"97.0000":0.018799,"98.0000":0.020415,"99.0000":0.022191,"99.9000":0.028623,"99.9900":0.066175,"99.9990":0.066175,"99.9999":0.066175,"100.0000":0.066175},"allocations":{"total_heap":333059844,"minor_heap":252195428,"major_heap":83214299,"promoted_words":2349883,"promoted_pct":0.93},"domain_alloc_stats":{"0":{"total":333059844,"minor":252195428,"promoted":2349883,"major":83214299,"promoted_pct":0.93}},"collections":{"minor":2122,"major":1531,"forced_major":0,"compactions":0}}
{"version":1,"wall_time":2.53,"cpu_time":2.53,"gc_time":0.02,"gc_overhead":0.93,"max_rss_kb":19268,"domain_stats":{"0":{"wall_time":2.53,"gc_time":0.02,"gc_overhead":0.93}},"mean_latency":0.004805,"stddev_latency":0.005157,"min_latency":0.0,"max_latency":0.061311,"distr_latency":{"25.0000":0.000367,"50.0000":0.003823,"60.0000":0.004551,"70.0000":0.005487,"75.0000":0.006631,"80.0000":0.007711,"85.0000":0.009495,"90.0000":0.011703,"95.0000":0.015967,"96.0000":0.017199,"97.0000":0.018319,"98.0000":0.019935,"99.0000":0.021647,"99.9000":0.028591,"99.9900":0.061311,"99.9990":0.061311,"99.9999":0.061311,"100.0000":0.061311},"allocations":{"total_heap":333059844,"minor_heap":252195428,"major_heap":83214299,"promoted_words":2349883,"promoted_pct":0.93},"domain_alloc_stats":{"0":{"total":333059844,"minor":252195428,"promoted":2349883,"major":83214299,"promoted_pct":0.93}},"collections":{"minor":2122,"major":1531,"forced_major":0,"compactions":0}}
{"version":1,"wall_time":2.54,"cpu_time":2.54,"gc_time":0.02,"gc_overhead":0.95,"max_rss_kb":19084,"domain_stats":{"0":{"wall_time":2.54,"gc_time":0.02,"gc_overhead":0.95}},"mean_latency":0.004915,"stddev_latency":0.005286,"min_latency":0.0,"max_latency":0.066495,"distr_latency":{"25.0000":0.000375,"50.0000":0.003903,"60.0000":0.004647,"70.0000":0.005623,"75.0000":0.006735,