{"version":1,"wall_time":2.06,"cpu_time":2.06,"gc_time":0.76,"gc_overhead":37.0,"max_rss_kb":373812,"domain_stats":{"0":{"wall_time":2.06,"gc_time":0.76,"gc_overhead":37.0}},"mean_latency":0.35733,"stddev_latency":0.441873,"min_latency":0.0,"max_latency":3.172351,"distr_latency":{"25.0000":0.063711,"50.0000":0.189951,"60.0000":0.291071,"70.0000":0.379903,"75.0000":0.467711,"80.0000":0.524799,"85.0000":0.670719,"90.0000":0.930303,"95.0000":1.281023,"96.0000":1.464319,"97.0000":1.651711,"98.0000":1.859583,"99.0000":2.099199,"99.9000":2.822143,"99.9900":3.172351,"99.9990":3.172351,"99.9999":3.172351,"100.0000":3.172351},"allocations":{"total_heap":266537364,"minor_heap":253068017,"major_heap":120755584,"promoted_words":107286237,"promoted_pct":42.39},"domain_alloc_stats":{"0":{"total":266537364,"minor":253068017,"promoted":107286237,"major":120755584,"promoted_pct":42.39}},"collections":{"minor":1000,"major":28,"forced_major":0,"compactions":0}}
{"version":1,"wall_time":2.07,"cpu_time":2.07,"gc_time":0.76,"gc_overhead":36.84,"max_rss_kb":373720,"domain_stats":{"0":{"wall_time":2.07,"gc_time":0.76,"gc_overhead":36.84}},"mean_latency":0.3562,"stddev_latency":0.441791,"min_latency":0.0,"max_latency":3.176447,"distr_latency":{"25.0000":0.063199,"50.0000":0.193151,"60.0000":0.293631,"70.0000":0.374783,"75.0000":0.466687,"80.0000":0.517119,"85.0000":0.657407,"90.0000":0.942079,"95.0000":1.291263,"96.0000":1.466367,"97.0000":1.661951,"98.0000":1.862655,"99.0000":2.109439,"99.9000":2.793471,"99.9900":3.176447,"99.9990":3.176447,"99.9999":3.176447,"100.0000":3.176447},"allocations":{"total_heap":266537364,"minor_heap":253068017,"major_heap":120755584,"promoted_words":107286237,"promoted_pct":42.39},"domain_alloc_stats":{"0":{"total":266537364,"minor":253068017,"promoted":107286237,"major":120755584,"promoted_pct":42.39}},"collections":{"minor":1000,"major":28,"forced_major":0,"compactions":0}}
{"version":1,"wall_time":2.05,"cpu_time":2.05,"gc_time":0.76,"gc_overhead":36.89,"max_rss_kb":373780,"domain_stats":{"0":{"wall_time":2.05,"gc_time":0.76,"gc_overhead":36.89}},"mean_latency":0.354565,"stddev_latency":0.435757,"min_latency":0.0,"max_latency":3.186687,"distr_latency":{"25.0000":0.062975,"50.0000":0.187263,"60.0000":0.291839,"70.0000":0.380415,"75.0000":0.468735,"80.0000":0.528895,"85.0000":0.659967,"90.0000":0.931327,"95.0000":1.271807,"96.0000":1.423359,"97.0000":1.646591,"98.0000":1.818623,"99.0000":2.077695,"99.9000":2.779135,"99.9900":3.186687,"99.9990":3.186687,"99.9999":3.186687,"100.0000":3.186687},"allocations":{"total_heap":266537364,"minor_heap":253068017,"major_heap":120755584,"promoted_words":107286237,"promoted_pct":42.39},"domain_alloc_stats":{"0":{"total":266537364,"minor":253068017,"promoted":107286237,"major":120755584,"promoted_pct":42.39}},"collections":{"minor":1000,"major":28,"forced_major":0,"compactions":0}}
{"version":1,"wall_time":2.07,"cpu_time":2.07,"gc_time":0.76,"gc_overhead":36.59,"max_rss_kb":373820,"domain_stats":{"0":{"wall_time":2.07,"gc_time":0.76,"gc_overhead":36.59}},"mean_latency":0.354677,"stddev_latency":0.438798,"min_latency":0.0,"max_latency":3.192831,"distr_latency":{"25.0000":0.064415,"50.0000":0.191999,"60.0000":0.294399,"70.0000":0.373503,"75.0000":0.465151,"80.0000":0.514815,"85.0000":0.657919,"90.0000":0.931839,"95.0000":1.276927,"96.0000":1.454079,"97.0000":1.645567,"98.0000":1.845247,"99.0000":2.076671,"99.9000":2.803711,"99.9900":3.192831,"99.9990":3.192831,"99.9999":3.192831,"100.0000":3.192831},"allocations":{"total_heap":266537364,"minor_heap":253068017,"major_heap":120755584,"promoted_words":107286237,"promoted_pct":42.39},"domain_alloc_stats":{"0":{"total":266537364,"minor":253068017,"promoted":107286237,"major":120755584,"promoted_pct":42.39}},"collections":{"minor":1000,"major":28,"forced_major":0,"compactions":0}}
{"version":1,"wall_time":2.07,"cpu_time":2.07,"gc_time":0.76,"gc_overhead":36.76,"max_rss_kb":373716,"domain_stats":{"0":{"wall_time":2.07,"gc_time":0.76,"gc_overhead":36.76}},"mean_latency":0.35524,"stddev_latency":0.440756,"min_latency":0.0,"max_latency":3.196927,"distr_latency":{"25.0000":0.063103,"50.0000":0.190207,"60.0000":0.295167,"70.0000":0.373759,"75.0000":0.462079,"80.0000":0.519167,"85.0000":0.657407,"90.0000":0.937471,"95.0000":1.287167,"96.0000":1.446911,"97.0000":1.639423,"98.0000":1.857535,"99.0000":2.119679,"99.9000":2.805759,"99.9900":3.196927,"99.9990":3.196927,"99.9999":3.196927,"100.0000":3.196927},"allocations":{"total_heap":266537364,"minor_heap":253068017,"major_heap":120755584,"promoted_words":107286237,"promoted_pct":42.39},"domain_alloc_stats":{"0":{"total":266537364,"minor":253068017,"promoted":107286237,"major":120755584,"promoted_pct":42.39}},"collections":{"minor":1000,"major":28,"forced_major":0,"compactions":0}}
{"version":1,"wall_time":2.06,"cpu_time":2.06,"gc_time":0.76,"gc_overhead":36.78,"max_rss_kb":373744,"domain_stats":{"0":{"wall_time":2.06,"gc_time":0.76,"gc_overhead":36.78}},"mean_latency":0.354215,"stddev_latency":0.439937,"min_latency":0.0,"max_latency":3.180543,"distr_latency":{"25.0000":0.063007,"50.0000":0.188799,"60.0000":0.293375,"70.0000":0.376831,"75.0000":0.462847,"80.0000":0.520703,"85.0000":0.650239,"90.0000":0.941055,"95.0000":1.284095,"96.0000":1.459199,"97.0000":1.647615,"98.0000":1.842175,"99.0000":2.083839,"99.9000":2.770943,"99.9900":3.180543,"99.9990":3.180543,"99.9999":3.180543,"100.0000":3.180543},"allocations":{"total_heap":266537364,"minor_heap":253068017,"major_heap":120755584,"promoted_words":107286237,"promoted_pct":42.39},"domain_alloc_stats":{"0":{"total":266537364,"minor":253068017,"promoted":107286237,"major":120755584,"promoted_pct":42.39}},"collections":{"minor":1000,"major":28,"forced_major":0,"compactions":0}}
{"version":1,"wall_time":2.08,"cpu_time":2.08,"gc_time":0.76,"gc_overhead":36.79,"max_rss_kb":373812,"domain_stats":{"0":{"wall_time":2.08,"gc_time":0.76,"gc_overhead":36.79}},"mean_latency":0.357129,"stddev_latency":0.440869,"min_latency":0.0,"max_latency":3.160063,"distr_latency":{"25.0000":0.063775,"50.0000":0.189695,"60.0000":0.292095,"70.0000":0.380159,"75.0000":0.470015,"80.0000":0.532991,"85.0000":0.668159,"90.0000":0.930815,"95.0000":1.279999,"96.0000":1.457151,"97.0000":1.650687,"98.0000":1.854463,"99.0000":2.123775,"99.9000":2.836479,"99.9900":3.160063,"99.9990":3.160063,"99.9999":3.160063,"100.0000":3.160063},"allocations":{"total_heap":266537364,"minor_heap":253068017,"major_heap":120755584,"promoted_words":107286237,"promoted_pct":42.39},"domain_alloc_stats":{"0":{"total":266537364,"minor":253068017,"promoted":107286237,"major":120755584,"promoted_pct":42.39}},"collections":{"minor":1000,"major":28,"forced_major":0,"compactions":0}}
{"version":1,"wall_time":2.07,"cpu_time":2.07,"gc_time":0.77,"gc_overhead":37.02,"max_rss_kb":373680,"domain_stats":{"0":{"wall_time":2.07,"gc_time":0.77,"gc_overhead":37.02}},"mean_latency":0.358763,"stddev_latency":0.446306,"min_latency":0.0,"max_latency":3.166207,"distr_latency":{"25.0000":0.064319,"50.0000":0.187647,"60.0000":0.292863,"70.0000":0.378879,"75.0000":0.469503,"80.0000":0.526847,"85.0000":0.660479,"90.0000":0.947199,"95.0000":1.306623,"96.0000":1.486847,"97.0000":1.699839,"98.0000":1.883135,"99.0000":2.125823,"99.9000":2.856959,"99.9900":3.166207,"99.9990":3.166207,"99.9999":3.166207,"100.0000":3.166207},"allocations":{"total_heap":266537364,"minor_heap":253068017,"major_heap":120755584,"promoted_words":107286237,"promoted_pct":42.39},"domain_alloc_stats":{"0":{"total":266537364,"minor":253068017,"promoted":107286237,"major":120755584,"promoted_pct":42.39}},"collections":{"minor":1000,"major":28,"forced_major":0,"compactions":0}}
{"version":1,"wall_time":2.06,"cpu_time":2.06,"gc_time":0.76,"gc_overhead":37.0,"max_rss_kb":373676,"domain_stats":{"0":{"wall_time":2.06,"gc_time":0.76,"gc_overhead":37.0}},"mean_latency":0.356585,"stddev_latency":0.442773,"min_latency":0.0,"max_latency":3.176447,"distr_latency":{"25.0000":0.064415,"50.0000":0.191871,