{"version":1,"wall_time":3.64,"cpu_time":3.64,"gc_time":0.34,"gc_overhead":9.42,"max_rss_kb":54256,"domain_stats":{"0":{"wall_time":3.64,"gc_time":0.34,"gc_overhead":9.42}},"mean_latency":0.02722,"stddev_latency":0.030258,"min_latency":0.0,"max_latency":0.362239,"distr_latency":{"25.0000":0.007991,"50.0000":0.018623,"60.0000":0.024207,"70.0000":0.031295,"75.0000":0.035615,"80.0000":0.040447,"85.0000":0.046207,"90.0000":0.052799,"95.0000":0.088383,"96.0000":0.103103,"97.0000":0.119615,"98.0000":0.136703,"99.0000":0.157951,"99.9000":0.197375,"99.9900":0.223487,"99.9990":0.362239,"99.9999":0.362239,"100.0000":0.362239},"allocations":{"total_heap":1652411565,"minor_heap":1652409449,"major_heap":73555084,"promoted_words":73552968,"promoted_pct":4.45},"domain_alloc_stats":{"0":{"total":1652411565,"minor":1652409449,"promoted":73552968,"major":73555084,"promoted_pct":4.45}},"collections":{"minor":6351,"major":95,"forced_major":0,"compactions":0}}
{"version":1,"wall_time":3.66,"cpu_time":3.66,"gc_time":0.34,"gc_overhead":9.23,"max_rss_kb":54048,"domain_stats":{"0":{"wall_time":3.66,"gc_time":0.34,"gc_overhead":9.23}},"mean_latency":0.026788,"stddev_latency":0.029467,"min_latency":0.0,"max_latency":0.293119,"distr_latency":{"25.0000":0.007903,"50.0000":0.018143,"60.0000":0.023823,"70.0000":0.031023,"75.0000":0.035551,"80.0000":0.040159,"85.0000":0.045663,"90.0000":0.052063,"95.0000":0.087615,"96.0000":0.101695,"97.0000":0.116031,"98.0000":0.132735,"99.0000":0.154111,"99.9000":0.189823,"99.9900":0.235135,"99.9990":0.293119,"99.9999":0.293119,"100.0000":0.293119},"allocations":{"total_heap":1652411422,"minor_heap":1652409306,"major_heap":73622884,"promoted_words":73620768,"promoted_pct":4.46},"domain_alloc_stats":{"0":{"total":1652411422,"minor":1652409306,"promoted":73620768,"major":73622884,"promoted_pct":4.46}},"collections":{"minor":6351,"major":95,"forced_major":0,"compactions":0}}
{"version":1,"wall_time":3.64,"cpu_time":3.64,"gc_time":0.34,"gc_overhead":9.39,"max_rss_kb":54344,"domain_stats":{"0":{"wall_time":3.64,"gc_time":0.34,"gc_overhead":9.39}},"mean_latency":0.027131,"stddev_latency":0.03022,"min_latency":0.0,"max_latency":0.332031,"distr_latency":{"25.0000":0.007935,"50.0000":0.018335,"60.0000":0.023983,"70.0000":0.031327,"75.0000":0.035615,"80.0000":0.040383,"85.0000":0.046175,"90.0000":0.052735,"95.0000":0.089791,"96.0000":0.102399,"97.0000":0.118911,"98.0000":0.136063,"99.0000":0.157183,"99.9000":0.204671,"99.9900":0.229759,"99.9990":0.332031,"99.9999":0.332031,"100.0000":0.332031},"allocations":{"total_heap":1652411624,"minor_heap":1652409508,"major_heap":73546180,"promoted_words":73544064,"promoted_pct":4.45},"domain_alloc_stats":{"0":{"total":1652411624,"minor":1652409508,"promoted":73544064,"major":73546180,"promoted_pct":4.45}},"collections":{"minor":6351,"major":95,"forced_major":0,"compactions":0}}
{"version":1,"wall_time":3.63,"cpu_time":3.63,"gc_time":0.34,"gc_overhead":9.45,"max_rss_kb":54312,"domain_stats":{"0":{"wall_time":3.63,"gc_time":0.34,"gc_overhead":9.45}},"mean_latency":0.027206,"stddev_latency":0.030116,"min_latency":0.0,"max_latency":0.359167,"distr_latency":{"25.0000":0.007927,"50.0000":0.018383,"60.0000":0.024287,"70.0000":0.031215,"75.0000":0.035839,"80.0000":0.040639,"85.0000":0.046463,"90.0000":0.053119,"95.0000":0.089215,"96.0000":0.103871,"97.0000":0.118655,"98.0000":0.135935,"99.0000":0.156031,"99.9000":0.194431,"99.9900":0.223103,"99.9990":0.359167,"99.9999":0.359167,"100.0000":0.359167},"allocations":{"total_heap":1652411662,"minor_heap":1652409546,"major_heap":73596854,"promoted_words":73594738,"promoted_pct":4.45},"domain_alloc_stats":{"0":{"total":1652411662,"minor":1652409546,"promoted":73594738,"major":73596854,"promoted_pct":4.45}},"collections":{"minor":6351,"major":95,"forced_major":0,"compactions":0}}
{"version":1,"wall_time":3.63,"cpu_time":3.63,"gc_time":0.34,"gc_overhead":9.42,"max_rss_kb":54492,"domain_stats":{"0":{"wall_time":3.63,"gc_time":0.34,"gc_overhead":9.42}},"mean_latency":0.027131,"stddev_latency":0.030127,"min_latency":0.0,"max_latency":0.317695,"distr_latency":{"25.0000":0.007823,"50.0000":0.018431,"60.0000":0.023983,"70.0000":0.031183,"75.0000":0.035711,"80.0000":0.040639,"85.0000":0.046367,"90.0000":0.052863,"95.0000":0.089855,"96.0000":0.103807,"97.0000":0.119423,"98.0000":0.134655,"99.0000":0.155391,"99.9000":0.199423,"99.9900":0.239743,"99.9990":0.317695,"99.9999":0.317695,"100.0000":0.317695},"allocations":{"total_heap":1652411280,"minor_heap":1652409164,"major_heap":73667046,"promoted_words":73664930,"promoted_pct":4.46},"domain_alloc_stats":{"0":{"total":1652411280,"minor":1652409164,"promoted":73664930,"major":73667046,"promoted_pct":4.46}},"collections":{"minor":6351,"major":95,"forced_major":0,"compactions":0}}
{"version":1,"wall_time":3.66,"cpu_time":3.66,"gc_time":0.35,"gc_overhead":9.44,"max_rss_kb":54204,"domain_stats":{"0":{"wall_time":3.66,"gc_time":0.35,"gc_overhead":9.44}},"mean_latency":0.027383,"stddev_latency":0.030327,"min_latency":0.0,"max_latency":0.294911,"distr_latency":{"25.0000":0.008007,"50.0000":0.018367,"60.0000":0.024303,"70.0000":0.031535,"75.0000":0.036031,"80.0000":0.040959,"85.0000":0.046719,"90.0000":0.053631,"95.0000":0.090175,"96.0000":0.103487,"97.0000":0.118591,"98.0000":0.134911,"99.0000":0.157951,"99.9000":0.199167,"99.9900":0.279807,"99.9990":0.294911,"99.9999":0.294911,"100.0000":0.294911},"allocations":{"total_heap":1652411691,"minor_heap":1652409575,"major_heap":73524426,"promoted_words":73522310,"promoted_pct":4.45},"domain_alloc_stats":{"0":{"total":1652411691,"minor":1652409575,"promoted":73522310,"major":73524426,"promoted_pct":4.45}},"collections":{"minor":6351,"major":95,"forced_major":0,"compactions":0}}
{"version":1,"wall_time":3.65,"cpu_time":3.65,"gc_time":0.34,"gc_overhead":9.44,"max_rss_kb":54256,"domain_stats":{"0":{"wall_time":3.65,"gc_time":0.34,"gc_overhead":9.44}},"mean_latency":0.027332,"stddev_latency":0.030445,"min_latency":0.0,"max_latency":0.302591,"distr_latency":{"25.0000":0.007967,"50.0000":0.018511,"60.0000":0.024175,"70.0000":0.031391,"75.0000":0.035935,"80.0000":0.040703,"85.0000":0.046591,"90.0000":0.053183,"95.0000":0.090815,"96.0000":0.104447,"97.0000":0.119999,"98.0000":0.136575,"99.0000":0.157311,"99.9000":0.200063,"99.9900":0.231679,"99.9990":0.302591,"99.9999":0.302591,"100.0000":0.302591},"allocations":{"total_heap":1652411730,"minor_heap":1652409614,"major_heap":73603068,"promoted_words":73600952,"promoted_pct":4.45},"domain_alloc_stats":{"0":{"total":1652411730,"minor":1652409614,"promoted":73600952,"major":73603068,"promoted_pct":4.45}},"collections":{"minor":6351,"major":95,"forced_major":0,"compactions":0}}
{"version":1,"wall_time":3.6,"cpu_time":3.6,"gc_time":0.34,"gc_overhead":9.55,"max_rss_kb":53888,"domain_stats":{"0":{"wall_time":3.6,"gc_time":0.34,"gc_overhead":9.55}},"mean_latency":0.027291,"stddev_latency":0.030261,"min_latency":0.0,"max_latency":0.286207,"distr_latency":{"25.0000":0.008031,"50.0000":0.018511,"60.0000":0.024175,"70.0000":0.031391,"75.0000":0.035935,"80.0000":0.040639,"85.0000":0.046495,"90.0000":0.053279,"95.0000":0.088447,"96.0000":0.103871,"97.0000":0.119103,"98.0000":0.135423,"99.0000":0.157823,"99.9000":0.200959,"99.9900":0.285951,"99.9990":0.286207,"99.9999":0.286207,"100.0000":0.286207},"allocations":{"total_heap":1652411454,"minor_heap":1652409338,"major_heap":73578483,"promoted_words":73576367,"promoted_pct":4.45},"domain_alloc_stats":{"0":{"total":1652411454,"minor":1652409338,"promoted":73576367,"major":73578483,"promoted_pct":4.45}},"collections":{"minor":6351,"major":95,"forced_major":0,"compactions":0}}
{"version":1,"wall_time":3.64,"cpu_time":3.64,"gc_time":0.36,"gc_overhead":9.78,"max_rss_kb":54352,"domain_stats":{"0":{"wall_time":3.64,"gc_time":0.36,"gc_overhead":9.78}},"mean_latency":0.028244,"stddev_latency":0.032465,"min_latency":0.0,"max_latency":0.313855,"distr_latency":{"25.0000":0.008047,"50.0000":0.018607,"60.0000":0.024639,"70.0000":0.031999,