{"version":1,"wall_time":6.35,"cpu_time":6.35,"gc_time":0.47,"gc_overhead":7.41,"max_rss_kb":296496,"domain_stats":{"0":{"wall_time":6.35,"gc_time":0.47,"gc_overhead":7.41}},"mean_latency":0.026638,"stddev_latency":0.079961,"min_latency":0.0,"max_latency":4.902911,"distr_latency":{"25.0000":0.002247,"50.0000":0.006047,"60.0000":0.009663,"70.0000":0.017391,"75.0000":0.022863,"80.0000":0.031599,"85.0000":0.043839,"90.0000":0.064703,"95.0000":0.115391,"96.0000":0.133759,"97.0000":0.158207,"98.0000":0.197759,"99.0000":0.281087,"99.9000":0.777215,"99.9900":2.453503,"99.9990":4.902911,"99.9999":4.902911,"100.0000":4.902911},"allocations":{"total_heap":2314044772,"minor_heap":2307936732,"major_heap":63403170,"promoted_words":57295130,"promoted_pct":2.48},"domain_alloc_stats":{"0":{"total":2314044772,"minor":2307936732,"promoted":57295130,"major":63403170,"promoted_pct":2.48}},"collections":{"minor":8818,"major":17,"forced_major":0,"compactions":0}}
{"version":1,"wall_time":6.36,"cpu_time":6.36,"gc_time":0.47,"gc_overhead":7.4,"max_rss_kb":296288,"domain_stats":{"0":{"wall_time":6.36,"gc_time":0.47,"gc_overhead":7.4}},"mean_latency":0.026606,"stddev_latency":0.079642,"min_latency":0.0,"max_latency":4.894719,"distr_latency":{"25.0000":0.002223,"50.0000":0.006055,"60.0000":0.009663,"70.0000":0.017375,"75.0000":0.022863,"80.0000":0.031631,"85.0000":0.043711,"90.0000":0.064703,"95.0000":0.115647,"96.0000":0.133887,"97.0000":0.157311,"98.0000":0.195967,"99.0000":0.281087,"99.9000":0.763903,"99.9900":2.455551,"99.9990":4.894719,"99.9999":4.894719,"100.0000":4.894719},"allocations":{"total_heap":2314044772,"minor_heap":2307936732,"major_heap":63403170,"promoted_words":57295130,"promoted_pct":2.48},"domain_alloc_stats":{"0":{"total":2314044772,"minor":2307936732,"promoted":57295130,"major":63403170,"promoted_pct":2.48}},"collections":{"minor":8818,"major":17,"forced_major":0,"compactions":0}}
{"version":1,"wall_time":6.44,"cpu_time":6.44,"gc_time":0.47,"gc_overhead":7.31,"max_rss_kb":296836,"domain_stats":{"0":{"wall_time":6.44,"gc_time":0.47,"gc_overhead":7.31}},"mean_latency":0.026628,"stddev_latency":0.079896,"min_latency":0.0,"max_latency":4.894719,"distr_latency":{"25.0000":0.002255,"50.0000":0.006095,"60.0000":0.009647,"70.0000":0.017343,"75.0000":0.022815,"80.0000":0.031423,"85.0000":0.043679,"90.0000":0.064511,"95.0000":0.114687,"96.0000":0.133759,"97.0000":0.158463,"98.0000":0.197119,"99.0000":0.284159,"99.9000":0.776703,"99.9900":2.469887,"99.9990":4.894719,"99.9999":4.894719,"100.0000":4.894719},"allocations":{"total_heap":2314044772,"minor_heap":2307936732,"major_heap":63403170,"promoted_words":57295130,"promoted_pct":2.48},"domain_alloc_stats":{"0":{"total":2314044772,"minor":2307936732,"promoted":57295130,"major":63403170,"promoted_pct":2.48}},"collections":{"minor":8818,"major":17,"forced_major":0,"compactions":0}}
{"version":1,"wall_time":6.45,"cpu_time":6.45,"gc_time":0.47,"gc_overhead":7.28,"max_rss_kb":296612,"domain_stats":{"0":{"wall_time":6.45,"gc_time":0.47,"gc_overhead":7.28}},"mean_latency":0.026577,"stddev_latency":0.080553,"min_latency":0.0,"max_latency":4.997119,"distr_latency":{"25.0000":0.002223,"50.0000":0.006023,"60.0000":0.009631,"70.0000":0.017391,"75.0000":0.022783,"80.0000":0.031295,"85.0000":0.043487,"90.0000":0.064543,"95.0000":0.114751,"96.0000":0.133375,"97.0000":0.157951,"98.0000":0.197119,"99.0000":0.282623,"99.9000":0.790015,"99.9900":2.557951,"99.9990":4.997119,"99.9999":4.997119,"100.0000":4.997119},"allocations":{"total_heap":2314044772,"minor_heap":2307936732,"major_heap":63403170,"promoted_words":57295130,"promoted_pct":2.48},"domain_alloc_stats":{"0":{"total":2314044772,"minor":2307936732,"promoted":57295130,"major":63403170,"promoted_pct":2.48}},"collections":{"minor":8818,"major":17,"forced_major":0,"compactions":0}}
{"version":1,"wall_time":6.39,"cpu_time":6.39,"gc_time":0.47,"gc_overhead":7.34,"max_rss_kb":295228,"domain_stats":{"0":{"wall_time":6.39,"gc_time":0.47,"gc_overhead":7.34}},"mean_latency":0.026548,"stddev_latency":0.079464,"min_latency":0.0,"max_latency":4.894719,"distr_latency":{"25.0000":0.002247,"50.0000":0.006055,"60.0000":0.009703,"70.0000":0.017311,"75.0000":0.022815,"80.0000":0.031583,"85.0000":0.043839,"90.0000":0.064639,"95.0000":0.114815,"96.0000":0.131711,"97.0000":0.157311,"98.0000":0.195967,"99.0000":0.280831,"99.9000":0.762367,"99.9900":2.480127,"99.9990":4.894719,"99.9999":4.894719,"100.0000":4.894719},"allocations":{"total_heap":2314044772,"minor_heap":2307936732,"major_heap":63403170,"promoted_words":57295130,"promoted_pct":2.48},"domain_alloc_stats":{"0":{"total":2314044772,"minor":2307936732,"promoted":57295130,"major":63403170,"promoted_pct":2.48}},"collections":{"minor":8818,"major":17,"forced_major":0,"compactions":0}}
{"version":1,"wall_time":6.52,"cpu_time":6.52,"gc_time":0.47,"gc_overhead":7.2,"max_rss_kb":294104,"domain_stats":{"0":{"wall_time":6.52,"gc_time":0.47,"gc_overhead":7.2}},"mean_latency":0.026599,"stddev_latency":0.079754,"min_latency":0.0,"max_latency":4.894719,"distr_latency":{"25.0000":0.002263,"50.0000":0.006087,"60.0000":0.009687,"70.0000":0.017423,"75.0000":0.022863,"80.0000":0.031599,"85.0000":0.043551,"90.0000":0.064607,"95.0000":0.115007,"96.0000":0.132223,"97.0000":0.157439,"98.0000":0.196095,"99.0000":0.282623,"99.9000":0.764415,"99.9900":2.461695,"99.9990":4.894719,"99.9999":4.894719,"100.0000":4.894719},"allocations":{"total_heap":2314044772,"minor_heap":2307936732,"major_heap":63403170,"promoted_words":57295130,"promoted_pct":2.48},"domain_alloc_stats":{"0":{"total":2314044772,"minor":2307936732,"promoted":57295130,"major":63403170,"promoted_pct":2.48}},"collections":{"minor":8818,"major":17,"forced_major":0,"compactions":0}}
{"version":1,"wall_time":6.45,"cpu_time":6.45,"gc_time":0.47,"gc_overhead":7.34,"max_rss_kb":296324,"domain_stats":{"0":{"wall_time":6.45,"gc_time":0.47,"gc_overhead":7.34}},"mean_latency":0.026782,"stddev_latency":0.08028,"min_latency":0.0,"max_latency":4.919295,"distr_latency":{"25.0000":0.002287,"50.0000":0.006103,"60.0000":0.009735,"70.0000":0.017535,"75.0000":0.023023,"80.0000":0.031839,"85.0000":0.043967,"90.0000":0.064895,"95.0000":0.115583,"96.0000":0.133375,"97.0000":0.157567,"98.0000":0.196863,"99.0000":0.288511,"99.9000":0.773631,"99.9900":2.519039,"99.9990":4.919295,"99.9999":4.919295,"100.0000":4.919295},"allocations":{"total_heap":2314044772,"minor_heap":2307936732,"major_heap":63403170,"promoted_words":57295130,"promoted_pct":2.48},"domain_alloc_stats":{"0":{"total":2314044772,"minor":2307936732,"promoted":57295130,"major":63403170,"promoted_pct":2.48}},"collections":{"minor":8818,"major":17,"forced_major":0,"compactions":0}}
{"version":1,"wall_time":6.44,"cpu_time":6.44,"gc_time":0.47,"gc_overhead":7.27,"max_rss_kb":296508,"domain_stats":{"0":{"wall_time":6.44,"gc_time":0.47,"gc_overhead":7.27}},"mean_latency":0.026505,"stddev_latency":0.079537,"min_latency":0.0,"max_latency":4.919295,"distr_latency":{"25.0000":0.002231,"50.0000":0.006047,"60.0000":0.009655,"70.0000":0.017423,"75.0000":0.022879,"80.0000":0.031279,"85.0000":0.043487,"90.0000":0.064287,"95.0000":0.114815,"96.0000":0.132223,"97.0000":0.157311,"98.0000":0.195583,"99.0000":0.279039,"99.9000":0.769535,"99.9900":2.420735,"99.9990":4.919295,"99.9999":4.919295,"100.0000":4.919295},"allocations":{"total_heap":2314044772,"minor_heap":2307936732,"major_heap":63403170,"promoted_words":57295130,"promoted_pct":2.48},"domain_alloc_stats":{"0":{"total":2314044772,"minor":2307936732,"promoted":57295130,"major":63403170,"promoted_pct":2.48}},"collections":{"minor":8818,"major":17,"forced_major":0,"compactions":0}}
{"version":1,"wall_time":6.38,"cpu_time":6.38,"gc_time":0.47,"gc_overhead":7.37,"max_rss_kb":295264,"domain_stats":{"0":{"wall_time":6.38,"gc_time":0.47,"gc_overhead":7.37}},"mean_latency":0.026628,"stddev_latency":0.079843,"min_latency":0.0,"max_latency":4.927487,"distr_latency":{"25.0000":0.002247,"50.0000":0.006055,"60.0000":0.009655,