{"version":1,"wall_time":2.79,"cpu_time":2.79,"gc_time":2.74,"gc_overhead":98.0,"max_rss_kb":111864,"domain_stats":{"0":{"wall_time":2.79,"gc_time":2.74,"gc_overhead":98.0}},"mean_latency":0.183136,"stddev_latency":0.408736,"min_latency":0.0,"max_latency":3.051519,"distr_latency":{"25.0000":0.000103,"50.0000":0.000295,"60.0000":0.000367,"70.0000":0.004063,"75.0000":0.005111,"80.0000":0.036575,"85.0000":0.703999,"90.0000":0.894975,"95.0000":1.126399,"96.0000":1.255423,"97.0000":1.394687,"98.0000":1.527807,"99.0000":1.658879,"99.9000":1.793023,"99.9900":2.820095,"99.9990":3.051519,"99.9999":3.051519,"100.0000":3.051519},"allocations":{"total_heap":14037472,"minor_heap":300205,"major_heap":13737470,"promoted_words":203,"promoted_pct":0.07},"domain_alloc_stats":{"0":{"total":14037472,"minor":300205,"promoted":203,"major":13737470,"promoted_pct":0.07}},"collections":{"minor":1963,"major":981,"forced_major":0,"compactions":0}}
{"version":1,"wall_time":2.78,"cpu_time":2.78,"gc_time":2.73,"gc_overhead":97.98,"max_rss_kb":111764,"domain_stats":{"0":{"wall_time":2.78,"gc_time":2.73,"gc_overhead":97.98}},"mean_latency":0.182496,"stddev_latency":0.406547,"min_latency":0.0,"max_latency":3.086335,"distr_latency":{"25.0000":0.000103,"50.0000":0.000295,"60.0000":0.000367,"70.0000":0.003927,"75.0000":0.004791,"80.0000":0.036607,"85.0000":0.702975,"90.0000":0.895999,"95.0000":1.117183,"96.0000":1.251327,"97.0000":1.386495,"98.0000":1.520639,"99.0000":1.654783,"99.9000":1.775615,"99.9900":2.385919,"99.9990":3.086335,"99.9999":3.086335,"100.0000":3.086335},"allocations":{"total_heap":14037472,"minor_heap":300205,"major_heap":13737470,"promoted_words":203,"promoted_pct":0.07},"domain_alloc_stats":{"0":{"total":14037472,"minor":300205,"promoted":203,"major":13737470,"promoted_pct":0.07}},"collections":{"minor":1963,"major":981,"forced_major":0,"compactions":0}}
{"version":1,"wall_time":2.86,"cpu_time":2.86,"gc_time":2.8,"gc_overhead":98.01,"max_rss_kb":111788,"domain_stats":{"0":{"wall_time":2.86,"gc_time":2.8,"gc_overhead":98.01}},"mean_latency":0.187336,"stddev_latency":0.419197,"min_latency":0.0,"max_latency":3.067903,"distr_latency":{"25.0000":9.5e-05,"50.0000":0.000295,"60.0000":0.000311,"70.0000":0.003935,"75.0000":0.004823,"80.0000":0.036607,"85.0000":0.720895,"90.0000":0.899071,"95.0000":1.181695,"96.0000":1.304575,"97.0000":1.438719,"98.0000":1.546239,"99.0000":1.675263,"99.9000":2.177023,"99.9900":2.877439,"99.9990":3.067903,"99.9999":3.067903,"100.0000":3.067903},"allocations":{"total_heap":14037472,"minor_heap":300205,"major_heap":13737470,"promoted_words":203,"promoted_pct":0.07},"domain_alloc_stats":{"0":{"total":14037472,"minor":300205,"promoted":203,"major":13737470,"promoted_pct":0.07}},"collections":{"minor":1963,"major":981,"forced_major":0,"compactions":0}}
{"version":1,"wall_time":2.81,"cpu_time":2.81,"gc_time":2.75,"gc_overhead":98.0,"max_rss_kb":111716,"domain_stats":{"0":{"wall_time":2.81,"gc_time":2.75,"gc_overhead":98.0}},"mean_latency":0.183984,"stddev_latency":0.409583,"min_latency":0.0,"max_latency":3.121151,"distr_latency":{"25.0000":0.000103,"50.0000":0.000295,"60.0000":0.000367,"70.0000":0.003991,"75.0000":0.004935,"80.0000":0.035935,"85.0000":0.710655,"90.0000":0.901631,"95.0000":1.132543,"96.0000":1.260543,"97.0000":1.400831,"98.0000":1.537023,"99.0000":1.656831,"99.9000":1.782783,"99.9900":2.201599,"99.9990":3.121151,"99.9999":3.121151,"100.0000":3.121151},"allocations":{"total_heap":14037472,"minor_heap":300205,"major_heap":13737470,"promoted_words":203,"promoted_pct":0.07},"domain_alloc_stats":{"0":{"total":14037472,"minor":300205,"promoted":203,"major":13737470,"promoted_pct":0.07}},"collections":{"minor":1963,"major":981,"forced_major":0,"compactions":0}}
{"version":1,"wall_time":2.8,"cpu_time":2.8,"gc_time":2.75,"gc_overhead":98.51,"max_rss_kb":111860,"domain_stats":{"0":{"wall_time":2.8,"gc_time":2.75,"gc_overhead":98.51}},"mean_latency":0.184239,"stddev_latency":0.410993,"min_latency":0.0,"max_latency":3.192831,"distr_latency":{"25.0000":0.000103,"50.0000":0.000295,"60.0000":0.000303,"70.0000":0.004015,"75.0000":0.005047,"80.0000":0.034143,"85.0000":0.701951,"90.0000":0.902655,"95.0000":1.143807,"96.0000":1.273855,"97.0000":1.404927,"98.0000":1.535999,"99.0000":1.659903,"99.9000":1.779711,"99.9900":2.672639,"99.9990":3.192831,"99.9999":3.192831,"100.0000":3.192831},"allocations":{"total_heap":14037472,"minor_heap":300205,"major_heap":13737470,"promoted_words":203,"promoted_pct":0.07},"domain_alloc_stats":{"0":{"total":14037472,"minor":300205,"promoted":203,"major":13737470,"promoted_pct":0.07}},"collections":{"minor":1963,"major":981,"forced_major":0,"compactions":0}}
{"version":1,"wall_time":2.8,"cpu_time":2.8,"gc_time":2.75,"gc_overhead":98.49,"max_rss_kb":111728,"domain_stats":{"0":{"wall_time":2.8,"gc_time":2.75,"gc_overhead":98.49}},"mean_latency":0.184317,"stddev_latency":0.411692,"min_latency":0.0,"max_latency":3.094527,"distr_latency":{"25.0000":0.000103,"50.0000":0.000295,"60.0000":0.000367,"70.0000":0.003983,"75.0000":0.004823,"80.0000":0.033503,"85.0000":0.706047,"90.0000":0.902143,"95.0000":1.144831,"96.0000":1.273855,"97.0000":1.404927,"98.0000":1.535999,"99.0000":1.657855,"99.9000":1.787903,"99.9900":2.928639,"99.9990":3.094527,"99.9999":3.094527,"100.0000":3.094527},"allocations":{"total_heap":14037472,"minor_heap":300205,"major_heap":13737470,"promoted_words":203,"promoted_pct":0.07},"domain_alloc_stats":{"0":{"total":14037472,"minor":300205,"promoted":203,"major":13737470,"promoted_pct":0.07}},"collections":{"minor":1963,"major":981,"forced_major":0,"compactions":0}}
{"version":1,"wall_time":2.79,"cpu_time":2.79,"gc_time":2.73,"gc_overhead":97.98,"max_rss_kb":111628,"domain_stats":{"0":{"wall_time":2.79,"gc_time":2.73,"gc_overhead":97.98}},"mean_latency":0.182885,"stddev_latency":0.407258,"min_latency":0.0,"max_latency":3.051519,"distr_latency":{"25.0000":0.000103,"50.0000":0.000295,"60.0000":0.000311,"70.0000":0.003983,"75.0000":0.004903,"80.0000":0.035455,"85.0000":0.707583,"90.0000":0.901631,"95.0000":1.119231,"96.0000":1.253375,"97.0000":1.383423,"98.0000":1.525759,"99.0000":1.652735,"99.9000":1.776639,"99.9900":2.326527,"99.9990":3.051519,"99.9999":3.051519,"100.0000":3.051519},"allocations":{"total_heap":14037472,"minor_heap":300205,"major_heap":13737470,"promoted_words":203,"promoted_pct":0.07},"domain_alloc_stats":{"0":{"total":14037472,"minor":300205,"promoted":203,"major":13737470,"promoted_pct":0.07}},"collections":{"minor":1963,"major":981,"forced_major":0,"compactions":0}}
{"version":1,"wall_time":2.85,"cpu_time":2.85,"gc_time":2.79,"gc_overhead":98.04,"max_rss_kb":111876,"domain_stats":{"0":{"wall_time":2.85,"gc_time":2.79,"gc_overhead":98.04}},"mean_latency":0.186943,"stddev_latency":0.416195,"min_latency":0.0,"max_latency":3.008511,"distr_latency":{"25.0000":0.000103,"50.0000":0.000295,"60.0000":0.000367,"70.0000":0.003967,"75.0000":0.004911,"80.0000":0.036575,"85.0000":0.723455,"90.0000":0.903679,"95.0000":1.184767,"96.0000":1.315839,"97.0000":1.442815,"98.0000":1.544191,"99.0000":1.660927,"99.9000":1.790975,"99.9900":2.334719,"99.9990":3.008511,"99.9999":3.008511,"100.0000":3.008511},"allocations":{"total_heap":14037472,"minor_heap":300205,"major_heap":13737470,"promoted_words":203,"promoted_pct":0.07},"domain_alloc_stats":{"0":{"total":14037472,"minor":300205,"promoted":203,"major":13737470,"promoted_pct":0.07}},"collections":{"minor":1963,"major":981,"forced_major":0,"compactions":0}}
{"version":1,"wall_time":2.82,"cpu_time":2.82,"gc_time":2.76,"gc_overhead":97.99,"max_rss_kb":111764,"domain_stats":{"0":{"wall_time":2.82,"gc_time":2.76,"gc_overhead":97.99}},"mean_latency":0.184632,"stddev_latency":0.411602,"min_latency":0.0,"max_latency":3.106815,"distr_latency":{"25.0000":0.000103,"50.0000":0.000295,"60.0000":0.000367,"70.0000":0.003943,"75.0000":0.004887,"80.0000":0.036543,"85.0000":0.710143,"90.0000":0.903167,"95.0000":1.141759,"96.0000":1.274879,"97.0000":1.405951,"98.0000":1.532927,