{"version":1,"wall_time":2.21,"cpu_time":2.21,"gc_time":0.32,"gc_overhead":14.3,"max_rss_kb":131552,"domain_stats":{"0":{"wall_time":2.21,"gc_time":0.32,"gc_overhead":14.3}},"mean_latency":0.001102,"stddev_latency":0.001601,"min_latency":0.0,"max_latency":0.029615,"distr_latency":{"25.0000":0.000263,"50.0000":0.000271,"60.0000":0.000287,"70.0000":0.001007,"75.0000":0.001143,"80.0000":0.002271,"85.0000":0.002863,"90.0000":0.004655,"95.0000":0.004895,"96.0000":0.004983,"97.0000":0.005127,"98.0000":0.005351,"99.0000":0.005575,"99.9000":0.007223,"99.9900":0.009383,"99.9990":0.014911,"99.9999":0.029615,"100.0000":0.029615},"allocations":{"total_heap":55670950,"minor_heap":54481274,"major_heap":1370672,"promoted_words":180996,"promoted_pct":0.33},"domain_alloc_stats":{"0":{"total":55670950,"minor":54481274,"promoted":180996,"major":1370672,"promoted_pct":0.33}},"collections":{"minor":55569,"major":27784,"forced_major":0,"compactions":0}}
{"version":1,"wall_time":2.21,"cpu_time":2.21,"gc_time":0.31,"gc_overhead":14.05,"max_rss_kb":131808,"domain_stats":{"0":{"wall_time":2.21,"gc_time":0.31,"gc_overhead":14.05}},"mean_latency":0.001081,"stddev_latency":0.001563,"min_latency":0.0,"max_latency":0.029679,"distr_latency":{"25.0000":0.000263,"50.0000":0.000271,"60.0000":0.000271,"70.0000":0.001007,"75.0000":0.001143,"80.0000":0.002231,"85.0000":0.002807,"90.0000":0.004543,"95.0000":0.004767,"96.0000":0.004855,"97.0000":0.005007,"98.0000":0.005231,"99.0000":0.005423,"99.9000":0.007071,"99.9900":0.009367,"99.9990":0.018495,"99.9999":0.029679,"100.0000":0.029679},"allocations":{"total_heap":55670950,"minor_heap":54481274,"major_heap":1370672,"promoted_words":180996,"promoted_pct":0.33},"domain_alloc_stats":{"0":{"total":55670950,"minor":54481274,"promoted":180996,"major":1370672,"promoted_pct":0.33}},"collections":{"minor":55569,"major":27784,"forced_major":0,"compactions":0}}
{"version":1,"wall_time":2.23,"cpu_time":2.23,"gc_time":0.32,"gc_overhead":14.51,"max_rss_kb":130892,"domain_stats":{"0":{"wall_time":2.23,"gc_time":0.32,"gc_overhead":14.51}},"mean_latency":0.001124,"stddev_latency":0.001662,"min_latency":0.0,"max_latency":0.028655,"distr_latency":{"25.0000":0.000263,"50.0000":0.000271,"60.0000":0.000271,"70.0000":0.001007,"75.0000":0.001135,"80.0000":0.002263,"85.0000":0.002823,"90.0000":0.004951,"95.0000":0.005135,"96.0000":0.005191,"97.0000":0.005335,"98.0000":0.005495,"99.0000":0.005775,"99.9000":0.007295,"99.9900":0.009735,"99.9990":0.018575,"99.9999":0.028655,"100.0000":0.028655},"allocations":{"total_heap":55670950,"minor_heap":54481274,"major_heap":1370672,"promoted_words":180996,"promoted_pct":0.33},"domain_alloc_stats":{"0":{"total":55670950,"minor":54481274,"promoted":180996,"major":1370672,"promoted_pct":0.33}},"collections":{"minor":55569,"major":27784,"forced_major":0,"compactions":0}}
{"version":1,"wall_time":2.21,"cpu_time":2.21,"gc_time":0.3,"gc_overhead":13.77,"max_rss_kb":131648,"domain_stats":{"0":{"wall_time":2.21,"gc_time":0.3,"gc_overhead":13.77}},"mean_latency":0.001058,"stddev_latency":0.0015,"min_latency":0.0,"max_latency":0.033599,"distr_latency":{"25.0000":0.000263,"50.0000":0.000271,"60.0000":0.000271,"70.0000":0.001007,"75.0000":0.001167,"80.0000":0.002295,"85.0000":0.002855,"90.0000":0.003991,"95.0000":0.004535,"96.0000":0.004631,"97.0000":0.004783,"98.0000":0.004983,"99.0000":0.005327,"99.9000":0.007087,"99.9900":0.009871,"99.9990":0.027359,"99.9999":0.033599,"100.0000":0.033599},"allocations":{"total_heap":55670950,"minor_heap":54481274,"major_heap":1370672,"promoted_words":180996,"promoted_pct":0.33},"domain_alloc_stats":{"0":{"total":55670950,"minor":54481274,"promoted":180996,"major":1370672,"promoted_pct":0.33}},"collections":{"minor":55569,"major":27784,"forced_major":0,"compactions":0}}
{"version":1,"wall_time":2.21,"cpu_time":2.21,"gc_time":0.3,"gc_overhead":13.78,"max_rss_kb":131784,"domain_stats":{"0":{"wall_time":2.21,"gc_time":0.3,"gc_overhead":13.78}},"mean_latency":0.001059,"stddev_latency":0.001512,"min_latency":0.0,"max_latency":0.030191,"distr_latency":{"25.0000":0.000263,"50.0000":0.000271,"60.0000":0.000271,"70.0000":0.000991,"75.0000":0.001111,"80.0000":0.002263,"85.0000":0.002703,"90.0000":0.004183,"95.0000":0.004615,"96.0000":0.004711,"97.0000":0.004855,"98.0000":0.005055,"99.0000":0.005263,"99.9000":0.007087,"99.9900":0.009391,"99.9990":0.010647,"99.9999":0.030191,"100.0000":0.030191},"allocations":{"total_heap":55670950,"minor_heap":54481274,"major_heap":1370672,"promoted_words":180996,"promoted_pct":0.33},"domain_alloc_stats":{"0":{"total":55670950,"minor":54481274,"promoted":180996,"major":1370672,"promoted_pct":0.33}},"collections":{"minor":55569,"major":27784,"forced_major":0,"compactions":0}}
{"version":1,"wall_time":2.21,"cpu_time":2.21,"gc_time":0.31,"gc_overhead":14.08,"max_rss_kb":131752,"domain_stats":{"0":{"wall_time":2.21,"gc_time":0.31,"gc_overhead":14.08}},"mean_latency":0.001084,"stddev_latency":0.001564,"min_latency":0.0,"max_latency":0.030751,"distr_latency":{"25.0000":0.000263,"50.0000":0.000271,"60.0000":0.000287,"70.0000":0.001015,"75.0000":0.001167,"80.0000":0.002255,"85.0000":0.002831,"90.0000":0.004511,"95.0000":0.004743,"96.0000":0.004847,"97.0000":0.005015,"98.0000":0.005223,"99.0000":0.005431,"99.9000":0.007215,"99.9900":0.009703,"99.9990":0.016351,"99.9999":0.030751,"100.0000":0.030751},"allocations":{"total_heap":55670950,"minor_heap":54481274,"major_heap":1370672,"promoted_words":180996,"promoted_pct":0.33},"domain_alloc_stats":{"0":{"total":55670950,"minor":54481274,"promoted":180996,"major":1370672,"promoted_pct":0.33}},"collections":{"minor":55569,"major":27784,"forced_major":0,"compactions":0}}
{"version":1,"wall_time":2.21,"cpu_time":2.21,"gc_time":0.31,"gc_overhead":14.11,"max_rss_kb":131536,"domain_stats":{"0":{"wall_time":2.21,"gc_time":0.31,"gc_overhead":14.11}},"mean_latency":0.001086,"stddev_latency":0.001555,"min_latency":0.0,"max_latency":0.025871,"distr_latency":{"25.0000":0.000263,"50.0000":0.000271,"60.0000":0.000287,"70.0000":0.001015,"75.0000":0.001143,"80.0000":0.002343,"85.0000":0.002887,"90.0000":0.004247,"95.0000":0.004735,"96.0000":0.004831,"97.0000":0.005007,"98.0000":0.005183,"99.0000":0.005455,"99.9000":0.007031,"99.9900":0.009511,"99.9990":0.015967,"99.9999":0.025871,"100.0000":0.025871},"allocations":{"total_heap":55670950,"minor_heap":54481274,"major_heap":1370672,"promoted_words":180996,"promoted_pct":0.33},"domain_alloc_stats":{"0":{"total":55670950,"minor":54481274,"promoted":180996,"major":1370672,"promoted_pct":0.33}},"collections":{"minor":55569,"major":27784,"forced_major":0,"compactions":0}}
{"version":1,"wall_time":2.22,"cpu_time":2.22,"gc_time":0.32,"gc_overhead":14.51,"max_rss_kb":130964,"domain_stats":{"0":{"wall_time":2.22,"gc_time":0.32,"gc_overhead":14.51}},"mean_latency":0.001122,"stddev_latency":0.001651,"min_latency":0.0,"max_latency":0.029231,"distr_latency":{"25.0000":0.000263,"50.0000":0.000271,"60.0000":0.000287,"70.0000":0.001015,"75.0000":0.001151,"80.0000":0.002263,"85.0000":0.002863,"90.0000":0.004647,"95.0000":0.005111,"96.0000":0.005207,"97.0000":0.005311,"98.0000":0.005471,"99.0000":0.005791,"99.9000":0.007415,"99.9900":0.009583,"99.9990":0.016639,"99.9999":0.029231,"100.0000":0.029231},"allocations":{"total_heap":55670950,"minor_heap":54481274,"major_heap":1370672,"promoted_words":180996,"promoted_pct":0.33},"domain_alloc_stats":{"0":{"total":55670950,"minor":54481274,"promoted":180996,"major":1370672,"promoted_pct":0.33}},"collections":{"minor":55569,"major":27784,"forced_major":0,"compactions":0}}
{"version":1,"wall_time":2.21,"cpu_time":2.21,"gc_time":0.31,"gc_overhead":13.86,"max_rss_kb":131840,"domain_stats":{"0":{"wall_time":2.21,"gc_time":0.31,"gc_overhead":13.86}},"mean_latency":0.001064,"stddev_latency":0.001514,"min_latency":0.0,"max_latency":0.026431,"distr_latency":{"25.0000":0.000263,"50.0000":0.000271,"60.0000":0.000287,"70.0000":0.000991,"75.0000":0.001111,"80.0000":0.002287,"85.0000":0.002855,