{"version":1,"wall_time":3.21,"cpu_time":3.21,"gc_time":1.09,"gc_overhead":33.83,"max_rss_kb":1034276,"domain_stats":{"0":{"wall_time":3.21,"gc_time":1.09,"gc_overhead":33.83}},"mean_latency":0.126498,"stddev_latency":0.090086,"min_latency":0.0,"max_latency":1.011199,"distr_latency":{"25.0000":0.044959,"50.0000":0.121215,"60.0000":0.134783,"70.0000":0.151807,"75.0000":0.164223,"80.0000":0.187263,"85.0000":0.205567,"90.0000":0.238463,"95.0000":0.290815,"96.0000":0.313855,"97.0000":0.340735,"98.0000":0.367871,"99.0000":0.409343,"99.9000":0.601599,"99.9900":0.946175,"99.9990":1.011199,"99.9999":1.011199,"100.0000":1.011199},"allocations":{"total_heap":1128251052,"minor_heap":1125223497,"major_heap":150398656,"promoted_words":147371101,"promoted_pct":13.1},"domain_alloc_stats":{"0":{"total":1128251052,"minor":1125223497,"promoted":147371101,"major":150398656,"promoted_pct":13.1}},"collections":{"minor":4299,"major":12,"forced_major":0,"compactions":0}}
{"version":1,"wall_time":3.21,"cpu_time":3.21,"gc_time":1.09,"gc_overhead":34.05,"max_rss_kb":983616,"domain_stats":{"0":{"wall_time":3.21,"gc_time":1.09,"gc_overhead":34.05}},"mean_latency":0.127193,"stddev_latency":0.089901,"min_latency":0.0,"max_latency":1.019391,"distr_latency":{"25.0000":0.045183,"50.0000":0.122239,"60.0000":0.136063,"70.0000":0.152575,"75.0000":0.165119,"80.0000":0.187903,"85.0000":0.206335,"90.0000":0.238207,"95.0000":0.291583,"96.0000":0.314623,"97.0000":0.341503,"98.0000":0.364287,"99.0000":0.406271,"99.9000":0.601087,"99.9900":0.940031,"99.9990":1.019391,"99.9999":1.019391,"100.0000":1.019391},"allocations":{"total_heap":1128251052,"minor_heap":1125223497,"major_heap":150398656,"promoted_words":147371101,"promoted_pct":13.1},"domain_alloc_stats":{"0":{"total":1128251052,"minor":1125223497,"promoted":147371101,"major":150398656,"promoted_pct":13.1}},"collections":{"minor":4299,"major":12,"forced_major":0,"compactions":0}}
{"version":1,"wall_time":3.2,"cpu_time":3.2,"gc_time":1.09,"gc_overhead":34.03,"max_rss_kb":985128,"domain_stats":{"0":{"wall_time":3.2,"gc_time":1.09,"gc_overhead":34.03}},"mean_latency":0.126799,"stddev_latency":0.090671,"min_latency":0.0,"max_latency":1.011711,"distr_latency":{"25.0000":0.045151,"50.0000":0.120703,"60.0000":0.134911,"70.0000":0.151551,"75.0000":0.164223,"80.0000":0.188287,"85.0000":0.205823,"90.0000":0.238975,"95.0000":0.294655,"96.0000":0.315903,"97.0000":0.342783,"98.0000":0.370943,"99.0000":0.411647,"99.9000":0.634879,"99.9900":0.945663,"99.9990":1.011711,"99.9999":1.011711,"100.0000":1.011711},"allocations":{"total_heap":1128251052,"minor_heap":1125223497,"major_heap":150398656,"promoted_words":147371101,"promoted_pct":13.1},"domain_alloc_stats":{"0":{"total":1128251052,"minor":1125223497,"promoted":147371101,"major":150398656,"promoted_pct":13.1}},"collections":{"minor":4299,"major":12,"forced_major":0,"compactions":0}}
{"version":1,"wall_time":3.24,"cpu_time":3.24,"gc_time":1.1,"gc_overhead":33.8,"max_rss_kb":1009108,"domain_stats":{"0":{"wall_time":3.24,"gc_time":1.1,"gc_overhead":33.8}},"mean_latency":0.127494,"stddev_latency":0.090969,"min_latency":0.0,"max_latency":1.031167,"distr_latency":{"25.0000":0.045279,"50.0000":0.121855,"60.0000":0.136191,"70.0000":0.152703,"75.0000":0.165503,"80.0000":0.188671,"85.0000":0.207103,"90.0000":0.240255,"95.0000":0.295935,"96.0000":0.317695,"97.0000":0.343807,"98.0000":0.368383,"99.0000":0.413951,"99.9000":0.608255,"99.9900":0.940031,"99.9990":1.031167,"99.9999":1.031167,"100.0000":1.031167},"allocations":{"total_heap":1128251054,"minor_heap":1125223499,"major_heap":150398656,"promoted_words":147371101,"promoted_pct":13.1},"domain_alloc_stats":{"0":{"total":1128251054,"minor":1125223499,"promoted":147371101,"major":150398656,"promoted_pct":13.1}},"collections":{"minor":4299,"major":12,"forced_major":0,"compactions":0}}
{"version":1,"wall_time":3.21,"cpu_time":3.21,"gc_time":1.09,"gc_overhead":33.88,"max_rss_kb":984188,"domain_stats":{"0":{"wall_time":3.21,"gc_time":1.09,"gc_overhead":33.88}},"mean_latency":0.126391,"stddev_latency":0.090507,"min_latency":0.0,"max_latency":1.027583,"distr_latency":{"25.0000":0.045503,"50.0000":0.119615,"60.0000":0.133375,"70.0000":0.150271,"75.0000":0.163839,"80.0000":0.188287,"85.0000":0.206719,"90.0000":0.239871,"95.0000":0.295167,"96.0000":0.315391,"97.0000":0.342271,"98.0000":0.369663,"99.0000":0.408831,"99.9000":0.592895,"99.9900":1.027071,"99.9990":1.027583,"99.9999":1.027583,"100.0000":1.027583},"allocations":{"total_heap":1128251052,"minor_heap":1125223497,"major_heap":150398656,"promoted_words":147371101,"promoted_pct":13.1},"domain_alloc_stats":{"0":{"total":1128251052,"minor":1125223497,"promoted":147371101,"major":150398656,"promoted_pct":13.1}},"collections":{"minor":4299,"major":12,"forced_major":0,"compactions":0}}
{"version":1,"wall_time":3.23,"cpu_time":3.23,"gc_time":1.09,"gc_overhead":33.87,"max_rss_kb":1012136,"domain_stats":{"0":{"wall_time":3.23,"gc_time":1.09,"gc_overhead":33.87}},"mean_latency":0.127325,"stddev_latency":0.09094,"min_latency":0.0,"max_latency":1.020415,"distr_latency":{"25.0000":0.045407,"50.0000":0.120447,"60.0000":0.135167,"70.0000":0.151935,"75.0000":0.165119,"80.0000":0.190207,"85.0000":0.207359,"90.0000":0.242687,"95.0000":0.294911,"96.0000":0.317951,"97.0000":0.343551,"98.0000":0.368383,"99.0000":0.409855,"99.9000":0.633343,"99.9900":0.923135,"99.9990":1.020415,"99.9999":1.020415,"100.0000":1.020415},"allocations":{"total_heap":1128251052,"minor_heap":1125223497,"major_heap":150398656,"promoted_words":147371101,"promoted_pct":13.1},"domain_alloc_stats":{"0":{"total":1128251052,"minor":1125223497,"promoted":147371101,"major":150398656,"promoted_pct":13.1}},"collections":{"minor":4299,"major":12,"forced_major":0,"compactions":0}}
{"version":1,"wall_time":3.22,"cpu_time":3.22,"gc_time":1.09,"gc_overhead":33.99,"max_rss_kb":1033660,"domain_stats":{"0":{"wall_time":3.22,"gc_time":1.09,"gc_overhead":33.99}},"mean_latency":0.127411,"stddev_latency":0.090885,"min_latency":0.0,"max_latency":1.058815,"distr_latency":{"25.0000":0.044671,"50.0000":0.121407,"60.0000":0.135423,"70.0000":0.151935,"75.0000":0.166143,"80.0000":0.190463,"85.0000":0.208511,"90.0000":0.242175,"95.0000":0.294911,"96.0000":0.315135,"97.0000":0.340479,"98.0000":0.367615,"99.0000":0.409855,"99.9000":0.602111,"99.9900":0.944639,"99.9990":1.058815,"99.9999":1.058815,"100.0000":1.058815},"allocations":{"total_heap":1128251052,"minor_heap":1125223497,"major_heap":150398656,"promoted_words":147371101,"promoted_pct":13.1},"domain_alloc_stats":{"0":{"total":1128251052,"minor":1125223497,"promoted":147371101,"major":150398656,"promoted_pct":13.1}},"collections":{"minor":4299,"major":12,"forced_major":0,"compactions":0}}
{"version":1,"wall_time":3.22,"cpu_time":3.22,"gc_time":1.1,"gc_overhead":34.21,"max_rss_kb":1014900,"domain_stats":{"0":{"wall_time":3.22,"gc_time":1.1,"gc_overhead":34.21}},"mean_latency":0.128366,"stddev_latency":0.090774,"min_latency":0.0,"max_latency":1.032191,"distr_latency":{"25.0000":0.045535,"50.0000":0.123135,"60.0000":0.137471,"70.0000":0.153727,"75.0000":0.166911,"80.0000":0.189951,"85.0000":0.206975,"90.0000":0.240255,"95.0000":0.294655,"96.0000":0.318463,"97.0000":0.345087,"98.0000":0.368639,"99.0000":0.411647,"99.9000":0.614399,"99.9900":0.939007,"99.9990":1.032191,"99.9999":1.032191,"100.0000":1.032191},"allocations":{"total_heap":1128251052,"minor_heap":1125223497,"major_heap":150398656,"promoted_words":147371101,"promoted_pct":13.1},"domain_alloc_stats":{"0":{"total":1128251052,"minor":1125223497,"promoted":147371101,"major":150398656,"promoted_pct":13.1}},"collections":{"minor":4299,"major":12,"forced_major":0,"compactions":0}}
{"version":1,"wall_time":3.21,"cpu_time":3.21,"gc_time":1.09,"gc_overhead":33.88,"max_rss_kb":983360,"domain_stats":{"0":{"wall_time":3.21,"gc_time":1.09,"gc_overhead":33.88}},"mean_latency":0.126654,"stddev_latency":0.090854,"min_latency":0.0,"max_latency":1.032191,"distr_latency":{"25.0000":0.044831,