{"version":1,"wall_time":2.5,"cpu_time":2.5,"gc_time":0.02,"gc_overhead":0.67,"max_rss_kb":18288,"domain_stats":{"0":{"wall_time":2.5,"gc_time":0.02,"gc_overhead":0.67}},"mean_latency":0.002764,"stddev_latency":0.003133,"min_latency":0.0,"max_latency":0.026527,"distr_latency":{"25.0000":0.000271,"50.0000":0.001855,"60.0000":0.002735,"70.0000":0.003463,"75.0000":0.004207,"80.0000":0.004967,"85.0000":0.006175,"90.0000":0.007511,"95.0000":0.009335,"96.0000":0.009855,"97.0000":0.010343,"98.0000":0.011023,"99.0000":0.012511,"99.9000":0.017839,"99.9900":0.025279,"99.9990":0.026527,"99.9999":0.026527,"100.0000":0.026527},"allocations":{"total_heap":333055866,"minor_heap":252165346,"major_heap":83233014,"promoted_words":2342494,"promoted_pct":0.93},"domain_alloc_stats":{"0":{"total":333055866,"minor":252165346,"promoted":2342494,"major":83233014,"promoted_pct":0.93}},"collections":{"minor":2627,"major":1090,"forced_major":0,"compactions":0}}
{"version":1,"wall_time":2.52,"cpu_time":2.52,"gc_time":0.02,"gc_overhead":0.68,"max_rss_kb":18352,"domain_stats":{"0":{"wall_time":2.52,"gc_time":0.02,"gc_overhead":0.68}},"mean_latency":0.002809,"stddev_latency":0.003214,"min_latency":0.0,"max_latency":0.032271,"distr_latency":{"25.0000":0.000271,"50.0000":0.001831,"60.0000":0.002711,"70.0000":0.003463,"75.0000":0.004231,"80.0000":0.005055,"85.0000":0.006383,"90.0000":0.007743,"95.0000":0.009447,"96.0000":0.009951,"97.0000":0.010543,"98.0000":0.011143,"99.0000":0.012727,"99.9000":0.018063,"99.9900":0.020975,"99.9990":0.032271,"99.9999":0.032271,"100.0000":0.032271},"allocations":{"total_heap":333055866,"minor_heap":252165346,"major_heap":83233014,"promoted_words":2342494,"promoted_pct":0.93},"domain_alloc_stats":{"0":{"total":333055866,"minor":252165346,"promoted":2342494,"major":83233014,"promoted_pct":0.93}},"collections":{"minor":2627,"major":1090,"forced_major":0,"compactions":0}}
{"version":1,"wall_time":2.44,"cpu_time":2.44,"gc_time":0.02,"gc_overhead":0.69,"max_rss_kb":18412,"domain_stats":{"0":{"wall_time":2.44,"gc_time":0.02,"gc_overhead":0.69}},"mean_latency":0.002774,"stddev_latency":0.003354,"min_latency":0.0,"max_latency":0.098175,"distr_latency":{"25.0000":0.000271,"50.0000":0.001831,"60.0000":0.002647,"70.0000":0.003383,"75.0000":0.004151,"80.0000":0.005015,"85.0000":0.006247,"90.0000":0.007727,"95.0000":0.009223,"96.0000":0.009735,"97.0000":0.010223,"98.0000":0.010807,"99.0000":0.012287,"99.9000":0.017951,"99.9900":0.023135,"99.9990":0.098175,"99.9999":0.098175,"100.0000":0.098175},"allocations":{"total_heap":333055866,"minor_heap":252165346,"major_heap":83233014,"promoted_words":2342494,"promoted_pct":0.93},"domain_alloc_stats":{"0":{"total":333055866,"minor":252165346,"promoted":2342494,"major":83233014,"promoted_pct":0.93}},"collections":{"minor":2627,"major":1090,"forced_major":0,"compactions":0}}
{"version":1,"wall_time":2.44,"cpu_time":2.44,"gc_time":0.02,"gc_overhead":0.67,"max_rss_kb":18328,"domain_stats":{"0":{"wall_time":2.44,"gc_time":0.02,"gc_overhead":0.67}},"mean_latency":0.002703,"stddev_latency":0.003059,"min_latency":0.0,"max_latency":0.026959,"distr_latency":{"25.0000":0.000271,"50.0000":0.001815,"60.0000":0.002663,"70.0000":0.003383,"75.0000":0.004095,"80.0000":0.004911,"85.0000":0.006103,"90.0000":0.007271,"95.0000":0.009143,"96.0000":0.009647,"97.0000":0.010103,"98.0000":0.010847,"99.0000":0.012335,"99.9000":0.017711,"99.9900":0.020703,"99.9990":0.026959,"99.9999":0.026959,"100.0000":0.026959},"allocations":{"total_heap":333055866,"minor_heap":252165346,"major_heap":83233014,"promoted_words":2342494,"promoted_pct":0.93},"domain_alloc_stats":{"0":{"total":333055866,"minor":252165346,"promoted":2342494,"major":83233014,"promoted_pct":0.93}},"collections":{"minor":2627,"major":1090,"forced_major":0,"compactions":0}}
{"version":1,"wall_time":2.45,"cpu_time":2.45,"gc_time":0.02,"gc_overhead":0.69,"max_rss_kb":18324,"domain_stats":{"0":{"wall_time":2.45,"gc_time":0.02,"gc_overhead":0.69}},"mean_latency":0.00277,"stddev_latency":0.003383,"min_latency":0.0,"max_latency":0.104895,"distr_latency":{"25.0000":0.000271,"50.0000":0.001831,"60.0000":0.002703,"70.0000":0.003407,"75.0000":0.004175,"80.0000":0.005007,"85.0000":0.006263,"90.0000":0.007623,"95.0000":0.009335,"96.0000":0.009727,"97.0000":0.010223,"98.0000":0.010735,"99.0000":0.012223,"99.9000":0.017951,"99.9900":0.029103,"99.9990":0.104895,"99.9999":0.104895,"100.0000":0.104895},"allocations":{"total_heap":333055866,"minor_heap":252165346,"major_heap":83233014,"promoted_words":2342494,"promoted_pct":0.93},"domain_alloc_stats":{"0":{"total":333055866,"minor":252165346,"promoted":2342494,"major":83233014,"promoted_pct":0.93}},"collections":{"minor":2627,"major":1090,"forced_major":0,"compactions":0}}
{"version":1,"wall_time":2.5,"cpu_time":2.5,"gc_time":0.02,"gc_overhead":0.67,"max_rss_kb":18212,"domain_stats":{"0":{"wall_time":2.5,"gc_time":0.02,"gc_overhead":0.67}},"mean_latency":0.002772,"stddev_latency":0.003155,"min_latency":0.0,"max_latency":0.026415,"distr_latency":{"25.0000":0.000271,"50.0000":0.001847,"60.0000":0.002695,"70.0000":0.003455,"75.0000":0.004175,"80.0000":0.004975,"85.0000":0.006303,"90.0000":0.007735,"95.0000":0.009263,"96.0000":0.009823,"97.0000":0.010367,"98.0000":0.010983,"99.0000":0.012431,"99.9000":0.017327,"99.9900":0.020303,"99.9990":0.026415,"99.9999":0.026415,"100.0000":0.026415},"allocations":{"total_heap":333055866,"minor_heap":252165346,"major_heap":83233014,"promoted_words":2342494,"promoted_pct":0.93},"domain_alloc_stats":{"0":{"total":333055866,"minor":252165346,"promoted":2342494,"major":83233014,"promoted_pct":0.93}},"collections":{"minor":2627,"major":1090,"forced_major":0,"compactions":0}}
{"version":1,"wall_time":2.44,"cpu_time":2.44,"gc_time":0.02,"gc_overhead":0.68,"max_rss_kb":18384,"domain_stats":{"0":{"wall_time":2.44,"gc_time":0.02,"gc_overhead":0.68}},"mean_latency":0.002759,"stddev_latency":0.003114,"min_latency":0.0,"max_latency":0.029983,"distr_latency":{"25.0000":0.000271,"50.0000":0.001863,"60.0000":0.002743,"70.0000":0.003455,"75.0000":0.004215,"80.0000":0.005023,"85.0000":0.006151,"90.0000":0.007391,"95.0000":0.009247,"96.0000":0.009807,"97.0000":0.010311,"98.0000":0.010983,"99.0000":0.012583,"99.9000":0.017167,"99.9900":0.019967,"99.9990":0.029983,"99.9999":0.029983,"100.0000":0.029983},"allocations":{"total_heap":333055866,"minor_heap":252165346,"major_heap":83233014,"promoted_words":2342494,"promoted_pct":0.93},"domain_alloc_stats":{"0":{"total":333055866,"minor":252165346,"promoted":2342494,"major":83233014,"promoted_pct":0.93}},"collections":{"minor":2627,"major":1090,"forced_major":0,"compactions":0}}
{"version":1,"wall_time":2.44,"cpu_time":2.44,"gc_time":0.02,"gc_overhead":0.68,"max_rss_kb":18468,"domain_stats":{"0":{"wall_time":2.44,"gc_time":0.02,"gc_overhead":0.68}},"mean_latency":0.002721,"stddev_latency":0.003059,"min_latency":0.0,"max_latency":0.023727,"distr_latency":{"25.0000":0.000271,"50.0000":0.001847,"60.0000":0.002671,"70.0000":0.003383,"75.0000":0.004111,"80.0000":0.004911,"85.0000":0.006135,"90.0000":0.007543,"95.0000":0.009055,"96.0000":0.009543,"97.0000":0.010063,"98.0000":0.010631,"99.0000":0.012063,"99.9000":0.016831,"99.9900":0.019423,"99.9990":0.023727,"99.9999":0.023727,"100.0000":0.023727},"allocations":{"total_heap":333055866,"minor_heap":252165346,"major_heap":83233014,"promoted_words":2342494,"promoted_pct":0.93},"domain_alloc_stats":{"0":{"total":333055866,"minor":252165346,"promoted":2342494,"major":83233014,"promoted_pct":0.93}},"collections":{"minor":2627,"major":1090,"forced_major":0,"compactions":0}}
{"version":1,"wall_time":2.46,"cpu_time":2.46,"gc_time":0.02,"gc_overhead":0.67,"max_rss_kb":18364,"domain_stats":{"0":{"wall_time":2.46,"gc_time":0.02,"gc_overhead":0.67}},"mean_latency":0.002706,"stddev_latency":0.003042,"min_latency":0.0,"max_latency":0.025071,"distr_latency":{"25.0000":0.000271,"50.0000":0.001831,"60.0000":0.002647,"70.0000":0.003383,"75.0000":0.004087,"80.0000":0.004863,