{"version":1,"wall_time":2.9,"cpu_time":2.9,"gc_time":2.86,"gc_overhead":98.58,"max_rss_kb":111392,"domain_stats":{"0":{"wall_time":2.9,"gc_time":2.86,"gc_overhead":98.58}},"mean_latency":0.191585,"stddev_latency":0.431137,"min_latency":0.0,"max_latency":3.121151,"distr_latency":{"25.0000":9.5e-05,"50.0000":0.000295,"60.0000":0.000375,"70.0000":0.005695,"75.0000":0.007847,"80.0000":0.033247,"85.0000":0.730623,"90.0000":0.902143,"95.0000":1.219583,"96.0000":1.332223,"97.0000":1.457151,"98.0000":1.563647,"99.0000":1.712127,"99.9000":2.361343,"99.9900":2.910207,"99.9990":3.121151,"99.9999":3.121151,"100.0000":3.121151},"allocations":{"total_heap":14038035,"minor_heap":300768,"major_heap":13737868,"promoted_words":601,"promoted_pct":0.2},"domain_alloc_stats":{"0":{"total":14038035,"minor":300768,"promoted":601,"major":13737868,"promoted_pct":0.2}},"collections":{"minor":1963,"major":981,"forced_major":0,"compactions":0}}
{"version":1,"wall_time":2.87,"cpu_time":2.87,"gc_time":2.83,"gc_overhead":98.56,"max_rss_kb":111648,"domain_stats":{"0":{"wall_time":2.87,"gc_time":2.83,"gc_overhead":98.56}},"mean_latency":0.189439,"stddev_latency":0.424098,"min_latency":0.0,"max_latency":3.098623,"distr_latency":{"25.0000":8.7e-05,"50.0000":0.000295,"60.0000":0.000375,"70.0000":0.005735,"75.0000":0.008087,"80.0000":0.034143,"85.0000":0.727039,"90.0000":0.904703,"95.0000":1.201151,"96.0000":1.324031,"97.0000":1.446911,"98.0000":1.556479,"99.0000":1.699839,"99.9000":2.154495,"99.9900":2.584575,"99.9990":3.098623,"99.9999":3.098623,"100.0000":3.098623},"allocations":{"total_heap":14038035,"minor_heap":300768,"major_heap":13737868,"promoted_words":601,"promoted_pct":0.2},"domain_alloc_stats":{"0":{"total":14038035,"minor":300768,"promoted":601,"major":13737868,"promoted_pct":0.2}},"collections":{"minor":1963,"major":981,"forced_major":0,"compactions":0}}
{"version":1,"wall_time":2.9,"cpu_time":2.9,"gc_time":2.86,"gc_overhead":98.55,"max_rss_kb":111416,"domain_stats":{"0":{"wall_time":2.9,"gc_time":2.86,"gc_overhead":98.55}},"mean_latency":0.191448,"stddev_latency":0.430928,"min_latency":0.0,"max_latency":3.782655,"distr_latency":{"25.0000":9.5e-05,"50.0000":0.000295,"60.0000":0.000375,"70.0000":0.005855,"75.0000":0.007991,"80.0000":0.034719,"85.0000":0.720895,"90.0000":0.903679,"95.0000":1.221631,"96.0000":1.327103,"97.0000":1.452031,"98.0000":1.574911,"99.0000":1.718271,"99.9000":2.357247,"99.9900":2.752511,"99.9990":3.782655,"99.9999":3.782655,"100.0000":3.782655},"allocations":{"total_heap":14038035,"minor_heap":300768,"major_heap":13737868,"promoted_words":601,"promoted_pct":0.2},"domain_alloc_stats":{"0":{"total":14038035,"minor":300768,"promoted":601,"major":13737868,"promoted_pct":0.2}},"collections":{"minor":1963,"major":981,"forced_major":0,"compactions":0}}
{"version":1,"wall_time":2.87,"cpu_time":2.87,"gc_time":2.83,"gc_overhead":98.54,"max_rss_kb":111532,"domain_stats":{"0":{"wall_time":2.87,"gc_time":2.83,"gc_overhead":98.54}},"mean_latency":0.189083,"stddev_latency":0.424243,"min_latency":0.0,"max_latency":3.164159,"distr_latency":{"25.0000":0.000103,"50.0000":0.000295,"60.0000":0.000311,"70.0000":0.005767,"75.0000":0.007495,"80.0000":0.034335,"85.0000":0.727551,"90.0000":0.902655,"95.0000":1.193983,"96.0000":1.317887,"97.0000":1.447935,"98.0000":1.551359,"99.0000":1.686527,"99.9000":2.211839,"99.9900":2.953215,"99.9990":3.164159,"99.9999":3.164159,"100.0000":3.164159},"allocations":{"total_heap":14038035,"minor_heap":300768,"major_heap":13737868,"promoted_words":601,"promoted_pct":0.2},"domain_alloc_stats":{"0":{"total":14038035,"minor":300768,"promoted":601,"major":13737868,"promoted_pct":0.2}},"collections":{"minor":1963,"major":981,"forced_major":0,"compactions":0}}
{"version":1,"wall_time":2.88,"cpu_time":2.88,"gc_time":2.84,"gc_overhead":98.56,"max_rss_kb":111576,"domain_stats":{"0":{"wall_time":2.88,"gc_time":2.84,"gc_overhead":98.56}},"mean_latency":0.189896,"stddev_latency":0.426258,"min_latency":0.0,"max_latency":3.139583,"distr_latency":{"25.0000":9.5e-05,"50.0000":0.000295,"60.0000":0.000383,"70.0000":0.005831,"75.0000":0.007471,"80.0000":0.034335,"85.0000":0.723455,"90.0000":0.902655,"95.0000":1.205247,"96.0000":1.324031,"97.0000":1.457151,"98.0000":1.563647,"99.0000":1.698815,"99.9000":2.271231,"99.9900":2.881535,"99.9990":3.139583,"99.9999":3.139583,"100.0000":3.139583},"allocations":{"total_heap":14038035,"minor_heap":300768,"major_heap":13737868,"promoted_words":601,"promoted_pct":0.2},"domain_alloc_stats":{"0":{"total":14038035,"minor":300768,"promoted":601,"major":13737868,"promoted_pct":0.2}},"collections":{"minor":1963,"major":981,"forced_major":0,"compactions":0}}
{"version":1,"wall_time":2.9,"cpu_time":2.9,"gc_time":2.86,"gc_overhead":98.58,"max_rss_kb":111300,"domain_stats":{"0":{"wall_time":2.9,"gc_time":2.86,"gc_overhead":98.58}},"mean_latency":0.19156,"stddev_latency":0.432687,"min_latency":0.0,"max_latency":3.133439,"distr_latency":{"25.0000":0.000103,"50.0000":0.000295,"60.0000":0.000383,"70.0000":0.005935,"75.0000":0.007847,"80.0000":0.033375,"85.0000":0.723455,"90.0000":0.902655,"95.0000":1.217535,"96.0000":1.327103,"97.0000":1.458175,"98.0000":1.569791,"99.0000":1.720319,"99.9000":2.492415,"99.9900":3.000319,"99.9990":3.133439,"99.9999":3.133439,"100.0000":3.133439},"allocations":{"total_heap":14038035,"minor_heap":300768,"major_heap":13737868,"promoted_words":601,"promoted_pct":0.2},"domain_alloc_stats":{"0":{"total":14038035,"minor":300768,"promoted":601,"major":13737868,"promoted_pct":0.2}},"collections":{"minor":1963,"major":981,"forced_major":0,"compactions":0}}
{"version":1,"wall_time":2.9,"cpu_time":2.9,"gc_time":2.86,"gc_overhead":98.56,"max_rss_kb":111540,"domain_stats":{"0":{"wall_time":2.9,"gc_time":2.86,"gc_overhead":98.56}},"mean_latency":0.191501,"stddev_latency":0.431215,"min_latency":0.0,"max_latency":3.149823,"distr_latency":{"25.0000":8.7e-05,"50.0000":0.000295,"60.0000":0.000367,"70.0000":0.005711,"75.0000":0.007575,"80.0000":0.034143,"85.0000":0.724479,"90.0000":0.897535,"95.0000":1.223679,"96.0000":1.328127,"97.0000":1.454079,"98.0000":1.571839,"99.0000":1.716223,"99.9000":2.408447,"99.9900":2.877439,"99.9990":3.149823,"99.9999":3.149823,"100.0000":3.149823},"allocations":{"total_heap":14038035,"minor_heap":300768,"major_heap":13737868,"promoted_words":601,"promoted_pct":0.2},"domain_alloc_stats":{"0":{"total":14038035,"minor":300768,"promoted":601,"major":13737868,"promoted_pct":0.2}},"collections":{"minor":1963,"major":981,"forced_major":0,"compactions":0}}
{"version":1,"wall_time":2.88,"cpu_time":2.88,"gc_time":2.84,"gc_overhead":98.55,"max_rss_kb":111576,"domain_stats":{"0":{"wall_time":2.88,"gc_time":2.84,"gc_overhead":98.55}},"mean_latency":0.190143,"stddev_latency":0.426346,"min_latency":0.0,"max_latency":3.098623,"distr_latency":{"25.0000":0.000103,"50.0000":0.000295,"60.0000":0.000383,"70.0000":0.005967,"75.0000":0.007647,"80.0000":0.034463,"85.0000":0.733695,"90.0000":0.903167,"95.0000":1.210367,"96.0000":1.329151,"97.0000":1.451007,"98.0000":1.558527,"99.0000":1.696767,"99.9000":2.271231,"99.9900":2.897919,"99.9990":3.098623,"99.9999":3.098623,"100.0000":3.098623},"allocations":{"total_heap":14038035,"minor_heap":300768,"major_heap":13737868,"promoted_words":601,"promoted_pct":0.2},"domain_alloc_stats":{"0":{"total":14038035,"minor":300768,"promoted":601,"major":13737868,"promoted_pct":0.2}},"collections":{"minor":1963,"major":981,"forced_major":0,"compactions":0}}
{"version":1,"wall_time":2.93,"cpu_time":2.93,"gc_time":2.89,"gc_overhead":98.59,"max_rss_kb":111536,"domain_stats":{"0":{"wall_time":2.93,"gc_time":2.89,"gc_overhead":98.59}},"mean_latency":0.193145,"stddev_latency":0.435607,"min_latency":0.0,"max_latency":3.098623,"distr_latency":{"25.0000":8.7e-05,"50.0000":0.000295,"60.0000":0.000367,"70.0000":0.005767,"75.0000":0.007487,"80.0000":0.033311,"85.0000":0.727039,"90.0000":0.903167,"95.0000":1.248255,"96.0000":1.347583,"97.0000":1.463295,"98.0000":1.567743,"99.0000":1.724415,