{"version":1,"wall_time":4.21,"cpu_time":4.21,"gc_time":2.95,"gc_overhead":69.98,"max_rss_kb":199540,"domain_stats":{"0":{"wall_time":4.21,"gc_time":2.95,"gc_overhead":69.98}},"mean_latency":0.245898,"stddev_latency":0.381736,"min_latency":0.0,"max_latency":3.149823,"distr_latency":{"25.0000":0.000287,"50.0000":0.000383,"60.0000":0.009863,"70.0000":0.262911,"75.0000":0.508671,"80.0000":0.785919,"85.0000":0.931839,"90.0000":0.940031,"95.0000":0.947711,"96.0000":0.950271,"97.0000":0.952831,"98.0000":0.957439,"99.0000":0.964095,"99.9000":1.221631,"99.9900":2.805759,"99.9990":3.149823,"99.9999":3.149823,"100.0000":3.149823},"allocations":{"total_heap":14037842,"minor_heap":300575,"major_heap":13737837,"promoted_words":570,"promoted_pct":0.19},"domain_alloc_stats":{"0":{"total":14037842,"minor":300575,"promoted":570,"major":13737837,"promoted_pct":0.19}},"collections":{"minor":981,"major":981,"forced_major":0,"compactions":0}}
{"version":1,"wall_time":4.27,"cpu_time":4.27,"gc_time":3.0,"gc_overhead":70.21,"max_rss_kb":198928,"domain_stats":{"0":{"wall_time":4.27,"gc_time":3.0,"gc_overhead":70.21}},"mean_latency":0.249876,"stddev_latency":0.389324,"min_latency":0.0,"max_latency":3.041279,"distr_latency":{"25.0000":0.000287,"50.0000":0.000375,"60.0000":0.009775,"70.0000":0.265471,"75.0000":0.511999,"80.0000":0.795647,"85.0000":0.937471,"90.0000":0.945151,"95.0000":0.953343,"96.0000":0.956415,"97.0000":0.959999,"98.0000":0.967167,"99.0000":1.057791,"99.9000":1.354751,"99.9900":2.777087,"99.9990":3.041279,"99.9999":3.041279,"100.0000":3.041279},"allocations":{"total_heap":14037842,"minor_heap":300575,"major_heap":13737837,"promoted_words":570,"promoted_pct":0.19},"domain_alloc_stats":{"0":{"total":14037842,"minor":300575,"promoted":570,"major":13737837,"promoted_pct":0.19}},"collections":{"minor":981,"major":981,"forced_major":0,"compactions":0}}
{"version":1,"wall_time":4.22,"cpu_time":4.22,"gc_time":2.95,"gc_overhead":70.02,"max_rss_kb":199544,"domain_stats":{"0":{"wall_time":4.22,"gc_time":2.95,"gc_overhead":70.02}},"mean_latency":0.246105,"stddev_latency":0.382267,"min_latency":0.0,"max_latency":3.321855,"distr_latency":{"25.0000":0.000287,"50.0000":0.000391,"60.0000":0.009847,"70.0000":0.263935,"75.0000":0.507391,"80.0000":0.787455,"85.0000":0.933887,"90.0000":0.941567,"95.0000":0.949759,"96.0000":0.952831,"97.0000":0.955391,"98.0000":0.958975,"99.0000":0.965631,"99.9000":1.063935,"99.9900":3.166207,"99.9990":3.321855,"99.9999":3.321855,"100.0000":3.321855},"allocations":{"total_heap":14037842,"minor_heap":300575,"major_heap":13737837,"promoted_words":570,"promoted_pct":0.19},"domain_alloc_stats":{"0":{"total":14037842,"minor":300575,"promoted":570,"major":13737837,"promoted_pct":0.19}},"collections":{"minor":981,"major":981,"forced_major":0,"compactions":0}}
{"version":1,"wall_time":4.24,"cpu_time":4.24,"gc_time":2.96,"gc_overhead":69.93,"max_rss_kb":199604,"domain_stats":{"0":{"wall_time":4.24,"gc_time":2.96,"gc_overhead":69.93}},"mean_latency":0.246949,"stddev_latency":0.383301,"min_latency":0.0,"max_latency":2.973695,"distr_latency":{"25.0000":0.000287,"50.0000":0.000383,"60.0000":0.009743,"70.0000":0.265983,"75.0000":0.511743,"80.0000":0.786943,"85.0000":0.937983,"90.0000":0.945151,"95.0000":0.952319,"96.0000":0.954879,"97.0000":0.957439,"98.0000":0.961535,"99.0000":0.968191,"99.9000":1.225727,"99.9900":2.797567,"99.9990":2.973695,"99.9999":2.973695,"100.0000":2.973695},"allocations":{"total_heap":14037842,"minor_heap":300575,"major_heap":13737837,"promoted_words":570,"promoted_pct":0.19},"domain_alloc_stats":{"0":{"total":14037842,"minor":300575,"promoted":570,"major":13737837,"promoted_pct":0.19}},"collections":{"minor":981,"major":981,"forced_major":0,"compactions":0}}
{"version":1,"wall_time":4.23,"cpu_time":4.23,"gc_time":2.96,"gc_overhead":70.0,"max_rss_kb":199280,"domain_stats":{"0":{"wall_time":4.23,"gc_time":2.96,"gc_overhead":70.0}},"mean_latency":0.247007,"stddev_latency":0.383468,"min_latency":0.0,"max_latency":3.000319,"distr_latency":{"25.0000":0.000287,"50.0000":0.000383,"60.0000":0.009895,"70.0000":0.265983,"75.0000":0.512255,"80.0000":0.787967,"85.0000":0.936959,"90.0000":0.944639,"95.0000":0.952319,"96.0000":0.954879,"97.0000":0.957439,"98.0000":0.961535,"99.0000":0.969215,"99.9000":1.244159,"99.9900":2.852863,"99.9990":3.000319,"99.9999":3.000319,"100.0000":3.000319},"allocations":{"total_heap":14037842,"minor_heap":300575,"major_heap":13737837,"promoted_words":570,"promoted_pct":0.19},"domain_alloc_stats":{"0":{"total":14037842,"minor":300575,"promoted":570,"major":13737837,"promoted_pct":0.19}},"collections":{"minor":981,"major":981,"forced_major":0,"compactions":0}}
{"version":1,"wall_time":4.23,"cpu_time":4.23,"gc_time":2.96,"gc_overhead":69.9,"max_rss_kb":199128,"domain_stats":{"0":{"wall_time":4.23,"gc_time":2.96,"gc_overhead":69.9}},"mean_latency":0.246634,"stddev_latency":0.382923,"min_latency":0.0,"max_latency":3.104767,"distr_latency":{"25.0000":0.000287,"50.0000":0.000383,"60.0000":0.009807,"70.0000":0.263679,"75.0000":0.511231,"80.0000":0.787967,"85.0000":0.935423,"90.0000":0.944127,"95.0000":0.952319,"96.0000":0.954367,"97.0000":0.956927,"98.0000":0.961023,"99.0000":0.968191,"99.9000":1.234943,"99.9900":2.779135,"99.9990":3.104767,"99.9999":3.104767,"100.0000":3.104767},"allocations":{"total_heap":14037842,"minor_heap":300575,"major_heap":13737837,"promoted_words":570,"promoted_pct":0.19},"domain_alloc_stats":{"0":{"total":14037842,"minor":300575,"promoted":570,"major":13737837,"promoted_pct":0.19}},"collections":{"minor":981,"major":981,"forced_major":0,"compactions":0}}
{"version":1,"wall_time":4.22,"cpu_time":4.22,"gc_time":2.95,"gc_overhead":70.04,"max_rss_kb":199632,"domain_stats":{"0":{"wall_time":4.22,"gc_time":2.95,"gc_overhead":70.04}},"mean_latency":0.246347,"stddev_latency":0.3827,"min_latency":0.0,"max_latency":3.403775,"distr_latency":{"25.0000":0.000287,"50.0000":0.000383,"60.0000":0.010071,"70.0000":0.263167,"75.0000":0.508671,"80.0000":0.785919,"85.0000":0.934911,"90.0000":0.943103,"95.0000":0.951295,"96.0000":0.953855,"97.0000":0.956415,"98.0000":0.959999,"99.0000":0.965631,"99.9000":1.130495,"99.9900":2.828287,"99.9990":3.403775,"99.9999":3.403775,"100.0000":3.403775},"allocations":{"total_heap":14037842,"minor_heap":300575,"major_heap":13737837,"promoted_words":570,"promoted_pct":0.19},"domain_alloc_stats":{"0":{"total":14037842,"minor":300575,"promoted":570,"major":13737837,"promoted_pct":0.19}},"collections":{"minor":981,"major":981,"forced_major":0,"compactions":0}}
{"version":1,"wall_time":4.22,"cpu_time":4.22,"gc_time":2.95,"gc_overhead":69.91,"max_rss_kb":199640,"domain_stats":{"0":{"wall_time":4.22,"gc_time":2.95,"gc_overhead":69.91}},"mean_latency":0.245866,"stddev_latency":0.382178,"min_latency":0.0,"max_latency":3.223551,"distr_latency":{"25.0000":0.000287,"50.0000":0.000383,"60.0000":0.009807,"70.0000":0.263935,"75.0000":0.509439,"80.0000":0.782847,"85.0000":0.932863,"90.0000":0.941055,"95.0000":0.949759,"96.0000":0.952319,"97.0000":0.954879,"98.0000":0.957951,"99.0000":0.963071,"99.9000":1.248255,"99.9900":3.020799,"99.9990":3.223551,"99.9999":3.223551,"100.0000":3.223551},"allocations":{"total_heap":14037842,"minor_heap":300575,"major_heap":13737837,"promoted_words":570,"promoted_pct":0.19},"domain_alloc_stats":{"0":{"total":14037842,"minor":300575,"promoted":570,"major":13737837,"promoted_pct":0.19}},"collections":{"minor":981,"major":981,"forced_major":0,"compactions":0}}
{"version":1,"wall_time":4.22,"cpu_time":4.22,"gc_time":2.96,"gc_overhead":69.98,"max_rss_kb":199656,"domain_stats":{"0":{"wall_time":4.22,"gc_time":2.96,"gc_overhead":69.98}},"mean_latency":0.24646,"stddev_latency":0.382828,"min_latency":0.0,"max_latency":3.420159,"distr_latency":{"25.0000":0.000287,"50.0000":0.000391,"60.0000":0.009783,"70.0000":0.265983,"75.0000":0.511487,"80.0000":0.785407,"85.0000":0.934911,"90.0000":0.942079,"95.0000":0.949759,"96.0000":0.951807,"97.0000":0.954879,"98.0000":0.958975,