{"version":1,"wall_time":3.01,"cpu_time":3.01,"gc_time":2.74,"gc_overhead":91.1,"max_rss_kb":111856,"domain_stats":{"0":{"wall_time":3.01,"gc_time":2.74,"gc_overhead":91.1}},"mean_latency":0.228217,"stddev_latency":0.366881,"min_latency":0.0,"max_latency":3.289087,"distr_latency":{"25.0000":0.000287,"50.0000":0.000311,"60.0000":0.006615,"70.0000":0.174591,"75.0000":0.450815,"80.0000":0.731647,"85.0000":0.889855,"90.0000":0.897023,"95.0000":0.903167,"96.0000":0.904191,"97.0000":0.905215,"98.0000":0.906751,"99.0000":0.909311,"99.9000":1.545215,"99.9900":3.244031,"99.9990":3.289087,"99.9999":3.289087,"100.0000":3.289087},"allocations":{"total_heap":13497899,"minor_heap":120650,"major_heap":13377796,"promoted_words":547,"promoted_pct":0.45},"domain_alloc_stats":{"0":{"total":13497899,"minor":120650,"promoted":547,"major":13377796,"promoted_pct":0.45}},"collections":{"minor":984,"major":984,"forced_major":0,"compactions":0}}
{"version":1,"wall_time":3.11,"cpu_time":3.11,"gc_time":2.84,"gc_overhead":91.39,"max_rss_kb":111880,"domain_stats":{"0":{"wall_time":3.11,"gc_time":2.84,"gc_overhead":91.39}},"mean_latency":0.236176,"stddev_latency":0.384398,"min_latency":0.0,"max_latency":3.127295,"distr_latency":{"25.0000":0.000287,"50.0000":0.000327,"60.0000":0.006767,"70.0000":0.179455,"75.0000":0.462079,"80.0000":0.744959,"85.0000":0.890367,"90.0000":0.897535,"95.0000":0.903679,"96.0000":0.905215,"97.0000":0.907263,"98.0000":0.913407,"99.0000":1.495039,"99.9000":1.547263,"99.9900":2.783231,"99.9990":3.127295,"99.9999":3.127295,"100.0000":3.127295},"allocations":{"total_heap":13497899,"minor_heap":120650,"major_heap":13377796,"promoted_words":547,"promoted_pct":0.45},"domain_alloc_stats":{"0":{"total":13497899,"minor":120650,"promoted":547,"major":13377796,"promoted_pct":0.45}},"collections":{"minor":984,"major":984,"forced_major":0,"compactions":0}}
{"version":1,"wall_time":3.02,"cpu_time":3.02,"gc_time":2.75,"gc_overhead":91.12,"max_rss_kb":111884,"domain_stats":{"0":{"wall_time":3.02,"gc_time":2.75,"gc_overhead":91.12}},"mean_latency":0.228915,"stddev_latency":0.367053,"min_latency":0.0,"max_latency":3.379199,"distr_latency":{"25.0000":0.000287,"50.0000":0.000327,"60.0000":0.008455,"70.0000":0.176255,"75.0000":0.454911,"80.0000":0.732159,"85.0000":0.891391,"90.0000":0.898047,"95.0000":0.903679,"96.0000":0.904703,"97.0000":0.906239,"98.0000":0.907775,"99.0000":0.911359,"99.9000":1.544191,"99.9900":2.795519,"99.9990":3.379199,"99.9999":3.379199,"100.0000":3.379199},"allocations":{"total_heap":13497899,"minor_heap":120650,"major_heap":13377796,"promoted_words":547,"promoted_pct":0.45},"domain_alloc_stats":{"0":{"total":13497899,"minor":120650,"promoted":547,"major":13377796,"promoted_pct":0.45}},"collections":{"minor":984,"major":984,"forced_major":0,"compactions":0}}
{"version":1,"wall_time":3.02,"cpu_time":3.02,"gc_time":2.75,"gc_overhead":91.16,"max_rss_kb":111972,"domain_stats":{"0":{"wall_time":3.02,"gc_time":2.75,"gc_overhead":91.16}},"mean_latency":0.228923,"stddev_latency":0.367415,"min_latency":0.0,"max_latency":3.225599,"distr_latency":{"25.0000":0.000287,"50.0000":0.000327,"60.0000":0.006655,"70.0000":0.175615,"75.0000":0.452351,"80.0000":0.734207,"85.0000":0.890879,"90.0000":0.899583,"95.0000":0.906239,"96.0000":0.907775,"97.0000":0.909823,"98.0000":0.915455,"99.0000":0.921599,"99.9000":1.538047,"99.9900":3.096575,"99.9990":3.225599,"99.9999":3.225599,"100.0000":3.225599},"allocations":{"total_heap":13497899,"minor_heap":120650,"major_heap":13377796,"promoted_words":547,"promoted_pct":0.45},"domain_alloc_stats":{"0":{"total":13497899,"minor":120650,"promoted":547,"major":13377796,"promoted_pct":0.45}},"collections":{"minor":984,"major":984,"forced_major":0,"compactions":0}}
{"version":1,"wall_time":3.02,"cpu_time":3.02,"gc_time":2.75,"gc_overhead":91.17,"max_rss_kb":111752,"domain_stats":{"0":{"wall_time":3.02,"gc_time":2.75,"gc_overhead":91.17}},"mean_latency":0.228738,"stddev_latency":0.368082,"min_latency":0.0,"max_latency":3.147775,"distr_latency":{"25.0000":0.000287,"50.0000":0.000327,"60.0000":0.006663,"70.0000":0.174719,"75.0000":0.451327,"80.0000":0.728063,"85.0000":0.886783,"90.0000":0.894975,"95.0000":0.901631,"96.0000":0.903167,"97.0000":0.904191,"98.0000":0.906239,"99.0000":0.911359,"99.9000":1.544191,"99.9900":2.770943,"99.9990":3.147775,"99.9999":3.147775,"100.0000":3.147775},"allocations":{"total_heap":13497899,"minor_heap":120650,"major_heap":13377796,"promoted_words":547,"promoted_pct":0.45},"domain_alloc_stats":{"0":{"total":13497899,"minor":120650,"promoted":547,"major":13377796,"promoted_pct":0.45}},"collections":{"minor":984,"major":984,"forced_major":0,"compactions":0}}
{"version":1,"wall_time":3.01,"cpu_time":3.01,"gc_time":2.74,"gc_overhead":91.15,"max_rss_kb":111828,"domain_stats":{"0":{"wall_time":3.01,"gc_time":2.74,"gc_overhead":91.15}},"mean_latency":0.228106,"stddev_latency":0.366386,"min_latency":0.0,"max_latency":3.133439,"distr_latency":{"25.0000":0.000287,"50.0000":0.000327,"60.0000":0.006591,"70.0000":0.174335,"75.0000":0.451327,"80.0000":0.728575,"85.0000":0.889855,"90.0000":0.897535,"95.0000":0.902655,"96.0000":0.903679,"97.0000":0.905215,"98.0000":0.906751,"99.0000":0.910847,"99.9000":1.545215,"99.9900":2.783231,"99.9990":3.133439,"99.9999":3.133439,"100.0000":3.133439},"allocations":{"total_heap":13497899,"minor_heap":120650,"major_heap":13377796,"promoted_words":547,"promoted_pct":0.45},"domain_alloc_stats":{"0":{"total":13497899,"minor":120650,"promoted":547,"major":13377796,"promoted_pct":0.45}},"collections":{"minor":984,"major":984,"forced_major":0,"compactions":0}}
{"version":1,"wall_time":3.04,"cpu_time":3.04,"gc_time":2.77,"gc_overhead":91.2,"max_rss_kb":111864,"domain_stats":{"0":{"wall_time":3.04,"gc_time":2.77,"gc_overhead":91.2}},"mean_latency":0.230284,"stddev_latency":0.370567,"min_latency":0.0,"max_latency":3.139583,"distr_latency":{"25.0000":0.000287,"50.0000":0.000335,"60.0000":0.006671,"70.0000":0.176255,"75.0000":0.453631,"80.0000":0.735231,"85.0000":0.894463,"90.0000":0.901631,"95.0000":0.907775,"96.0000":0.908799,"97.0000":0.909823,"98.0000":0.911359,"99.0000":0.913919,"99.9000":1.550335,"99.9900":2.826239,"99.9990":3.139583,"99.9999":3.139583,"100.0000":3.139583},"allocations":{"total_heap":13497899,"minor_heap":120650,"major_heap":13377796,"promoted_words":547,"promoted_pct":0.45},"domain_alloc_stats":{"0":{"total":13497899,"minor":120650,"promoted":547,"major":13377796,"promoted_pct":0.45}},"collections":{"minor":984,"major":984,"forced_major":0,"compactions":0}}
{"version":1,"wall_time":3.02,"cpu_time":3.02,"gc_time":2.75,"gc_overhead":91.15,"max_rss_kb":111896,"domain_stats":{"0":{"wall_time":3.02,"gc_time":2.75,"gc_overhead":91.15}},"mean_latency":0.228884,"stddev_latency":0.367809,"min_latency":0.0,"max_latency":3.143679,"distr_latency":{"25.0000":0.000287,"50.0000":0.000351,"60.0000":0.006583,"70.0000":0.174975,"75.0000":0.453119,"80.0000":0.733183,"85.0000":0.890879,"90.0000":0.898047,"95.0000":0.904191,"96.0000":0.905215,"97.0000":0.906239,"98.0000":0.907775,"99.0000":0.910335,"99.9000":1.543167,"99.9900":2.789375,"99.9990":3.143679,"99.9999":3.143679,"100.0000":3.143679},"allocations":{"total_heap":13497899,"minor_heap":120650,"major_heap":13377796,"promoted_words":547,"promoted_pct":0.45},"domain_alloc_stats":{"0":{"total":13497899,"minor":120650,"promoted":547,"major":13377796,"promoted_pct":0.45}},"collections":{"minor":984,"major":984,"forced_major":0,"compactions":0}}
{"version":1,"wall_time":3.03,"cpu_time":3.03,"gc_time":2.77,"gc_overhead":91.19,"max_rss_kb":111888,"domain_stats":{"0":{"wall_time":3.03,"gc_time":2.77,"gc_overhead":91.19}},"mean_latency":0.2302,"stddev_latency":0.371302,"min_latency":0.0,"max_latency":3.158015,"distr_latency":{"25.0000":0.000287,"50.0000":0.000327,"60.0000":0.006615,"70.0000":0.174591,"75.0000":0.453631,"80.0000":0.735743,"85.0000":0.889855,"90.0000":0.897023,"95.0000":0.903167,"96.0000":0.904703,"97.0000":0.905727,"98.0000":0.908287,