{"version":1,"wall_time":3.33,"cpu_time":3.33,"gc_time":0.69,"gc_overhead":20.65,"max_rss_kb":455324,"domain_stats":{"0":{"wall_time":3.33,"gc_time":0.69,"gc_overhead":20.65}},"mean_latency":0.203986,"stddev_latency":0.291216,"min_latency":0.0,"max_latency":3.958783,"distr_latency":{"25.0000":0.034559,"50.0000":0.093823,"60.0000":0.140671,"70.0000":0.201855,"75.0000":0.264191,"80.0000":0.325631,"85.0000":0.410879,"90.0000":0.513023,"95.0000":0.780287,"96.0000":0.807423,"97.0000":0.893951,"98.0000":1.134591,"99.0000":1.535999,"99.9000":2.099199,"99.9900":3.958783,"99.9990":3.958783,"99.9999":3.958783,"100.0000":3.958783},"allocations":{"total_heap":434048530,"minor_heap":418061268,"major_heap":139006492,"promoted_words":123019230,"promoted_pct":29.43},"domain_alloc_stats":{"0":{"total":434048530,"minor":418061268,"promoted":123019230,"major":139006492,"promoted_pct":29.43}},"collections":{"minor":1627,"major":27,"forced_major":0,"compactions":0}}
{"version":1,"wall_time":3.33,"cpu_time":3.33,"gc_time":0.69,"gc_overhead":20.67,"max_rss_kb":455292,"domain_stats":{"0":{"wall_time":3.33,"gc_time":0.69,"gc_overhead":20.67}},"mean_latency":0.204096,"stddev_latency":0.292379,"min_latency":0.0,"max_latency":3.942399,"distr_latency":{"25.0000":0.033855,"50.0000":0.093567,"60.0000":0.140415,"70.0000":0.202751,"75.0000":0.266495,"80.0000":0.328447,"85.0000":0.412415,"90.0000":0.511999,"95.0000":0.777727,"96.0000":0.813055,"97.0000":0.880639,"98.0000":1.164287,"99.0000":1.553407,"99.9000":2.136063,"99.9900":3.942399,"99.9990":3.942399,"99.9999":3.942399,"100.0000":3.942399},"allocations":{"total_heap":434048530,"minor_heap":418061268,"major_heap":139006492,"promoted_words":123019230,"promoted_pct":29.43},"domain_alloc_stats":{"0":{"total":434048530,"minor":418061268,"promoted":123019230,"major":139006492,"promoted_pct":29.43}},"collections":{"minor":1627,"major":27,"forced_major":0,"compactions":0}}
{"version":1,"wall_time":3.33,"cpu_time":3.33,"gc_time":0.69,"gc_overhead":20.62,"max_rss_kb":455324,"domain_stats":{"0":{"wall_time":3.33,"gc_time":0.69,"gc_overhead":20.62}},"mean_latency":0.203469,"stddev_latency":0.293443,"min_latency":0.0,"max_latency":4.134911,"distr_latency":{"25.0000":0.033919,"50.0000":0.093119,"60.0000":0.140159,"70.0000":0.200959,"75.0000":0.263935,"80.0000":0.327423,"85.0000":0.408319,"90.0000":0.510207,"95.0000":0.771071,"96.0000":0.804863,"97.0000":0.873983,"98.0000":1.156095,"99.0000":1.573887,"99.9000":2.142207,"99.9900":4.134911,"99.9990":4.134911,"99.9999":4.134911,"100.0000":4.134911},"allocations":{"total_heap":434048530,"minor_heap":418061268,"major_heap":139006492,"promoted_words":123019230,"promoted_pct":29.43},"domain_alloc_stats":{"0":{"total":434048530,"minor":418061268,"promoted":123019230,"major":139006492,"promoted_pct":29.43}},"collections":{"minor":1627,"major":27,"forced_major":0,"compactions":0}}
{"version":1,"wall_time":3.34,"cpu_time":3.34,"gc_time":0.68,"gc_overhead":20.47,"max_rss_kb":454928,"domain_stats":{"0":{"wall_time":3.34,"gc_time":0.68,"gc_overhead":20.47}},"mean_latency":0.202594,"stddev_latency":0.28903,"min_latency":0.0,"max_latency":3.964927,"distr_latency":{"25.0000":0.034335,"50.0000":0.093183,"60.0000":0.139647,"70.0000":0.202367,"75.0000":0.261759,"80.0000":0.325119,"85.0000":0.410367,"90.0000":0.508927,"95.0000":0.776191,"96.0000":0.802303,"97.0000":0.865279,"98.0000":1.089535,"99.0000":1.539071,"99.9000":2.096127,"99.9900":3.964927,"99.9990":3.964927,"99.9999":3.964927,"100.0000":3.964927},"allocations":{"total_heap":434048530,"minor_heap":418061268,"major_heap":139006492,"promoted_words":123019230,"promoted_pct":29.43},"domain_alloc_stats":{"0":{"total":434048530,"minor":418061268,"promoted":123019230,"major":139006492,"promoted_pct":29.43}},"collections":{"minor":1627,"major":27,"forced_major":0,"compactions":0}}
{"version":1,"wall_time":3.32,"cpu_time":3.32,"gc_time":0.69,"gc_overhead":20.69,"max_rss_kb":457052,"domain_stats":{"0":{"wall_time":3.32,"gc_time":0.69,"gc_overhead":20.69}},"mean_latency":0.203553,"stddev_latency":0.29079,"min_latency":0.0,"max_latency":4.012031,"distr_latency":{"25.0000":0.034303,"50.0000":0.093823,"60.0000":0.140287,"70.0000":0.202751,"75.0000":0.268543,"80.0000":0.324607,"85.0000":0.407807,"90.0000":0.509439,"95.0000":0.781823,"96.0000":0.806399,"97.0000":0.886271,"98.0000":1.090559,"99.0000":1.527807,"99.9000":2.087935,"99.9900":4.012031,"99.9990":4.012031,"99.9999":4.012031,"100.0000":4.012031},"allocations":{"total_heap":434048530,"minor_heap":418061268,"major_heap":139006492,"promoted_words":123019230,"promoted_pct":29.43},"domain_alloc_stats":{"0":{"total":434048530,"minor":418061268,"promoted":123019230,"major":139006492,"promoted_pct":29.43}},"collections":{"minor":1627,"major":27,"forced_major":0,"compactions":0}}
{"version":1,"wall_time":3.35,"cpu_time":3.35,"gc_time":0.69,"gc_overhead":20.54,"max_rss_kb":454448,"domain_stats":{"0":{"wall_time":3.35,"gc_time":0.69,"gc_overhead":20.54}},"mean_latency":0.203566,"stddev_latency":0.291504,"min_latency":0.0,"max_latency":3.928063,"distr_latency":{"25.0000":0.033983,"50.0000":0.093951,"60.0000":0.140031,"70.0000":0.199679,"75.0000":0.264191,"80.0000":0.327679,"85.0000":0.410623,"90.0000":0.510463,"95.0000":0.778751,"96.0000":0.805887,"97.0000":0.879103,"98.0000":1.106943,"99.0000":1.573887,"99.9000":2.105343,"99.9900":3.928063,"99.9990":3.928063,"99.9999":3.928063,"100.0000":3.928063},"allocations":{"total_heap":434048530,"minor_heap":418061268,"major_heap":139006492,"promoted_words":123019230,"promoted_pct":29.43},"domain_alloc_stats":{"0":{"total":434048530,"minor":418061268,"promoted":123019230,"major":139006492,"promoted_pct":29.43}},"collections":{"minor":1627,"major":27,"forced_major":0,"compactions":0}}
{"version":1,"wall_time":3.33,"cpu_time":3.33,"gc_time":0.69,"gc_overhead":20.68,"max_rss_kb":455288,"domain_stats":{"0":{"wall_time":3.33,"gc_time":0.69,"gc_overhead":20.68}},"mean_latency":0.20394,"stddev_latency":0.29391,"min_latency":0.0,"max_latency":4.161535,"distr_latency":{"25.0000":0.034143,"50.0000":0.093567,"60.0000":0.140671,"70.0000":0.199807,"75.0000":0.263167,"80.0000":0.326911,"85.0000":0.407551,"90.0000":0.512255,"95.0000":0.769535,"96.0000":0.809983,"97.0000":0.879615,"98.0000":1.133567,"99.0000":1.571839,"99.9000":2.146303,"99.9900":4.161535,"99.9990":4.161535,"99.9999":4.161535,"100.0000":4.161535},"allocations":{"total_heap":434048530,"minor_heap":418061268,"major_heap":139006492,"promoted_words":123019230,"promoted_pct":29.43},"domain_alloc_stats":{"0":{"total":434048530,"minor":418061268,"promoted":123019230,"major":139006492,"promoted_pct":29.43}},"collections":{"minor":1627,"major":27,"forced_major":0,"compactions":0}}
{"version":1,"wall_time":3.34,"cpu_time":3.34,"gc_time":0.69,"gc_overhead":20.67,"max_rss_kb":455000,"domain_stats":{"0":{"wall_time":3.34,"gc_time":0.69,"gc_overhead":20.67}},"mean_latency":0.204542,"stddev_latency":0.293979,"min_latency":0.0,"max_latency":3.981311,"distr_latency":{"25.0000":0.033951,"50.0000":0.094207,"60.0000":0.141055,"70.0000":0.204415,"75.0000":0.265727,"80.0000":0.327935,"85.0000":0.412927,"90.0000":0.512767,"95.0000":0.777215,"96.0000":0.813055,"97.0000":0.898047,"98.0000":1.141759,"99.0000":1.564671,"99.9000":2.117631,"99.9900":3.981311,"99.9990":3.981311,"99.9999":3.981311,"100.0000":3.981311},"allocations":{"total_heap":434048530,"minor_heap":418061268,"major_heap":139006492,"promoted_words":123019230,"promoted_pct":29.43},"domain_alloc_stats":{"0":{"total":434048530,"minor":418061268,"promoted":123019230,"major":139006492,"promoted_pct":29.43}},"collections":{"minor":1627,"major":27,"forced_major":0,"compactions":0}}
{"version":1,"wall_time":3.33,"cpu_time":3.33,"gc_time":0.69,"gc_overhead":20.7,"max_rss_kb":455364,"domain_stats":{"0":{"wall_time":3.33,"gc_time":0.69,"gc_overhead":20.7}},"mean_latency":0.204203,"stddev_latency":0.294503,"min_latency":0.0,"max_latency":4.034559,"distr_latency":{"25.0000":0.034303,"50.0000":0.094143,