{"version":1,"wall_time":17.05,"cpu_time":17.05,"gc_time":16.01,"gc_overhead":93.85,"max_rss_kb":1110932,"domain_stats":{"0":{"wall_time":17.05,"gc_time":16.01,"gc_overhead":93.85}},"mean_latency":1.22114,"stddev_latency":2.151231,"min_latency":0.0,"max_latency":35.586047,"distr_latency":{"25.0000":0.001895,"50.0000":0.091967,"60.0000":0.185727,"70.0000":0.773119,"75.0000":1.538047,"80.0000":2.463743,"85.0000":3.422207,"90.0000":4.595711,"95.0000":6.488063,"96.0000":6.782975,"97.0000":7.118847,"98.0000":7.524351,"99.0000":7.917567,"99.9000":11.468799,"99.9900":32.653311,"99.9990":35.586047,"99.9999":35.586047,"100.0000":35.586047},"allocations":{"total_heap":1717111595,"minor_heap":1716164055,"major_heap":280247303,"promoted_words":279299763,"promoted_pct":16.27},"domain_alloc_stats":{"0":{"total":1717111595,"minor":1716164055,"promoted":279299763,"major":280247303,"promoted_pct":16.27}},"collections":{"minor":6562,"major":25,"forced_major":0,"compactions":0}}
{"version":1,"wall_time":17.3,"cpu_time":17.3,"gc_time":16.23,"gc_overhead":93.78,"max_rss_kb":1106760,"domain_stats":{"0":{"wall_time":17.3,"gc_time":16.23,"gc_overhead":93.78}},"mean_latency":1.238126,"stddev_latency":2.177489,"min_latency":0.0,"max_latency":34.766847,"distr_latency":{"25.0000":0.001911,"50.0000":0.091967,"60.0000":0.185471,"70.0000":0.770047,"75.0000":1.546239,"80.0000":2.480127,"85.0000":3.500031,"90.0000":4.775935,"95.0000":6.553599,"96.0000":6.893567,"97.0000":7.237631,"98.0000":7.606271,"99.0000":7.954431,"99.9000":11.436031,"99.9900":31.490047,"99.9990":34.766847,"99.9999":34.766847,"100.0000":34.766847},"allocations":{"total_heap":1717111595,"minor_heap":1716164055,"major_heap":280247303,"promoted_words":279299763,"promoted_pct":16.27},"domain_alloc_stats":{"0":{"total":1717111595,"minor":1716164055,"promoted":279299763,"major":280247303,"promoted_pct":16.27}},"collections":{"minor":6562,"major":25,"forced_major":0,"compactions":0}}
{"version":1,"wall_time":16.79,"cpu_time":16.79,"gc_time":15.74,"gc_overhead":93.73,"max_rss_kb":1110860,"domain_stats":{"0":{"wall_time":16.79,"gc_time":15.74,"gc_overhead":93.73}},"mean_latency":1.201083,"stddev_latency":2.119617,"min_latency":0.0,"max_latency":34.504703,"distr_latency":{"25.0000":0.001927,"50.0000":0.092287,"60.0000":0.186495,"70.0000":0.761855,"75.0000":1.509375,"80.0000":2.400255,"85.0000":3.319807,"90.0000":4.550655,"95.0000":6.414335,"96.0000":6.758399,"97.0000":7.094271,"98.0000":7.450623,"99.0000":7.880703,"99.9000":11.378687,"99.9900":32.276479,"99.9990":34.504703,"99.9999":34.504703,"100.0000":34.504703},"allocations":{"total_heap":1717111595,"minor_heap":1716164055,"major_heap":280247303,"promoted_words":279299763,"promoted_pct":16.27},"domain_alloc_stats":{"0":{"total":1717111595,"minor":1716164055,"promoted":279299763,"major":280247303,"promoted_pct":16.27}},"collections":{"minor":6562,"major":25,"forced_major":0,"compactions":0}}
{"version":1,"wall_time":16.96,"cpu_time":16.96,"gc_time":15.91,"gc_overhead":93.86,"max_rss_kb":1110980,"domain_stats":{"0":{"wall_time":16.96,"gc_time":15.91,"gc_overhead":93.86}},"mean_latency":1.214171,"stddev_latency":2.123449,"min_latency":0.0,"max_latency":34.242559,"distr_latency":{"25.0000":0.001871,"50.0000":0.092415,"60.0000":0.186367,"70.0000":0.769023,"75.0000":1.531903,"80.0000":2.467839,"85.0000":3.465215,"90.0000":4.698111,"95.0000":6.279167,"96.0000":6.578175,"97.0000":6.868991,"98.0000":7.290879,"99.0000":7.954431,"99.9000":11.362303,"99.9900":30.752767,"99.9990":34.242559,"99.9999":34.242559,"100.0000":34.242559},"allocations":{"total_heap":1717111595,"minor_heap":1716164055,"major_heap":280247303,"promoted_words":279299763,"promoted_pct":16.27},"domain_alloc_stats":{"0":{"total":1717111595,"minor":1716164055,"promoted":279299763,"major":280247303,"promoted_pct":16.27}},"collections":{"minor":6562,"major":25,"forced_major":0,"compactions":0}}
{"version":1,"wall_time":17.27,"cpu_time":17.27,"gc_time":16.21,"gc_overhead":93.9,"max_rss_kb":1110800,"domain_stats":{"0":{"wall_time":17.27,"gc_time":16.21,"gc_overhead":93.9}},"mean_latency":1.236987,"stddev_latency":2.177018,"min_latency":0.0,"max_latency":35.192831,"distr_latency":{"25.0000":0.001887,"50.0000":0.092223,"60.0000":0.186879,"70.0000":0.767999,"75.0000":1.540095,"80.0000":2.463743,"85.0000":3.506175,"90.0000":4.775935,"95.0000":6.541311,"96.0000":6.893567,"97.0000":7.258111,"98.0000":7.606271,"99.0000":7.954431,"99.9000":11.468799,"99.9900":31.195135,"99.9990":35.192831,"99.9999":35.192831,"100.0000":35.192831},"allocations":{"total_heap":1717111595,"minor_heap":1716164055,"major_heap":280247303,"promoted_words":279299763,"promoted_pct":16.27},"domain_alloc_stats":{"0":{"total":1717111595,"minor":1716164055,"promoted":279299763,"major":280247303,"promoted_pct":16.27}},"collections":{"minor":6562,"major":25,"forced_major":0,"compactions":0}}
{"version":1,"wall_time":17.05,"cpu_time":17.05,"gc_time":16.0,"gc_overhead":93.84,"max_rss_kb":1110712,"domain_stats":{"0":{"wall_time":17.05,"gc_time":16.0,"gc_overhead":93.84}},"mean_latency":1.220947,"stddev_latency":2.141461,"min_latency":0.0,"max_latency":36.044799,"distr_latency":{"25.0000":0.001847,"50.0000":0.094015,"60.0000":0.183807,"70.0000":0.765439,"75.0000":1.549311,"80.0000":2.459647,"85.0000":3.471359,"90.0000":4.718591,"95.0000":6.365183,"96.0000":6.733823,"97.0000":7.077887,"98.0000":7.401471,"99.0000":7.790591,"99.9000":11.436031,"99.9900":31.735807,"99.9990":36.044799,"99.9999":36.044799,"100.0000":36.044799},"allocations":{"total_heap":1717111595,"minor_heap":1716164055,"major_heap":280247303,"promoted_words":279299763,"promoted_pct":16.27},"domain_alloc_stats":{"0":{"total":1717111595,"minor":1716164055,"promoted":279299763,"major":280247303,"promoted_pct":16.27}},"collections":{"minor":6562,"major":25,"forced_major":0,"compactions":0}}
{"version":1,"wall_time":17.29,"cpu_time":17.29,"gc_time":16.23,"gc_overhead":93.87,"max_rss_kb":1110916,"domain_stats":{"0":{"wall_time":17.29,"gc_time":16.23,"gc_overhead":93.87}},"mean_latency":1.238239,"stddev_latency":2.176851,"min_latency":0.0,"max_latency":34.996223,"distr_latency":{"25.0000":0.001903,"50.0000":0.092799,"60.0000":0.188031,"70.0000":0.772095,"75.0000":1.546239,"80.0000":2.480127,"85.0000":3.500031,"90.0000":4.771839,"95.0000":6.537215,"96.0000":6.889471,"97.0000":7.237631,"98.0000":7.598079,"99.0000":7.991295,"99.9000":11.436031,"99.9900":31.555583,"99.9990":34.996223,"99.9999":34.996223,"100.0000":34.996223},"allocations":{"total_heap":1717111595,"minor_heap":1716164055,"major_heap":280247303,"promoted_words":279299763,"promoted_pct":16.27},"domain_alloc_stats":{"0":{"total":1717111595,"minor":1716164055,"promoted":279299763,"major":280247303,"promoted_pct":16.27}},"collections":{"minor":6562,"major":25,"forced_major":0,"compactions":0}}
{"version":1,"wall_time":17.22,"cpu_time":17.22,"gc_time":16.18,"gc_overhead":93.95,"max_rss_kb":1110752,"domain_stats":{"0":{"wall_time":17.22,"gc_time":16.18,"gc_overhead":93.95}},"mean_latency":1.234199,"stddev_latency":2.172841,"min_latency":0.0,"max_latency":35.061759,"distr_latency":{"25.0000":0.001887,"50.0000":0.092863,"60.0000":0.186367,"70.0000":0.770047,"75.0000":1.539071,"80.0000":2.478079,"85.0000":3.450879,"90.0000":4.767743,"95.0000":6.537215,"96.0000":6.877183,"97.0000":7.237631,"98.0000":7.585791,"99.0000":7.938047,"99.9000":11.411455,"99.9900":31.129599,"99.9990":35.061759,"99.9999":35.061759,"100.0000":35.061759},"allocations":{"total_heap":1717111595,"minor_heap":1716164055,"major_heap":280247303,"promoted_words":279299763,"promoted_pct":16.27},"domain_alloc_stats":{"0":{"total":1717111595,"minor":1716164055,"promoted":279299763,"major":280247303,"promoted_pct":16.27}},"collections":{"minor":6562,"major":25,"forced_major":0,"compactions":0}}
{"version":1,"wall_time":16.63,"cpu_time":16.63,"gc_time":15.58,"gc_overhead":93.65,"max_rss_kb":1110516,"domain_stats":{"0":{"wall_time":16.63,"gc_time":15.58,"gc_overhead":93.65}},