{"version":1,"wall_time":14.97,"cpu_time":21.86,"gc_time":2.68,"gc_overhead":12.26,"max_rss_kb":2026916,"domain_stats":{"0":{"wall_time":14.97,"gc_time":1.63,"gc_overhead":10.9},"1":{"wall_time":6.89,"gc_time":1.05,"gc_overhead":15.19}},"mean_latency":0.078335,"stddev_latency":0.278535,"min_latency":0.0,"max_latency":25.100287,"distr_latency":{"25.0000":0.000351,"50.0000":0.003095,"60.0000":0.051647,"70.0000":0.092287,"75.0000":0.106175,"80.0000":0.116927,"85.0000":0.131455,"90.0000":0.157055,"95.0000":0.274431,"96.0000":0.314367,"97.0000":0.396287,"98.0000":0.576511,"99.0000":0.871423,"99.9000":1.859583,"99.9900":12.673023,"99.9990":25.100287,"99.9999":25.100287,"100.0000":25.100287},"allocations":{"total_heap":3885968682,"minor_heap":3913649143,"major_heap":211403669,"promoted_words":239084130,"promoted_pct":6.11},"domain_alloc_stats":{"0":{"total":2000365953,"minor":2002979236,"promoted":129655007,"major":127041724,"promoted_pct":6.47},"1":{"total":1885602729,"minor":1910669907,"promoted":109429123,"major":84361945,"promoted_pct":5.73}},"collections":{"minor":8677,"major":59,"forced_major":0,"compactions":0}}
{"version":1,"wall_time":15.24,"cpu_time":21.94,"gc_time":2.85,"gc_overhead":12.99,"max_rss_kb":2118924,"domain_stats":{"0":{"wall_time":15.24,"gc_time":1.81,"gc_overhead":11.87},"1":{"wall_time":6.7,"gc_time":1.04,"gc_overhead":15.53}},"mean_latency":0.080893,"stddev_latency":0.334776,"min_latency":0.0,"max_latency":38.895615,"distr_latency":{"25.0000":0.000383,"50.0000":0.003535,"60.0000":0.052991,"70.0000":0.091903,"75.0000":0.105791,"80.0000":0.119231,"85.0000":0.133631,"90.0000":0.164607,"95.0000":0.284159,"96.0000":0.334591,"97.0000":0.427519,"98.0000":0.593407,"99.0000":0.895487,"99.9000":1.870847,"99.9900":7.585791,"99.9990":38.895615,"99.9999":38.895615,"100.0000":38.895615},"allocations":{"total_heap":3969974675,"minor_heap":3992484469,"major_heap":227551894,"promoted_words":250061688,"promoted_pct":6.26},"domain_alloc_stats":{"0":{"total":2045548080,"minor":2050646200,"promoted":135067576,"major":129969456,"promoted_pct":6.59},"1":{"total":1924426595,"minor":1941838269,"promoted":114994112,"major":97582438,"promoted_pct":5.92}},"collections":{"minor":8930,"major":62,"forced_major":0,"compactions":0}}
{"version":1,"wall_time":15.11,"cpu_time":22.04,"gc_time":2.68,"gc_overhead":12.18,"max_rss_kb":2070736,"domain_stats":{"0":{"wall_time":15.11,"gc_time":1.67,"gc_overhead":11.07},"1":{"wall_time":6.93,"gc_time":1.01,"gc_overhead":14.61}},"mean_latency":0.078726,"stddev_latency":0.292402,"min_latency":0.0,"max_latency":26.525695,"distr_latency":{"25.0000":0.000351,"50.0000":0.002655,"60.0000":0.051007,"70.0000":0.091519,"75.0000":0.105215,"80.0000":0.119423,"85.0000":0.132863,"90.0000":0.160255,"95.0000":0.272639,"96.0000":0.311551,"97.0000":0.412159,"98.0000":0.611327,"99.0000":0.866303,"99.9000":1.829887,"99.9900":15.089663,"99.9990":26.525695,"99.9999":26.525695,"100.0000":26.525695},"allocations":{"total_heap":3876877257,"minor_heap":3907098037,"major_heap":208106454,"promoted_words":238327234,"promoted_pct":6.1},"domain_alloc_stats":{"0":{"total":1980729068,"minor":2001327399,"promoted":127283588,"major":106685257,"promoted_pct":6.36},"1":{"total":1896148189,"minor":1905770638,"promoted":111043646,"major":101421197,"promoted_pct":5.83}},"collections":{"minor":8634,"major":59,"forced_major":0,"compactions":0}}
{"version":1,"wall_time":15.12,"cpu_time":21.76,"gc_time":2.82,"gc_overhead":12.96,"max_rss_kb":2053236,"domain_stats":{"0":{"wall_time":15.12,"gc_time":1.72,"gc_overhead":11.4},"1":{"wall_time":6.64,"gc_time":1.1,"gc_overhead":16.49}},"mean_latency":0.080531,"stddev_latency":0.30705,"min_latency":0.0,"max_latency":33.243135,"distr_latency":{"25.0000":0.000367,"50.0000":0.002695,"60.0000":0.058591,"70.0000":0.095167,"75.0000":0.108223,"80.0000":0.119487,"85.0000":0.132607,"90.0000":0.162047,"95.0000":0.282879,"96.0000":0.327935,"97.0000":0.422655,"98.0000":0.584703,"99.0000":0.844799,"99.9000":1.865727,"99.9900":8.036351,"99.9990":33.243135,"99.9999":33.243135,"100.0000":33.243135},"allocations":{"total_heap":3966568373,"minor_heap":3988142864,"major_heap":228646887,"promoted_words":250221378,"promoted_pct":6.27},"domain_alloc_stats":{"0":{"total":2051429470,"minor":2046471657,"promoted":135691662,"major":140649475,"promoted_pct":6.63},"1":{"total":1915138903,"minor":1941671207,"promoted":114529716,"major":87997412,"promoted_pct":5.9}},"collections":{"minor":8896,"major":62,"forced_major":0,"compactions":0}}
{"version":1,"wall_time":15.09,"cpu_time":21.78,"gc_time":2.82,"gc_overhead":12.97,"max_rss_kb":2034368,"domain_stats":{"0":{"wall_time":15.09,"gc_time":1.68,"gc_overhead":11.15},"1":{"wall_time":6.68,"gc_time":1.14,"gc_overhead":17.07}},"mean_latency":0.08092,"stddev_latency":0.283106,"min_latency":0.0,"max_latency":26.066943,"distr_latency":{"25.0000":0.000383,"50.0000":0.003895,"60.0000":0.058463,"70.0000":0.093567,"75.0000":0.108799,"80.0000":0.118847,"85.0000":0.130815,"90.0000":0.164479,"95.0000":0.289535,"96.0000":0.345343,"97.0000":0.443135,"98.0000":0.624639,"99.0000":0.897535,"99.9000":1.688575,"99.9900":8.286207,"99.9990":26.066943,"99.9999":26.066943,"100.0000":26.066943},"allocations":{"total_heap":3968700204,"minor_heap":3997417484,"major_heap":221893789,"promoted_words":250611069,"promoted_pct":6.27},"domain_alloc_stats":{"0":{"total":2076096955,"minor":2082368010,"promoted":136861509,"major":130590454,"promoted_pct":6.57},"1":{"total":1892603249,"minor":1915049474,"promoted":113749560,"major":91303335,"promoted_pct":5.94}},"collections":{"minor":8904,"major":65,"forced_major":0,"compactions":0}}
{"version":1,"wall_time":15.11,"cpu_time":21.79,"gc_time":2.85,"gc_overhead":13.1,"max_rss_kb":2018640,"domain_stats":{"0":{"wall_time":15.11,"gc_time":1.77,"gc_overhead":11.72},"1":{"wall_time":6.69,"gc_time":1.08,"gc_overhead":16.22}},"mean_latency":0.081679,"stddev_latency":0.264351,"min_latency":0.0,"max_latency":18.825215,"distr_latency":{"25.0000":0.000383,"50.0000":0.003927,"60.0000":0.056767,"70.0000":0.094911,"75.0000":0.108927,"80.0000":0.122239,"85.0000":0.138367,"90.0000":0.172159,"95.0000":0.286975,"96.0000":0.336895,"97.0000":0.423935,"98.0000":0.579071,"99.0000":0.872959,"99.9000":1.805311,"99.9900":13.737983,"99.9990":18.825215,"99.9999":18.825215,"100.0000":18.825215},"allocations":{"total_heap":3965229737,"minor_heap":3987817979,"major_heap":226859528,"promoted_words":249447770,"promoted_pct":6.26},"domain_alloc_stats":{"0":{"total":2029642850,"minor":2037820970,"promoted":134221001,"major":126042881,"promoted_pct":6.59},"1":{"total":1935586887,"minor":1949997009,"promoted":115226769,"major":100816647,"promoted_pct":5.91}},"collections":{"minor":8897,"major":64,"forced_major":0,"compactions":0}}
{"version":1,"wall_time":15.16,"cpu_time":21.83,"gc_time":2.79,"gc_overhead":12.79,"max_rss_kb":2043132,"domain_stats":{"0":{"wall_time":15.16,"gc_time":1.71,"gc_overhead":11.29},"1":{"wall_time":6.67,"gc_time":1.08,"gc_overhead":16.19}},"mean_latency":0.080134,"stddev_latency":0.316875,"min_latency":0.0,"max_latency":39.452671,"distr_latency":{"25.0000":0.000375,"50.0000":0.003615,"60.0000":0.055711,"70.0000":0.093375,"75.0000":0.109183,"80.0000":0.121023,"85.0000":0.133375,"90.0000":0.159871,"95.0000":0.279807,"96.0000":0.327935,"97.0000":0.442879,"98.0000":0.616447,"99.0000":0.886783,"99.9000":1.704959,"99.9900":7.503871,"99.9990":39.452671,"99.9999":39.452671,"100.0000":39.452671},"allocations":{"total_heap":3946260084,"minor_heap":3974995807,"major_heap":220287617,"promoted_words":249023340,"promoted_pct":6.26},"domain_alloc_stats":{"0":{"total":2042845204,"minor":2052068838,"promoted":135216983,"major":125993349,"promoted_pct":6.59},"1":{"total":1903414880,"minor":1922926969,"promoted":113806357,"major":94294268,"promoted_pct":5.92}},"collections":{"minor":8858,"major":61,"forced_major":0,"compactions":0}}
{"version":1,"wall_time":14.9,"cpu_time":21.55,"gc_time":2.82,"gc_overhead":13.08,