{"version":1,"wall_time":3.16,"cpu_time":3.16,"gc_time":1.0,"gc_overhead":31.8,"max_rss_kb":1051440,"domain_stats":{"0":{"wall_time":3.16,"gc_time":1.0,"gc_overhead":31.8}},"mean_latency":0.114624,"stddev_latency":0.085712,"min_latency":0.0,"max_latency":1.138687,"distr_latency":{"25.0000":0.043071,"50.0000":0.110271,"60.0000":0.119871,"70.0000":0.133759,"75.0000":0.145663,"80.0000":0.164607,"85.0000":0.188927,"90.0000":0.217087,"95.0000":0.274175,"96.0000":0.292351,"97.0000":0.312831,"98.0000":0.348415,"99.0000":0.391423,"99.9000":0.600063,"99.9900":1.137663,"99.9990":1.138687,"99.9999":1.138687,"100.0000":1.138687},"allocations":{"total_heap":1149923641,"minor_heap":1146855422,"major_heap":146376466,"promoted_words":143308247,"promoted_pct":12.5},"domain_alloc_stats":{"0":{"total":1149923641,"minor":1146855422,"promoted":143308247,"major":146376466,"promoted_pct":12.5}},"collections":{"minor":4384,"major":16,"forced_major":0,"compactions":0}}
{"version":1,"wall_time":3.14,"cpu_time":3.14,"gc_time":1.01,"gc_overhead":32.12,"max_rss_kb":1055724,"domain_stats":{"0":{"wall_time":3.14,"gc_time":1.01,"gc_overhead":32.12}},"mean_latency":0.11513,"stddev_latency":0.085125,"min_latency":0.0,"max_latency":1.136639,"distr_latency":{"25.0000":0.043359,"50.0000":0.111615,"60.0000":0.120831,"70.0000":0.134399,"75.0000":0.146815,"80.0000":0.166271,"85.0000":0.190079,"90.0000":0.217087,"95.0000":0.272127,"96.0000":0.288767,"97.0000":0.309503,"98.0000":0.340991,"99.0000":0.388607,"99.9000":0.590335,"99.9900":1.133567,"99.9990":1.136639,"99.9999":1.136639,"100.0000":1.136639},"allocations":{"total_heap":1149923641,"minor_heap":1146855422,"major_heap":146376466,"promoted_words":143308247,"promoted_pct":12.5},"domain_alloc_stats":{"0":{"total":1149923641,"minor":1146855422,"promoted":143308247,"major":146376466,"promoted_pct":12.5}},"collections":{"minor":4384,"major":16,"forced_major":0,"compactions":0}}
{"version":1,"wall_time":3.14,"cpu_time":3.14,"gc_time":1.01,"gc_overhead":32.12,"max_rss_kb":1056576,"domain_stats":{"0":{"wall_time":3.14,"gc_time":1.01,"gc_overhead":32.12}},"mean_latency":0.114988,"stddev_latency":0.085457,"min_latency":0.0,"max_latency":1.146879,"distr_latency":{"25.0000":0.042527,"50.0000":0.111935,"60.0000":0.121151,"70.0000":0.134911,"75.0000":0.146943,"80.0000":0.165887,"85.0000":0.189567,"90.0000":0.217087,"95.0000":0.271103,"96.0000":0.288511,"97.0000":0.308735,"98.0000":0.342527,"99.0000":0.391167,"99.9000":0.598527,"99.9900":1.140735,"99.9990":1.146879,"99.9999":1.146879,"100.0000":1.146879},"allocations":{"total_heap":1149923641,"minor_heap":1146855422,"major_heap":146376466,"promoted_words":143308247,"promoted_pct":12.5},"domain_alloc_stats":{"0":{"total":1149923641,"minor":1146855422,"promoted":143308247,"major":146376466,"promoted_pct":12.5}},"collections":{"minor":4384,"major":16,"forced_major":0,"compactions":0}}
{"version":1,"wall_time":3.15,"cpu_time":3.15,"gc_time":1.0,"gc_overhead":31.85,"max_rss_kb":1051864,"domain_stats":{"0":{"wall_time":3.15,"gc_time":1.0,"gc_overhead":31.85}},"mean_latency":0.114662,"stddev_latency":0.085128,"min_latency":0.0,"max_latency":1.138687,"distr_latency":{"25.0000":0.043999,"50.0000":0.110399,"60.0000":0.119743,"70.0000":0.133503,"75.0000":0.145919,"80.0000":0.164095,"85.0000":0.188415,"90.0000":0.215935,"95.0000":0.272127,"96.0000":0.288767,"97.0000":0.311551,"98.0000":0.343807,"99.0000":0.390655,"99.9000":0.601599,"99.9900":1.138687,"99.9990":1.138687,"99.9999":1.138687,"100.0000":1.138687},"allocations":{"total_heap":1149923641,"minor_heap":1146855422,"major_heap":146376466,"promoted_words":143308247,"promoted_pct":12.5},"domain_alloc_stats":{"0":{"total":1149923641,"minor":1146855422,"promoted":143308247,"major":146376466,"promoted_pct":12.5}},"collections":{"minor":4384,"major":16,"forced_major":0,"compactions":0}}
{"version":1,"wall_time":3.14,"cpu_time":3.14,"gc_time":1.01,"gc_overhead":32.11,"max_rss_kb":1054128,"domain_stats":{"0":{"wall_time":3.14,"gc_time":1.01,"gc_overhead":32.11}},"mean_latency":0.115268,"stddev_latency":0.085269,"min_latency":0.0,"max_latency":1.166335,"distr_latency":{"25.0000":0.043423,"50.0000":0.111807,"60.0000":0.121151,"70.0000":0.134911,"75.0000":0.147071,"80.0000":0.165759,"85.0000":0.189695,"90.0000":0.217343,"95.0000":0.274175,"96.0000":0.290303,"97.0000":0.312831,"98.0000":0.342271,"99.0000":0.389887,"99.9000":0.596991,"99.9900":1.158143,"99.9990":1.166335,"99.9999":1.166335,"100.0000":1.166335},"allocations":{"total_heap":1149923641,"minor_heap":1146855422,"major_heap":146376466,"promoted_words":143308247,"promoted_pct":12.5},"domain_alloc_stats":{"0":{"total":1149923641,"minor":1146855422,"promoted":143308247,"major":146376466,"promoted_pct":12.5}},"collections":{"minor":4384,"major":16,"forced_major":0,"compactions":0}}
{"version":1,"wall_time":3.14,"cpu_time":3.14,"gc_time":1.0,"gc_overhead":31.92,"max_rss_kb":1055860,"domain_stats":{"0":{"wall_time":3.14,"gc_time":1.0,"gc_overhead":31.92}},"mean_latency":0.114428,"stddev_latency":0.085108,"min_latency":0.0,"max_latency":1.132543,"distr_latency":{"25.0000":0.043167,"50.0000":0.110399,"60.0000":0.119743,"70.0000":0.133375,"75.0000":0.146303,"80.0000":0.164607,"85.0000":0.188543,"90.0000":0.216319,"95.0000":0.273151,"96.0000":0.288767,"97.0000":0.311295,"98.0000":0.344063,"99.0000":0.391167,"99.9000":0.594943,"99.9900":1.132543,"99.9990":1.132543,"99.9999":1.132543,"100.0000":1.132543},"allocations":{"total_heap":1149923641,"minor_heap":1146855422,"major_heap":146376466,"promoted_words":143308247,"promoted_pct":12.5},"domain_alloc_stats":{"0":{"total":1149923641,"minor":1146855422,"promoted":143308247,"major":146376466,"promoted_pct":12.5}},"collections":{"minor":4384,"major":16,"forced_major":0,"compactions":0}}
{"version":1,"wall_time":3.13,"cpu_time":3.13,"gc_time":1.0,"gc_overhead":31.88,"max_rss_kb":1057424,"domain_stats":{"0":{"wall_time":3.13,"gc_time":1.0,"gc_overhead":31.88}},"mean_latency":0.113932,"stddev_latency":0.084651,"min_latency":0.0,"max_latency":1.156095,"distr_latency":{"25.0000":0.042527,"50.0000":0.110527,"60.0000":0.119231,"70.0000":0.133119,"75.0000":0.145535,"80.0000":0.163711,"85.0000":0.187903,"90.0000":0.216063,"95.0000":0.271103,"96.0000":0.285951,"97.0000":0.307967,"98.0000":0.339711,"99.0000":0.385791,"99.9000":0.585727,"99.9900":1.146879,"99.9990":1.156095,"99.9999":1.156095,"100.0000":1.156095},"allocations":{"total_heap":1149923643,"minor_heap":1146855424,"major_heap":146376466,"promoted_words":143308247,"promoted_pct":12.5},"domain_alloc_stats":{"0":{"total":1149923643,"minor":1146855424,"promoted":143308247,"major":146376466,"promoted_pct":12.5}},"collections":{"minor":4384,"major":16,"forced_major":0,"compactions":0}}
{"version":1,"wall_time":3.13,"cpu_time":3.13,"gc_time":1.0,"gc_overhead":31.83,"max_rss_kb":1055724,"domain_stats":{"0":{"wall_time":3.13,"gc_time":1.0,"gc_overhead":31.83}},"mean_latency":0.113926,"stddev_latency":0.084812,"min_latency":0.0,"max_latency":1.174527,"distr_latency":{"25.0000":0.042591,"50.0000":0.110079,"60.0000":0.119551,"70.0000":0.133119,"75.0000":0.145407,"80.0000":0.163967,"85.0000":0.187391,"90.0000":0.215423,"95.0000":0.271103,"96.0000":0.289535,"97.0000":0.311039,"98.0000":0.343295,"99.0000":0.384255,"99.9000":0.592383,"99.9900":1.163263,"99.9990":1.174527,"99.9999":1.174527,"100.0000":1.174527},"allocations":{"total_heap":1149923641,"minor_heap":1146855422,"major_heap":146376466,"promoted_words":143308247,"promoted_pct":12.5},"domain_alloc_stats":{"0":{"total":1149923641,"minor":1146855422,"promoted":143308247,"major":146376466,"promoted_pct":12.5}},"collections":{"minor":4384,"major":16,"forced_major":0,"compactions":0}}
{"version":1,"wall_time":3.15,"cpu_time":3.15,"gc_time":1.01,"gc_overhead":32.17,"max_rss_kb":1052672,"domain_stats":{"0":{"wall_time":3.15,"gc_time":1.01,"gc_overhead":32.17}},"mean_latency":0.115715,"stddev_latency":0.085641,"min_latency":0.0,"max_latency":1.172479,"distr_latency":{"25.0000":0.043551,