{"version":1,"wall_time":15.04,"cpu_time":15.04,"gc_time":1.08,"gc_overhead":7.21,"max_rss_kb":136820,"domain_stats":{"0":{"wall_time":15.04,"gc_time":1.08,"gc_overhead":7.21}},"mean_latency":0.013668,"stddev_latency":0.015362,"min_latency":0.0,"max_latency":0.486655,"distr_latency":{"25.0000":0.003847,"50.0000":0.009735,"60.0000":0.012815,"70.0000":0.015383,"75.0000":0.017135,"80.0000":0.019679,"85.0000":0.022735,"90.0000":0.027615,"95.0000":0.042751,"96.0000":0.047871,"97.0000":0.054335,"98.0000":0.063647,"99.0000":0.078655,"99.9000":0.124607,"99.9900":0.206207,"99.9990":0.314367,"99.9999":0.486655,"100.0000":0.486655},"allocations":{"total_heap":10391049899,"minor_heap":10390500045,"major_heap":203229172,"promoted_words":202679318,"promoted_pct":1.95},"domain_alloc_stats":{"0":{"total":10391049899,"minor":10390500045,"promoted":202679318,"major":203229172,"promoted_pct":1.95}},"collections":{"minor":39680,"major":83,"forced_major":0,"compactions":0}}
{"version":1,"wall_time":15.04,"cpu_time":15.04,"gc_time":1.07,"gc_overhead":7.11,"max_rss_kb":136312,"domain_stats":{"0":{"wall_time":15.04,"gc_time":1.07,"gc_overhead":7.11}},"mean_latency":0.013604,"stddev_latency":0.015354,"min_latency":0.0,"max_latency":0.534527,"distr_latency":{"25.0000":0.003847,"50.0000":0.009671,"60.0000":0.012703,"70.0000":0.015263,"75.0000":0.016975,"80.0000":0.019471,"85.0000":0.022527,"90.0000":0.027311,"95.0000":0.042719,"96.0000":0.047935,"97.0000":0.054687,"98.0000":0.064191,"99.0000":0.078847,"99.9000":0.123263,"99.9900":0.183039,"99.9990":0.326655,"99.9999":0.534527,"100.0000":0.534527},"allocations":{"total_heap":10296281941,"minor_heap":10295735759,"major_heap":201331091,"promoted_words":200784909,"promoted_pct":1.95},"domain_alloc_stats":{"0":{"total":10296281941,"minor":10295735759,"promoted":200784909,"major":201331091,"promoted_pct":1.95}},"collections":{"minor":39318,"major":82,"forced_major":0,"compactions":0}}
{"version":1,"wall_time":15.03,"cpu_time":15.03,"gc_time":1.08,"gc_overhead":7.16,"max_rss_kb":136632,"domain_stats":{"0":{"wall_time":15.03,"gc_time":1.08,"gc_overhead":7.16}},"mean_latency":0.013621,"stddev_latency":0.015224,"min_latency":0.0,"max_latency":0.464127,"distr_latency":{"25.0000":0.003871,"50.0000":0.009703,"60.0000":0.012783,"70.0000":0.015343,"75.0000":0.017071,"80.0000":0.019599,"85.0000":0.022671,"90.0000":0.027631,"95.0000":0.042431,"96.0000":0.047423,"97.0000":0.053951,"98.0000":0.063231,"99.0000":0.077311,"99.9000":0.124543,"99.9900":0.190079,"99.9990":0.307199,"99.9999":0.464127,"100.0000":0.464127},"allocations":{"total_heap":10362740594,"minor_heap":10362188726,"major_heap":202706811,"promoted_words":202154943,"promoted_pct":1.95},"domain_alloc_stats":{"0":{"total":10362740594,"minor":10362188726,"promoted":202154943,"major":202706811,"promoted_pct":1.95}},"collections":{"minor":39572,"major":83,"forced_major":0,"compactions":0}}
{"version":1,"wall_time":15.03,"cpu_time":15.03,"gc_time":1.06,"gc_overhead":7.09,"max_rss_kb":135848,"domain_stats":{"0":{"wall_time":15.03,"gc_time":1.06,"gc_overhead":7.09}},"mean_latency":0.013583,"stddev_latency":0.015335,"min_latency":0.0,"max_latency":0.467711,"distr_latency":{"25.0000":0.003831,"50.0000":0.009671,"60.0000":0.012671,"70.0000":0.015215,"75.0000":0.016911,"80.0000":0.019423,"85.0000":0.022479,"90.0000":0.027295,"95.0000":0.042687,"96.0000":0.047903,"97.0000":0.054527,"98.0000":0.064351,"99.0000":0.078655,"99.9000":0.121983,"99.9900":0.190719,"99.9990":0.312319,"99.9999":0.467711,"100.0000":0.467711},"allocations":{"total_heap":10276620810,"minor_heap":10276075123,"major_heap":200998339,"promoted_words":200452652,"promoted_pct":1.95},"domain_alloc_stats":{"0":{"total":10276620810,"minor":10276075123,"promoted":200452652,"major":200998339,"promoted_pct":1.95}},"collections":{"minor":39243,"major":82,"forced_major":0,"compactions":0}}
{"version":1,"wall_time":15.03,"cpu_time":15.03,"gc_time":1.07,"gc_overhead":7.14,"max_rss_kb":136064,"domain_stats":{"0":{"wall_time":15.03,"gc_time":1.07,"gc_overhead":7.14}},"mean_latency":0.013675,"stddev_latency":0.015269,"min_latency":0.0,"max_latency":0.470015,"distr_latency":{"25.0000":0.003951,"50.0000":0.009743,"60.0000":0.012823,"70.0000":0.015407,"75.0000":0.017151,"80.0000":0.019647,"85.0000":0.022703,"90.0000":0.027503,"95.0000":0.042463,"96.0000":0.047551,"97.0000":0.054399,"98.0000":0.063743,"99.0000":0.077951,"99.9000":0.123007,"99.9900":0.191871,"99.9990":0.318975,"99.9999":0.470015,"100.0000":0.470015},"allocations":{"total_heap":10277144923,"minor_heap":10276599407,"major_heap":201014541,"promoted_words":200469025,"promoted_pct":1.95},"domain_alloc_stats":{"0":{"total":10277144923,"minor":10276599407,"promoted":200469025,"major":201014541,"promoted_pct":1.95}},"collections":{"minor":39245,"major":82,"forced_major":0,"compactions":0}}
{"version":1,"wall_time":15.03,"cpu_time":15.03,"gc_time":1.08,"gc_overhead":7.19,"max_rss_kb":136136,"domain_stats":{"0":{"wall_time":15.03,"gc_time":1.08,"gc_overhead":7.19}},"mean_latency":0.013661,"stddev_latency":0.015387,"min_latency":0.0,"max_latency":0.486911,"distr_latency":{"25.0000":0.003911,"50.0000":0.009695,"60.0000":0.012791,"70.0000":0.015351,"75.0000":0.017039,"80.0000":0.019615,"85.0000":0.022623,"90.0000":0.027535,"95.0000":0.042751,"96.0000":0.048063,"97.0000":0.054591,"98.0000":0.063807,"99.0000":0.078655,"99.9000":0.125311,"99.9900":0.194943,"99.9990":0.311551,"99.9999":0.486911,"100.0000":0.486911},"allocations":{"total_heap":10371652942,"minor_heap":10371101567,"major_heap":202897562,"promoted_words":202346187,"promoted_pct":1.95},"domain_alloc_stats":{"0":{"total":10371652942,"minor":10371101567,"promoted":202346187,"major":202897562,"promoted_pct":1.95}},"collections":{"minor":39606,"major":83,"forced_major":0,"compactions":0}}
{"version":1,"wall_time":15.04,"cpu_time":15.04,"gc_time":1.07,"gc_overhead":7.12,"max_rss_kb":136072,"domain_stats":{"0":{"wall_time":15.04,"gc_time":1.07,"gc_overhead":7.12}},"mean_latency":0.013617,"stddev_latency":0.015327,"min_latency":0.0,"max_latency":0.473087,"distr_latency":{"25.0000":0.003831,"50.0000":0.009735,"60.0000":0.012727,"70.0000":0.015287,"75.0000":0.017023,"80.0000":0.019487,"85.0000":0.022575,"90.0000":0.027423,"95.0000":0.042655,"96.0000":0.047935,"97.0000":0.054559,"98.0000":0.063999,"99.0000":0.078399,"99.9000":0.122495,"99.9900":0.188159,"99.9990":0.311295,"99.9999":0.473087,"100.0000":0.473087},"allocations":{"total_heap":10309912515,"minor_heap":10309367133,"major_heap":201632513,"promoted_words":201087131,"promoted_pct":1.95},"domain_alloc_stats":{"0":{"total":10309912515,"minor":10309367133,"promoted":201087131,"major":201632513,"promoted_pct":1.95}},"collections":{"minor":39370,"major":82,"forced_major":0,"compactions":0}}
{"version":1,"wall_time":15.03,"cpu_time":15.03,"gc_time":1.07,"gc_overhead":7.1,"max_rss_kb":137512,"domain_stats":{"0":{"wall_time":15.03,"gc_time":1.07,"gc_overhead":7.1}},"mean_latency":0.0134,"stddev_latency":0.01504,"min_latency":0.0,"max_latency":0.445695,"distr_latency":{"25.0000":0.003751,"50.0000":0.009631,"60.0000":0.012551,"70.0000":0.015063,"75.0000":0.016767,"80.0000":0.019183,"85.0000":0.022223,"90.0000":0.027007,"95.0000":0.041919,"96.0000":0.046847,"97.0000":0.053503,"98.0000":0.062591,"99.0000":0.076415,"99.9000":0.122111,"99.9900":0.185727,"99.9990":0.306687,"99.9999":0.445695,"100.0000":0.445695},"allocations":{"total_heap":10434829681,"minor_heap":10434277717,"major_heap":204125882,"promoted_words":203573918,"promoted_pct":1.95},"domain_alloc_stats":{"0":{"total":10434829681,"minor":10434277717,"promoted":203573918,"major":204125882,"promoted_pct":1.95}},"collections":{"minor":39847,"major":83,"forced_major":0,"compactions":0}}
{"version":1,"wall_time":15.03,"cpu_time":15.03,"gc_time":1.08,"gc_overhead":7.17,"max_rss_kb":137440,"domain_stats":{"0":{"wall_time":15.03,"gc_time":1.08,"gc_overhead":7.17}},"mean_latency":0.013579,"stddev_latency":0.015172,"min_latency":0.0,