{"version":1,"wall_time":6.99,"cpu_time":6.99,"gc_time":0.34,"gc_overhead":4.81,"max_rss_kb":366840,"domain_stats":{"0":{"wall_time":6.99,"gc_time":0.34,"gc_overhead":4.81}},"mean_latency":0.022416,"stddev_latency":0.222141,"min_latency":0.0,"max_latency":22.151167,"distr_latency":{"25.0000":0.000295,"50.0000":0.000311,"60.0000":0.000671,"70.0000":0.001327,"75.0000":0.001943,"80.0000":0.003743,"85.0000":0.012575,"90.0000":0.013815,"95.0000":0.025551,"96.0000":0.056127,"97.0000":0.078271,"98.0000":0.290047,"99.0000":0.669183,"99.9000":1.559551,"99.9900":4.341759,"99.9990":22.151167,"99.9999":22.151167,"100.0000":22.151167},"allocations":{"total_heap":1646750552,"minor_heap":923414460,"major_heap":758847706,"promoted_words":35511614,"promoted_pct":3.85},"domain_alloc_stats":{"0":{"total":1646750552,"minor":923414460,"promoted":35511614,"major":758847706,"promoted_pct":3.85}},"collections":{"minor":3825,"major":255,"forced_major":0,"compactions":0}}
{"version":1,"wall_time":6.98,"cpu_time":6.98,"gc_time":0.34,"gc_overhead":4.84,"max_rss_kb":366912,"domain_stats":{"0":{"wall_time":6.98,"gc_time":0.34,"gc_overhead":4.84}},"mean_latency":0.022526,"stddev_latency":0.222069,"min_latency":0.0,"max_latency":22.167551,"distr_latency":{"25.0000":0.000327,"50.0000":0.000351,"60.0000":0.000695,"70.0000":0.001383,"75.0000":0.002095,"80.0000":0.004223,"85.0000":0.012407,"90.0000":0.013583,"95.0000":0.025743,"96.0000":0.056831,"97.0000":0.078783,"98.0000":0.276223,"99.0000":0.663551,"99.9000":1.633279,"99.9900":4.036607,"99.9990":22.167551,"99.9999":22.167551,"100.0000":22.167551},"allocations":{"total_heap":1646750552,"minor_heap":923414460,"major_heap":758847706,"promoted_words":35511614,"promoted_pct":3.85},"domain_alloc_stats":{"0":{"total":1646750552,"minor":923414460,"promoted":35511614,"major":758847706,"promoted_pct":3.85}},"collections":{"minor":3825,"major":255,"forced_major":0,"compactions":0}}
{"version":1,"wall_time":6.99,"cpu_time":6.99,"gc_time":0.33,"gc_overhead":4.76,"max_rss_kb":366844,"domain_stats":{"0":{"wall_time":6.99,"gc_time":0.33,"gc_overhead":4.76}},"mean_latency":0.022185,"stddev_latency":0.222633,"min_latency":0.0,"max_latency":22.315007,"distr_latency":{"25.0000":0.000295,"50.0000":0.000327,"60.0000":0.000735,"70.0000":0.001375,"75.0000":0.001991,"80.0000":0.003743,"85.0000":0.012407,"90.0000":0.013551,"95.0000":0.025231,"96.0000":0.055679,"97.0000":0.077887,"98.0000":0.275967,"99.0000":0.651775,"99.9000":1.651711,"99.9900":4.493311,"99.9990":22.315007,"99.9999":22.315007,"100.0000":22.315007},"allocations":{"total_heap":1646750552,"minor_heap":923414460,"major_heap":758847706,"promoted_words":35511614,"promoted_pct":3.85},"domain_alloc_stats":{"0":{"total":1646750552,"minor":923414460,"promoted":35511614,"major":758847706,"promoted_pct":3.85}},"collections":{"minor":3825,"major":255,"forced_major":0,"compactions":0}}
{"version":1,"wall_time":7.01,"cpu_time":7.01,"gc_time":0.34,"gc_overhead":4.82,"max_rss_kb":366388,"domain_stats":{"0":{"wall_time":7.01,"gc_time":0.34,"gc_overhead":4.82}},"mean_latency":0.022528,"stddev_latency":0.225176,"min_latency":0.0,"max_latency":22.233087,"distr_latency":{"25.0000":0.000295,"50.0000":0.000311,"60.0000":0.000671,"70.0000":0.001335,"75.0000":0.001927,"80.0000":0.003895,"85.0000":0.012455,"90.0000":0.013575,"95.0000":0.025711,"96.0000":0.055071,"97.0000":0.077951,"98.0000":0.283135,"99.0000":0.655359,"99.9000":1.577983,"99.9900":5.406719,"99.9990":22.233087,"99.9999":22.233087,"100.0000":22.233087},"allocations":{"total_heap":1646750552,"minor_heap":923414460,"major_heap":758847706,"promoted_words":35511614,"promoted_pct":3.85},"domain_alloc_stats":{"0":{"total":1646750552,"minor":923414460,"promoted":35511614,"major":758847706,"promoted_pct":3.85}},"collections":{"minor":3825,"major":255,"forced_major":0,"compactions":0}}
{"version":1,"wall_time":7.0,"cpu_time":7.0,"gc_time":0.34,"gc_overhead":4.79,"max_rss_kb":366508,"domain_stats":{"0":{"wall_time":7.0,"gc_time":0.34,"gc_overhead":4.79}},"mean_latency":0.022384,"stddev_latency":0.222722,"min_latency":0.0,"max_latency":22.380543,"distr_latency":{"25.0000":0.000295,"50.0000":0.000327,"60.0000":0.000743,"70.0000":0.001375,"75.0000":0.002007,"80.0000":0.003735,"85.0000":0.013503,"90.0000":0.014647,"95.0000":0.026463,"96.0000":0.056191,"97.0000":0.078399,"98.0000":0.290303,"99.0000":0.653823,"99.9000":1.629183,"99.9900":4.231167,"99.9990":22.380543,"99.9999":22.380543,"100.0000":22.380543},"allocations":{"total_heap":1646750552,"minor_heap":923414460,"major_heap":758847706,"promoted_words":35511614,"promoted_pct":3.85},"domain_alloc_stats":{"0":{"total":1646750552,"minor":923414460,"promoted":35511614,"major":758847706,"promoted_pct":3.85}},"collections":{"minor":3825,"major":255,"forced_major":0,"compactions":0}}
{"version":1,"wall_time":6.97,"cpu_time":6.97,"gc_time":0.34,"gc_overhead":4.85,"max_rss_kb":366188,"domain_stats":{"0":{"wall_time":6.97,"gc_time":0.34,"gc_overhead":4.85}},"mean_latency":0.02258,"stddev_latency":0.222821,"min_latency":0.0,"max_latency":22.265855,"distr_latency":{"25.0000":0.000295,"50.0000":0.000311,"60.0000":0.000687,"70.0000":0.001383,"75.0000":0.002007,"80.0000":0.003943,"85.0000":0.012631,"90.0000":0.013831,"95.0000":0.027343,"96.0000":0.057023,"97.0000":0.078527,"98.0000":0.290303,"99.0000":0.668159,"99.9000":1.577983,"99.9900":4.423679,"99.9990":22.265855,"99.9999":22.265855,"100.0000":22.265855},"allocations":{"total_heap":1646750552,"minor_heap":923414460,"major_heap":758847706,"promoted_words":35511614,"promoted_pct":3.85},"domain_alloc_stats":{"0":{"total":1646750552,"minor":923414460,"promoted":35511614,"major":758847706,"promoted_pct":3.85}},"collections":{"minor":3825,"major":255,"forced_major":0,"compactions":0}}
{"version":1,"wall_time":6.97,"cpu_time":6.97,"gc_time":0.33,"gc_overhead":4.79,"max_rss_kb":366612,"domain_stats":{"0":{"wall_time":6.97,"gc_time":0.33,"gc_overhead":4.79}},"mean_latency":0.022261,"stddev_latency":0.220959,"min_latency":0.0,"max_latency":22.265855,"distr_latency":{"25.0000":0.000295,"50.0000":0.000311,"60.0000":0.000663,"70.0000":0.001327,"75.0000":0.001943,"80.0000":0.003775,"85.0000":0.013583,"90.0000":0.014727,"95.0000":0.025647,"96.0000":0.056703,"97.0000":0.078783,"98.0000":0.287743,"99.0000":0.657919,"99.9000":1.515519,"99.9900":4.177919,"99.9990":22.265855,"99.9999":22.265855,"100.0000":22.265855},"allocations":{"total_heap":1646750552,"minor_heap":923414460,"major_heap":758847706,"promoted_words":35511614,"promoted_pct":3.85},"domain_alloc_stats":{"0":{"total":1646750552,"minor":923414460,"promoted":35511614,"major":758847706,"promoted_pct":3.85}},"collections":{"minor":3825,"major":255,"forced_major":0,"compactions":0}}
{"version":1,"wall_time":6.97,"cpu_time":6.97,"gc_time":0.33,"gc_overhead":4.76,"max_rss_kb":366388,"domain_stats":{"0":{"wall_time":6.97,"gc_time":0.33,"gc_overhead":4.76}},"mean_latency":0.022158,"stddev_latency":0.221569,"min_latency":0.0,"max_latency":22.364159,"distr_latency":{"25.0000":0.000295,"50.0000":0.000327,"60.0000":0.000703,"70.0000":0.001343,"75.0000":0.001927,"80.0000":0.003775,"85.0000":0.012431,"90.0000":0.013607,"95.0000":0.024687,"96.0000":0.056511,"97.0000":0.077823,"98.0000":0.275967,"99.0000":0.676863,"99.9000":1.533951,"99.9900":4.087807,"99.9990":22.364159,"99.9999":22.364159,"100.0000":22.364159},"allocations":{"total_heap":1646750552,"minor_heap":923414460,"major_heap":758847706,"promoted_words":35511614,"promoted_pct":3.85},"domain_alloc_stats":{"0":{"total":1646750552,"minor":923414460,"promoted":35511614,"major":758847706,"promoted_pct":3.85}},"collections":{"minor":3825,"major":255,"forced_major":0,"compactions":0}}
{"version":1,"wall_time":6.98,"cpu_time":6.98,"gc_time":0.34,"gc_overhead":4.81,"max_rss_kb":367032,"domain_stats":{"0":{"wall_time":6.98,"gc_time":0.34,"gc_overhead":4.81}},"mean_latency":0.022398,"stddev_latency":0.223305,"min_latency":0.0,"max_latency":22.347775,"distr_latency":{"25.0000":0.000295,