{"version":1,"wall_time":3.71,"cpu_time":3.71,"gc_time":0.5,"gc_overhead":13.47,"max_rss_kb":39596,"domain_stats":{"0":{"wall_time":3.71,"gc_time":0.5,"gc_overhead":13.47}},"mean_latency":0.039627,"stddev_latency":0.043456,"min_latency":0.0,"max_latency":0.393983,"distr_latency":{"25.0000":0.008575,"50.0000":0.026463,"60.0000":0.035871,"70.0000":0.046655,"75.0000":0.052511,"80.0000":0.058719,"85.0000":0.069759,"90.0000":0.102399,"95.0000":0.137343,"96.0000":0.146815,"97.0000":0.157695,"98.0000":0.171135,"99.0000":0.188927,"99.9000":0.282623,"99.9900":0.374271,"99.9990":0.393983,"99.9999":0.393983,"100.0000":0.393983},"allocations":{"total_heap":1652524138,"minor_heap":1652540566,"major_heap":74023373,"promoted_words":74039801,"promoted_pct":4.48},"domain_alloc_stats":{"0":{"total":1652524138,"minor":1652540566,"promoted":74039801,"major":74023373,"promoted_pct":4.48}},"collections":{"minor":6388,"major":168,"forced_major":0,"compactions":0}}
{"version":1,"wall_time":3.72,"cpu_time":3.72,"gc_time":0.5,"gc_overhead":13.42,"max_rss_kb":39956,"domain_stats":{"0":{"wall_time":3.72,"gc_time":0.5,"gc_overhead":13.42}},"mean_latency":0.039645,"stddev_latency":0.043577,"min_latency":0.0,"max_latency":0.356351,"distr_latency":{"25.0000":0.008615,"50.0000":0.026271,"60.0000":0.035967,"70.0000":0.046143,"75.0000":0.052031,"80.0000":0.058271,"85.0000":0.070527,"90.0000":0.101567,"95.0000":0.139391,"96.0000":0.147839,"97.0000":0.158719,"98.0000":0.170239,"99.0000":0.192383,"99.9000":0.263423,"99.9900":0.355071,"99.9990":0.356351,"99.9999":0.356351,"100.0000":0.356351},"allocations":{"total_heap":1652522651,"minor_heap":1652540417,"major_heap":73990721,"promoted_words":74008487,"promoted_pct":4.48},"domain_alloc_stats":{"0":{"total":1652522651,"minor":1652540417,"promoted":74008487,"major":73990721,"promoted_pct":4.48}},"collections":{"minor":6388,"major":168,"forced_major":0,"compactions":0}}
{"version":1,"wall_time":3.72,"cpu_time":3.72,"gc_time":0.51,"gc_overhead":13.58,"max_rss_kb":39920,"domain_stats":{"0":{"wall_time":3.72,"gc_time":0.51,"gc_overhead":13.58}},"mean_latency":0.040091,"stddev_latency":0.044235,"min_latency":0.0,"max_latency":0.384767,"distr_latency":{"25.0000":0.008655,"50.0000":0.026671,"60.0000":0.036191,"70.0000":0.047007,"75.0000":0.052607,"80.0000":0.058559,"85.0000":0.071167,"90.0000":0.102783,"95.0000":0.141823,"96.0000":0.150143,"97.0000":0.160255,"98.0000":0.174335,"99.0000":0.194175,"99.9000":0.288255,"99.9900":0.372735,"99.9990":0.384767,"99.9999":0.384767,"100.0000":0.384767},"allocations":{"total_heap":1652523503,"minor_heap":1652540456,"major_heap":74048034,"promoted_words":74064987,"promoted_pct":4.48},"domain_alloc_stats":{"0":{"total":1652523503,"minor":1652540456,"promoted":74064987,"major":74048034,"promoted_pct":4.48}},"collections":{"minor":6388,"major":168,"forced_major":0,"compactions":0}}
{"version":1,"wall_time":3.75,"cpu_time":3.75,"gc_time":0.52,"gc_overhead":13.82,"max_rss_kb":39956,"domain_stats":{"0":{"wall_time":3.75,"gc_time":0.52,"gc_overhead":13.82}},"mean_latency":0.041149,"stddev_latency":0.045766,"min_latency":0.0,"max_latency":0.372735,"distr_latency":{"25.0000":0.008703,"50.0000":0.026719,"60.0000":0.036351,"70.0000":0.047167,"75.0000":0.053279,"80.0000":0.059231,"85.0000":0.075071,"90.0000":0.108351,"95.0000":0.146431,"96.0000":0.155775,"97.0000":0.167423,"98.0000":0.181887,"99.0000":0.201215,"99.9000":0.270591,"99.9900":0.351487,"99.9990":0.372735,"99.9999":0.372735,"100.0000":0.372735},"allocations":{"total_heap":1652524302,"minor_heap":1652540729,"major_heap":73979632,"promoted_words":73996059,"promoted_pct":4.48},"domain_alloc_stats":{"0":{"total":1652524302,"minor":1652540729,"promoted":73996059,"major":73979632,"promoted_pct":4.48}},"collections":{"minor":6388,"major":168,"forced_major":0,"compactions":0}}
{"version":1,"wall_time":3.73,"cpu_time":3.73,"gc_time":0.5,"gc_overhead":13.53,"max_rss_kb":39944,"domain_stats":{"0":{"wall_time":3.73,"gc_time":0.5,"gc_overhead":13.53}},"mean_latency":0.039997,"stddev_latency":0.044572,"min_latency":0.0,"max_latency":0.386047,"distr_latency":{"25.0000":0.008471,"50.0000":0.026079,"60.0000":0.035583,"70.0000":0.046463,"75.0000":0.052063,"80.0000":0.058335,"85.0000":0.071615,"90.0000":0.103743,"95.0000":0.141951,"96.0000":0.150783,"97.0000":0.161535,"98.0000":0.175231,"99.0000":0.195583,"99.9000":0.294143,"99.9900":0.354559,"99.9990":0.386047,"99.9999":0.386047,"100.0000":0.386047},"allocations":{"total_heap":1652523300,"minor_heap":1652540397,"major_heap":73999867,"promoted_words":74016964,"promoted_pct":4.48},"domain_alloc_stats":{"0":{"total":1652523300,"minor":1652540397,"promoted":74016964,"major":73999867,"promoted_pct":4.48}},"collections":{"minor":6388,"major":168,"forced_major":0,"compactions":0}}
{"version":1,"wall_time":3.72,"cpu_time":3.72,"gc_time":0.5,"gc_overhead":13.57,"max_rss_kb":39352,"domain_stats":{"0":{"wall_time":3.72,"gc_time":0.5,"gc_overhead":13.57}},"mean_latency":0.040024,"stddev_latency":0.044142,"min_latency":0.0,"max_latency":0.397311,"distr_latency":{"25.0000":0.008703,"50.0000":0.026591,"60.0000":0.035999,"70.0000":0.046463,"75.0000":0.052191,"80.0000":0.058271,"85.0000":0.072703,"90.0000":0.104447,"95.0000":0.140415,"96.0000":0.148735,"97.0000":0.159615,"98.0000":0.174207,"99.0000":0.194047,"99.9000":0.269055,"99.9900":0.354559,"99.9990":0.397311,"99.9999":0.397311,"100.0000":0.397311},"allocations":{"total_heap":1652523747,"minor_heap":1652540430,"major_heap":73983727,"promoted_words":74000410,"promoted_pct":4.48},"domain_alloc_stats":{"0":{"total":1652523747,"minor":1652540430,"promoted":74000410,"major":73983727,"promoted_pct":4.48}},"collections":{"minor":6388,"major":168,"forced_major":0,"compactions":0}}
{"version":1,"wall_time":3.73,"cpu_time":3.73,"gc_time":0.5,"gc_overhead":13.53,"max_rss_kb":39784,"domain_stats":{"0":{"wall_time":3.73,"gc_time":0.5,"gc_overhead":13.53}},"mean_latency":0.040034,"stddev_latency":0.044298,"min_latency":0.0,"max_latency":0.397311,"distr_latency":{"25.0000":0.008567,"50.0000":0.026447,"60.0000":0.035711,"70.0000":0.046687,"75.0000":0.052479,"80.0000":0.058783,"85.0000":0.072255,"90.0000":0.104319,"95.0000":0.142207,"96.0000":0.150655,"97.0000":0.160127,"98.0000":0.173951,"99.0000":0.191743,"99.9000":0.311039,"99.9900":0.383999,"99.9990":0.397311,"99.9999":0.397311,"100.0000":0.397311},"allocations":{"total_heap":1652523477,"minor_heap":1652540701,"major_heap":74046761,"promoted_words":74063985,"promoted_pct":4.48},"domain_alloc_stats":{"0":{"total":1652523477,"minor":1652540701,"promoted":74063985,"major":74046761,"promoted_pct":4.48}},"collections":{"minor":6388,"major":168,"forced_major":0,"compactions":0}}
{"version":1,"wall_time":3.74,"cpu_time":3.74,"gc_time":0.5,"gc_overhead":13.26,"max_rss_kb":39948,"domain_stats":{"0":{"wall_time":3.74,"gc_time":0.5,"gc_overhead":13.26}},"mean_latency":0.039402,"stddev_latency":0.043954,"min_latency":0.0,"max_latency":0.396543,"distr_latency":{"25.0000":0.008423,"50.0000":0.025999,"60.0000":0.035551,"70.0000":0.045919,"75.0000":0.051455,"80.0000":0.057663,"85.0000":0.069375,"90.0000":0.102271,"95.0000":0.138239,"96.0000":0.146431,"97.0000":0.157695,"98.0000":0.170239,"99.0000":0.191871,"99.9000":0.313343,"99.9900":0.370175,"99.9990":0.396543,"99.9999":0.396543,"100.0000":0.396543},"allocations":{"total_heap":1652523709,"minor_heap":1652540414,"major_heap":74029454,"promoted_words":74046159,"promoted_pct":4.48},"domain_alloc_stats":{"0":{"total":1652523709,"minor":1652540414,"promoted":74046159,"major":74029454,"promoted_pct":4.48}},"collections":{"minor":6388,"major":168,"forced_major":0,"compactions":0}}
{"version":1,"wall_time":3.75,"cpu_time":3.75,"gc_time":0.5,"gc_overhead":13.31,"max_rss_kb":39812,"domain_stats":{"0":{"wall_time":3.75,"gc_time":0.5,"gc_overhead":13.31}},"mean_latency":0.039604,"stddev_latency":0.043748,"min_latency":0.0,"max_latency":0.419071,"distr_latency":{"25.0000":0.008567,"50.0000":0.026095,"60.0000":0.035583,