{"version":1,"wall_time":2.41,"cpu_time":2.41,"gc_time":0.38,"gc_overhead":15.55,"max_rss_kb":128800,"domain_stats":{"0":{"wall_time":2.41,"gc_time":0.38,"gc_overhead":15.55}},"mean_latency":0.001491,"stddev_latency":0.001806,"min_latency":0.0,"max_latency":0.024831,"distr_latency":{"25.0000":3.1e-05,"50.0000":0.001663,"60.0000":0.001743,"70.0000":0.001903,"75.0000":0.002047,"80.0000":0.002183,"85.0000":0.002391,"90.0000":0.002631,"95.0000":0.004543,"96.0000":0.006223,"97.0000":0.007247,"98.0000":0.008183,"99.0000":0.009207,"99.9000":0.012287,"99.9900":0.016351,"99.9990":0.021535,"99.9999":0.024831,"100.0000":0.024831},"allocations":{"total_heap":3993830621,"minor_heap":4177532,"major_heap":3989855813,"promoted_words":202724,"promoted_pct":4.85},"domain_alloc_stats":{"0":{"total":3993830621,"minor":4177532,"promoted":202724,"major":3989855813,"promoted_pct":4.85}},"collections":{"minor":103334,"major":51662,"forced_major":0,"compactions":0}}
{"version":1,"wall_time":2.41,"cpu_time":2.41,"gc_time":0.38,"gc_overhead":15.61,"max_rss_kb":128820,"domain_stats":{"0":{"wall_time":2.41,"gc_time":0.38,"gc_overhead":15.61}},"mean_latency":0.001496,"stddev_latency":0.001802,"min_latency":0.0,"max_latency":0.100095,"distr_latency":{"25.0000":3.1e-05,"50.0000":0.001663,"60.0000":0.001751,"70.0000":0.001983,"75.0000":0.002055,"80.0000":0.002167,"85.0000":0.002407,"90.0000":0.002663,"95.0000":0.004503,"96.0000":0.006151,"97.0000":0.007151,"98.0000":0.008095,"99.0000":0.009143,"99.9000":0.012103,"99.9900":0.015447,"99.9990":0.021695,"99.9999":0.100095,"100.0000":0.100095},"allocations":{"total_heap":3993830621,"minor_heap":4177532,"major_heap":3989855813,"promoted_words":202724,"promoted_pct":4.85},"domain_alloc_stats":{"0":{"total":3993830621,"minor":4177532,"promoted":202724,"major":3989855813,"promoted_pct":4.85}},"collections":{"minor":103334,"major":51662,"forced_major":0,"compactions":0}}
{"version":1,"wall_time":2.41,"cpu_time":2.41,"gc_time":0.37,"gc_overhead":15.53,"max_rss_kb":128752,"domain_stats":{"0":{"wall_time":2.41,"gc_time":0.37,"gc_overhead":15.53}},"mean_latency":0.001486,"stddev_latency":0.001792,"min_latency":0.0,"max_latency":0.041695,"distr_latency":{"25.0000":3.1e-05,"50.0000":0.001663,"60.0000":0.001743,"70.0000":0.001935,"75.0000":0.002047,"80.0000":0.002183,"85.0000":0.002407,"90.0000":0.002623,"95.0000":0.004495,"96.0000":0.006111,"97.0000":0.007127,"98.0000":0.008071,"99.0000":0.009135,"99.9000":0.012167,"99.9900":0.015911,"99.9990":0.029871,"99.9999":0.041695,"100.0000":0.041695},"allocations":{"total_heap":3993830621,"minor_heap":4177532,"major_heap":3989855813,"promoted_words":202724,"promoted_pct":4.85},"domain_alloc_stats":{"0":{"total":3993830621,"minor":4177532,"promoted":202724,"major":3989855813,"promoted_pct":4.85}},"collections":{"minor":103334,"major":51662,"forced_major":0,"compactions":0}}
{"version":1,"wall_time":2.41,"cpu_time":2.41,"gc_time":0.38,"gc_overhead":15.58,"max_rss_kb":129036,"domain_stats":{"0":{"wall_time":2.41,"gc_time":0.38,"gc_overhead":15.58}},"mean_latency":0.001494,"stddev_latency":0.001818,"min_latency":0.0,"max_latency":0.033599,"distr_latency":{"25.0000":3.1e-05,"50.0000":0.001687,"60.0000":0.001743,"70.0000":0.001887,"75.0000":0.002015,"80.0000":0.002151,"85.0000":0.002423,"90.0000":0.002647,"95.0000":0.004631,"96.0000":0.006231,"97.0000":0.007255,"98.0000":0.008223,"99.0000":0.009303,"99.9000":0.012327,"99.9900":0.016071,"99.9990":0.024703,"99.9999":0.033599,"100.0000":0.033599},"allocations":{"total_heap":3993830621,"minor_heap":4177532,"major_heap":3989855813,"promoted_words":202724,"promoted_pct":4.85},"domain_alloc_stats":{"0":{"total":3993830621,"minor":4177532,"promoted":202724,"major":3989855813,"promoted_pct":4.85}},"collections":{"minor":103334,"major":51662,"forced_major":0,"compactions":0}}
{"version":1,"wall_time":2.42,"cpu_time":2.42,"gc_time":0.38,"gc_overhead":15.52,"max_rss_kb":128440,"domain_stats":{"0":{"wall_time":2.42,"gc_time":0.38,"gc_overhead":15.52}},"mean_latency":0.001491,"stddev_latency":0.00181,"min_latency":0.0,"max_latency":0.028911,"distr_latency":{"25.0000":3.1e-05,"50.0000":0.001663,"60.0000":0.001743,"70.0000":0.001887,"75.0000":0.002023,"80.0000":0.002167,"85.0000":0.002415,"90.0000":0.002631,"95.0000":0.004583,"96.0000":0.006215,"97.0000":0.007215,"98.0000":0.008151,"99.0000":0.009231,"99.9000":0.012311,"99.9900":0.017071,"99.9990":0.024591,"99.9999":0.028911,"100.0000":0.028911},"allocations":{"total_heap":3993830621,"minor_heap":4177532,"major_heap":3989855813,"promoted_words":202724,"promoted_pct":4.85},"domain_alloc_stats":{"0":{"total":3993830621,"minor":4177532,"promoted":202724,"major":3989855813,"promoted_pct":4.85}},"collections":{"minor":103334,"major":51662,"forced_major":0,"compactions":0}}
{"version":1,"wall_time":2.41,"cpu_time":2.41,"gc_time":0.38,"gc_overhead":15.67,"max_rss_kb":128812,"domain_stats":{"0":{"wall_time":2.41,"gc_time":0.38,"gc_overhead":15.67}},"mean_latency":0.001502,"stddev_latency":0.001814,"min_latency":0.0,"max_latency":0.021807,"distr_latency":{"25.0000":3.1e-05,"50.0000":0.001671,"60.0000":0.001767,"70.0000":0.001951,"75.0000":0.002031,"80.0000":0.002167,"85.0000":0.002423,"90.0000":0.002671,"95.0000":0.004607,"96.0000":0.006263,"97.0000":0.007271,"98.0000":0.008215,"99.0000":0.009247,"99.9000":0.012367,"99.9900":0.015271,"99.9990":0.020671,"99.9999":0.021807,"100.0000":0.021807},"allocations":{"total_heap":3993830621,"minor_heap":4177532,"major_heap":3989855813,"promoted_words":202724,"promoted_pct":4.85},"domain_alloc_stats":{"0":{"total":3993830621,"minor":4177532,"promoted":202724,"major":3989855813,"promoted_pct":4.85}},"collections":{"minor":103334,"major":51662,"forced_major":0,"compactions":0}}
{"version":1,"wall_time":2.41,"cpu_time":2.41,"gc_time":0.37,"gc_overhead":15.55,"max_rss_kb":129192,"domain_stats":{"0":{"wall_time":2.41,"gc_time":0.37,"gc_overhead":15.55}},"mean_latency":0.00149,"stddev_latency":0.001837,"min_latency":0.0,"max_latency":0.063007,"distr_latency":{"25.0000":3.1e-05,"50.0000":0.001671,"60.0000":0.001751,"70.0000":0.001831,"75.0000":0.001935,"80.0000":0.002103,"85.0000":0.002431,"90.0000":0.002623,"95.0000":0.004615,"96.0000":0.006255,"97.0000":0.007351,"98.0000":0.008303,"99.0000":0.009375,"99.9000":0.012623,"99.9900":0.018335,"99.9990":0.025071,"99.9999":0.063007,"100.0000":0.063007},"allocations":{"total_heap":3993830621,"minor_heap":4177532,"major_heap":3989855813,"promoted_words":202724,"promoted_pct":4.85},"domain_alloc_stats":{"0":{"total":3993830621,"minor":4177532,"promoted":202724,"major":3989855813,"promoted_pct":4.85}},"collections":{"minor":103334,"major":51662,"forced_major":0,"compactions":0}}
{"version":1,"wall_time":2.41,"cpu_time":2.41,"gc_time":0.37,"gc_overhead":15.46,"max_rss_kb":129672,"domain_stats":{"0":{"wall_time":2.41,"gc_time":0.37,"gc_overhead":15.46}},"mean_latency":0.001478,"stddev_latency":0.001845,"min_latency":0.0,"max_latency":0.184831,"distr_latency":{"25.0000":3.1e-05,"50.0000":0.001615,"60.0000":0.001743,"70.0000":0.001823,"75.0000":0.001911,"80.0000":0.002055,"85.0000":0.002415,"90.0000":0.002631,"95.0000":0.004567,"96.0000":0.006231,"97.0000":0.007255,"98.0000":0.008223,"99.0000":0.009287,"99.9000":0.012383,"99.9900":0.016047,"99.9990":0.024543,"99.9999":0.184831,"100.0000":0.184831},"allocations":{"total_heap":3993830621,"minor_heap":4177532,"major_heap":3989855813,"promoted_words":202724,"promoted_pct":4.85},"domain_alloc_stats":{"0":{"total":3993830621,"minor":4177532,"promoted":202724,"major":3989855813,"promoted_pct":4.85}},"collections":{"minor":103334,"major":51662,"forced_major":0,"compactions":0}}
{"version":1,"wall_time":2.41,"cpu_time":2.41,"gc_time":0.37,"gc_overhead":15.31,"max_rss_kb":129044,"domain_stats":{"0":{"wall_time":2.41,"gc_time":0.37,"gc_overhead":15.31}},"mean_latency":0.001464,"stddev_latency":0.00178,"min_latency":0.0,"max_latency":0.027407,"distr_latency":{"25.0000":3.1e-05,"50.0000":0.001655,"60.0000":0.001735,