{"version":1,"wall_time":14.16,"cpu_time":20.47,"gc_time":2.67,"gc_overhead":13.04,"max_rss_kb":2043872,"domain_stats":{"0":{"wall_time":14.16,"gc_time":1.49,"gc_overhead":10.54},"1":{"wall_time":6.31,"gc_time":1.18,"gc_overhead":18.67}},"mean_latency":0.097124,"stddev_latency":0.292219,"min_latency":0.0,"max_latency":18.644991,"distr_latency":{"25.0000":0.000431,"50.0000":0.030767,"60.0000":0.074879,"70.0000":0.109631,"75.0000":0.124479,"80.0000":0.139519,"85.0000":0.158335,"90.0000":0.195711,"95.0000":0.345343,"96.0000":0.403199,"97.0000":0.496895,"98.0000":0.698367,"99.0000":1.051647,"99.9000":1.869823,"99.9900":13.565951,"99.9990":18.644991,"99.9999":18.644991,"100.0000":18.644991},"allocations":{"total_heap":3085537373,"minor_heap":3113155254,"major_heap":216135919,"promoted_words":243753800,"promoted_pct":7.83},"domain_alloc_stats":{"0":{"total":1579920422,"minor":1601910335,"promoted":129204620,"major":107214707,"promoted_pct":8.07},"1":{"total":1505616951,"minor":1511244919,"promoted":114549180,"major":108921212,"promoted_pct":7.58}},"collections":{"minor":7209,"major":62,"forced_major":0,"compactions":0}}
{"version":1,"wall_time":14.34,"cpu_time":20.69,"gc_time":2.75,"gc_overhead":13.3,"max_rss_kb":2133208,"domain_stats":{"0":{"wall_time":14.34,"gc_time":1.61,"gc_overhead":11.25},"1":{"wall_time":6.35,"gc_time":1.14,"gc_overhead":17.94}},"mean_latency":0.100944,"stddev_latency":0.346913,"min_latency":0.0,"max_latency":31.637503,"distr_latency":{"25.0000":0.000391,"50.0000":0.023551,"60.0000":0.076287,"70.0000":0.112959,"75.0000":0.125887,"80.0000":0.137727,"85.0000":0.154623,"90.0000":0.194815,"95.0000":0.344575,"96.0000":0.420607,"97.0000":0.549887,"98.0000":0.778751,"99.0000":1.119231,"99.9000":3.375103,"99.9900":12.779519,"99.9990":31.637503,"99.9999":31.637503,"100.0000":31.637503},"allocations":{"total_heap":3078137155,"minor_heap":3100641560,"major_heap":220740746,"promoted_words":243245151,"promoted_pct":7.84},"domain_alloc_stats":{"0":{"total":1612316029,"minor":1612565268,"promoted":130011686,"major":129762447,"promoted_pct":8.06},"1":{"total":1465821126,"minor":1488076292,"promoted":113233465,"major":90978299,"promoted_pct":7.61}},"collections":{"minor":7188,"major":64,"forced_major":0,"compactions":0}}
{"version":1,"wall_time":14.15,"cpu_time":20.59,"gc_time":2.49,"gc_overhead":12.09,"max_rss_kb":2138216,"domain_stats":{"0":{"wall_time":14.15,"gc_time":1.37,"gc_overhead":9.7},"1":{"wall_time":6.44,"gc_time":1.12,"gc_overhead":17.35}},"mean_latency":0.093261,"stddev_latency":0.373811,"min_latency":0.0,"max_latency":43.745279,"distr_latency":{"25.0000":0.000407,"50.0000":0.020495,"60.0000":0.069951,"70.0000":0.107583,"75.0000":0.123263,"80.0000":0.134655,"85.0000":0.151935,"90.0000":0.183167,"95.0000":0.309247,"96.0000":0.368127,"97.0000":0.469503,"98.0000":0.674303,"99.0000":1.060863,"99.9000":2.166783,"99.9900":8.351743,"99.9990":43.745279,"99.9999":43.745279,"100.0000":43.745279},"allocations":{"total_heap":2996417898,"minor_heap":3030951104,"major_heap":198631414,"promoted_words":233164620,"promoted_pct":7.69},"domain_alloc_stats":{"0":{"total":1557190565,"minor":1569284669,"promoted":126315297,"major":114221193,"promoted_pct":8.05},"1":{"total":1439227333,"minor":1461666435,"promoted":106849323,"major":84410221,"promoted_pct":7.31}},"collections":{"minor":6965,"major":59,"forced_major":0,"compactions":0}}
{"version":1,"wall_time":14.2,"cpu_time":20.43,"gc_time":2.72,"gc_overhead":13.3,"max_rss_kb":2119768,"domain_stats":{"0":{"wall_time":14.2,"gc_time":1.52,"gc_overhead":10.73},"1":{"wall_time":6.23,"gc_time":1.19,"gc_overhead":19.14}},"mean_latency":0.097339,"stddev_latency":0.397862,"min_latency":0.0,"max_latency":50.593791,"distr_latency":{"25.0000":0.000407,"50.0000":0.027023,"60.0000":0.074879,"70.0000":0.111167,"75.0000":0.126143,"80.0000":0.141823,"85.0000":0.162687,"90.0000":0.198911,"95.0000":0.326655,"96.0000":0.371711,"97.0000":0.454399,"98.0000":0.619007,"99.0000":1.041407,"99.9000":2.443263,"99.9900":7.221247,"99.9990":50.593791,"99.9999":50.593791,"100.0000":50.593791},"allocations":{"total_heap":3119828841,"minor_heap":3142999498,"major_heap":221953690,"promoted_words":245124347,"promoted_pct":7.8},"domain_alloc_stats":{"0":{"total":1592749560,"minor":1608814709,"promoted":130654301,"major":114589152,"promoted_pct":8.12},"1":{"total":1527079281,"minor":1534184789,"promoted":114470046,"major":107364538,"promoted_pct":7.46}},"collections":{"minor":7298,"major":62,"forced_major":0,"compactions":0}}
{"version":1,"wall_time":13.94,"cpu_time":20.41,"gc_time":2.54,"gc_overhead":12.45,"max_rss_kb":2073444,"domain_stats":{"0":{"wall_time":13.94,"gc_time":1.41,"gc_overhead":10.12},"1":{"wall_time":6.47,"gc_time":1.13,"gc_overhead":17.48}},"mean_latency":0.095706,"stddev_latency":0.307737,"min_latency":0.0,"max_latency":27.836415,"distr_latency":{"25.0000":0.000423,"50.0000":0.029855,"60.0000":0.074239,"70.0000":0.112959,"75.0000":0.127167,"80.0000":0.140671,"85.0000":0.157567,"90.0000":0.190719,"95.0000":0.323583,"96.0000":0.385791,"97.0000":0.491263,"98.0000":0.678911,"99.0000":1.022463,"99.9000":1.993727,"99.9900":10.076159,"99.9990":27.836415,"99.9999":27.836415,"100.0000":27.836415},"allocations":{"total_heap":2995437171,"minor_heap":3030367214,"major_heap":198603909,"promoted_words":233533952,"promoted_pct":7.71},"domain_alloc_stats":{"0":{"total":1535088988,"minor":1557270850,"promoted":124475004,"major":102293142,"promoted_pct":7.99},"1":{"total":1460348183,"minor":1473096364,"promoted":109058948,"major":96310767,"promoted_pct":7.4}},"collections":{"minor":6975,"major":59,"forced_major":0,"compactions":0}}
{"version":1,"wall_time":14.16,"cpu_time":20.4,"gc_time":2.75,"gc_overhead":13.48,"max_rss_kb":2030860,"domain_stats":{"0":{"wall_time":14.16,"gc_time":1.57,"gc_overhead":11.1},"1":{"wall_time":6.24,"gc_time":1.18,"gc_overhead":18.87}},"mean_latency":0.099534,"stddev_latency":0.336882,"min_latency":0.0,"max_latency":25.313279,"distr_latency":{"25.0000":0.000391,"50.0000":0.022975,"60.0000":0.072767,"70.0000":0.110527,"75.0000":0.126591,"80.0000":0.138879,"85.0000":0.160127,"90.0000":0.203263,"95.0000":0.350463,"96.0000":0.410367,"97.0000":0.504063,"98.0000":0.700415,"99.0000":1.096703,"99.9000":2.531327,"99.9900":13.246463,"99.9990":25.313279,"99.9999":25.313279,"100.0000":25.313279},"allocations":{"total_heap":3106890691,"minor_heap":3124504330,"major_heap":227145340,"promoted_words":244758979,"promoted_pct":7.83},"domain_alloc_stats":{"0":{"total":1616951185,"minor":1611921944,"promoted":131173632,"major":136202873,"promoted_pct":8.14},"1":{"total":1489939506,"minor":1512582386,"promoted":113585347,"major":90942467,"promoted_pct":7.51}},"collections":{"minor":7268,"major":61,"forced_major":0,"compactions":0}}
{"version":1,"wall_time":14.11,"cpu_time":20.35,"gc_time":2.69,"gc_overhead":13.2,"max_rss_kb":2045968,"domain_stats":{"0":{"wall_time":14.11,"gc_time":1.48,"gc_overhead":10.47},"1":{"wall_time":6.24,"gc_time":1.21,"gc_overhead":19.37}},"mean_latency":0.097641,"stddev_latency":0.319326,"min_latency":0.0,"max_latency":21.413887,"distr_latency":{"25.0000":0.000423,"50.0000":0.032703,"60.0000":0.075455,"70.0000":0.113087,"75.0000":0.124991,"80.0000":0.138111,"85.0000":0.156159,"90.0000":0.191359,"95.0000":0.332031,"96.0000":0.396543,"97.0000":0.501503,"98.0000":0.700415,"99.0000":1.042943,"99.9000":1.998847,"99.9900":16.809983,"99.9990":21.413887,"99.9999":21.413887,"100.0000":21.413887},"allocations":{"total_heap":3097856212,"minor_heap":3123675280,"major_heap":218564847,"promoted_words":244383915,"promoted_pct":7.82},"domain_alloc_stats":{"0":{"total":1597084827,"minor":1615971743,"promoted":130056000,"major":111169084,"promoted_pct":8.05},"1":{"total":1500771385,"minor":1507703537,"promoted":114327915,"major":107395763,"promoted_pct":7.58}},"collections":{"minor":7243,"major":61,"forced_major":0,"compactions":0}}
{"version":1,"wall_time":14.24,"cpu_time":20.51,"gc_time":2.73,"gc_overhead":13.32,