{"version":1,"wall_time":1.18,"cpu_time":1.18,"gc_time":0.3,"gc_overhead":25.37,"max_rss_kb":354388,"domain_stats":{"0":{"wall_time":1.18,"gc_time":0.3,"gc_overhead":25.37}},"mean_latency":0.071307,"stddev_latency":0.159903,"min_latency":0.0,"max_latency":2.435071,"distr_latency":{"25.0000":0.000831,"50.0000":0.008391,"60.0000":0.020175,"70.0000":0.046079,"75.0000":0.060127,"80.0000":0.091199,"85.0000":0.135807,"90.0000":0.270335,"95.0000":0.335615,"96.0000":0.366079,"97.0000":0.403967,"98.0000":0.492287,"99.0000":0.811519,"99.9000":2.059263,"99.9900":2.435071,"99.9990":2.435071,"99.9999":2.435071,"100.0000":2.435071},"allocations":{"total_heap":539274409,"minor_heap":527449546,"major_heap":58188689,"promoted_words":46363826,"promoted_pct":8.79},"domain_alloc_stats":{"0":{"total":539274409,"minor":527449546,"promoted":46363826,"major":58188689,"promoted_pct":8.79}},"collections":{"minor":2032,"major":21,"forced_major":0,"compactions":0}}
{"version":1,"wall_time":1.18,"cpu_time":1.18,"gc_time":0.3,"gc_overhead":25.18,"max_rss_kb":351852,"domain_stats":{"0":{"wall_time":1.18,"gc_time":0.3,"gc_overhead":25.18}},"mean_latency":0.071192,"stddev_latency":0.159922,"min_latency":0.0,"max_latency":2.400255,"distr_latency":{"25.0000":0.000791,"50.0000":0.008231,"60.0000":0.019631,"70.0000":0.045311,"75.0000":0.060607,"80.0000":0.091775,"85.0000":0.132735,"90.0000":0.271359,"95.0000":0.338431,"96.0000":0.371711,"97.0000":0.411391,"98.0000":0.496639,"99.0000":0.822783,"99.9000":2.015231,"99.9900":2.400255,"99.9990":2.400255,"99.9999":2.400255,"100.0000":2.400255},"allocations":{"total_heap":539274409,"minor_heap":527449546,"major_heap":58188689,"promoted_words":46363826,"promoted_pct":8.79},"domain_alloc_stats":{"0":{"total":539274409,"minor":527449546,"promoted":46363826,"major":58188689,"promoted_pct":8.79}},"collections":{"minor":2032,"major":21,"forced_major":0,"compactions":0}}
{"version":1,"wall_time":1.18,"cpu_time":1.18,"gc_time":0.3,"gc_overhead":25.25,"max_rss_kb":353556,"domain_stats":{"0":{"wall_time":1.18,"gc_time":0.3,"gc_overhead":25.25}},"mean_latency":0.07116,"stddev_latency":0.160159,"min_latency":0.0,"max_latency":2.443263,"distr_latency":{"25.0000":0.000807,"50.0000":0.008423,"60.0000":0.019647,"70.0000":0.045887,"75.0000":0.060447,"80.0000":0.092287,"85.0000":0.133119,"90.0000":0.267263,"95.0000":0.340479,"96.0000":0.368895,"97.0000":0.415743,"98.0000":0.492543,"99.0000":0.812543,"99.9000":2.064383,"99.9900":2.443263,"99.9990":2.443263,"99.9999":2.443263,"100.0000":2.443263},"allocations":{"total_heap":539274409,"minor_heap":527449546,"major_heap":58188689,"promoted_words":46363826,"promoted_pct":8.79},"domain_alloc_stats":{"0":{"total":539274409,"minor":527449546,"promoted":46363826,"major":58188689,"promoted_pct":8.79}},"collections":{"minor":2032,"major":21,"forced_major":0,"compactions":0}}
{"version":1,"wall_time":1.18,"cpu_time":1.18,"gc_time":0.3,"gc_overhead":25.02,"max_rss_kb":352728,"domain_stats":{"0":{"wall_time":1.18,"gc_time":0.3,"gc_overhead":25.02}},"mean_latency":0.07048,"stddev_latency":0.159856,"min_latency":0.0,"max_latency":2.445311,"distr_latency":{"25.0000":0.000783,"50.0000":0.008215,"60.0000":0.019759,"70.0000":0.044383,"75.0000":0.060031,"80.0000":0.090431,"85.0000":0.131455,"90.0000":0.267007,"95.0000":0.337919,"96.0000":0.368895,"97.0000":0.409855,"98.0000":0.484863,"99.0000":0.794623,"99.9000":2.053119,"99.9900":2.445311,"99.9990":2.445311,"99.9999":2.445311,"100.0000":2.445311},"allocations":{"total_heap":539274409,"minor_heap":527449546,"major_heap":58188689,"promoted_words":46363826,"promoted_pct":8.79},"domain_alloc_stats":{"0":{"total":539274409,"minor":527449546,"promoted":46363826,"major":58188689,"promoted_pct":8.79}},"collections":{"minor":2032,"major":21,"forced_major":0,"compactions":0}}
{"version":1,"wall_time":1.17,"cpu_time":1.17,"gc_time":0.29,"gc_overhead":25.1,"max_rss_kb":363312,"domain_stats":{"0":{"wall_time":1.17,"gc_time":0.29,"gc_overhead":25.1}},"mean_latency":0.070181,"stddev_latency":0.158417,"min_latency":0.0,"max_latency":2.449407,"distr_latency":{"25.0000":0.000807,"50.0000":0.008687,"60.0000":0.019215,"70.0000":0.044159,"75.0000":0.060799,"80.0000":0.090303,"85.0000":0.131327,"90.0000":0.263423,"95.0000":0.331775,"96.0000":0.363263,"97.0000":0.404223,"98.0000":0.491519,"99.0000":0.797183,"99.9000":2.026495,"99.9900":2.449407,"99.9990":2.449407,"99.9999":2.449407,"100.0000":2.449407},"allocations":{"total_heap":539274409,"minor_heap":527449546,"major_heap":58188689,"promoted_words":46363826,"promoted_pct":8.79},"domain_alloc_stats":{"0":{"total":539274409,"minor":527449546,"promoted":46363826,"major":58188689,"promoted_pct":8.79}},"collections":{"minor":2032,"major":21,"forced_major":0,"compactions":0}}
{"version":1,"wall_time":1.18,"cpu_time":1.18,"gc_time":0.3,"gc_overhead":25.0,"max_rss_kb":352648,"domain_stats":{"0":{"wall_time":1.18,"gc_time":0.3,"gc_overhead":25.0}},"mean_latency":0.070486,"stddev_latency":0.158361,"min_latency":0.0,"max_latency":2.400255,"distr_latency":{"25.0000":0.000791,"50.0000":0.008303,"60.0000":0.019743,"70.0000":0.045055,"75.0000":0.060607,"80.0000":0.091327,"85.0000":0.132735,"90.0000":0.269055,"95.0000":0.338175,"96.0000":0.363007,"97.0000":0.394751,"98.0000":0.491007,"99.0000":0.813055,"99.9000":2.012159,"99.9900":2.400255,"99.9990":2.400255,"99.9999":2.400255,"100.0000":2.400255},"allocations":{"total_heap":539274409,"minor_heap":527449546,"major_heap":58188689,"promoted_words":46363826,"promoted_pct":8.79},"domain_alloc_stats":{"0":{"total":539274409,"minor":527449546,"promoted":46363826,"major":58188689,"promoted_pct":8.79}},"collections":{"minor":2032,"major":21,"forced_major":0,"compactions":0}}
{"version":1,"wall_time":1.18,"cpu_time":1.18,"gc_time":0.3,"gc_overhead":25.43,"max_rss_kb":356352,"domain_stats":{"0":{"wall_time":1.18,"gc_time":0.3,"gc_overhead":25.43}},"mean_latency":0.071347,"stddev_latency":0.160625,"min_latency":0.0,"max_latency":2.437119,"distr_latency":{"25.0000":0.000791,"50.0000":0.008295,"60.0000":0.020031,"70.0000":0.044895,"75.0000":0.060031,"80.0000":0.092991,"85.0000":0.134015,"90.0000":0.268799,"95.0000":0.337407,"96.0000":0.368127,"97.0000":0.402175,"98.0000":0.507135,"99.0000":0.821759,"99.9000":2.051071,"99.9900":2.437119,"99.9990":2.437119,"99.9999":2.437119,"100.0000":2.437119},"allocations":{"total_heap":539274409,"minor_heap":527449546,"major_heap":58188689,"promoted_words":46363826,"promoted_pct":8.79},"domain_alloc_stats":{"0":{"total":539274409,"minor":527449546,"promoted":46363826,"major":58188689,"promoted_pct":8.79}},"collections":{"minor":2032,"major":21,"forced_major":0,"compactions":0}}
{"version":1,"wall_time":1.18,"cpu_time":1.18,"gc_time":0.3,"gc_overhead":25.2,"max_rss_kb":353532,"domain_stats":{"0":{"wall_time":1.18,"gc_time":0.3,"gc_overhead":25.2}},"mean_latency":0.070931,"stddev_latency":0.15998,"min_latency":0.0,"max_latency":2.439167,"distr_latency":{"25.0000":0.000807,"50.0000":0.008447,"60.0000":0.019903,"70.0000":0.044831,"75.0000":0.060831,"80.0000":0.092479,"85.0000":0.132479,"90.0000":0.267263,"95.0000":0.334847,"96.0000":0.367103,"97.0000":0.404991,"98.0000":0.490239,"99.0000":0.828415,"99.9000":2.044927,"99.9900":2.439167,"99.9990":2.439167,"99.9999":2.439167,"100.0000":2.439167},"allocations":{"total_heap":539274409,"minor_heap":527449546,"major_heap":58188689,"promoted_words":46363826,"promoted_pct":8.79},"domain_alloc_stats":{"0":{"total":539274409,"minor":527449546,"promoted":46363826,"major":58188689,"promoted_pct":8.79}},"collections":{"minor":2032,"major":21,"forced_major":0,"compactions":0}}
{"version":1,"wall_time":1.18,"cpu_time":1.18,"gc_time":0.3,"gc_overhead":25.07,"max_rss_kb":353492,"domain_stats":{"0":{"wall_time":1.18,"gc_time":0.3,"gc_overhead":25.07}},"mean_latency":0.070671,"stddev_latency":0.159701,"min_latency":0.0,"max_latency":2.445311,"distr_latency":{"25.0000":0.000791,"50.0000":0.008271,"60.0000":0.019679,"70.0000":0.044447,"75.0000":0.061471,