{"version":1,"wall_time":4.05,"cpu_time":4.05,"gc_time":0.58,"gc_overhead":14.37,"max_rss_kb":36756,"domain_stats":{"0":{"wall_time":4.05,"gc_time":0.58,"gc_overhead":14.37}},"mean_latency":0.040234,"stddev_latency":0.044626,"min_latency":0.0,"max_latency":0.417791,"distr_latency":{"25.0000":0.008431,"50.0000":0.026735,"60.0000":0.036447,"70.0000":0.047231,"75.0000":0.052991,"80.0000":0.058591,"85.0000":0.072511,"90.0000":0.103743,"95.0000":0.140287,"96.0000":0.149887,"97.0000":0.160639,"98.0000":0.174591,"99.0000":0.191231,"99.9000":0.308991,"99.9900":0.407295,"99.9990":0.417791,"99.9999":0.417791,"100.0000":0.417791},"allocations":{"total_heap":1898407103,"minor_heap":1898428321,"major_heap":84540134,"promoted_words":84561352,"promoted_pct":4.45},"domain_alloc_stats":{"0":{"total":1898407103,"minor":1898428321,"promoted":84561352,"major":84540134,"promoted_pct":4.45}},"collections":{"minor":7335,"major":186,"forced_major":0,"compactions":0}}
{"version":1,"wall_time":3.99,"cpu_time":3.99,"gc_time":0.57,"gc_overhead":14.32,"max_rss_kb":36388,"domain_stats":{"0":{"wall_time":3.99,"gc_time":0.57,"gc_overhead":14.32}},"mean_latency":0.039491,"stddev_latency":0.043908,"min_latency":0.0,"max_latency":0.402431,"distr_latency":{"25.0000":0.008327,"50.0000":0.026047,"60.0000":0.035967,"70.0000":0.046495,"75.0000":0.052191,"80.0000":0.057855,"85.0000":0.071295,"90.0000":0.101439,"95.0000":0.137215,"96.0000":0.146559,"97.0000":0.157183,"98.0000":0.168959,"99.0000":0.188799,"99.9000":0.306943,"99.9900":0.394495,"99.9990":0.402431,"99.9999":0.402431,"100.0000":0.402431},"allocations":{"total_heap":1898299460,"minor_heap":1898297344,"major_heap":84515373,"promoted_words":84513257,"promoted_pct":4.45},"domain_alloc_stats":{"0":{"total":1898299460,"minor":1898297344,"promoted":84513257,"major":84515373,"promoted_pct":4.45}},"collections":{"minor":7335,"major":187,"forced_major":0,"compactions":0}}
{"version":1,"wall_time":4.02,"cpu_time":4.02,"gc_time":0.57,"gc_overhead":14.18,"max_rss_kb":36344,"domain_stats":{"0":{"wall_time":4.02,"gc_time":0.57,"gc_overhead":14.18}},"mean_latency":0.039367,"stddev_latency":0.044064,"min_latency":0.0,"max_latency":0.408575,"distr_latency":{"25.0000":0.008287,"50.0000":0.026095,"60.0000":0.035743,"70.0000":0.045983,"75.0000":0.051839,"80.0000":0.057951,"85.0000":0.070399,"90.0000":0.099583,"95.0000":0.138111,"96.0000":0.148095,"97.0000":0.157823,"98.0000":0.172031,"99.0000":0.189183,"99.9000":0.316671,"99.9900":0.406527,"99.9990":0.408575,"99.9999":0.408575,"100.0000":0.408575},"allocations":{"total_heap":1898299117,"minor_heap":1898297001,"major_heap":83949512,"promoted_words":83947396,"promoted_pct":4.42},"domain_alloc_stats":{"0":{"total":1898299117,"minor":1898297001,"promoted":83947396,"major":83949512,"promoted_pct":4.42}},"collections":{"minor":7334,"major":185,"forced_major":0,"compactions":0}}
{"version":1,"wall_time":4.06,"cpu_time":4.06,"gc_time":0.58,"gc_overhead":14.29,"max_rss_kb":36576,"domain_stats":{"0":{"wall_time":4.06,"gc_time":0.58,"gc_overhead":14.29}},"mean_latency":0.040086,"stddev_latency":0.044304,"min_latency":0.0,"max_latency":0.403967,"distr_latency":{"25.0000":0.008471,"50.0000":0.026895,"60.0000":0.036735,"70.0000":0.047711,"75.0000":0.053439,"80.0000":0.059103,"85.0000":0.070015,"90.0000":0.101375,"95.0000":0.141311,"96.0000":0.150783,"97.0000":0.161023,"98.0000":0.174079,"99.0000":0.193663,"99.9000":0.303103,"99.9900":0.371967,"99.9990":0.403967,"99.9999":0.403967,"100.0000":0.403967},"allocations":{"total_heap":1898406587,"minor_heap":1898428020,"major_heap":84449576,"promoted_words":84471009,"promoted_pct":4.45},"domain_alloc_stats":{"0":{"total":1898406587,"minor":1898428020,"promoted":84471009,"major":84449576,"promoted_pct":4.45}},"collections":{"minor":7335,"major":186,"forced_major":0,"compactions":0}}
{"version":1,"wall_time":4.01,"cpu_time":4.01,"gc_time":0.57,"gc_overhead":14.3,"max_rss_kb":36336,"domain_stats":{"0":{"wall_time":4.01,"gc_time":0.57,"gc_overhead":14.3}},"mean_latency":0.039587,"stddev_latency":0.044237,"min_latency":0.0,"max_latency":0.392447,"distr_latency":{"25.0000":0.008223,"50.0000":0.026175,"60.0000":0.036063,"70.0000":0.046463,"75.0000":0.052447,"80.0000":0.058335,"85.0000":0.070591,"90.0000":0.100223,"95.0000":0.138111,"96.0000":0.148479,"97.0000":0.159231,"98.0000":0.172415,"99.0000":0.194815,"99.9000":0.307711,"99.9900":0.385791,"99.9990":0.392447,"99.9999":0.392447,"100.0000":0.392447},"allocations":{"total_heap":1898298826,"minor_heap":1898296710,"major_heap":83980045,"promoted_words":83977929,"promoted_pct":4.42},"domain_alloc_stats":{"0":{"total":1898298826,"minor":1898296710,"promoted":83977929,"major":83980045,"promoted_pct":4.42}},"collections":{"minor":7334,"major":185,"forced_major":0,"compactions":0}}
{"version":1,"wall_time":4.0,"cpu_time":4.0,"gc_time":0.57,"gc_overhead":14.31,"max_rss_kb":36552,"domain_stats":{"0":{"wall_time":4.0,"gc_time":0.57,"gc_overhead":14.31}},"mean_latency":0.039514,"stddev_latency":0.043977,"min_latency":0.0,"max_latency":0.384255,"distr_latency":{"25.0000":0.008335,"50.0000":0.026271,"60.0000":0.035775,"70.0000":0.046303,"75.0000":0.051679,"80.0000":0.057535,"85.0000":0.070655,"90.0000":0.099839,"95.0000":0.138879,"96.0000":0.149119,"97.0000":0.160127,"98.0000":0.171519,"99.0000":0.190847,"99.9000":0.312063,"99.9900":0.381439,"99.9990":0.384255,"99.9999":0.384255,"100.0000":0.384255},"allocations":{"total_heap":1898298760,"minor_heap":1898296644,"major_heap":84471323,"promoted_words":84469207,"promoted_pct":4.45},"domain_alloc_stats":{"0":{"total":1898298760,"minor":1898296644,"promoted":84469207,"major":84471323,"promoted_pct":4.45}},"collections":{"minor":7335,"major":187,"forced_major":0,"compactions":0}}
{"version":1,"wall_time":4.03,"cpu_time":4.03,"gc_time":0.58,"gc_overhead":14.29,"max_rss_kb":36648,"domain_stats":{"0":{"wall_time":4.03,"gc_time":0.58,"gc_overhead":14.29}},"mean_latency":0.039762,"stddev_latency":0.044028,"min_latency":0.0,"max_latency":0.395519,"distr_latency":{"25.0000":0.008263,"50.0000":0.026383,"60.0000":0.036703,"70.0000":0.046911,"75.0000":0.052799,"80.0000":0.058463,"85.0000":0.071999,"90.0000":0.100991,"95.0000":0.138751,"96.0000":0.148351,"97.0000":0.160127,"98.0000":0.173951,"99.0000":0.192639,"99.9000":0.302847,"99.9900":0.364799,"99.9990":0.395519,"99.9999":0.395519,"100.0000":0.395519},"allocations":{"total_heap":1898299332,"minor_heap":1898297216,"major_heap":83905460,"promoted_words":83903344,"promoted_pct":4.42},"domain_alloc_stats":{"0":{"total":1898299332,"minor":1898297216,"promoted":83903344,"major":83905460,"promoted_pct":4.42}},"collections":{"minor":7334,"major":185,"forced_major":0,"compactions":0}}
{"version":1,"wall_time":4.01,"cpu_time":4.01,"gc_time":0.58,"gc_overhead":14.41,"max_rss_kb":36420,"domain_stats":{"0":{"wall_time":4.01,"gc_time":0.58,"gc_overhead":14.41}},"mean_latency":0.039879,"stddev_latency":0.044549,"min_latency":0.0,"max_latency":0.393215,"distr_latency":{"25.0000":0.008375,"50.0000":0.026575,"60.0000":0.036031,"70.0000":0.046335,"75.0000":0.051999,"80.0000":0.057983,"85.0000":0.071103,"90.0000":0.102015,"95.0000":0.140287,"96.0000":0.149631,"97.0000":0.159615,"98.0000":0.171903,"99.0000":0.193791,"99.9000":0.307199,"99.9900":0.390399,"99.9990":0.393215,"99.9999":0.393215,"100.0000":0.393215},"allocations":{"total_heap":1898299049,"minor_heap":1898296933,"major_heap":84506072,"promoted_words":84503956,"promoted_pct":4.45},"domain_alloc_stats":{"0":{"total":1898299049,"minor":1898296933,"promoted":84503956,"major":84506072,"promoted_pct":4.45}},"collections":{"minor":7335,"major":187,"forced_major":0,"compactions":0}}
{"version":1,"wall_time":4.03,"cpu_time":4.03,"gc_time":0.57,"gc_overhead":14.25,"max_rss_kb":36884,"domain_stats":{"0":{"wall_time":4.03,"gc_time":0.57,"gc_overhead":14.25}},"mean_latency":0.039607,"stddev_latency":0.044029,"min_latency":0.0,"max_latency":0.389375,"distr_latency":{"25.0000":0.008335,"50.0000":0.026143,"60.0000":0.035807,