{"version":1,"wall_time":14.17,"cpu_time":20.63,"gc_time":2.78,"gc_overhead":13.48,"max_rss_kb":2031916,"domain_stats":{"0":{"wall_time":14.17,"gc_time":1.5,"gc_overhead":10.58},"1":{"wall_time":6.46,"gc_time":1.28,"gc_overhead":19.84}},"mean_latency":0.103983,"stddev_latency":0.329857,"min_latency":0.0,"max_latency":32.931839,"distr_latency":{"25.0000":0.000391,"50.0000":0.014391,"60.0000":0.077631,"70.0000":0.117119,"75.0000":0.131711,"80.0000":0.145151,"85.0000":0.166655,"90.0000":0.208511,"95.0000":0.359935,"96.0000":0.449535,"97.0000":0.578559,"98.0000":0.796159,"99.0000":1.137663,"99.9000":3.018751,"99.9900":8.052735,"99.9990":32.931839,"99.9999":32.931839,"100.0000":32.931839},"allocations":{"total_heap":3012435226,"minor_heap":3042527901,"major_heap":204301646,"promoted_words":234394321,"promoted_pct":7.7},"domain_alloc_stats":{"0":{"total":1602474106,"minor":1594133942,"promoted":127563595,"major":135903759,"promoted_pct":8.0},"1":{"total":1409961120,"minor":1448393959,"promoted":106830726,"major":68397887,"promoted_pct":7.38}},"collections":{"minor":7067,"major":65,"forced_major":0,"compactions":0}}
{"version":1,"wall_time":14.21,"cpu_time":20.48,"gc_time":3.11,"gc_overhead":15.18,"max_rss_kb":1980504,"domain_stats":{"0":{"wall_time":14.21,"gc_time":1.71,"gc_overhead":12.03},"1":{"wall_time":6.28,"gc_time":1.4,"gc_overhead":22.31}},"mean_latency":0.112103,"stddev_latency":0.406346,"min_latency":0.0,"max_latency":40.665087,"distr_latency":{"25.0000":0.000415,"50.0000":0.032991,"60.0000":0.080575,"70.0000":0.122815,"75.0000":0.134527,"80.0000":0.146431,"85.0000":0.167551,"90.0000":0.215551,"95.0000":0.386559,"96.0000":0.472575,"97.0000":0.614911,"98.0000":0.844287,"99.0000":1.203199,"99.9000":3.334143,"99.9900":12.541951,"99.9990":40.665087,"99.9999":40.665087,"100.0000":40.665087},"allocations":{"total_heap":3102849944,"minor_heap":3127188380,"major_heap":220645946,"promoted_words":244984382,"promoted_pct":7.83},"domain_alloc_stats":{"0":{"total":1663722482,"minor":1655068976,"promoted":133361811,"major":142015317,"promoted_pct":8.06},"1":{"total":1439127462,"minor":1472119404,"promoted":111622571,"major":78630629,"promoted_pct":7.58}},"collections":{"minor":7326,"major":71,"forced_major":0,"compactions":0}}
{"version":1,"wall_time":14.2,"cpu_time":20.51,"gc_time":2.92,"gc_overhead":14.26,"max_rss_kb":1992608,"domain_stats":{"0":{"wall_time":14.2,"gc_time":1.5,"gc_overhead":10.59},"1":{"wall_time":6.3,"gc_time":1.42,"gc_overhead":22.55}},"mean_latency":0.105824,"stddev_latency":0.284261,"min_latency":0.0,"max_latency":15.122431,"distr_latency":{"25.0000":0.000423,"50.0000":0.034911,"60.0000":0.082751,"70.0000":0.119295,"75.0000":0.132991,"80.0000":0.148223,"85.0000":0.167807,"90.0000":0.213631,"95.0000":0.360959,"96.0000":0.457215,"97.0000":0.574463,"98.0000":0.774143,"99.0000":1.129471,"99.9000":2.729983,"99.9900":9.584639,"99.9990":15.122431,"99.9999":15.122431,"100.0000":15.122431},"allocations":{"total_heap":3097432190,"minor_heap":3120365665,"major_heap":221281768,"promoted_words":244215243,"promoted_pct":7.83},"domain_alloc_stats":{"0":{"total":1625844169,"minor":1621821827,"promoted":132863276,"major":136885618,"promoted_pct":8.19},"1":{"total":1471588021,"minor":1498543838,"promoted":111351967,"major":84396150,"promoted_pct":7.43}},"collections":{"minor":7308,"major":68,"forced_major":0,"compactions":0}}
{"version":1,"wall_time":14.51,"cpu_time":20.83,"gc_time":3.07,"gc_overhead":14.72,"max_rss_kb":1979024,"domain_stats":{"0":{"wall_time":14.51,"gc_time":1.59,"gc_overhead":10.92},"1":{"wall_time":6.32,"gc_time":1.48,"gc_overhead":23.43}},"mean_latency":0.111113,"stddev_latency":0.360062,"min_latency":0.0,"max_latency":33.488895,"distr_latency":{"25.0000":0.000447,"50.0000":0.034687,"60.0000":0.084351,"70.0000":0.123775,"75.0000":0.136319,"80.0000":0.150911,"85.0000":0.171903,"90.0000":0.224255,"95.0000":0.388863,"96.0000":0.470015,"97.0000":0.598527,"98.0000":0.804863,"99.0000":1.177599,"99.9000":3.086335,"99.9900":11.599871,"99.9990":33.488895,"99.9999":33.488895,"100.0000":33.488895},"allocations":{"total_heap":3093437743,"minor_heap":3115960926,"major_heap":221618122,"promoted_words":244141305,"promoted_pct":7.84},"domain_alloc_stats":{"0":{"total":1620920966,"minor":1623632221,"promoted":130355742,"major":127644487,"promoted_pct":8.03},"1":{"total":1472516777,"minor":1492328705,"promoted":113785563,"major":93973635,"promoted_pct":7.62}},"collections":{"minor":7304,"major":72,"forced_major":0,"compactions":0}}
{"version":1,"wall_time":14.38,"cpu_time":20.98,"gc_time":3.0,"gc_overhead":14.31,"max_rss_kb":2038480,"domain_stats":{"0":{"wall_time":14.38,"gc_time":1.64,"gc_overhead":11.39},"1":{"wall_time":6.6,"gc_time":1.37,"gc_overhead":20.68}},"mean_latency":0.111636,"stddev_latency":0.395114,"min_latency":0.0,"max_latency":36.372479,"distr_latency":{"25.0000":0.000391,"50.0000":0.025871,"60.0000":0.079359,"70.0000":0.120703,"75.0000":0.134783,"80.0000":0.150015,"85.0000":0.171007,"90.0000":0.219647,"95.0000":0.376575,"96.0000":0.466175,"97.0000":0.620031,"98.0000":0.840191,"99.0000":1.252351,"99.9000":2.887679,"99.9900":11.665407,"99.9990":36.372479,"99.9999":36.372479,"100.0000":36.372479},"allocations":{"total_heap":3013096752,"minor_heap":3042640999,"major_heap":204856438,"promoted_words":234400685,"promoted_pct":7.7},"domain_alloc_stats":{"0":{"total":1608073790,"minor":1604043371,"promoted":126995503,"major":131025922,"promoted_pct":7.92},"1":{"total":1405022962,"minor":1438597628,"promoted":107405182,"major":73830516,"promoted_pct":7.47}},"collections":{"minor":7113,"major":66,"forced_major":0,"compactions":0}}
{"version":1,"wall_time":14.25,"cpu_time":20.57,"gc_time":3.0,"gc_overhead":14.58,"max_rss_kb":1985344,"domain_stats":{"0":{"wall_time":14.25,"gc_time":1.56,"gc_overhead":10.97},"1":{"wall_time":6.32,"gc_time":1.44,"gc_overhead":22.72}},"mean_latency":0.107562,"stddev_latency":0.293564,"min_latency":0.0,"max_latency":12.746751,"distr_latency":{"25.0000":0.000423,"50.0000":0.030783,"60.0000":0.082495,"70.0000":0.123071,"75.0000":0.136447,"80.0000":0.149503,"85.0000":0.167551,"90.0000":0.214015,"95.0000":0.373759,"96.0000":0.455935,"97.0000":0.578559,"98.0000":0.785407,"99.0000":1.165311,"99.9000":3.080191,"99.9900":11.599871,"99.9990":12.746751,"99.9999":12.746751,"100.0000":12.746751},"allocations":{"total_heap":3107179768,"minor_heap":3130382164,"major_heap":221745867,"promoted_words":244948263,"promoted_pct":7.82},"domain_alloc_stats":{"0":{"total":1605879007,"minor":1619837595,"promoted":130485605,"major":116527017,"promoted_pct":8.06},"1":{"total":1501300761,"minor":1510544569,"promoted":114462658,"major":105218850,"promoted_pct":7.58}},"collections":{"minor":7345,"major":70,"forced_major":0,"compactions":0}}
{"version":1,"wall_time":14.22,"cpu_time":20.55,"gc_time":3.01,"gc_overhead":14.65,"max_rss_kb":2005416,"domain_stats":{"0":{"wall_time":14.22,"gc_time":1.61,"gc_overhead":11.33},"1":{"wall_time":6.33,"gc_time":1.4,"gc_overhead":22.1}},"mean_latency":0.108354,"stddev_latency":0.329871,"min_latency":0.0,"max_latency":22.757375,"distr_latency":{"25.0000":0.000391,"50.0000":0.025919,"60.0000":0.079935,"70.0000":0.118527,"75.0000":0.129791,"80.0000":0.143231,"85.0000":0.163839,"90.0000":0.211455,"95.0000":0.385279,"96.0000":0.466175,"97.0000":0.614911,"98.0000":0.815615,"99.0000":1.163263,"99.9000":3.436543,"99.9900":11.001855,"99.9990":22.757375,"99.9999":22.757375,"100.0000":22.757375},"allocations":{"total_heap":3091611310,"minor_heap":3118197325,"major_heap":217888332,"promoted_words":244474347,"promoted_pct":7.84},"domain_alloc_stats":{"0":{"total":1650744128,"minor":1646424605,"promoted":131653745,"major":135973268,"promoted_pct":8.0},"1":{"total":1440867182,"minor":1471772720,"promoted":112820602,"major":81915064,"promoted_pct":7.67}},"collections":{"minor":7333,"major":70,"forced_major":0,"compactions":0}}
{"version":1,"wall_time":14.2,"cpu_time":20.5,"gc_time":2.96,"gc_overhead":14.45,