{"version":1,"wall_time":2.33,"cpu_time":2.33,"gc_time":0.41,"gc_overhead":17.66,"max_rss_kb":358696,"domain_stats":{"0":{"wall_time":2.33,"gc_time":0.41,"gc_overhead":17.66}},"mean_latency":0.142703,"stddev_latency":0.20265,"min_latency":0.0,"max_latency":2.001919,"distr_latency":{"25.0000":0.026239,"50.0000":0.068223,"60.0000":0.095103,"70.0000":0.140031,"75.0000":0.165631,"80.0000":0.213887,"85.0000":0.296447,"90.0000":0.367871,"95.0000":0.511743,"96.0000":0.562175,"97.0000":0.649727,"98.0000":0.817151,"99.0000":0.994303,"99.9000":1.743871,"99.9900":2.001919,"99.9990":2.001919,"99.9999":2.001919,"100.0000":2.001919},"allocations":{"total_heap":362597853,"minor_heap":341998982,"major_heap":88824949,"promoted_words":68226078,"promoted_pct":19.95},"domain_alloc_stats":{"0":{"total":362597853,"minor":341998982,"promoted":68226078,"major":88824949,"promoted_pct":19.95}},"collections":{"minor":1332,"major":26,"forced_major":0,"compactions":0}}
{"version":1,"wall_time":2.32,"cpu_time":2.32,"gc_time":0.41,"gc_overhead":17.61,"max_rss_kb":358728,"domain_stats":{"0":{"wall_time":2.32,"gc_time":0.41,"gc_overhead":17.61}},"mean_latency":0.141772,"stddev_latency":0.201528,"min_latency":0.0,"max_latency":1.959935,"distr_latency":{"25.0000":0.026031,"50.0000":0.067775,"60.0000":0.094591,"70.0000":0.140415,"75.0000":0.159359,"80.0000":0.207359,"85.0000":0.288511,"90.0000":0.369151,"95.0000":0.512511,"96.0000":0.559103,"97.0000":0.646655,"98.0000":0.807423,"99.0000":0.982527,"99.9000":1.711103,"99.9900":1.959935,"99.9990":1.959935,"99.9999":1.959935,"100.0000":1.959935},"allocations":{"total_heap":362597853,"minor_heap":341998982,"major_heap":88824949,"promoted_words":68226078,"promoted_pct":19.95},"domain_alloc_stats":{"0":{"total":362597853,"minor":341998982,"promoted":68226078,"major":88824949,"promoted_pct":19.95}},"collections":{"minor":1332,"major":26,"forced_major":0,"compactions":0}}
{"version":1,"wall_time":2.32,"cpu_time":2.32,"gc_time":0.41,"gc_overhead":17.63,"max_rss_kb":358728,"domain_stats":{"0":{"wall_time":2.32,"gc_time":0.41,"gc_overhead":17.63}},"mean_latency":0.142137,"stddev_latency":0.202439,"min_latency":0.0,"max_latency":2.008063,"distr_latency":{"25.0000":0.026079,"50.0000":0.067327,"60.0000":0.094463,"70.0000":0.140543,"75.0000":0.161919,"80.0000":0.209663,"85.0000":0.290047,"90.0000":0.366847,"95.0000":0.508415,"96.0000":0.572927,"97.0000":0.650239,"98.0000":0.823807,"99.0000":0.989695,"99.9000":1.755135,"99.9900":2.008063,"99.9990":2.008063,"99.9999":2.008063,"100.0000":2.008063},"allocations":{"total_heap":362597853,"minor_heap":341998982,"major_heap":88824949,"promoted_words":68226078,"promoted_pct":19.95},"domain_alloc_stats":{"0":{"total":362597853,"minor":341998982,"promoted":68226078,"major":88824949,"promoted_pct":19.95}},"collections":{"minor":1332,"major":26,"forced_major":0,"compactions":0}}
{"version":1,"wall_time":2.33,"cpu_time":2.33,"gc_time":0.41,"gc_overhead":17.65,"max_rss_kb":358672,"domain_stats":{"0":{"wall_time":2.33,"gc_time":0.41,"gc_overhead":17.65}},"mean_latency":0.142582,"stddev_latency":0.203087,"min_latency":0.0,"max_latency":1.991679,"distr_latency":{"25.0000":0.026063,"50.0000":0.067391,"60.0000":0.095487,"70.0000":0.141183,"75.0000":0.161023,"80.0000":0.211071,"85.0000":0.293119,"90.0000":0.367359,"95.0000":0.513023,"96.0000":0.568831,"97.0000":0.647679,"98.0000":0.821759,"99.0000":0.987135,"99.9000":1.724415,"99.9900":1.991679,"99.9990":1.991679,"99.9999":1.991679,"100.0000":1.991679},"allocations":{"total_heap":362597853,"minor_heap":341998982,"major_heap":88824949,"promoted_words":68226078,"promoted_pct":19.95},"domain_alloc_stats":{"0":{"total":362597853,"minor":341998982,"promoted":68226078,"major":88824949,"promoted_pct":19.95}},"collections":{"minor":1332,"major":26,"forced_major":0,"compactions":0}}
{"version":1,"wall_time":2.32,"cpu_time":2.32,"gc_time":0.41,"gc_overhead":17.58,"max_rss_kb":358684,"domain_stats":{"0":{"wall_time":2.32,"gc_time":0.41,"gc_overhead":17.58}},"mean_latency":0.141771,"stddev_latency":0.203105,"min_latency":0.0,"max_latency":2.021375,"distr_latency":{"25.0000":0.026287,"50.0000":0.067391,"60.0000":0.094079,"70.0000":0.139903,"75.0000":0.159743,"80.0000":0.209023,"85.0000":0.288511,"90.0000":0.366335,"95.0000":0.508927,"96.0000":0.566783,"97.0000":0.645631,"98.0000":0.818175,"99.0000":0.992767,"99.9000":1.794047,"99.9900":2.021375,"99.9990":2.021375,"99.9999":2.021375,"100.0000":2.021375},"allocations":{"total_heap":362597853,"minor_heap":341998982,"major_heap":88824949,"promoted_words":68226078,"promoted_pct":19.95},"domain_alloc_stats":{"0":{"total":362597853,"minor":341998982,"promoted":68226078,"major":88824949,"promoted_pct":19.95}},"collections":{"minor":1332,"major":26,"forced_major":0,"compactions":0}}
{"version":1,"wall_time":2.33,"cpu_time":2.33,"gc_time":0.41,"gc_overhead":17.61,"max_rss_kb":358736,"domain_stats":{"0":{"wall_time":2.33,"gc_time":0.41,"gc_overhead":17.61}},"mean_latency":0.142632,"stddev_latency":0.203904,"min_latency":0.0,"max_latency":2.034687,"distr_latency":{"25.0000":0.026095,"50.0000":0.067263,"60.0000":0.095487,"70.0000":0.140927,"75.0000":0.161407,"80.0000":0.209279,"85.0000":0.292607,"90.0000":0.372223,"95.0000":0.515583,"96.0000":0.557567,"97.0000":0.645119,"98.0000":0.820223,"99.0000":1.004031,"99.9000":1.780735,"99.9900":2.034687,"99.9990":2.034687,"99.9999":2.034687,"100.0000":2.034687},"allocations":{"total_heap":362597853,"minor_heap":341998982,"major_heap":88824949,"promoted_words":68226078,"promoted_pct":19.95},"domain_alloc_stats":{"0":{"total":362597853,"minor":341998982,"promoted":68226078,"major":88824949,"promoted_pct":19.95}},"collections":{"minor":1332,"major":26,"forced_major":0,"compactions":0}}
{"version":1,"wall_time":2.32,"cpu_time":2.32,"gc_time":0.41,"gc_overhead":17.54,"max_rss_kb":358736,"domain_stats":{"0":{"wall_time":2.32,"gc_time":0.41,"gc_overhead":17.54}},"mean_latency":0.141074,"stddev_latency":0.201214,"min_latency":0.0,"max_latency":1.964031,"distr_latency":{"25.0000":0.025855,"50.0000":0.067135,"60.0000":0.094847,"70.0000":0.139775,"75.0000":0.159615,"80.0000":0.207743,"85.0000":0.287231,"90.0000":0.363263,"95.0000":0.508671,"96.0000":0.560639,"97.0000":0.644607,"98.0000":0.818687,"99.0000":0.978431,"99.9000":1.714175,"99.9900":1.964031,"99.9990":1.964031,"99.9999":1.964031,"100.0000":1.964031},"allocations":{"total_heap":362597853,"minor_heap":341998982,"major_heap":88824949,"promoted_words":68226078,"promoted_pct":19.95},"domain_alloc_stats":{"0":{"total":362597853,"minor":341998982,"promoted":68226078,"major":88824949,"promoted_pct":19.95}},"collections":{"minor":1332,"major":26,"forced_major":0,"compactions":0}}
{"version":1,"wall_time":2.29,"cpu_time":2.29,"gc_time":0.41,"gc_overhead":17.77,"max_rss_kb":349320,"domain_stats":{"0":{"wall_time":2.29,"gc_time":0.41,"gc_overhead":17.77}},"mean_latency":0.141275,"stddev_latency":0.201804,"min_latency":0.0,"max_latency":1.972223,"distr_latency":{"25.0000":0.026223,"50.0000":0.067071,"60.0000":0.093503,"70.0000":0.139647,"75.0000":0.159231,"80.0000":0.208767,"85.0000":0.287999,"90.0000":0.364543,"95.0000":0.507903,"96.0000":0.558591,"97.0000":0.638975,"98.0000":0.821759,"99.0000":0.992767,"99.9000":1.726463,"99.9900":1.972223,"99.9990":1.972223,"99.9999":1.972223,"100.0000":1.972223},"allocations":{"total_heap":362597853,"minor_heap":341998982,"major_heap":88824949,"promoted_words":68226078,"promoted_pct":19.95},"domain_alloc_stats":{"0":{"total":362597853,"minor":341998982,"promoted":68226078,"major":88824949,"promoted_pct":19.95}},"collections":{"minor":1332,"major":26,"forced_major":0,"compactions":0}}
{"version":1,"wall_time":2.33,"cpu_time":2.33,"gc_time":0.41,"gc_overhead":17.78,"max_rss_kb":358640,"domain_stats":{"0":{"wall_time":2.33,"gc_time":0.41,"gc_overhead":17.78}},"mean_latency":0.143606,"stddev_latency":0.203714,"min_latency":0.0,"max_latency":2.008063,"distr_latency":{"25.0000":0.026575,"50.0000":0.069055,"60.0000":0.095999,