{"version":1,"wall_time":4.79,"cpu_time":4.79,"gc_time":1.87,"gc_overhead":39.16,"max_rss_kb":1209204,"domain_stats":{"0":{"wall_time":4.79,"gc_time":1.87,"gc_overhead":39.16}},"mean_latency":0.084376,"stddev_latency":0.124269,"min_latency":0.0,"max_latency":5.423103,"distr_latency":{"25.0000":0.030991,"50.0000":0.067839,"60.0000":0.073599,"70.0000":0.095359,"75.0000":0.107199,"80.0000":0.111551,"85.0000":0.126655,"90.0000":0.152191,"95.0000":0.242175,"96.0000":0.273919,"97.0000":0.295423,"98.0000":0.410111,"99.0000":0.583679,"99.9000":1.186815,"99.9900":4.227071,"99.9990":5.423103,"99.9999":5.423103,"100.0000":5.423103},"allocations":{"total_heap":2914108637,"minor_heap":2901484605,"major_heap":388674903,"promoted_words":376050871,"promoted_pct":12.96},"domain_alloc_stats":{"0":{"total":2914108637,"minor":2901484605,"promoted":376050871,"major":388674903,"promoted_pct":12.96}},"collections":{"minor":11087,"major":31,"forced_major":0,"compactions":0}}
{"version":1,"wall_time":4.8,"cpu_time":4.8,"gc_time":1.88,"gc_overhead":39.17,"max_rss_kb":1209144,"domain_stats":{"0":{"wall_time":4.8,"gc_time":1.88,"gc_overhead":39.17}},"mean_latency":0.084607,"stddev_latency":0.124302,"min_latency":0.0,"max_latency":5.410815,"distr_latency":{"25.0000":0.031439,"50.0000":0.067967,"60.0000":0.073599,"70.0000":0.095167,"75.0000":0.106751,"80.0000":0.111231,"85.0000":0.126655,"90.0000":0.152831,"95.0000":0.245887,"96.0000":0.275199,"97.0000":0.295935,"98.0000":0.413951,"99.0000":0.587263,"99.9000":1.198079,"99.9900":4.231167,"99.9990":5.410815,"99.9999":5.410815,"100.0000":5.410815},"allocations":{"total_heap":2914108637,"minor_heap":2901484605,"major_heap":388674903,"promoted_words":376050871,"promoted_pct":12.96},"domain_alloc_stats":{"0":{"total":2914108637,"minor":2901484605,"promoted":376050871,"major":388674903,"promoted_pct":12.96}},"collections":{"minor":11087,"major":31,"forced_major":0,"compactions":0}}
{"version":1,"wall_time":4.8,"cpu_time":4.8,"gc_time":1.88,"gc_overhead":39.17,"max_rss_kb":1209344,"domain_stats":{"0":{"wall_time":4.8,"gc_time":1.88,"gc_overhead":39.17}},"mean_latency":0.084559,"stddev_latency":0.124871,"min_latency":0.0,"max_latency":5.427199,"distr_latency":{"25.0000":0.031455,"50.0000":0.067839,"60.0000":0.073407,"70.0000":0.094975,"75.0000":0.106879,"80.0000":0.111295,"85.0000":0.126463,"90.0000":0.152447,"95.0000":0.244991,"96.0000":0.272639,"97.0000":0.294655,"98.0000":0.412159,"99.0000":0.589823,"99.9000":1.191935,"99.9900":4.235263,"99.9990":5.427199,"99.9999":5.427199,"100.0000":5.427199},"allocations":{"total_heap":2914108637,"minor_heap":2901484605,"major_heap":388674903,"promoted_words":376050871,"promoted_pct":12.96},"domain_alloc_stats":{"0":{"total":2914108637,"minor":2901484605,"promoted":376050871,"major":388674903,"promoted_pct":12.96}},"collections":{"minor":11087,"major":31,"forced_major":0,"compactions":0}}
{"version":1,"wall_time":4.86,"cpu_time":4.86,"gc_time":1.9,"gc_overhead":38.98,"max_rss_kb":1209252,"domain_stats":{"0":{"wall_time":4.86,"gc_time":1.9,"gc_overhead":38.98}},"mean_latency":0.085302,"stddev_latency":0.124422,"min_latency":0.0,"max_latency":5.439487,"distr_latency":{"25.0000":0.031119,"50.0000":0.069375,"60.0000":0.076223,"70.0000":0.096575,"75.0000":0.109055,"80.0000":0.113471,"85.0000":0.126271,"90.0000":0.152959,"95.0000":0.242431,"96.0000":0.276735,"97.0000":0.302335,"98.0000":0.414463,"99.0000":0.581631,"99.9000":1.185791,"99.9900":4.184063,"99.9990":5.439487,"99.9999":5.439487,"100.0000":5.439487},"allocations":{"total_heap":2914108637,"minor_heap":2901484605,"major_heap":388674903,"promoted_words":376050871,"promoted_pct":12.96},"domain_alloc_stats":{"0":{"total":2914108637,"minor":2901484605,"promoted":376050871,"major":388674903,"promoted_pct":12.96}},"collections":{"minor":11087,"major":31,"forced_major":0,"compactions":0}}
{"version":1,"wall_time":4.82,"cpu_time":4.82,"gc_time":1.87,"gc_overhead":38.87,"max_rss_kb":1208936,"domain_stats":{"0":{"wall_time":4.82,"gc_time":1.87,"gc_overhead":38.87}},"mean_latency":0.084298,"stddev_latency":0.123729,"min_latency":0.0,"max_latency":5.435391,"distr_latency":{"25.0000":0.031423,"50.0000":0.067839,"60.0000":0.073407,"70.0000":0.095103,"75.0000":0.106943,"80.0000":0.111423,"85.0000":0.126399,"90.0000":0.151679,"95.0000":0.241919,"96.0000":0.272383,"97.0000":0.295935,"98.0000":0.409343,"99.0000":0.584703,"99.9000":1.192959,"99.9900":4.182015,"99.9990":5.435391,"99.9999":5.435391,"100.0000":5.435391},"allocations":{"total_heap":2914108637,"minor_heap":2901484605,"major_heap":388674903,"promoted_words":376050871,"promoted_pct":12.96},"domain_alloc_stats":{"0":{"total":2914108637,"minor":2901484605,"promoted":376050871,"major":388674903,"promoted_pct":12.96}},"collections":{"minor":11087,"major":31,"forced_major":0,"compactions":0}}
{"version":1,"wall_time":4.82,"cpu_time":4.82,"gc_time":1.89,"gc_overhead":39.2,"max_rss_kb":1208828,"domain_stats":{"0":{"wall_time":4.82,"gc_time":1.89,"gc_overhead":39.2}},"mean_latency":0.085052,"stddev_latency":0.124314,"min_latency":0.0,"max_latency":5.439487,"distr_latency":{"25.0000":0.031215,"50.0000":0.069503,"60.0000":0.075967,"70.0000":0.096063,"75.0000":0.108735,"80.0000":0.113087,"85.0000":0.125695,"90.0000":0.151551,"95.0000":0.242175,"96.0000":0.275967,"97.0000":0.299007,"98.0000":0.413695,"99.0000":0.582143,"99.9000":1.192959,"99.9900":4.210687,"99.9990":5.439487,"99.9999":5.439487,"100.0000":5.439487},"allocations":{"total_heap":2914108637,"minor_heap":2901484605,"major_heap":388674903,"promoted_words":376050871,"promoted_pct":12.96},"domain_alloc_stats":{"0":{"total":2914108637,"minor":2901484605,"promoted":376050871,"major":388674903,"promoted_pct":12.96}},"collections":{"minor":11087,"major":31,"forced_major":0,"compactions":0}}
{"version":1,"wall_time":4.81,"cpu_time":4.81,"gc_time":1.88,"gc_overhead":38.99,"max_rss_kb":1208936,"domain_stats":{"0":{"wall_time":4.81,"gc_time":1.88,"gc_overhead":38.99}},"mean_latency":0.084486,"stddev_latency":0.124473,"min_latency":0.0,"max_latency":5.500927,"distr_latency":{"25.0000":0.031695,"50.0000":0.068031,"60.0000":0.073535,"70.0000":0.095423,"75.0000":0.106943,"80.0000":0.111423,"85.0000":0.125823,"90.0000":0.151679,"95.0000":0.244607,"96.0000":0.273151,"97.0000":0.296191,"98.0000":0.409599,"99.0000":0.584703,"99.9000":1.195007,"99.9900":4.239359,"99.9990":5.500927,"99.9999":5.500927,"100.0000":5.500927},"allocations":{"total_heap":2914108637,"minor_heap":2901484605,"major_heap":388674903,"promoted_words":376050871,"promoted_pct":12.96},"domain_alloc_stats":{"0":{"total":2914108637,"minor":2901484605,"promoted":376050871,"major":388674903,"promoted_pct":12.96}},"collections":{"minor":11087,"major":31,"forced_major":0,"compactions":0}}
{"version":1,"wall_time":4.79,"cpu_time":4.79,"gc_time":1.87,"gc_overhead":39.13,"max_rss_kb":1209140,"domain_stats":{"0":{"wall_time":4.79,"gc_time":1.87,"gc_overhead":39.13}},"mean_latency":0.084346,"stddev_latency":0.124096,"min_latency":0.0,"max_latency":5.439487,"distr_latency":{"25.0000":0.031663,"50.0000":0.067839,"60.0000":0.073343,"70.0000":0.094527,"75.0000":0.106751,"80.0000":0.111231,"85.0000":0.125759,"90.0000":0.152063,"95.0000":0.244991,"96.0000":0.272127,"97.0000":0.295423,"98.0000":0.410367,"99.0000":0.582143,"99.9000":1.186815,"99.9900":4.222975,"99.9990":5.439487,"99.9999":5.439487,"100.0000":5.439487},"allocations":{"total_heap":2914108637,"minor_heap":2901484605,"major_heap":388674903,"promoted_words":376050871,"promoted_pct":12.96},"domain_alloc_stats":{"0":{"total":2914108637,"minor":2901484605,"promoted":376050871,"major":388674903,"promoted_pct":12.96}},"collections":{"minor":11087,"major":31,"forced_major":0,"compactions":0}}
{"version":1,"wall_time":4.8,"cpu_time":4.8,"gc_time":1.88,"gc_overhead":39.12,"max_rss_kb":1209040,"domain_stats":{"0":{"wall_time":4.8,"gc_time":1.88,"gc_overhead":39.12}},"mean_latency":0.084497,"stddev_latency":0.124544,"min_latency":0.0,"max_latency":5.464063,