{"version":1,"wall_time":3.9,"cpu_time":3.9,"gc_time":0.21,"gc_overhead":5.33,"max_rss_kb":24368,"domain_stats":{"0":{"wall_time":3.9,"gc_time":0.21,"gc_overhead":5.33}},"mean_latency":0.016524,"stddev_latency":0.010987,"min_latency":0.0,"max_latency":0.139903,"distr_latency":{"25.0000":0.008951,"50.0000":0.014511,"60.0000":0.016543,"70.0000":0.019871,"75.0000":0.023631,"80.0000":0.026463,"85.0000":0.029823,"90.0000":0.032799,"95.0000":0.035135,"96.0000":0.036191,"97.0000":0.037599,"98.0000":0.039423,"99.0000":0.042911,"99.9000":0.077119,"99.9900":0.098815,"99.9990":0.139903,"99.9999":0.139903,"100.0000":0.139903},"allocations":{"total_heap":1736340930,"minor_heap":1630248515,"major_heap":172344574,"promoted_words":66252159,"promoted_pct":4.06},"domain_alloc_stats":{"0":{"total":1736340930,"minor":1630248515,"promoted":66252159,"major":172344574,"promoted_pct":4.06}},"collections":{"minor":7730,"major":2989,"forced_major":0,"compactions":0}}
{"version":1,"wall_time":3.94,"cpu_time":3.94,"gc_time":0.22,"gc_overhead":5.46,"max_rss_kb":24412,"domain_stats":{"0":{"wall_time":3.94,"gc_time":0.22,"gc_overhead":5.46}},"mean_latency":0.017123,"stddev_latency":0.011412,"min_latency":0.0,"max_latency":0.104703,"distr_latency":{"25.0000":0.009191,"50.0000":0.014815,"60.0000":0.017055,"70.0000":0.020911,"75.0000":0.024703,"80.0000":0.027823,"85.0000":0.031183,"90.0000":0.034271,"95.0000":0.036511,"96.0000":0.037407,"97.0000":0.038687,"98.0000":0.040671,"99.0000":0.044255,"99.9000":0.078271,"99.9900":0.098943,"99.9990":0.104703,"99.9999":0.104703,"100.0000":0.104703},"allocations":{"total_heap":1736340930,"minor_heap":1630248515,"major_heap":172344574,"promoted_words":66252159,"promoted_pct":4.06},"domain_alloc_stats":{"0":{"total":1736340930,"minor":1630248515,"promoted":66252159,"major":172344574,"promoted_pct":4.06}},"collections":{"minor":7730,"major":2989,"forced_major":0,"compactions":0}}
{"version":1,"wall_time":3.87,"cpu_time":3.87,"gc_time":0.21,"gc_overhead":5.5,"max_rss_kb":24784,"domain_stats":{"0":{"wall_time":3.87,"gc_time":0.21,"gc_overhead":5.5}},"mean_latency":0.016965,"stddev_latency":0.011712,"min_latency":0.0,"max_latency":0.177663,"distr_latency":{"25.0000":0.008911,"50.0000":0.014487,"60.0000":0.016655,"70.0000":0.020111,"75.0000":0.024239,"80.0000":0.027759,"85.0000":0.031583,"90.0000":0.034399,"95.0000":0.037343,"96.0000":0.038239,"97.0000":0.039519,"98.0000":0.041503,"99.0000":0.044991,"99.9000":0.082687,"99.9900":0.104383,"99.9990":0.177663,"99.9999":0.177663,"100.0000":0.177663},"allocations":{"total_heap":1736340930,"minor_heap":1630248515,"major_heap":172344574,"promoted_words":66252159,"promoted_pct":4.06},"domain_alloc_stats":{"0":{"total":1736340930,"minor":1630248515,"promoted":66252159,"major":172344574,"promoted_pct":4.06}},"collections":{"minor":7730,"major":2989,"forced_major":0,"compactions":0}}
{"version":1,"wall_time":3.88,"cpu_time":3.88,"gc_time":0.21,"gc_overhead":5.47,"max_rss_kb":24316,"domain_stats":{"0":{"wall_time":3.88,"gc_time":0.21,"gc_overhead":5.47}},"mean_latency":0.016902,"stddev_latency":0.011456,"min_latency":0.0,"max_latency":0.144383,"distr_latency":{"25.0000":0.009007,"50.0000":0.014567,"60.0000":0.016719,"70.0000":0.020143,"75.0000":0.024191,"80.0000":0.027583,"85.0000":0.031215,"90.0000":0.033951,"95.0000":0.036607,"96.0000":0.037567,"97.0000":0.038911,"98.0000":0.040895,"99.0000":0.044671,"99.9000":0.077247,"99.9900":0.104703,"99.9990":0.144383,"99.9999":0.144383,"100.0000":0.144383},"allocations":{"total_heap":1736340930,"minor_heap":1630248515,"major_heap":172344574,"promoted_words":66252159,"promoted_pct":4.06},"domain_alloc_stats":{"0":{"total":1736340930,"minor":1630248515,"promoted":66252159,"major":172344574,"promoted_pct":4.06}},"collections":{"minor":7730,"major":2989,"forced_major":0,"compactions":0}}
{"version":1,"wall_time":3.96,"cpu_time":3.96,"gc_time":0.21,"gc_overhead":5.23,"max_rss_kb":24468,"domain_stats":{"0":{"wall_time":3.96,"gc_time":0.21,"gc_overhead":5.23}},"mean_latency":0.016478,"stddev_latency":0.011135,"min_latency":0.0,"max_latency":0.150911,"distr_latency":{"25.0000":0.008847,"50.0000":0.014351,"60.0000":0.016367,"70.0000":0.019631,"75.0000":0.023471,"80.0000":0.026463,"85.0000":0.030031,"90.0000":0.033023,"95.0000":0.035391,"96.0000":0.036351,"97.0000":0.037727,"98.0000":0.039583,"99.0000":0.043135,"99.9000":0.078591,"99.9900":0.103551,"99.9990":0.150911,"99.9999":0.150911,"100.0000":0.150911},"allocations":{"total_heap":1736340930,"minor_heap":1630248515,"major_heap":172344574,"promoted_words":66252159,"promoted_pct":4.06},"domain_alloc_stats":{"0":{"total":1736340930,"minor":1630248515,"promoted":66252159,"major":172344574,"promoted_pct":4.06}},"collections":{"minor":7730,"major":2989,"forced_major":0,"compactions":0}}
{"version":1,"wall_time":3.89,"cpu_time":3.89,"gc_time":0.22,"gc_overhead":5.62,"max_rss_kb":24256,"domain_stats":{"0":{"wall_time":3.89,"gc_time":0.22,"gc_overhead":5.62}},"mean_latency":0.017383,"stddev_latency":0.011714,"min_latency":0.0,"max_latency":0.110847,"distr_latency":{"25.0000":0.009247,"50.0000":0.014895,"60.0000":0.017263,"70.0000":0.021215,"75.0000":0.025215,"80.0000":0.028319,"85.0000":0.032031,"90.0000":0.035231,"95.0000":0.037439,"96.0000":0.038239,"97.0000":0.039455,"98.0000":0.041343,"99.0000":0.044927,"99.9000":0.076159,"99.9900":0.104191,"99.9990":0.110847,"99.9999":0.110847,"100.0000":0.110847},"allocations":{"total_heap":1736340930,"minor_heap":1630248515,"major_heap":172344574,"promoted_words":66252159,"promoted_pct":4.06},"domain_alloc_stats":{"0":{"total":1736340930,"minor":1630248515,"promoted":66252159,"major":172344574,"promoted_pct":4.06}},"collections":{"minor":7730,"major":2989,"forced_major":0,"compactions":0}}
{"version":1,"wall_time":3.9,"cpu_time":3.9,"gc_time":0.21,"gc_overhead":5.44,"max_rss_kb":24340,"domain_stats":{"0":{"wall_time":3.9,"gc_time":0.21,"gc_overhead":5.44}},"mean_latency":0.016884,"stddev_latency":0.011651,"min_latency":0.0,"max_latency":0.139007,"distr_latency":{"25.0000":0.008895,"50.0000":0.014375,"60.0000":0.016495,"70.0000":0.019919,"75.0000":0.024255,"80.0000":0.027807,"85.0000":0.031455,"90.0000":0.034271,"95.0000":0.036895,"96.0000":0.037887,"97.0000":0.039295,"98.0000":0.041279,"99.0000":0.044927,"99.9000":0.081471,"99.9900":0.104127,"99.9990":0.139007,"99.9999":0.139007,"100.0000":0.139007},"allocations":{"total_heap":1736340930,"minor_heap":1630248515,"major_heap":172344574,"promoted_words":66252159,"promoted_pct":4.06},"domain_alloc_stats":{"0":{"total":1736340930,"minor":1630248515,"promoted":66252159,"major":172344574,"promoted_pct":4.06}},"collections":{"minor":7730,"major":2989,"forced_major":0,"compactions":0}}
{"version":1,"wall_time":3.88,"cpu_time":3.88,"gc_time":0.21,"gc_overhead":5.47,"max_rss_kb":24544,"domain_stats":{"0":{"wall_time":3.88,"gc_time":0.21,"gc_overhead":5.47}},"mean_latency":0.016887,"stddev_latency":0.011307,"min_latency":0.0,"max_latency":0.107007,"distr_latency":{"25.0000":0.009143,"50.0000":0.014703,"60.0000":0.016751,"70.0000":0.020383,"75.0000":0.024143,"80.0000":0.027087,"85.0000":0.030591,"90.0000":0.033823,"95.0000":0.036319,"96.0000":0.037119,"97.0000":0.038271,"98.0000":0.040287,"99.0000":0.043711,"99.9000":0.081343,"99.9900":0.106687,"99.9990":0.107007,"99.9999":0.107007,"100.0000":0.107007},"allocations":{"total_heap":1736340930,"minor_heap":1630248515,"major_heap":172344574,"promoted_words":66252159,"promoted_pct":4.06},"domain_alloc_stats":{"0":{"total":1736340930,"minor":1630248515,"promoted":66252159,"major":172344574,"promoted_pct":4.06}},"collections":{"minor":7730,"major":2989,"forced_major":0,"compactions":0}}
{"version":1,"wall_time":3.89,"cpu_time":3.89,"gc_time":0.21,"gc_overhead":5.37,"max_rss_kb":24356,"domain_stats":{"0":{"wall_time":3.89,"gc_time":0.21,"gc_overhead":5.37}},"mean_latency":0.016652,"stddev_latency":0.011334,"min_latency":0.0,"max_latency":0.126015,"distr_latency":{"25.0000":0.008847,"50.0000":0.014335,