{"version":1,"wall_time":2.39,"cpu_time":2.39,"gc_time":0.49,"gc_overhead":20.47,"max_rss_kb":257004,"domain_stats":{"0":{"wall_time":2.39,"gc_time":0.49,"gc_overhead":20.47}},"mean_latency":0.169519,"stddev_latency":0.265449,"min_latency":0.0,"max_latency":2.197503,"distr_latency":{"25.0000":0.023871,"50.0000":0.065855,"60.0000":0.101951,"70.0000":0.150015,"75.0000":0.176767,"80.0000":0.227583,"85.0000":0.355583,"90.0000":0.458751,"95.0000":0.731135,"96.0000":0.785407,"97.0000":0.878079,"98.0000":1.039359,"99.0000":1.431551,"99.9000":1.941503,"99.9900":2.197503,"99.9990":2.197503,"99.9999":2.197503,"100.0000":2.197503},"allocations":{"total_heap":362598149,"minor_heap":341999278,"major_heap":89041794,"promoted_words":68442923,"promoted_pct":20.01},"domain_alloc_stats":{"0":{"total":362598149,"minor":341999278,"promoted":68442923,"major":89041794,"promoted_pct":20.01}},"collections":{"minor":1332,"major":29,"forced_major":0,"compactions":0}}
{"version":1,"wall_time":2.39,"cpu_time":2.39,"gc_time":0.49,"gc_overhead":20.61,"max_rss_kb":257020,"domain_stats":{"0":{"wall_time":2.39,"gc_time":0.49,"gc_overhead":20.61}},"mean_latency":0.170263,"stddev_latency":0.267091,"min_latency":0.0,"max_latency":2.160639,"distr_latency":{"25.0000":0.023791,"50.0000":0.065919,"60.0000":0.101631,"70.0000":0.150271,"75.0000":0.177919,"80.0000":0.229503,"85.0000":0.356607,"90.0000":0.459007,"95.0000":0.731135,"96.0000":0.790527,"97.0000":0.890879,"98.0000":1.031679,"99.0000":1.434623,"99.9000":1.957887,"99.9900":2.160639,"99.9990":2.160639,"99.9999":2.160639,"100.0000":2.160639},"allocations":{"total_heap":362598149,"minor_heap":341999278,"major_heap":89041794,"promoted_words":68442923,"promoted_pct":20.01},"domain_alloc_stats":{"0":{"total":362598149,"minor":341999278,"promoted":68442923,"major":89041794,"promoted_pct":20.01}},"collections":{"minor":1332,"major":29,"forced_major":0,"compactions":0}}
{"version":1,"wall_time":2.39,"cpu_time":2.39,"gc_time":0.49,"gc_overhead":20.61,"max_rss_kb":257052,"domain_stats":{"0":{"wall_time":2.39,"gc_time":0.49,"gc_overhead":20.61}},"mean_latency":0.170683,"stddev_latency":0.268422,"min_latency":0.0,"max_latency":2.203647,"distr_latency":{"25.0000":0.024047,"50.0000":0.065919,"60.0000":0.101503,"70.0000":0.150143,"75.0000":0.178303,"80.0000":0.229887,"85.0000":0.354559,"90.0000":0.465151,"95.0000":0.732159,"96.0000":0.796671,"97.0000":0.891903,"98.0000":1.054719,"99.0000":1.447935,"99.9000":1.990655,"99.9900":2.203647,"99.9990":2.203647,"99.9999":2.203647,"100.0000":2.203647},"allocations":{"total_heap":362598149,"minor_heap":341999278,"major_heap":89041794,"promoted_words":68442923,"promoted_pct":20.01},"domain_alloc_stats":{"0":{"total":362598149,"minor":341999278,"promoted":68442923,"major":89041794,"promoted_pct":20.01}},"collections":{"minor":1332,"major":29,"forced_major":0,"compactions":0}}
{"version":1,"wall_time":2.4,"cpu_time":2.4,"gc_time":0.49,"gc_overhead":20.52,"max_rss_kb":257108,"domain_stats":{"0":{"wall_time":2.4,"gc_time":0.49,"gc_overhead":20.52}},"mean_latency":0.170402,"stddev_latency":0.268104,"min_latency":0.0,"max_latency":2.177023,"distr_latency":{"25.0000":0.023903,"50.0000":0.065535,"60.0000":0.101055,"70.0000":0.149631,"75.0000":0.179583,"80.0000":0.229759,"85.0000":0.355583,"90.0000":0.460031,"95.0000":0.732159,"96.0000":0.791551,"97.0000":0.911359,"98.0000":1.055743,"99.0000":1.464319,"99.9000":1.991679,"99.9900":2.177023,"99.9990":2.177023,"99.9999":2.177023,"100.0000":2.177023},"allocations":{"total_heap":362598149,"minor_heap":341999278,"major_heap":89041794,"promoted_words":68442923,"promoted_pct":20.01},"domain_alloc_stats":{"0":{"total":362598149,"minor":341999278,"promoted":68442923,"major":89041794,"promoted_pct":20.01}},"collections":{"minor":1332,"major":29,"forced_major":0,"compactions":0}}
{"version":1,"wall_time":2.39,"cpu_time":2.39,"gc_time":0.5,"gc_overhead":20.73,"max_rss_kb":257076,"domain_stats":{"0":{"wall_time":2.39,"gc_time":0.5,"gc_overhead":20.73}},"mean_latency":0.171352,"stddev_latency":0.26919,"min_latency":0.0,"max_latency":2.217983,"distr_latency":{"25.0000":0.024127,"50.0000":0.065599,"60.0000":0.101823,"70.0000":0.150271,"75.0000":0.185215,"80.0000":0.236799,"85.0000":0.354047,"90.0000":0.459263,"95.0000":0.735743,"96.0000":0.793087,"97.0000":0.909311,"98.0000":1.058815,"99.0000":1.462271,"99.9000":2.001919,"99.9900":2.217983,"99.9990":2.217983,"99.9999":2.217983,"100.0000":2.217983},"allocations":{"total_heap":362598149,"minor_heap":341999278,"major_heap":89041794,"promoted_words":68442923,"promoted_pct":20.01},"domain_alloc_stats":{"0":{"total":362598149,"minor":341999278,"promoted":68442923,"major":89041794,"promoted_pct":20.01}},"collections":{"minor":1332,"major":29,"forced_major":0,"compactions":0}}
{"version":1,"wall_time":2.39,"cpu_time":2.39,"gc_time":0.49,"gc_overhead":20.71,"max_rss_kb":257124,"domain_stats":{"0":{"wall_time":2.39,"gc_time":0.49,"gc_overhead":20.71}},"mean_latency":0.171293,"stddev_latency":0.269238,"min_latency":0.0,"max_latency":2.226175,"distr_latency":{"25.0000":0.024031,"50.0000":0.065663,"60.0000":0.101183,"70.0000":0.149887,"75.0000":0.179455,"80.0000":0.230527,"85.0000":0.359935,"90.0000":0.460799,"95.0000":0.729599,"96.0000":0.804351,"97.0000":0.906751,"98.0000":1.059839,"99.0000":1.456127,"99.9000":2.025471,"99.9900":2.226175,"99.9990":2.226175,"99.9999":2.226175,"100.0000":2.226175},"allocations":{"total_heap":362598149,"minor_heap":341999278,"major_heap":89041794,"promoted_words":68442923,"promoted_pct":20.01},"domain_alloc_stats":{"0":{"total":362598149,"minor":341999278,"promoted":68442923,"major":89041794,"promoted_pct":20.01}},"collections":{"minor":1332,"major":29,"forced_major":0,"compactions":0}}
{"version":1,"wall_time":2.39,"cpu_time":2.39,"gc_time":0.49,"gc_overhead":20.7,"max_rss_kb":256976,"domain_stats":{"0":{"wall_time":2.39,"gc_time":0.49,"gc_overhead":20.7}},"mean_latency":0.170955,"stddev_latency":0.268582,"min_latency":0.0,"max_latency":2.217983,"distr_latency":{"25.0000":0.024159,"50.0000":0.066111,"60.0000":0.102527,"70.0000":0.150911,"75.0000":0.180095,"80.0000":0.231935,"85.0000":0.356351,"90.0000":0.462079,"95.0000":0.730623,"96.0000":0.788479,"97.0000":0.904191,"98.0000":1.057791,"99.0000":1.465343,"99.9000":1.990655,"99.9900":2.217983,"99.9990":2.217983,"99.9999":2.217983,"100.0000":2.217983},"allocations":{"total_heap":362598149,"minor_heap":341999278,"major_heap":89041794,"promoted_words":68442923,"promoted_pct":20.01},"domain_alloc_stats":{"0":{"total":362598149,"minor":341999278,"promoted":68442923,"major":89041794,"promoted_pct":20.01}},"collections":{"minor":1332,"major":29,"forced_major":0,"compactions":0}}
{"version":1,"wall_time":2.4,"cpu_time":2.4,"gc_time":0.49,"gc_overhead":20.61,"max_rss_kb":257040,"domain_stats":{"0":{"wall_time":2.4,"gc_time":0.49,"gc_overhead":20.61}},"mean_latency":0.170891,"stddev_latency":0.268237,"min_latency":0.0,"max_latency":2.215935,"distr_latency":{"25.0000":0.024175,"50.0000":0.065855,"60.0000":0.102335,"70.0000":0.150143,"75.0000":0.182655,"80.0000":0.232063,"85.0000":0.356863,"90.0000":0.458239,"95.0000":0.735743,"96.0000":0.799231,"97.0000":0.909311,"98.0000":1.050623,"99.0000":1.455103,"99.9000":1.983487,"99.9900":2.215935,"99.9990":2.215935,"99.9999":2.215935,"100.0000":2.215935},"allocations":{"total_heap":362598149,"minor_heap":341999278,"major_heap":89041794,"promoted_words":68442923,"promoted_pct":20.01},"domain_alloc_stats":{"0":{"total":362598149,"minor":341999278,"promoted":68442923,"major":89041794,"promoted_pct":20.01}},"collections":{"minor":1332,"major":29,"forced_major":0,"compactions":0}}
{"version":1,"wall_time":2.38,"cpu_time":2.38,"gc_time":0.49,"gc_overhead":20.55,"max_rss_kb":257084,"domain_stats":{"0":{"wall_time":2.38,"gc_time":0.49,"gc_overhead":20.55}},"mean_latency":0.169604,"stddev_latency":0.266425,"min_latency":0.0,"max_latency":2.177023,"distr_latency":{"25.0000":0.024047,"50.0000":0.065599,"60.0000":0.101247,"70.0000":0.148991,