{"version":1,"wall_time":3.81,"cpu_time":3.81,"gc_time":0.51,"gc_overhead":13.46,"max_rss_kb":39836,"domain_stats":{"0":{"wall_time":3.81,"gc_time":0.51,"gc_overhead":13.46}},"mean_latency":0.040657,"stddev_latency":0.044035,"min_latency":0.0,"max_latency":0.381183,"distr_latency":{"25.0000":0.008847,"50.0000":0.027423,"60.0000":0.037535,"70.0000":0.048767,"75.0000":0.054495,"80.0000":0.060831,"85.0000":0.070655,"90.0000":0.102847,"95.0000":0.138879,"96.0000":0.147455,"97.0000":0.159487,"98.0000":0.172799,"99.0000":0.193919,"99.9000":0.293631,"99.9900":0.377343,"99.9990":0.381183,"99.9999":0.381183,"100.0000":0.381183},"allocations":{"total_heap":1652523687,"minor_heap":1652540318,"major_heap":74007919,"promoted_words":74024550,"promoted_pct":4.48},"domain_alloc_stats":{"0":{"total":1652523687,"minor":1652540318,"promoted":74024550,"major":74007919,"promoted_pct":4.48}},"collections":{"minor":6388,"major":168,"forced_major":0,"compactions":0}}
{"version":1,"wall_time":3.87,"cpu_time":3.87,"gc_time":0.52,"gc_overhead":13.5,"max_rss_kb":39768,"domain_stats":{"0":{"wall_time":3.87,"gc_time":0.52,"gc_overhead":13.5}},"mean_latency":0.041471,"stddev_latency":0.043406,"min_latency":0.0,"max_latency":0.344063,"distr_latency":{"25.0000":0.008855,"50.0000":0.028959,"60.0000":0.039807,"70.0000":0.051519,"75.0000":0.057791,"80.0000":0.064511,"85.0000":0.073343,"90.0000":0.101951,"95.0000":0.137471,"96.0000":0.146431,"97.0000":0.156671,"98.0000":0.167039,"99.0000":0.188287,"99.9000":0.285695,"99.9900":0.342015,"99.9990":0.344063,"99.9999":0.344063,"100.0000":0.344063},"allocations":{"total_heap":1652524342,"minor_heap":1652540583,"major_heap":74055722,"promoted_words":74071963,"promoted_pct":4.48},"domain_alloc_stats":{"0":{"total":1652524342,"minor":1652540583,"promoted":74071963,"major":74055722,"promoted_pct":4.48}},"collections":{"minor":6388,"major":168,"forced_major":0,"compactions":0}}
{"version":1,"wall_time":3.77,"cpu_time":3.77,"gc_time":0.51,"gc_overhead":13.51,"max_rss_kb":39944,"domain_stats":{"0":{"wall_time":3.77,"gc_time":0.51,"gc_overhead":13.51}},"mean_latency":0.040448,"stddev_latency":0.0443,"min_latency":0.0,"max_latency":0.375551,"distr_latency":{"25.0000":0.008631,"50.0000":0.027103,"60.0000":0.036895,"70.0000":0.048127,"75.0000":0.054047,"80.0000":0.060351,"85.0000":0.071423,"90.0000":0.103423,"95.0000":0.140671,"96.0000":0.149887,"97.0000":0.160255,"98.0000":0.173951,"99.0000":0.193919,"99.9000":0.291071,"99.9900":0.372223,"99.9990":0.375551,"99.9999":0.375551,"100.0000":0.375551},"allocations":{"total_heap":1652522392,"minor_heap":1652540317,"major_heap":73974373,"promoted_words":73992298,"promoted_pct":4.48},"domain_alloc_stats":{"0":{"total":1652522392,"minor":1652540317,"promoted":73992298,"major":73974373,"promoted_pct":4.48}},"collections":{"minor":6388,"major":168,"forced_major":0,"compactions":0}}
{"version":1,"wall_time":3.84,"cpu_time":3.84,"gc_time":0.52,"gc_overhead":13.6,"max_rss_kb":39936,"domain_stats":{"0":{"wall_time":3.84,"gc_time":0.52,"gc_overhead":13.6}},"mean_latency":0.041444,"stddev_latency":0.044294,"min_latency":0.0,"max_latency":0.389631,"distr_latency":{"25.0000":0.008847,"50.0000":0.028223,"60.0000":0.038879,"70.0000":0.050815,"75.0000":0.056671,"80.0000":0.063071,"85.0000":0.072703,"90.0000":0.103551,"95.0000":0.140543,"96.0000":0.150015,"97.0000":0.160511,"98.0000":0.173439,"99.0000":0.193023,"99.9000":0.288511,"99.9900":0.381183,"99.9990":0.389631,"99.9999":0.389631,"100.0000":0.389631},"allocations":{"total_heap":1652523818,"minor_heap":1652540780,"major_heap":74035898,"promoted_words":74052860,"promoted_pct":4.48},"domain_alloc_stats":{"0":{"total":1652523818,"minor":1652540780,"promoted":74052860,"major":74035898,"promoted_pct":4.48}},"collections":{"minor":6388,"major":168,"forced_major":0,"compactions":0}}
{"version":1,"wall_time":3.82,"cpu_time":3.82,"gc_time":0.51,"gc_overhead":13.33,"max_rss_kb":40180,"domain_stats":{"0":{"wall_time":3.82,"gc_time":0.51,"gc_overhead":13.33}},"mean_latency":0.040374,"stddev_latency":0.043778,"min_latency":0.0,"max_latency":0.370431,"distr_latency":{"25.0000":0.008607,"50.0000":0.027183,"60.0000":0.036863,"70.0000":0.047967,"75.0000":0.053919,"80.0000":0.060703,"85.0000":0.072191,"90.0000":0.103743,"95.0000":0.139007,"96.0000":0.147327,"97.0000":0.157951,"98.0000":0.170879,"99.0000":0.191871,"99.9000":0.278015,"99.9900":0.355839,"99.9990":0.370431,"99.9999":0.370431,"100.0000":0.370431},"allocations":{"total_heap":1652523645,"minor_heap":1652540310,"major_heap":74025031,"promoted_words":74041696,"promoted_pct":4.48},"domain_alloc_stats":{"0":{"total":1652523645,"minor":1652540310,"promoted":74041696,"major":74025031,"promoted_pct":4.48}},"collections":{"minor":6388,"major":168,"forced_major":0,"compactions":0}}
{"version":1,"wall_time":3.78,"cpu_time":3.78,"gc_time":0.51,"gc_overhead":13.39,"max_rss_kb":39844,"domain_stats":{"0":{"wall_time":3.78,"gc_time":0.51,"gc_overhead":13.39}},"mean_latency":0.040186,"stddev_latency":0.043978,"min_latency":0.0,"max_latency":0.351999,"distr_latency":{"25.0000":0.008647,"50.0000":0.027039,"60.0000":0.036639,"70.0000":0.047551,"75.0000":0.053567,"80.0000":0.059711,"85.0000":0.070591,"90.0000":0.103039,"95.0000":0.139007,"96.0000":0.147071,"97.0000":0.157439,"98.0000":0.171135,"99.0000":0.191615,"99.9000":0.304639,"99.9900":0.346879,"99.9990":0.351999,"99.9999":0.351999,"100.0000":0.351999},"allocations":{"total_heap":1652524479,"minor_heap":1652540752,"major_heap":74006360,"promoted_words":74022633,"promoted_pct":4.48},"domain_alloc_stats":{"0":{"total":1652524479,"minor":1652540752,"promoted":74022633,"major":74006360,"promoted_pct":4.48}},"collections":{"minor":6388,"major":168,"forced_major":0,"compactions":0}}
{"version":1,"wall_time":3.76,"cpu_time":3.76,"gc_time":0.51,"gc_overhead":13.56,"max_rss_kb":40072,"domain_stats":{"0":{"wall_time":3.76,"gc_time":0.51,"gc_overhead":13.56}},"mean_latency":0.040491,"stddev_latency":0.043804,"min_latency":0.0,"max_latency":0.371199,"distr_latency":{"25.0000":0.008735,"50.0000":0.027423,"60.0000":0.037279,"70.0000":0.048479,"75.0000":0.054431,"80.0000":0.060671,"85.0000":0.071871,"90.0000":0.103423,"95.0000":0.139775,"96.0000":0.148863,"97.0000":0.158335,"98.0000":0.170879,"99.0000":0.188671,"99.9000":0.292095,"99.9900":0.370175,"99.9990":0.371199,"99.9999":0.371199,"100.0000":0.371199},"allocations":{"total_heap":1652522915,"minor_heap":1652540280,"major_heap":74026341,"promoted_words":74043706,"promoted_pct":4.48},"domain_alloc_stats":{"0":{"total":1652522915,"minor":1652540280,"promoted":74043706,"major":74026341,"promoted_pct":4.48}},"collections":{"minor":6388,"major":168,"forced_major":0,"compactions":0}}
{"version":1,"wall_time":3.83,"cpu_time":3.83,"gc_time":0.51,"gc_overhead":13.25,"max_rss_kb":40224,"domain_stats":{"0":{"wall_time":3.83,"gc_time":0.51,"gc_overhead":13.25}},"mean_latency":0.040235,"stddev_latency":0.043606,"min_latency":0.0,"max_latency":0.368639,"distr_latency":{"25.0000":0.008615,"50.0000":0.027183,"60.0000":0.036831,"70.0000":0.047807,"75.0000":0.053695,"80.0000":0.059743,"85.0000":0.071807,"90.0000":0.103103,"95.0000":0.138239,"96.0000":0.147199,"97.0000":0.159231,"98.0000":0.170495,"99.0000":0.190591,"99.9000":0.281599,"99.9900":0.347647,"99.9990":0.368639,"99.9999":0.368639,"100.0000":0.368639},"allocations":{"total_heap":1652523773,"minor_heap":1652540556,"major_heap":74032158,"promoted_words":74048941,"promoted_pct":4.48},"domain_alloc_stats":{"0":{"total":1652523773,"minor":1652540556,"promoted":74048941,"major":74032158,"promoted_pct":4.48}},"collections":{"minor":6388,"major":168,"forced_major":0,"compactions":0}}
{"version":1,"wall_time":3.81,"cpu_time":3.81,"gc_time":0.53,"gc_overhead":13.82,"max_rss_kb":39480,"domain_stats":{"0":{"wall_time":3.81,"gc_time":0.53,"gc_overhead":13.82}},"mean_latency":0.041822,"stddev_latency":0.046666,"min_latency":0.0,"max_latency":0.369663,"distr_latency":{"25.0000":0.008807,"50.0000":0.027071,"60.0000":0.037279,