{"version":1,"wall_time":6.73,"cpu_time":6.73,"gc_time":2.06,"gc_overhead":30.63,"max_rss_kb":900860,"domain_stats":{"0":{"wall_time":6.73,"gc_time":2.06,"gc_overhead":30.63}},"mean_latency":0.169502,"stddev_latency":0.248248,"min_latency":0.0,"max_latency":15.630335,"distr_latency":{"25.0000":0.016495,"50.0000":0.109887,"60.0000":0.155647,"70.0000":0.203135,"75.0000":0.241663,"80.0000":0.284671,"85.0000":0.345343,"90.0000":0.394495,"95.0000":0.522495,"96.0000":0.603135,"97.0000":0.708607,"98.0000":0.773119,"99.0000":0.963071,"99.9000":1.677311,"99.9900":2.355199,"99.9990":15.630335,"99.9999":15.630335,"100.0000":15.630335},"allocations":{"total_heap":1604123809,"minor_heap":1466369237,"major_heap":462054882,"promoted_words":324300310,"promoted_pct":22.12},"domain_alloc_stats":{"0":{"total":1604123809,"minor":1466369237,"promoted":324300310,"major":462054882,"promoted_pct":22.12}},"collections":{"minor":5634,"major":46,"forced_major":0,"compactions":0}}
{"version":1,"wall_time":6.77,"cpu_time":6.77,"gc_time":2.06,"gc_overhead":30.38,"max_rss_kb":901156,"domain_stats":{"0":{"wall_time":6.77,"gc_time":2.06,"gc_overhead":30.38}},"mean_latency":0.169029,"stddev_latency":0.248356,"min_latency":0.0,"max_latency":15.687679,"distr_latency":{"25.0000":0.016447,"50.0000":0.109631,"60.0000":0.155391,"70.0000":0.203135,"75.0000":0.241023,"80.0000":0.284159,"85.0000":0.342015,"90.0000":0.392959,"95.0000":0.528895,"96.0000":0.608255,"97.0000":0.705535,"98.0000":0.785919,"99.0000":0.956415,"99.9000":1.668095,"99.9900":2.254847,"99.9990":15.687679,"99.9999":15.687679,"100.0000":15.687679},"allocations":{"total_heap":1604123809,"minor_heap":1466369237,"major_heap":462054882,"promoted_words":324300310,"promoted_pct":22.12},"domain_alloc_stats":{"0":{"total":1604123809,"minor":1466369237,"promoted":324300310,"major":462054882,"promoted_pct":22.12}},"collections":{"minor":5634,"major":46,"forced_major":0,"compactions":0}}
{"version":1,"wall_time":6.72,"cpu_time":6.72,"gc_time":2.08,"gc_overhead":30.9,"max_rss_kb":900820,"domain_stats":{"0":{"wall_time":6.72,"gc_time":2.08,"gc_overhead":30.9}},"mean_latency":0.170805,"stddev_latency":0.250238,"min_latency":0.0,"max_latency":15.736831,"distr_latency":{"25.0000":0.016431,"50.0000":0.109695,"60.0000":0.156287,"70.0000":0.205695,"75.0000":0.244223,"80.0000":0.288255,"85.0000":0.347647,"90.0000":0.396799,"95.0000":0.532991,"96.0000":0.609791,"97.0000":0.715775,"98.0000":0.792063,"99.0000":0.954879,"99.9000":1.717247,"99.9900":2.338815,"99.9990":15.736831,"99.9999":15.736831,"100.0000":15.736831},"allocations":{"total_heap":1604123809,"minor_heap":1466369237,"major_heap":462054882,"promoted_words":324300310,"promoted_pct":22.12},"domain_alloc_stats":{"0":{"total":1604123809,"minor":1466369237,"promoted":324300310,"major":462054882,"promoted_pct":22.12}},"collections":{"minor":5634,"major":46,"forced_major":0,"compactions":0}}
{"version":1,"wall_time":6.74,"cpu_time":6.74,"gc_time":2.07,"gc_overhead":30.76,"max_rss_kb":900676,"domain_stats":{"0":{"wall_time":6.74,"gc_time":2.07,"gc_overhead":30.76}},"mean_latency":0.170374,"stddev_latency":0.24955,"min_latency":0.0,"max_latency":15.851519,"distr_latency":{"25.0000":0.016479,"50.0000":0.109759,"60.0000":0.155519,"70.0000":0.204543,"75.0000":0.245503,"80.0000":0.289023,"85.0000":0.350463,"90.0000":0.396031,"95.0000":0.532991,"96.0000":0.616447,"97.0000":0.706047,"98.0000":0.783359,"99.0000":0.952831,"99.9000":1.666047,"99.9900":2.250751,"99.9990":15.851519,"99.9999":15.851519,"100.0000":15.851519},"allocations":{"total_heap":1604123809,"minor_heap":1466369237,"major_heap":462054882,"promoted_words":324300310,"promoted_pct":22.12},"domain_alloc_stats":{"0":{"total":1604123809,"minor":1466369237,"promoted":324300310,"major":462054882,"promoted_pct":22.12}},"collections":{"minor":5634,"major":46,"forced_major":0,"compactions":0}}
{"version":1,"wall_time":6.74,"cpu_time":6.74,"gc_time":2.07,"gc_overhead":30.67,"max_rss_kb":900776,"domain_stats":{"0":{"wall_time":6.74,"gc_time":2.07,"gc_overhead":30.67}},"mean_latency":0.170011,"stddev_latency":0.250427,"min_latency":0.0,"max_latency":15.974399,"distr_latency":{"25.0000":0.016591,"50.0000":0.110463,"60.0000":0.156287,"70.0000":0.203263,"75.0000":0.240767,"80.0000":0.284927,"85.0000":0.345855,"90.0000":0.395775,"95.0000":0.534527,"96.0000":0.605183,"97.0000":0.708607,"98.0000":0.789503,"99.0000":0.965119,"99.9000":1.683455,"99.9900":2.246655,"99.9990":15.974399,"99.9999":15.974399,"100.0000":15.974399},"allocations":{"total_heap":1604123809,"minor_heap":1466369237,"major_heap":462054882,"promoted_words":324300310,"promoted_pct":22.12},"domain_alloc_stats":{"0":{"total":1604123809,"minor":1466369237,"promoted":324300310,"major":462054882,"promoted_pct":22.12}},"collections":{"minor":5634,"major":46,"forced_major":0,"compactions":0}}
{"version":1,"wall_time":6.68,"cpu_time":6.68,"gc_time":2.06,"gc_overhead":30.77,"max_rss_kb":900712,"domain_stats":{"0":{"wall_time":6.68,"gc_time":2.06,"gc_overhead":30.77}},"mean_latency":0.169111,"stddev_latency":0.248376,"min_latency":0.0,"max_latency":15.736831,"distr_latency":{"25.0000":0.016655,"50.0000":0.109503,"60.0000":0.155135,"70.0000":0.202751,"75.0000":0.239103,"80.0000":0.283903,"85.0000":0.343039,"90.0000":0.394239,"95.0000":0.524031,"96.0000":0.602623,"97.0000":0.714751,"98.0000":0.782847,"99.0000":0.945663,"99.9000":1.672191,"99.9900":2.273279,"99.9990":15.736831,"99.9999":15.736831,"100.0000":15.736831},"allocations":{"total_heap":1604123809,"minor_heap":1466369237,"major_heap":462054882,"promoted_words":324300310,"promoted_pct":22.12},"domain_alloc_stats":{"0":{"total":1604123809,"minor":1466369237,"promoted":324300310,"major":462054882,"promoted_pct":22.12}},"collections":{"minor":5634,"major":46,"forced_major":0,"compactions":0}}
{"version":1,"wall_time":6.76,"cpu_time":6.76,"gc_time":2.08,"gc_overhead":30.82,"max_rss_kb":900732,"domain_stats":{"0":{"wall_time":6.76,"gc_time":2.08,"gc_overhead":30.82}},"mean_latency":0.171205,"stddev_latency":0.252074,"min_latency":0.0,"max_latency":16.015359,"distr_latency":{"25.0000":0.016559,"50.0000":0.111551,"60.0000":0.157695,"70.0000":0.204415,"75.0000":0.242559,"80.0000":0.286719,"85.0000":0.348415,"90.0000":0.397055,"95.0000":0.532479,"96.0000":0.610303,"97.0000":0.715263,"98.0000":0.794623,"99.0000":0.970239,"99.9000":1.746943,"99.9900":2.310143,"99.9990":16.015359,"99.9999":16.015359,"100.0000":16.015359},"allocations":{"total_heap":1604123809,"minor_heap":1466369237,"major_heap":462054882,"promoted_words":324300310,"promoted_pct":22.12},"domain_alloc_stats":{"0":{"total":1604123809,"minor":1466369237,"promoted":324300310,"major":462054882,"promoted_pct":22.12}},"collections":{"minor":5634,"major":46,"forced_major":0,"compactions":0}}
{"version":1,"wall_time":6.73,"cpu_time":6.73,"gc_time":2.07,"gc_overhead":30.8,"max_rss_kb":900748,"domain_stats":{"0":{"wall_time":6.73,"gc_time":2.07,"gc_overhead":30.8}},"mean_latency":0.170536,"stddev_latency":0.25217,"min_latency":0.0,"max_latency":16.015359,"distr_latency":{"25.0000":0.016543,"50.0000":0.109951,"60.0000":0.156031,"70.0000":0.204287,"75.0000":0.240639,"80.0000":0.285951,"85.0000":0.345343,"90.0000":0.396031,"95.0000":0.529919,"96.0000":0.609791,"97.0000":0.718847,"98.0000":0.793599,"99.0000":0.971263,"99.9000":1.709055,"99.9900":2.340863,"99.9990":16.015359,"99.9999":16.015359,"100.0000":16.015359},"allocations":{"total_heap":1604123809,"minor_heap":1466369237,"major_heap":462054882,"promoted_words":324300310,"promoted_pct":22.12},"domain_alloc_stats":{"0":{"total":1604123809,"minor":1466369237,"promoted":324300310,"major":462054882,"promoted_pct":22.12}},"collections":{"minor":5634,"major":46,"forced_major":0,"compactions":0}}
{"version":1,"wall_time":6.73,"cpu_time":6.73,"gc_time":2.07,"gc_overhead":30.79,"max_rss_kb":900904,"domain_stats":{"0":{"wall_time":6.73,"gc_time":2.07,"gc_overhead":30.79}},"mean_latency":0.170295,"stddev_latency":0.250993,"min_latency":0.0,