{"version":1,"wall_time":4.11,"cpu_time":4.11,"gc_time":0.2,"gc_overhead":4.85,"max_rss_kb":23156,"domain_stats":{"0":{"wall_time":4.11,"gc_time":0.2,"gc_overhead":4.85}},"mean_latency":0.015642,"stddev_latency":0.012302,"min_latency":0.0,"max_latency":0.097791,"distr_latency":{"25.0000":0.002375,"50.0000":0.016495,"60.0000":0.019295,"70.0000":0.021983,"75.0000":0.023375,"80.0000":0.025103,"85.0000":0.026863,"90.0000":0.029503,"95.0000":0.034655,"96.0000":0.035423,"97.0000":0.036831,"98.0000":0.041087,"99.0000":0.049279,"99.9000":0.079807,"99.9900":0.097663,"99.9990":0.097791,"99.9999":0.097791,"100.0000":0.097791},"allocations":{"total_heap":1736389490,"minor_heap":1630317829,"major_heap":169569585,"promoted_words":63497924,"promoted_pct":3.89},"domain_alloc_stats":{"0":{"total":1736389490,"minor":1630317829,"promoted":63497924,"major":169569585,"promoted_pct":3.89}},"collections":{"minor":7430,"major":2337,"forced_major":0,"compactions":0}}
{"version":1,"wall_time":4.11,"cpu_time":4.11,"gc_time":0.19,"gc_overhead":4.74,"max_rss_kb":23344,"domain_stats":{"0":{"wall_time":4.11,"gc_time":0.19,"gc_overhead":4.74}},"mean_latency":0.015282,"stddev_latency":0.012009,"min_latency":0.0,"max_latency":0.097215,"distr_latency":{"25.0000":0.002367,"50.0000":0.016231,"60.0000":0.018783,"70.0000":0.021311,"75.0000":0.022671,"80.0000":0.024463,"85.0000":0.026191,"90.0000":0.028623,"95.0000":0.034111,"96.0000":0.034975,"97.0000":0.036255,"98.0000":0.040319,"99.0000":0.050207,"99.9000":0.077055,"99.9900":0.096895,"99.9990":0.097215,"99.9999":0.097215,"100.0000":0.097215},"allocations":{"total_heap":1736389490,"minor_heap":1630317829,"major_heap":169569585,"promoted_words":63497924,"promoted_pct":3.89},"domain_alloc_stats":{"0":{"total":1736389490,"minor":1630317829,"promoted":63497924,"major":169569585,"promoted_pct":3.89}},"collections":{"minor":7430,"major":2337,"forced_major":0,"compactions":0}}
{"version":1,"wall_time":4.13,"cpu_time":4.13,"gc_time":0.2,"gc_overhead":4.91,"max_rss_kb":23460,"domain_stats":{"0":{"wall_time":4.13,"gc_time":0.2,"gc_overhead":4.91}},"mean_latency":0.015879,"stddev_latency":0.012528,"min_latency":0.0,"max_latency":0.098559,"distr_latency":{"25.0000":0.002375,"50.0000":0.016671,"60.0000":0.019423,"70.0000":0.022207,"75.0000":0.023583,"80.0000":0.025535,"85.0000":0.027343,"90.0000":0.029855,"95.0000":0.035903,"96.0000":0.036799,"97.0000":0.037855,"98.0000":0.041823,"99.0000":0.050527,"99.9000":0.081407,"99.9900":0.097343,"99.9990":0.098559,"99.9999":0.098559,"100.0000":0.098559},"allocations":{"total_heap":1736389490,"minor_heap":1630317829,"major_heap":169569585,"promoted_words":63497924,"promoted_pct":3.89},"domain_alloc_stats":{"0":{"total":1736389490,"minor":1630317829,"promoted":63497924,"major":169569585,"promoted_pct":3.89}},"collections":{"minor":7430,"major":2337,"forced_major":0,"compactions":0}}
{"version":1,"wall_time":4.07,"cpu_time":4.07,"gc_time":0.2,"gc_overhead":4.97,"max_rss_kb":23088,"domain_stats":{"0":{"wall_time":4.07,"gc_time":0.2,"gc_overhead":4.97}},"mean_latency":0.015868,"stddev_latency":0.012489,"min_latency":0.0,"max_latency":0.097727,"distr_latency":{"25.0000":0.002335,"50.0000":0.016639,"60.0000":0.019471,"70.0000":0.022271,"75.0000":0.023647,"80.0000":0.025375,"85.0000":0.027231,"90.0000":0.030031,"95.0000":0.035167,"96.0000":0.036735,"97.0000":0.038751,"98.0000":0.041631,"99.0000":0.050111,"99.9000":0.079743,"99.9900":0.096639,"99.9990":0.097727,"99.9999":0.097727,"100.0000":0.097727},"allocations":{"total_heap":1736389490,"minor_heap":1630317829,"major_heap":169569585,"promoted_words":63497924,"promoted_pct":3.89},"domain_alloc_stats":{"0":{"total":1736389490,"minor":1630317829,"promoted":63497924,"major":169569585,"promoted_pct":3.89}},"collections":{"minor":7430,"major":2337,"forced_major":0,"compactions":0}}
{"version":1,"wall_time":4.08,"cpu_time":4.08,"gc_time":0.2,"gc_overhead":4.86,"max_rss_kb":23152,"domain_stats":{"0":{"wall_time":4.08,"gc_time":0.2,"gc_overhead":4.86}},"mean_latency":0.015565,"stddev_latency":0.012259,"min_latency":0.0,"max_latency":0.097343,"distr_latency":{"25.0000":0.002255,"50.0000":0.016415,"60.0000":0.019119,"70.0000":0.021871,"75.0000":0.023295,"80.0000":0.025087,"85.0000":0.026799,"90.0000":0.029327,"95.0000":0.034591,"96.0000":0.035359,"97.0000":0.036703,"98.0000":0.041055,"99.0000":0.049855,"99.9000":0.079807,"99.9900":0.097279,"99.9990":0.097343,"99.9999":0.097343,"100.0000":0.097343},"allocations":{"total_heap":1736389490,"minor_heap":1630317829,"major_heap":169569585,"promoted_words":63497924,"promoted_pct":3.89},"domain_alloc_stats":{"0":{"total":1736389490,"minor":1630317829,"promoted":63497924,"major":169569585,"promoted_pct":3.89}},"collections":{"minor":7430,"major":2337,"forced_major":0,"compactions":0}}
{"version":1,"wall_time":4.08,"cpu_time":4.08,"gc_time":0.2,"gc_overhead":4.81,"max_rss_kb":23076,"domain_stats":{"0":{"wall_time":4.08,"gc_time":0.2,"gc_overhead":4.81}},"mean_latency":0.015376,"stddev_latency":0.012068,"min_latency":0.0,"max_latency":0.097343,"distr_latency":{"25.0000":0.002343,"50.0000":0.016263,"60.0000":0.018895,"70.0000":0.021503,"75.0000":0.022943,"80.0000":0.024703,"85.0000":0.026415,"90.0000":0.028895,"95.0000":0.034271,"96.0000":0.034975,"97.0000":0.036223,"98.0000":0.040511,"99.0000":0.049631,"99.9000":0.077119,"99.9900":0.096831,"99.9990":0.097343,"99.9999":0.097343,"100.0000":0.097343},"allocations":{"total_heap":1736389490,"minor_heap":1630317829,"major_heap":169569585,"promoted_words":63497924,"promoted_pct":3.89},"domain_alloc_stats":{"0":{"total":1736389490,"minor":1630317829,"promoted":63497924,"major":169569585,"promoted_pct":3.89}},"collections":{"minor":7430,"major":2337,"forced_major":0,"compactions":0}}
{"version":1,"wall_time":4.09,"cpu_time":4.09,"gc_time":0.2,"gc_overhead":4.88,"max_rss_kb":23572,"domain_stats":{"0":{"wall_time":4.09,"gc_time":0.2,"gc_overhead":4.88}},"mean_latency":0.015629,"stddev_latency":0.01229,"min_latency":0.0,"max_latency":0.096895,"distr_latency":{"25.0000":0.002247,"50.0000":0.016479,"60.0000":0.019215,"70.0000":0.021983,"75.0000":0.023375,"80.0000":0.025151,"85.0000":0.026943,"90.0000":0.029535,"95.0000":0.034719,"96.0000":0.035423,"97.0000":0.036959,"98.0000":0.041407,"99.0000":0.049215,"99.9000":0.079423,"99.9900":0.096895,"99.9990":0.096895,"99.9999":0.096895,"100.0000":0.096895},"allocations":{"total_heap":1736389490,"minor_heap":1630317829,"major_heap":169569585,"promoted_words":63497924,"promoted_pct":3.89},"domain_alloc_stats":{"0":{"total":1736389490,"minor":1630317829,"promoted":63497924,"major":169569585,"promoted_pct":3.89}},"collections":{"minor":7430,"major":2337,"forced_major":0,"compactions":0}}
{"version":1,"wall_time":4.1,"cpu_time":4.1,"gc_time":0.2,"gc_overhead":4.82,"max_rss_kb":23280,"domain_stats":{"0":{"wall_time":4.1,"gc_time":0.2,"gc_overhead":4.82}},"mean_latency":0.01552,"stddev_latency":0.012215,"min_latency":0.0,"max_latency":0.106111,"distr_latency":{"25.0000":0.002295,"50.0000":0.016415,"60.0000":0.019055,"70.0000":0.021711,"75.0000":0.023151,"80.0000":0.024959,"85.0000":0.026751,"90.0000":0.029151,"95.0000":0.034367,"96.0000":0.035167,"97.0000":0.036511,"98.0000":0.040959,"99.0000":0.049311,"99.9000":0.080127,"99.9900":0.096831,"99.9990":0.106111,"99.9999":0.106111,"100.0000":0.106111},"allocations":{"total_heap":1736389490,"minor_heap":1630317829,"major_heap":169569585,"promoted_words":63497924,"promoted_pct":3.89},"domain_alloc_stats":{"0":{"total":1736389490,"minor":1630317829,"promoted":63497924,"major":169569585,"promoted_pct":3.89}},"collections":{"minor":7430,"major":2337,"forced_major":0,"compactions":0}}
{"version":1,"wall_time":4.06,"cpu_time":4.06,"gc_time":0.2,"gc_overhead":4.83,"max_rss_kb":23328,"domain_stats":{"0":{"wall_time":4.06,"gc_time":0.2,"gc_overhead":4.83}},"mean_latency":0.015362,"stddev_latency":0.012089,"min_latency":0.0,"max_latency":0.098687,"distr_latency":{"25.0000":0.002351,"50.0000":0.016247,"60.0000":0.018831,