{"version":1,"wall_time":12.79,"cpu_time":12.79,"gc_time":2.0,"gc_overhead":15.68,"max_rss_kb":2756888,"domain_stats":{"0":{"wall_time":12.79,"gc_time":2.0,"gc_overhead":15.68}},"mean_latency":0.056424,"stddev_latency":0.22312,"min_latency":0.0,"max_latency":20.201471,"distr_latency":{"25.0000":0.001047,"50.0000":0.008591,"60.0000":0.014783,"70.0000":0.024271,"75.0000":0.039231,"80.0000":0.089023,"85.0000":0.118719,"90.0000":0.189695,"95.0000":0.265983,"96.0000":0.317695,"97.0000":0.358655,"98.0000":0.369919,"99.0000":0.461567,"99.9000":0.985087,"99.9900":10.158079,"99.9990":20.201471,"99.9999":20.201471,"100.0000":20.201471},"allocations":{"total_heap":4646362167,"minor_heap":4556541708,"major_heap":377728780,"promoted_words":287908321,"promoted_pct":6.32},"domain_alloc_stats":{"0":{"total":4646362167,"minor":4556541708,"promoted":287908321,"major":377728780,"promoted_pct":6.32}},"collections":{"minor":17495,"major":27,"forced_major":0,"compactions":0}}
{"version":1,"wall_time":12.78,"cpu_time":12.78,"gc_time":2.03,"gc_overhead":15.9,"max_rss_kb":2757980,"domain_stats":{"0":{"wall_time":12.78,"gc_time":2.03,"gc_overhead":15.9}},"mean_latency":0.057204,"stddev_latency":0.223297,"min_latency":0.0,"max_latency":20.103167,"distr_latency":{"25.0000":0.001047,"50.0000":0.008735,"60.0000":0.015015,"70.0000":0.024335,"75.0000":0.039871,"80.0000":0.089663,"85.0000":0.119231,"90.0000":0.194175,"95.0000":0.272639,"96.0000":0.320511,"97.0000":0.363519,"98.0000":0.374783,"99.0000":0.466431,"99.9000":1.009663,"99.9900":10.190847,"99.9990":20.103167,"99.9999":20.103167,"100.0000":20.103167},"allocations":{"total_heap":4646362167,"minor_heap":4556541708,"major_heap":377728780,"promoted_words":287908321,"promoted_pct":6.32},"domain_alloc_stats":{"0":{"total":4646362167,"minor":4556541708,"promoted":287908321,"major":377728780,"promoted_pct":6.32}},"collections":{"minor":17495,"major":27,"forced_major":0,"compactions":0}}
{"version":1,"wall_time":12.87,"cpu_time":12.87,"gc_time":2.02,"gc_overhead":15.72,"max_rss_kb":2768844,"domain_stats":{"0":{"wall_time":12.87,"gc_time":2.02,"gc_overhead":15.72}},"mean_latency":0.056951,"stddev_latency":0.224714,"min_latency":0.0,"max_latency":20.103167,"distr_latency":{"25.0000":0.001047,"50.0000":0.008615,"60.0000":0.014863,"70.0000":0.024063,"75.0000":0.039295,"80.0000":0.089791,"85.0000":0.119999,"90.0000":0.189823,"95.0000":0.272127,"96.0000":0.319743,"97.0000":0.361215,"98.0000":0.371455,"99.0000":0.463359,"99.9000":0.969215,"99.9900":10.207231,"99.9990":20.103167,"99.9999":20.103167,"100.0000":20.103167},"allocations":{"total_heap":4646362167,"minor_heap":4556541708,"major_heap":377728780,"promoted_words":287908321,"promoted_pct":6.32},"domain_alloc_stats":{"0":{"total":4646362167,"minor":4556541708,"promoted":287908321,"major":377728780,"promoted_pct":6.32}},"collections":{"minor":17495,"major":27,"forced_major":0,"compactions":0}}
{"version":1,"wall_time":12.82,"cpu_time":12.82,"gc_time":2.02,"gc_overhead":15.79,"max_rss_kb":2735200,"domain_stats":{"0":{"wall_time":12.82,"gc_time":2.02,"gc_overhead":15.79}},"mean_latency":0.056941,"stddev_latency":0.224168,"min_latency":0.0,"max_latency":20.316159,"distr_latency":{"25.0000":0.001023,"50.0000":0.008727,"60.0000":0.015207,"70.0000":0.024863,"75.0000":0.039615,"80.0000":0.090111,"85.0000":0.120447,"90.0000":0.191871,"95.0000":0.266751,"96.0000":0.319487,"97.0000":0.360447,"98.0000":0.371711,"99.0000":0.463615,"99.9000":0.983551,"99.9900":10.166271,"99.9990":20.316159,"99.9999":20.316159,"100.0000":20.316159},"allocations":{"total_heap":4646362167,"minor_heap":4556541708,"major_heap":377728780,"promoted_words":287908321,"promoted_pct":6.32},"domain_alloc_stats":{"0":{"total":4646362167,"minor":4556541708,"promoted":287908321,"major":377728780,"promoted_pct":6.32}},"collections":{"minor":17495,"major":27,"forced_major":0,"compactions":0}}
{"version":1,"wall_time":12.8,"cpu_time":12.8,"gc_time":2.06,"gc_overhead":16.07,"max_rss_kb":2745620,"domain_stats":{"0":{"wall_time":12.8,"gc_time":2.06,"gc_overhead":16.07}},"mean_latency":0.057879,"stddev_latency":0.224048,"min_latency":0.0,"max_latency":20.070399,"distr_latency":{"25.0000":0.001055,"50.0000":0.008903,"60.0000":0.015343,"70.0000":0.024943,"75.0000":0.040575,"80.0000":0.091327,"85.0000":0.121279,"90.0000":0.199295,"95.0000":0.269567,"96.0000":0.324351,"97.0000":0.372735,"98.0000":0.385023,"99.0000":0.467967,"99.9000":0.986623,"99.9900":10.379263,"99.9990":20.070399,"99.9999":20.070399,"100.0000":20.070399},"allocations":{"total_heap":4646362167,"minor_heap":4556541708,"major_heap":377728780,"promoted_words":287908321,"promoted_pct":6.32},"domain_alloc_stats":{"0":{"total":4646362167,"minor":4556541708,"promoted":287908321,"major":377728780,"promoted_pct":6.32}},"collections":{"minor":17495,"major":27,"forced_major":0,"compactions":0}}
{"version":1,"wall_time":12.81,"cpu_time":12.81,"gc_time":2.01,"gc_overhead":15.71,"max_rss_kb":2738396,"domain_stats":{"0":{"wall_time":12.81,"gc_time":2.01,"gc_overhead":15.71}},"mean_latency":0.056665,"stddev_latency":0.224285,"min_latency":0.0,"max_latency":20.398079,"distr_latency":{"25.0000":0.001047,"50.0000":0.008615,"60.0000":0.014855,"70.0000":0.024175,"75.0000":0.039327,"80.0000":0.090239,"85.0000":0.119231,"90.0000":0.190975,"95.0000":0.267775,"96.0000":0.321279,"97.0000":0.359423,"98.0000":0.369919,"99.0000":0.462079,"99.9000":0.984575,"99.9900":10.141695,"99.9990":20.398079,"99.9999":20.398079,"100.0000":20.398079},"allocations":{"total_heap":4646362167,"minor_heap":4556541708,"major_heap":377728780,"promoted_words":287908321,"promoted_pct":6.32},"domain_alloc_stats":{"0":{"total":4646362167,"minor":4556541708,"promoted":287908321,"major":377728780,"promoted_pct":6.32}},"collections":{"minor":17495,"major":27,"forced_major":0,"compactions":0}}
{"version":1,"wall_time":12.82,"cpu_time":12.82,"gc_time":2.04,"gc_overhead":15.92,"max_rss_kb":2736892,"domain_stats":{"0":{"wall_time":12.82,"gc_time":2.04,"gc_overhead":15.92}},"mean_latency":0.057424,"stddev_latency":0.224285,"min_latency":0.0,"max_latency":20.267007,"distr_latency":{"25.0000":0.001023,"50.0000":0.008847,"60.0000":0.015143,"70.0000":0.024559,"75.0000":0.039711,"80.0000":0.091583,"85.0000":0.120447,"90.0000":0.193279,"95.0000":0.269567,"96.0000":0.323583,"97.0000":0.363263,"98.0000":0.375039,"99.0000":0.469503,"99.9000":1.052671,"99.9900":10.166271,"99.9990":20.267007,"99.9999":20.267007,"100.0000":20.267007},"allocations":{"total_heap":4646362167,"minor_heap":4556541708,"major_heap":377728780,"promoted_words":287908321,"promoted_pct":6.32},"domain_alloc_stats":{"0":{"total":4646362167,"minor":4556541708,"promoted":287908321,"major":377728780,"promoted_pct":6.32}},"collections":{"minor":17495,"major":27,"forced_major":0,"compactions":0}}
{"version":1,"wall_time":12.85,"cpu_time":12.85,"gc_time":2.02,"gc_overhead":15.74,"max_rss_kb":2779616,"domain_stats":{"0":{"wall_time":12.85,"gc_time":2.02,"gc_overhead":15.74}},"mean_latency":0.056948,"stddev_latency":0.224375,"min_latency":0.0,"max_latency":20.365311,"distr_latency":{"25.0000":0.001047,"50.0000":0.008663,"60.0000":0.015263,"70.0000":0.024959,"75.0000":0.039679,"80.0000":0.089855,"85.0000":0.119231,"90.0000":0.190975,"95.0000":0.272383,"96.0000":0.321023,"97.0000":0.359679,"98.0000":0.370175,"99.0000":0.463871,"99.9000":0.992767,"99.9900":10.371071,"99.9990":20.365311,"99.9999":20.365311,"100.0000":20.365311},"allocations":{"total_heap":4646362167,"minor_heap":4556541708,"major_heap":377728780,"promoted_words":287908321,"promoted_pct":6.32},"domain_alloc_stats":{"0":{"total":4646362167,"minor":4556541708,"promoted":287908321,"major":377728780,"promoted_pct":6.32}},"collections":{"minor":17495,"major":27,"forced_major":0,"compactions":0}}
{"version":1,"wall_time":12.76,"cpu_time":12.76,"gc_time":2.03,"gc_overhead":15.87,"max_rss_kb":2773980,"domain_stats":{"0":{"wall_time":12.76,"gc_time":2.03,"gc_overhead":15.87}},"mean_latency":0.057011,"stddev_latency":0.224211,