{"version":1,"wall_time":5.89,"cpu_time":5.89,"gc_time":0.4,"gc_overhead":6.73,"max_rss_kb":340128,"domain_stats":{"0":{"wall_time":5.89,"gc_time":0.4,"gc_overhead":6.73}},"mean_latency":0.031881,"stddev_latency":0.080609,"min_latency":0.0,"max_latency":2.899967,"distr_latency":{"25.0000":0.004047,"50.0000":0.008903,"60.0000":0.013807,"70.0000":0.022463,"75.0000":0.030703,"80.0000":0.040415,"85.0000":0.054335,"90.0000":0.078911,"95.0000":0.127743,"96.0000":0.146559,"97.0000":0.172543,"98.0000":0.219519,"99.0000":0.299775,"99.9000":1.076223,"99.9900":2.004991,"99.9990":2.899967,"99.9999":2.899967,"100.0000":2.899967},"allocations":{"total_heap":1627914528,"minor_heap":1621849162,"major_heap":60991541,"promoted_words":54926175,"promoted_pct":3.39},"domain_alloc_stats":{"0":{"total":1627914528,"minor":1621849162,"promoted":54926175,"major":60991541,"promoted_pct":3.39}},"collections":{"minor":6199,"major":19,"forced_major":0,"compactions":0}}
{"version":1,"wall_time":5.67,"cpu_time":5.67,"gc_time":0.39,"gc_overhead":6.9,"max_rss_kb":340612,"domain_stats":{"0":{"wall_time":5.67,"gc_time":0.39,"gc_overhead":6.9}},"mean_latency":0.031491,"stddev_latency":0.080177,"min_latency":0.0,"max_latency":2.979839,"distr_latency":{"25.0000":0.003887,"50.0000":0.008695,"60.0000":0.013655,"70.0000":0.022143,"75.0000":0.030207,"80.0000":0.039871,"85.0000":0.053215,"90.0000":0.077951,"95.0000":0.126911,"96.0000":0.145663,"97.0000":0.170623,"98.0000":0.216319,"99.0000":0.301311,"99.9000":1.063935,"99.9900":2.067455,"99.9990":2.979839,"99.9999":2.979839,"100.0000":2.979839},"allocations":{"total_heap":1627914528,"minor_heap":1621849162,"major_heap":60991541,"promoted_words":54926175,"promoted_pct":3.39},"domain_alloc_stats":{"0":{"total":1627914528,"minor":1621849162,"promoted":54926175,"major":60991541,"promoted_pct":3.39}},"collections":{"minor":6199,"major":19,"forced_major":0,"compactions":0}}
{"version":1,"wall_time":5.66,"cpu_time":5.66,"gc_time":0.4,"gc_overhead":7.03,"max_rss_kb":340996,"domain_stats":{"0":{"wall_time":5.66,"gc_time":0.4,"gc_overhead":7.03}},"mean_latency":0.03201,"stddev_latency":0.081086,"min_latency":0.0,"max_latency":2.932735,"distr_latency":{"25.0000":0.003903,"50.0000":0.008767,"60.0000":0.013743,"70.0000":0.022431,"75.0000":0.030895,"80.0000":0.040767,"85.0000":0.054047,"90.0000":0.078847,"95.0000":0.129215,"96.0000":0.148479,"97.0000":0.174463,"98.0000":0.222719,"99.0000":0.309247,"99.9000":1.075199,"99.9900":2.060287,"99.9990":2.932735,"99.9999":2.932735,"100.0000":2.932735},"allocations":{"total_heap":1627914528,"minor_heap":1621849162,"major_heap":60991541,"promoted_words":54926175,"promoted_pct":3.39},"domain_alloc_stats":{"0":{"total":1627914528,"minor":1621849162,"promoted":54926175,"major":60991541,"promoted_pct":3.39}},"collections":{"minor":6199,"major":19,"forced_major":0,"compactions":0}}
{"version":1,"wall_time":5.79,"cpu_time":5.79,"gc_time":0.39,"gc_overhead":6.78,"max_rss_kb":339888,"domain_stats":{"0":{"wall_time":5.79,"gc_time":0.39,"gc_overhead":6.78}},"mean_latency":0.03162,"stddev_latency":0.080676,"min_latency":0.0,"max_latency":2.947071,"distr_latency":{"25.0000":0.003743,"50.0000":0.008703,"60.0000":0.013583,"70.0000":0.022127,"75.0000":0.030159,"80.0000":0.039999,"85.0000":0.053631,"90.0000":0.078655,"95.0000":0.127807,"96.0000":0.145791,"97.0000":0.171647,"98.0000":0.216191,"99.0000":0.303103,"99.9000":1.055743,"99.9900":2.119679,"99.9990":2.947071,"99.9999":2.947071,"100.0000":2.947071},"allocations":{"total_heap":1627914528,"minor_heap":1621849162,"major_heap":60991541,"promoted_words":54926175,"promoted_pct":3.39},"domain_alloc_stats":{"0":{"total":1627914528,"minor":1621849162,"promoted":54926175,"major":60991541,"promoted_pct":3.39}},"collections":{"minor":6199,"major":19,"forced_major":0,"compactions":0}}
{"version":1,"wall_time":5.72,"cpu_time":5.72,"gc_time":0.4,"gc_overhead":6.98,"max_rss_kb":339596,"domain_stats":{"0":{"wall_time":5.72,"gc_time":0.4,"gc_overhead":6.98}},"mean_latency":0.032118,"stddev_latency":0.080813,"min_latency":0.0,"max_latency":2.951167,"distr_latency":{"25.0000":0.004143,"50.0000":0.008951,"60.0000":0.013887,"70.0000":0.022703,"75.0000":0.030863,"80.0000":0.040543,"85.0000":0.054175,"90.0000":0.079359,"95.0000":0.130047,"96.0000":0.148479,"97.0000":0.175999,"98.0000":0.221951,"99.0000":0.299775,"99.9000":1.061887,"99.9900":2.115583,"99.9990":2.951167,"99.9999":2.951167,"100.0000":2.951167},"allocations":{"total_heap":1627914528,"minor_heap":1621849162,"major_heap":60991541,"promoted_words":54926175,"promoted_pct":3.39},"domain_alloc_stats":{"0":{"total":1627914528,"minor":1621849162,"promoted":54926175,"major":60991541,"promoted_pct":3.39}},"collections":{"minor":6199,"major":19,"forced_major":0,"compactions":0}}
{"version":1,"wall_time":5.77,"cpu_time":5.77,"gc_time":0.4,"gc_overhead":6.88,"max_rss_kb":340444,"domain_stats":{"0":{"wall_time":5.77,"gc_time":0.4,"gc_overhead":6.88}},"mean_latency":0.031974,"stddev_latency":0.080167,"min_latency":0.0,"max_latency":2.928639,"distr_latency":{"25.0000":0.003951,"50.0000":0.008847,"60.0000":0.013695,"70.0000":0.022431,"75.0000":0.030703,"80.0000":0.040575,"85.0000":0.054047,"90.0000":0.079167,"95.0000":0.129727,"96.0000":0.148991,"97.0000":0.175359,"98.0000":0.222591,"99.0000":0.303359,"99.9000":1.043967,"99.9900":2.012159,"99.9990":2.928639,"99.9999":2.928639,"100.0000":2.928639},"allocations":{"total_heap":1627914528,"minor_heap":1621849162,"major_heap":60991541,"promoted_words":54926175,"promoted_pct":3.39},"domain_alloc_stats":{"0":{"total":1627914528,"minor":1621849162,"promoted":54926175,"major":60991541,"promoted_pct":3.39}},"collections":{"minor":6199,"major":19,"forced_major":0,"compactions":0}}
{"version":1,"wall_time":5.68,"cpu_time":5.68,"gc_time":0.4,"gc_overhead":7.03,"max_rss_kb":340500,"domain_stats":{"0":{"wall_time":5.68,"gc_time":0.4,"gc_overhead":7.03}},"mean_latency":0.032105,"stddev_latency":0.08112,"min_latency":0.0,"max_latency":2.940927,"distr_latency":{"25.0000":0.004031,"50.0000":0.008903,"60.0000":0.013887,"70.0000":0.022431,"75.0000":0.030591,"80.0000":0.040319,"85.0000":0.054111,"90.0000":0.078719,"95.0000":0.128703,"96.0000":0.147711,"97.0000":0.174463,"98.0000":0.223999,"99.0000":0.306175,"99.9000":1.057791,"99.9900":2.007039,"99.9990":2.940927,"99.9999":2.940927,"100.0000":2.940927},"allocations":{"total_heap":1627914528,"minor_heap":1621849162,"major_heap":60991541,"promoted_words":54926175,"promoted_pct":3.39},"domain_alloc_stats":{"0":{"total":1627914528,"minor":1621849162,"promoted":54926175,"major":60991541,"promoted_pct":3.39}},"collections":{"minor":6199,"major":19,"forced_major":0,"compactions":0}}
{"version":1,"wall_time":5.88,"cpu_time":5.88,"gc_time":0.4,"gc_overhead":6.76,"max_rss_kb":340312,"domain_stats":{"0":{"wall_time":5.88,"gc_time":0.4,"gc_overhead":6.76}},"mean_latency":0.032018,"stddev_latency":0.080378,"min_latency":0.0,"max_latency":2.920447,"distr_latency":{"25.0000":0.004167,"50.0000":0.008935,"60.0000":0.013863,"70.0000":0.022655,"75.0000":0.030815,"80.0000":0.040671,"85.0000":0.054015,"90.0000":0.079103,"95.0000":0.129407,"96.0000":0.148351,"97.0000":0.174207,"98.0000":0.221823,"99.0000":0.299263,"99.9000":1.063935,"99.9900":2.033663,"99.9990":2.920447,"99.9999":2.920447,"100.0000":2.920447},"allocations":{"total_heap":1627914528,"minor_heap":1621849162,"major_heap":60991541,"promoted_words":54926175,"promoted_pct":3.39},"domain_alloc_stats":{"0":{"total":1627914528,"minor":1621849162,"promoted":54926175,"major":60991541,"promoted_pct":3.39}},"collections":{"minor":6199,"major":19,"forced_major":0,"compactions":0}}
{"version":1,"wall_time":5.69,"cpu_time":5.69,"gc_time":0.39,"gc_overhead":6.93,"max_rss_kb":340084,"domain_stats":{"0":{"wall_time":5.69,"gc_time":0.39,"gc_overhead":6.93}},"mean_latency":0.031766,"stddev_latency":0.07993,"min_latency":0.0,"max_latency":2.906111,"distr_latency":{"25.0000":0.003807,"50.0000":0.008735,"60.0000":0.013607,"70.0000":0.022255,