{"version":1,"wall_time":3.03,"cpu_time":3.03,"gc_time":0.97,"gc_overhead":31.99,"max_rss_kb":1054536,"domain_stats":{"0":{"wall_time":3.03,"gc_time":0.97,"gc_overhead":31.99}},"mean_latency":0.110844,"stddev_latency":0.078472,"min_latency":0.0,"max_latency":0.707071,"distr_latency":{"25.0000":0.040575,"50.0000":0.110079,"60.0000":0.118847,"70.0000":0.131199,"75.0000":0.143103,"80.0000":0.160767,"85.0000":0.184703,"90.0000":0.206591,"95.0000":0.257023,"96.0000":0.272639,"97.0000":0.298239,"98.0000":0.322303,"99.0000":0.356351,"99.9000":0.501759,"99.9900":0.667647,"99.9990":0.707071,"99.9999":0.707071,"100.0000":0.707071},"allocations":{"total_heap":1149923382,"minor_heap":1146855113,"major_heap":146382353,"promoted_words":143314084,"promoted_pct":12.5},"domain_alloc_stats":{"0":{"total":1149923382,"minor":1146855113,"promoted":143314084,"major":146382353,"promoted_pct":12.5}},"collections":{"minor":4384,"major":16,"forced_major":0,"compactions":0}}
{"version":1,"wall_time":3.03,"cpu_time":3.03,"gc_time":0.97,"gc_overhead":31.88,"max_rss_kb":1054748,"domain_stats":{"0":{"wall_time":3.03,"gc_time":0.97,"gc_overhead":31.88}},"mean_latency":0.110412,"stddev_latency":0.077494,"min_latency":0.0,"max_latency":0.690687,"distr_latency":{"25.0000":0.041983,"50.0000":0.108991,"60.0000":0.117951,"70.0000":0.131327,"75.0000":0.142463,"80.0000":0.159103,"85.0000":0.183039,"90.0000":0.204927,"95.0000":0.251903,"96.0000":0.268031,"97.0000":0.292607,"98.0000":0.318463,"99.0000":0.356095,"99.9000":0.503807,"99.9900":0.689663,"99.9990":0.690687,"99.9999":0.690687,"100.0000":0.690687},"allocations":{"total_heap":1149923382,"minor_heap":1146855113,"major_heap":146382353,"promoted_words":143314084,"promoted_pct":12.5},"domain_alloc_stats":{"0":{"total":1149923382,"minor":1146855113,"promoted":143314084,"major":146382353,"promoted_pct":12.5}},"collections":{"minor":4384,"major":16,"forced_major":0,"compactions":0}}
{"version":1,"wall_time":3.03,"cpu_time":3.03,"gc_time":0.96,"gc_overhead":31.84,"max_rss_kb":1057040,"domain_stats":{"0":{"wall_time":3.03,"gc_time":0.96,"gc_overhead":31.84}},"mean_latency":0.110027,"stddev_latency":0.07811,"min_latency":0.0,"max_latency":0.712703,"distr_latency":{"25.0000":0.040735,"50.0000":0.107839,"60.0000":0.117055,"70.0000":0.129919,"75.0000":0.142207,"80.0000":0.160127,"85.0000":0.183551,"90.0000":0.207359,"95.0000":0.254975,"96.0000":0.271359,"97.0000":0.293887,"98.0000":0.321279,"99.0000":0.357887,"99.9000":0.492799,"99.9900":0.655359,"99.9990":0.712703,"99.9999":0.712703,"100.0000":0.712703},"allocations":{"total_heap":1149923382,"minor_heap":1146855113,"major_heap":146382353,"promoted_words":143314084,"promoted_pct":12.5},"domain_alloc_stats":{"0":{"total":1149923382,"minor":1146855113,"promoted":143314084,"major":146382353,"promoted_pct":12.5}},"collections":{"minor":4384,"major":16,"forced_major":0,"compactions":0}}
{"version":1,"wall_time":3.04,"cpu_time":3.04,"gc_time":0.97,"gc_overhead":31.97,"max_rss_kb":1053356,"domain_stats":{"0":{"wall_time":3.04,"gc_time":0.97,"gc_overhead":31.97}},"mean_latency":0.11096,"stddev_latency":0.078217,"min_latency":0.0,"max_latency":0.704511,"distr_latency":{"25.0000":0.040895,"50.0000":0.110143,"60.0000":0.118975,"70.0000":0.131839,"75.0000":0.143231,"80.0000":0.159871,"85.0000":0.184575,"90.0000":0.206207,"95.0000":0.254079,"96.0000":0.272127,"97.0000":0.294911,"98.0000":0.321791,"99.0000":0.354303,"99.9000":0.514815,"99.9900":0.673279,"99.9990":0.704511,"99.9999":0.704511,"100.0000":0.704511},"allocations":{"total_heap":1149923382,"minor_heap":1146855113,"major_heap":146382353,"promoted_words":143314084,"promoted_pct":12.5},"domain_alloc_stats":{"0":{"total":1149923382,"minor":1146855113,"promoted":143314084,"major":146382353,"promoted_pct":12.5}},"collections":{"minor":4384,"major":16,"forced_major":0,"compactions":0}}
{"version":1,"wall_time":3.05,"cpu_time":3.05,"gc_time":0.98,"gc_overhead":32.0,"max_rss_kb":1050360,"domain_stats":{"0":{"wall_time":3.05,"gc_time":0.98,"gc_overhead":32.0}},"mean_latency":0.111519,"stddev_latency":0.078558,"min_latency":0.0,"max_latency":0.713727,"distr_latency":{"25.0000":0.041983,"50.0000":0.109759,"60.0000":0.118847,"70.0000":0.131967,"75.0000":0.143871,"80.0000":0.161535,"85.0000":0.185087,"90.0000":0.208127,"95.0000":0.256255,"96.0000":0.273151,"97.0000":0.297471,"98.0000":0.324863,"99.0000":0.359423,"99.9000":0.509951,"99.9900":0.688639,"99.9990":0.713727,"99.9999":0.713727,"100.0000":0.713727},"allocations":{"total_heap":1149923382,"minor_heap":1146855113,"major_heap":146382353,"promoted_words":143314084,"promoted_pct":12.5},"domain_alloc_stats":{"0":{"total":1149923382,"minor":1146855113,"promoted":143314084,"major":146382353,"promoted_pct":12.5}},"collections":{"minor":4384,"major":16,"forced_major":0,"compactions":0}}
{"version":1,"wall_time":3.02,"cpu_time":3.02,"gc_time":0.96,"gc_overhead":31.96,"max_rss_kb":1077104,"domain_stats":{"0":{"wall_time":3.02,"gc_time":0.96,"gc_overhead":31.96}},"mean_latency":0.110175,"stddev_latency":0.077341,"min_latency":0.0,"max_latency":0.695807,"distr_latency":{"25.0000":0.041631,"50.0000":0.108607,"60.0000":0.117567,"70.0000":0.131071,"75.0000":0.141951,"80.0000":0.158463,"85.0000":0.182527,"90.0000":0.204415,"95.0000":0.251007,"96.0000":0.268287,"97.0000":0.293631,"98.0000":0.317695,"99.0000":0.353023,"99.9000":0.510719,"99.9900":0.687615,"99.9990":0.695807,"99.9999":0.695807,"100.0000":0.695807},"allocations":{"total_heap":1149923382,"minor_heap":1146855113,"major_heap":146382353,"promoted_words":143314084,"promoted_pct":12.5},"domain_alloc_stats":{"0":{"total":1149923382,"minor":1146855113,"promoted":143314084,"major":146382353,"promoted_pct":12.5}},"collections":{"minor":4384,"major":16,"forced_major":0,"compactions":0}}
{"version":1,"wall_time":3.02,"cpu_time":3.02,"gc_time":0.96,"gc_overhead":31.87,"max_rss_kb":1077040,"domain_stats":{"0":{"wall_time":3.02,"gc_time":0.96,"gc_overhead":31.87}},"mean_latency":0.109802,"stddev_latency":0.077591,"min_latency":0.0,"max_latency":0.680959,"distr_latency":{"25.0000":0.040319,"50.0000":0.108543,"60.0000":0.117631,"70.0000":0.130751,"75.0000":0.141951,"80.0000":0.158463,"85.0000":0.183039,"90.0000":0.204671,"95.0000":0.251647,"96.0000":0.268031,"97.0000":0.292351,"98.0000":0.321023,"99.0000":0.355839,"99.9000":0.506623,"99.9900":0.664575,"99.9990":0.680959,"99.9999":0.680959,"100.0000":0.680959},"allocations":{"total_heap":1149923382,"minor_heap":1146855113,"major_heap":146382353,"promoted_words":143314084,"promoted_pct":12.5},"domain_alloc_stats":{"0":{"total":1149923382,"minor":1146855113,"promoted":143314084,"major":146382353,"promoted_pct":12.5}},"collections":{"minor":4384,"major":16,"forced_major":0,"compactions":0}}
{"version":1,"wall_time":3.03,"cpu_time":3.03,"gc_time":0.97,"gc_overhead":31.89,"max_rss_kb":1056088,"domain_stats":{"0":{"wall_time":3.03,"gc_time":0.97,"gc_overhead":31.89}},"mean_latency":0.110287,"stddev_latency":0.07762,"min_latency":0.0,"max_latency":0.695807,"distr_latency":{"25.0000":0.040863,"50.0000":0.110015,"60.0000":0.118847,"70.0000":0.131711,"75.0000":0.142719,"80.0000":0.159871,"85.0000":0.183551,"90.0000":0.204287,"95.0000":0.250495,"96.0000":0.268031,"97.0000":0.293119,"98.0000":0.319231,"99.0000":0.354303,"99.9000":0.511743,"99.9900":0.655871,"99.9990":0.695807,"99.9999":0.695807,"100.0000":0.695807},"allocations":{"total_heap":1149923382,"minor_heap":1146855113,"major_heap":146382353,"promoted_words":143314084,"promoted_pct":12.5},"domain_alloc_stats":{"0":{"total":1149923382,"minor":1146855113,"promoted":143314084,"major":146382353,"promoted_pct":12.5}},"collections":{"minor":4384,"major":16,"forced_major":0,"compactions":0}}
{"version":1,"wall_time":3.02,"cpu_time":3.02,"gc_time":0.96,"gc_overhead":31.9,"max_rss_kb":1077068,"domain_stats":{"0":{"wall_time":3.02,"gc_time":0.96,"gc_overhead":31.9}},"mean_latency":0.109988,"stddev_latency":0.077939,"min_latency":0.0,"max_latency":0.705023,