{"version":1,"wall_time":3.36,"cpu_time":3.36,"gc_time":1.09,"gc_overhead":32.45,"max_rss_kb":1001472,"domain_stats":{"0":{"wall_time":3.36,"gc_time":1.09,"gc_overhead":32.45}},"mean_latency":0.107789,"stddev_latency":0.078719,"min_latency":0.0,"max_latency":0.935423,"distr_latency":{"25.0000":0.041471,"50.0000":0.101311,"60.0000":0.114687,"70.0000":0.126015,"75.0000":0.142207,"80.0000":0.158463,"85.0000":0.180479,"90.0000":0.203263,"95.0000":0.248063,"96.0000":0.267007,"97.0000":0.291071,"98.0000":0.323583,"99.0000":0.366335,"99.9000":0.546303,"99.9900":0.721407,"99.9990":0.935423,"99.9999":0.935423,"100.0000":0.935423},"allocations":{"total_heap":1329098066,"minor_heap":1326044439,"major_heap":151547126,"promoted_words":148493499,"promoted_pct":11.2},"domain_alloc_stats":{"0":{"total":1329098066,"minor":1326044439,"promoted":148493499,"major":151547126,"promoted_pct":11.2}},"collections":{"minor":5066,"major":12,"forced_major":0,"compactions":0}}
{"version":1,"wall_time":3.36,"cpu_time":3.36,"gc_time":1.08,"gc_overhead":32.29,"max_rss_kb":1005312,"domain_stats":{"0":{"wall_time":3.36,"gc_time":1.08,"gc_overhead":32.29}},"mean_latency":0.107028,"stddev_latency":0.078351,"min_latency":0.0,"max_latency":0.943103,"distr_latency":{"25.0000":0.041279,"50.0000":0.100351,"60.0000":0.113343,"70.0000":0.124735,"75.0000":0.140799,"80.0000":0.156671,"85.0000":0.179071,"90.0000":0.201471,"95.0000":0.246911,"96.0000":0.265471,"97.0000":0.289023,"98.0000":0.320767,"99.0000":0.371199,"99.9000":0.536575,"99.9900":0.721919,"99.9990":0.943103,"99.9999":0.943103,"100.0000":0.943103},"allocations":{"total_heap":1329098066,"minor_heap":1326044439,"major_heap":151547126,"promoted_words":148493499,"promoted_pct":11.2},"domain_alloc_stats":{"0":{"total":1329098066,"minor":1326044439,"promoted":148493499,"major":151547126,"promoted_pct":11.2}},"collections":{"minor":5066,"major":12,"forced_major":0,"compactions":0}}
{"version":1,"wall_time":3.36,"cpu_time":3.36,"gc_time":1.09,"gc_overhead":32.31,"max_rss_kb":1003608,"domain_stats":{"0":{"wall_time":3.36,"gc_time":1.09,"gc_overhead":32.31}},"mean_latency":0.107187,"stddev_latency":0.078605,"min_latency":0.0,"max_latency":0.937471,"distr_latency":{"25.0000":0.041439,"50.0000":0.100223,"60.0000":0.113471,"70.0000":0.125311,"75.0000":0.141439,"80.0000":0.157311,"85.0000":0.179455,"90.0000":0.201983,"95.0000":0.248063,"96.0000":0.264959,"97.0000":0.290303,"98.0000":0.321023,"99.0000":0.376063,"99.9000":0.538111,"99.9900":0.708607,"99.9990":0.937471,"99.9999":0.937471,"100.0000":0.937471},"allocations":{"total_heap":1329098066,"minor_heap":1326044439,"major_heap":151547126,"promoted_words":148493499,"promoted_pct":11.2},"domain_alloc_stats":{"0":{"total":1329098066,"minor":1326044439,"promoted":148493499,"major":151547126,"promoted_pct":11.2}},"collections":{"minor":5066,"major":12,"forced_major":0,"compactions":0}}
{"version":1,"wall_time":3.36,"cpu_time":3.36,"gc_time":1.09,"gc_overhead":32.52,"max_rss_kb":1002544,"domain_stats":{"0":{"wall_time":3.36,"gc_time":1.09,"gc_overhead":32.52}},"mean_latency":0.108009,"stddev_latency":0.079512,"min_latency":0.0,"max_latency":0.943615,"distr_latency":{"25.0000":0.040255,"50.0000":0.100991,"60.0000":0.114623,"70.0000":0.125951,"75.0000":0.142975,"80.0000":0.158975,"85.0000":0.181631,"90.0000":0.204671,"95.0000":0.251135,"96.0000":0.270079,"97.0000":0.292607,"98.0000":0.326143,"99.0000":0.377343,"99.9000":0.541183,"99.9900":0.737279,"99.9990":0.943615,"99.9999":0.943615,"100.0000":0.943615},"allocations":{"total_heap":1329098066,"minor_heap":1326044439,"major_heap":151547126,"promoted_words":148493499,"promoted_pct":11.2},"domain_alloc_stats":{"0":{"total":1329098066,"minor":1326044439,"promoted":148493499,"major":151547126,"promoted_pct":11.2}},"collections":{"minor":5066,"major":12,"forced_major":0,"compactions":0}}
{"version":1,"wall_time":3.34,"cpu_time":3.34,"gc_time":1.08,"gc_overhead":32.18,"max_rss_kb":1010548,"domain_stats":{"0":{"wall_time":3.34,"gc_time":1.08,"gc_overhead":32.18}},"mean_latency":0.106267,"stddev_latency":0.07768,"min_latency":0.0,"max_latency":0.950783,"distr_latency":{"25.0000":0.040511,"50.0000":0.099903,"60.0000":0.113023,"70.0000":0.124607,"75.0000":0.140415,"80.0000":0.156543,"85.0000":0.178815,"90.0000":0.199551,"95.0000":0.243327,"96.0000":0.260351,"97.0000":0.287231,"98.0000":0.319999,"99.0000":0.362239,"99.9000":0.542719,"99.9900":0.739839,"99.9990":0.950783,"99.9999":0.950783,"100.0000":0.950783},"allocations":{"total_heap":1329098066,"minor_heap":1326044439,"major_heap":151547126,"promoted_words":148493499,"promoted_pct":11.2},"domain_alloc_stats":{"0":{"total":1329098066,"minor":1326044439,"promoted":148493499,"major":151547126,"promoted_pct":11.2}},"collections":{"minor":5066,"major":12,"forced_major":0,"compactions":0}}
{"version":1,"wall_time":3.35,"cpu_time":3.35,"gc_time":1.09,"gc_overhead":32.42,"max_rss_kb":1005316,"domain_stats":{"0":{"wall_time":3.35,"gc_time":1.09,"gc_overhead":32.42}},"mean_latency":0.107395,"stddev_latency":0.078194,"min_latency":0.0,"max_latency":0.938495,"distr_latency":{"25.0000":0.040927,"50.0000":0.101055,"60.0000":0.114751,"70.0000":0.125887,"75.0000":0.141823,"80.0000":0.158463,"85.0000":0.180223,"90.0000":0.201343,"95.0000":0.245631,"96.0000":0.264447,"97.0000":0.287743,"98.0000":0.321279,"99.0000":0.364543,"99.9000":0.542207,"99.9900":0.712703,"99.9990":0.938495,"99.9999":0.938495,"100.0000":0.938495},"allocations":{"total_heap":1329098066,"minor_heap":1326044439,"major_heap":151547126,"promoted_words":148493499,"promoted_pct":11.2},"domain_alloc_stats":{"0":{"total":1329098066,"minor":1326044439,"promoted":148493499,"major":151547126,"promoted_pct":11.2}},"collections":{"minor":5066,"major":12,"forced_major":0,"compactions":0}}
{"version":1,"wall_time":3.39,"cpu_time":3.39,"gc_time":1.11,"gc_overhead":32.69,"max_rss_kb":991168,"domain_stats":{"0":{"wall_time":3.39,"gc_time":1.11,"gc_overhead":32.69}},"mean_latency":0.109477,"stddev_latency":0.079494,"min_latency":0.0,"max_latency":0.998399,"distr_latency":{"25.0000":0.041151,"50.0000":0.104703,"60.0000":0.118271,"70.0000":0.129087,"75.0000":0.143487,"80.0000":0.160383,"85.0000":0.182655,"90.0000":0.204927,"95.0000":0.246271,"96.0000":0.265471,"97.0000":0.290047,"98.0000":0.325375,"99.0000":0.371967,"99.9000":0.578559,"99.9900":0.711167,"99.9990":0.998399,"99.9999":0.998399,"100.0000":0.998399},"allocations":{"total_heap":1329098066,"minor_heap":1326044439,"major_heap":151547126,"promoted_words":148493499,"promoted_pct":11.2},"domain_alloc_stats":{"0":{"total":1329098066,"minor":1326044439,"promoted":148493499,"major":151547126,"promoted_pct":11.2}},"collections":{"minor":5066,"major":12,"forced_major":0,"compactions":0}}
{"version":1,"wall_time":3.37,"cpu_time":3.37,"gc_time":1.09,"gc_overhead":32.42,"max_rss_kb":1000712,"domain_stats":{"0":{"wall_time":3.37,"gc_time":1.09,"gc_overhead":32.42}},"mean_latency":0.107762,"stddev_latency":0.078439,"min_latency":0.0,"max_latency":0.941567,"distr_latency":{"25.0000":0.041311,"50.0000":0.101183,"60.0000":0.114943,"70.0000":0.126335,"75.0000":0.142847,"80.0000":0.158591,"85.0000":0.180607,"90.0000":0.203391,"95.0000":0.247039,"96.0000":0.267263,"97.0000":0.290815,"98.0000":0.321023,"99.0000":0.367615,"99.9000":0.538623,"99.9900":0.724991,"99.9990":0.941567,"99.9999":0.941567,"100.0000":0.941567},"allocations":{"total_heap":1329098066,"minor_heap":1326044439,"major_heap":151547126,"promoted_words":148493499,"promoted_pct":11.2},"domain_alloc_stats":{"0":{"total":1329098066,"minor":1326044439,"promoted":148493499,"major":151547126,"promoted_pct":11.2}},"collections":{"minor":5066,"major":12,"forced_major":0,"compactions":0}}
{"version":1,"wall_time":3.36,"cpu_time":3.36,"gc_time":1.09,"gc_overhead":32.51,"max_rss_kb":1004552,"domain_stats":{"0":{"wall_time":3.36,"gc_time":1.09,"gc_overhead":32.51}},"mean_latency":0.107841,"stddev_latency":0.079226,"min_latency":0.0,"max_latency":0.948735,