{"version":1,"wall_time":6.41,"cpu_time":6.41,"gc_time":0.41,"gc_overhead":6.47,"max_rss_kb":330728,"domain_stats":{"0":{"wall_time":6.41,"gc_time":0.41,"gc_overhead":6.47}},"mean_latency":0.023476,"stddev_latency":0.071166,"min_latency":0.0,"max_latency":2.117631,"distr_latency":{"25.0000":0.002055,"50.0000":0.004751,"60.0000":0.007991,"70.0000":0.014047,"75.0000":0.018639,"80.0000":0.025135,"85.0000":0.035519,"90.0000":0.052575,"95.0000":0.099647,"96.0000":0.114111,"97.0000":0.140671,"98.0000":0.186879,"99.0000":0.265983,"99.9000":1.040895,"99.9900":1.674239,"99.9990":2.117631,"99.9999":2.117631,"100.0000":2.117631},"allocations":{"total_heap":2314567360,"minor_heap":2308457542,"major_heap":63305727,"promoted_words":57195909,"promoted_pct":2.48},"domain_alloc_stats":{"0":{"total":2314567360,"minor":2308457542,"promoted":57195909,"major":63305727,"promoted_pct":2.48}},"collections":{"minor":8818,"major":19,"forced_major":0,"compactions":0}}
{"version":1,"wall_time":6.62,"cpu_time":6.62,"gc_time":0.41,"gc_overhead":6.23,"max_rss_kb":330808,"domain_stats":{"0":{"wall_time":6.62,"gc_time":0.41,"gc_overhead":6.23}},"mean_latency":0.023328,"stddev_latency":0.071083,"min_latency":0.0,"max_latency":2.136063,"distr_latency":{"25.0000":0.002015,"50.0000":0.004671,"60.0000":0.007975,"70.0000":0.013943,"75.0000":0.018543,"80.0000":0.025055,"85.0000":0.035103,"90.0000":0.051903,"95.0000":0.098687,"96.0000":0.113791,"97.0000":0.141055,"98.0000":0.188159,"99.0000":0.264703,"99.9000":1.038335,"99.9900":1.693695,"99.9990":2.136063,"99.9999":2.136063,"100.0000":2.136063},"allocations":{"total_heap":2314567360,"minor_heap":2308457542,"major_heap":63305727,"promoted_words":57195909,"promoted_pct":2.48},"domain_alloc_stats":{"0":{"total":2314567360,"minor":2308457542,"promoted":57195909,"major":63305727,"promoted_pct":2.48}},"collections":{"minor":8818,"major":19,"forced_major":0,"compactions":0}}
{"version":1,"wall_time":6.41,"cpu_time":6.41,"gc_time":0.41,"gc_overhead":6.44,"max_rss_kb":330700,"domain_stats":{"0":{"wall_time":6.41,"gc_time":0.41,"gc_overhead":6.44}},"mean_latency":0.023371,"stddev_latency":0.071111,"min_latency":0.0,"max_latency":2.119679,"distr_latency":{"25.0000":0.002015,"50.0000":0.004743,"60.0000":0.007991,"70.0000":0.013991,"75.0000":0.018527,"80.0000":0.024991,"85.0000":0.035039,"90.0000":0.051999,"95.0000":0.098303,"96.0000":0.113471,"97.0000":0.141439,"98.0000":0.186495,"99.0000":0.264447,"99.9000":1.043455,"99.9900":1.682431,"99.9990":2.119679,"99.9999":2.119679,"100.0000":2.119679},"allocations":{"total_heap":2314567360,"minor_heap":2308457542,"major_heap":63305727,"promoted_words":57195909,"promoted_pct":2.48},"domain_alloc_stats":{"0":{"total":2314567360,"minor":2308457542,"promoted":57195909,"major":63305727,"promoted_pct":2.48}},"collections":{"minor":8818,"major":19,"forced_major":0,"compactions":0}}
{"version":1,"wall_time":6.35,"cpu_time":6.35,"gc_time":0.41,"gc_overhead":6.48,"max_rss_kb":332320,"domain_stats":{"0":{"wall_time":6.35,"gc_time":0.41,"gc_overhead":6.48}},"mean_latency":0.023303,"stddev_latency":0.070704,"min_latency":0.0,"max_latency":2.142207,"distr_latency":{"25.0000":0.002031,"50.0000":0.004727,"60.0000":0.008007,"70.0000":0.013823,"75.0000":0.018463,"80.0000":0.024991,"85.0000":0.035103,"90.0000":0.052287,"95.0000":0.098751,"96.0000":0.113855,"97.0000":0.140543,"98.0000":0.186879,"99.0000":0.263167,"99.9000":1.048063,"99.9900":1.672191,"99.9990":2.142207,"99.9999":2.142207,"100.0000":2.142207},"allocations":{"total_heap":2314567360,"minor_heap":2308457542,"major_heap":63305727,"promoted_words":57195909,"promoted_pct":2.48},"domain_alloc_stats":{"0":{"total":2314567360,"minor":2308457542,"promoted":57195909,"major":63305727,"promoted_pct":2.48}},"collections":{"minor":8818,"major":19,"forced_major":0,"compactions":0}}
{"version":1,"wall_time":6.32,"cpu_time":6.32,"gc_time":0.41,"gc_overhead":6.56,"max_rss_kb":330744,"domain_stats":{"0":{"wall_time":6.32,"gc_time":0.41,"gc_overhead":6.56}},"mean_latency":0.023457,"stddev_latency":0.071655,"min_latency":0.0,"max_latency":2.138111,"distr_latency":{"25.0000":0.002031,"50.0000":0.004767,"60.0000":0.008047,"70.0000":0.014015,"75.0000":0.018687,"80.0000":0.025151,"85.0000":0.035295,"90.0000":0.052639,"95.0000":0.098623,"96.0000":0.113471,"97.0000":0.140415,"98.0000":0.184831,"99.0000":0.267775,"99.9000":1.069055,"99.9900":1.690623,"99.9990":2.138111,"99.9999":2.138111,"100.0000":2.138111},"allocations":{"total_heap":2314567360,"minor_heap":2308457542,"major_heap":63305727,"promoted_words":57195909,"promoted_pct":2.48},"domain_alloc_stats":{"0":{"total":2314567360,"minor":2308457542,"promoted":57195909,"major":63305727,"promoted_pct":2.48}},"collections":{"minor":8818,"major":19,"forced_major":0,"compactions":0}}
{"version":1,"wall_time":6.33,"cpu_time":6.33,"gc_time":0.41,"gc_overhead":6.54,"max_rss_kb":333008,"domain_stats":{"0":{"wall_time":6.33,"gc_time":0.41,"gc_overhead":6.54}},"mean_latency":0.023408,"stddev_latency":0.071112,"min_latency":0.0,"max_latency":2.103295,"distr_latency":{"25.0000":0.002031,"50.0000":0.004775,"60.0000":0.007991,"70.0000":0.013983,"75.0000":0.018655,"80.0000":0.025119,"85.0000":0.035295,"90.0000":0.052127,"95.0000":0.099007,"96.0000":0.113535,"97.0000":0.140671,"98.0000":0.186623,"99.0000":0.266239,"99.9000":1.052671,"99.9900":1.660927,"99.9990":2.103295,"99.9999":2.103295,"100.0000":2.103295},"allocations":{"total_heap":2314567360,"minor_heap":2308457542,"major_heap":63305727,"promoted_words":57195909,"promoted_pct":2.48},"domain_alloc_stats":{"0":{"total":2314567360,"minor":2308457542,"promoted":57195909,"major":63305727,"promoted_pct":2.48}},"collections":{"minor":8818,"major":19,"forced_major":0,"compactions":0}}
{"version":1,"wall_time":6.4,"cpu_time":6.4,"gc_time":0.41,"gc_overhead":6.47,"max_rss_kb":330876,"domain_stats":{"0":{"wall_time":6.4,"gc_time":0.41,"gc_overhead":6.47}},"mean_latency":0.023442,"stddev_latency":0.071575,"min_latency":0.0,"max_latency":2.123775,"distr_latency":{"25.0000":0.002063,"50.0000":0.004751,"60.0000":0.008047,"70.0000":0.013943,"75.0000":0.018607,"80.0000":0.025055,"85.0000":0.035391,"90.0000":0.052191,"95.0000":0.099455,"96.0000":0.113791,"97.0000":0.140671,"98.0000":0.185343,"99.0000":0.268287,"99.9000":1.050623,"99.9900":1.697791,"99.9990":2.123775,"99.9999":2.123775,"100.0000":2.123775},"allocations":{"total_heap":2314567360,"minor_heap":2308457542,"major_heap":63305727,"promoted_words":57195909,"promoted_pct":2.48},"domain_alloc_stats":{"0":{"total":2314567360,"minor":2308457542,"promoted":57195909,"major":63305727,"promoted_pct":2.48}},"collections":{"minor":8818,"major":19,"forced_major":0,"compactions":0}}
{"version":1,"wall_time":6.52,"cpu_time":6.52,"gc_time":0.41,"gc_overhead":6.31,"max_rss_kb":330828,"domain_stats":{"0":{"wall_time":6.52,"gc_time":0.41,"gc_overhead":6.31}},"mean_latency":0.023285,"stddev_latency":0.070806,"min_latency":0.0,"max_latency":2.105343,"distr_latency":{"25.0000":0.002015,"50.0000":0.004703,"60.0000":0.007967,"70.0000":0.013887,"75.0000":0.018575,"80.0000":0.024895,"85.0000":0.035007,"90.0000":0.051999,"95.0000":0.097791,"96.0000":0.113407,"97.0000":0.140415,"98.0000":0.185855,"99.0000":0.265727,"99.9000":1.044991,"99.9900":1.659903,"99.9990":2.105343,"99.9999":2.105343,"100.0000":2.105343},"allocations":{"total_heap":2314567360,"minor_heap":2308457542,"major_heap":63305727,"promoted_words":57195909,"promoted_pct":2.48},"domain_alloc_stats":{"0":{"total":2314567360,"minor":2308457542,"promoted":57195909,"major":63305727,"promoted_pct":2.48}},"collections":{"minor":8818,"major":19,"forced_major":0,"compactions":0}}
{"version":1,"wall_time":6.43,"cpu_time":6.43,"gc_time":0.41,"gc_overhead":6.39,"max_rss_kb":332944,"domain_stats":{"0":{"wall_time":6.43,"gc_time":0.41,"gc_overhead":6.39}},"mean_latency":0.023269,"stddev_latency":0.070789,"min_latency":0.0,"max_latency":2.119679,"distr_latency":{"25.0000":0.002007,"50.0000":0.004735,"60.0000":0.008063,