{"version":1,"wall_time":3.0,"cpu_time":3.0,"gc_time":2.73,"gc_overhead":91.05,"max_rss_kb":112640,"domain_stats":{"0":{"wall_time":3.0,"gc_time":2.73,"gc_overhead":91.05}},"mean_latency":0.18329,"stddev_latency":0.405307,"min_latency":0.0,"max_latency":3.121151,"distr_latency":{"25.0000":3.1e-05,"50.0000":0.000303,"60.0000":0.000351,"70.0000":0.003615,"75.0000":0.004495,"80.0000":0.056895,"85.0000":0.747519,"90.0000":0.900095,"95.0000":1.101823,"96.0000":1.233919,"97.0000":1.370111,"98.0000":1.498111,"99.0000":1.618943,"99.9000":1.743871,"99.9900":2.721791,"99.9990":3.121151,"99.9999":3.121151,"100.0000":3.121151},"allocations":{"total_heap":13497470,"minor_heap":120188,"major_heap":13377468,"promoted_words":186,"promoted_pct":0.15},"domain_alloc_stats":{"0":{"total":13497470,"minor":120188,"promoted":186,"major":13377468,"promoted_pct":0.15}},"collections":{"minor":1963,"major":981,"forced_major":0,"compactions":0}}
{"version":1,"wall_time":2.98,"cpu_time":2.98,"gc_time":2.72,"gc_overhead":91.08,"max_rss_kb":112644,"domain_stats":{"0":{"wall_time":2.98,"gc_time":2.72,"gc_overhead":91.08}},"mean_latency":0.182586,"stddev_latency":0.403569,"min_latency":0.0,"max_latency":3.123199,"distr_latency":{"25.0000":3.1e-05,"50.0000":0.000295,"60.0000":0.000351,"70.0000":0.003503,"75.0000":0.004623,"80.0000":0.055519,"85.0000":0.741887,"90.0000":0.900607,"95.0000":1.091583,"96.0000":1.223679,"97.0000":1.354751,"98.0000":1.495039,"99.0000":1.622015,"99.9000":1.746943,"99.9900":2.600959,"99.9990":3.123199,"99.9999":3.123199,"100.0000":3.123199},"allocations":{"total_heap":13497470,"minor_heap":120188,"major_heap":13377468,"promoted_words":186,"promoted_pct":0.15},"domain_alloc_stats":{"0":{"total":13497470,"minor":120188,"promoted":186,"major":13377468,"promoted_pct":0.15}},"collections":{"minor":1963,"major":981,"forced_major":0,"compactions":0}}
{"version":1,"wall_time":2.99,"cpu_time":2.99,"gc_time":2.72,"gc_overhead":91.04,"max_rss_kb":112588,"domain_stats":{"0":{"wall_time":2.99,"gc_time":2.72,"gc_overhead":91.04}},"mean_latency":0.182733,"stddev_latency":0.40426,"min_latency":0.0,"max_latency":3.078143,"distr_latency":{"25.0000":3.1e-05,"50.0000":0.000303,"60.0000":0.000343,"70.0000":0.003567,"75.0000":0.004607,"80.0000":0.055391,"85.0000":0.738815,"90.0000":0.898559,"95.0000":1.091583,"96.0000":1.229823,"97.0000":1.362943,"98.0000":1.496063,"99.0000":1.618943,"99.9000":1.743871,"99.9900":2.707455,"99.9990":3.078143,"99.9999":3.078143,"100.0000":3.078143},"allocations":{"total_heap":13497470,"minor_heap":120188,"major_heap":13377468,"promoted_words":186,"promoted_pct":0.15},"domain_alloc_stats":{"0":{"total":13497470,"minor":120188,"promoted":186,"major":13377468,"promoted_pct":0.15}},"collections":{"minor":1963,"major":981,"forced_major":0,"compactions":0}}
{"version":1,"wall_time":3.19,"cpu_time":3.19,"gc_time":2.93,"gc_overhead":91.61,"max_rss_kb":112648,"domain_stats":{"0":{"wall_time":3.19,"gc_time":2.93,"gc_overhead":91.61}},"mean_latency":0.196537,"stddev_latency":0.445908,"min_latency":0.0,"max_latency":3.135487,"distr_latency":{"25.0000":3.1e-05,"50.0000":0.000303,"60.0000":0.000351,"70.0000":0.003567,"75.0000":0.004607,"80.0000":0.056991,"85.0000":0.778751,"90.0000":0.899583,"95.0000":1.250303,"96.0000":1.393663,"97.0000":1.528831,"98.0000":1.558527,"99.0000":1.698815,"99.9000":2.848767,"99.9900":3.000319,"99.9990":3.135487,"99.9999":3.135487,"100.0000":3.135487},"allocations":{"total_heap":13497470,"minor_heap":120188,"major_heap":13377468,"promoted_words":186,"promoted_pct":0.15},"domain_alloc_stats":{"0":{"total":13497470,"minor":120188,"promoted":186,"major":13377468,"promoted_pct":0.15}},"collections":{"minor":1963,"major":981,"forced_major":0,"compactions":0}}
{"version":1,"wall_time":3.79,"cpu_time":3.79,"gc_time":3.52,"gc_overhead":92.95,"max_rss_kb":112592,"domain_stats":{"0":{"wall_time":3.79,"gc_time":3.52,"gc_overhead":92.95}},"mean_latency":0.236761,"stddev_latency":0.547551,"min_latency":0.0,"max_latency":3.256319,"distr_latency":{"25.0000":3.1e-05,"50.0000":0.000303,"60.0000":0.000351,"70.0000":0.003503,"75.0000":0.004783,"80.0000":0.062463,"85.0000":0.880127,"90.0000":1.000447,"95.0000":1.543167,"96.0000":1.548287,"97.0000":1.656831,"98.0000":1.978367,"99.0000":2.484223,"99.9000":2.981887,"99.9900":3.024895,"99.9990":3.256319,"99.9999":3.256319,"100.0000":3.256319},"allocations":{"total_heap":13497470,"minor_heap":120188,"major_heap":13377468,"promoted_words":186,"promoted_pct":0.15},"domain_alloc_stats":{"0":{"total":13497470,"minor":120188,"promoted":186,"major":13377468,"promoted_pct":0.15}},"collections":{"minor":1963,"major":981,"forced_major":0,"compactions":0}}
{"version":1,"wall_time":2.98,"cpu_time":2.98,"gc_time":2.71,"gc_overhead":91.03,"max_rss_kb":112652,"domain_stats":{"0":{"wall_time":2.98,"gc_time":2.71,"gc_overhead":91.03}},"mean_latency":0.182079,"stddev_latency":0.402543,"min_latency":0.0,"max_latency":3.102719,"distr_latency":{"25.0000":3.1e-05,"50.0000":0.000303,"60.0000":0.000351,"70.0000":0.003415,"75.0000":0.004503,"80.0000":0.056831,"85.0000":0.740863,"90.0000":0.897023,"95.0000":1.090559,"96.0000":1.219583,"97.0000":1.349631,"98.0000":1.488895,"99.0000":1.616895,"99.9000":1.737727,"99.9900":2.529279,"99.9990":3.102719,"99.9999":3.102719,"100.0000":3.102719},"allocations":{"total_heap":13497470,"minor_heap":120188,"major_heap":13377468,"promoted_words":186,"promoted_pct":0.15},"domain_alloc_stats":{"0":{"total":13497470,"minor":120188,"promoted":186,"major":13377468,"promoted_pct":0.15}},"collections":{"minor":1963,"major":981,"forced_major":0,"compactions":0}}
{"version":1,"wall_time":2.99,"cpu_time":2.99,"gc_time":2.72,"gc_overhead":91.01,"max_rss_kb":112704,"domain_stats":{"0":{"wall_time":2.99,"gc_time":2.72,"gc_overhead":91.01}},"mean_latency":0.182743,"stddev_latency":0.404002,"min_latency":0.0,"max_latency":3.127295,"distr_latency":{"25.0000":3.1e-05,"50.0000":0.000295,"60.0000":0.000383,"70.0000":0.003647,"75.0000":0.004623,"80.0000":0.055903,"85.0000":0.744959,"90.0000":0.899071,"95.0000":1.094655,"96.0000":1.226751,"97.0000":1.361919,"98.0000":1.497087,"99.0000":1.626111,"99.9000":1.746943,"99.9900":2.734079,"99.9990":3.127295,"99.9999":3.127295,"100.0000":3.127295},"allocations":{"total_heap":13497470,"minor_heap":120188,"major_heap":13377468,"promoted_words":186,"promoted_pct":0.15},"domain_alloc_stats":{"0":{"total":13497470,"minor":120188,"promoted":186,"major":13377468,"promoted_pct":0.15}},"collections":{"minor":1963,"major":981,"forced_major":0,"compactions":0}}
{"version":1,"wall_time":2.98,"cpu_time":2.98,"gc_time":2.71,"gc_overhead":91.03,"max_rss_kb":112604,"domain_stats":{"0":{"wall_time":2.98,"gc_time":2.71,"gc_overhead":91.03}},"mean_latency":0.182201,"stddev_latency":0.402714,"min_latency":0.0,"max_latency":3.094527,"distr_latency":{"25.0000":3.1e-05,"50.0000":0.000295,"60.0000":0.000383,"70.0000":0.003695,"75.0000":0.004615,"80.0000":0.056959,"85.0000":0.737791,"90.0000":0.899071,"95.0000":1.082367,"96.0000":1.218559,"97.0000":1.354751,"98.0000":1.489919,"99.0000":1.624063,"99.9000":1.741823,"99.9900":2.594815,"99.9990":3.094527,"99.9999":3.094527,"100.0000":3.094527},"allocations":{"total_heap":13497470,"minor_heap":120188,"major_heap":13377468,"promoted_words":186,"promoted_pct":0.15},"domain_alloc_stats":{"0":{"total":13497470,"minor":120188,"promoted":186,"major":13377468,"promoted_pct":0.15}},"collections":{"minor":1963,"major":981,"forced_major":0,"compactions":0}}
{"version":1,"wall_time":2.99,"cpu_time":2.99,"gc_time":2.72,"gc_overhead":91.07,"max_rss_kb":112580,"domain_stats":{"0":{"wall_time":2.99,"gc_time":2.72,"gc_overhead":91.07}},"mean_latency":0.182862,"stddev_latency":0.404483,"min_latency":0.0,"max_latency":3.129343,"distr_latency":{"25.0000":3.1e-05,"50.0000":0.000303,"60.0000":0.000343,"70.0000":0.003463,"75.0000":0.004503,"80.0000":0.055807,"85.0000":0.741375,"90.0000":0.898047,"95.0000":1.096703,"96.0000":1.230847,"97.0000":1.363967,"98.0000":1.497087,