{"version":1,"wall_time":2.44,"cpu_time":2.44,"gc_time":0.11,"gc_overhead":4.43,"max_rss_kb":11360,"domain_stats":{"0":{"wall_time":2.44,"gc_time":0.11,"gc_overhead":4.43}},"mean_latency":0.013904,"stddev_latency":0.019803,"min_latency":0.0,"max_latency":0.079231,"distr_latency":{"25.0000":3.1e-05,"50.0000":0.003791,"60.0000":0.004263,"70.0000":0.008295,"75.0000":0.032223,"80.0000":0.034655,"85.0000":0.036863,"90.0000":0.056735,"95.0000":0.057215,"96.0000":0.057343,"97.0000":0.057567,"98.0000":0.058015,"99.0000":0.058591,"99.9000":0.059743,"99.9900":0.073215,"99.9990":0.079231,"99.9999":0.079231,"100.0000":0.079231},"allocations":{"total_heap":266165951,"minor_heap":93576238,"major_heap":193486457,"promoted_words":20896744,"promoted_pct":22.33},"domain_alloc_stats":{"0":{"total":266165951,"minor":93576238,"promoted":20896744,"major":193486457,"promoted_pct":22.33}},"collections":{"minor":3560,"major":1780,"forced_major":0,"compactions":0}}
{"version":1,"wall_time":2.44,"cpu_time":2.44,"gc_time":0.11,"gc_overhead":4.46,"max_rss_kb":11304,"domain_stats":{"0":{"wall_time":2.44,"gc_time":0.11,"gc_overhead":4.46}},"mean_latency":0.013975,"stddev_latency":0.019821,"min_latency":0.0,"max_latency":0.081727,"distr_latency":{"25.0000":4.7e-05,"50.0000":0.003791,"60.0000":0.004503,"70.0000":0.008495,"75.0000":0.032655,"80.0000":0.035103,"85.0000":0.037023,"90.0000":0.056383,"95.0000":0.057279,"96.0000":0.057407,"97.0000":0.057567,"98.0000":0.057855,"99.0000":0.058591,"99.9000":0.060287,"99.9900":0.078527,"99.9990":0.081727,"99.9999":0.081727,"100.0000":0.081727},"allocations":{"total_heap":266165951,"minor_heap":93576238,"major_heap":193486457,"promoted_words":20896744,"promoted_pct":22.33},"domain_alloc_stats":{"0":{"total":266165951,"minor":93576238,"promoted":20896744,"major":193486457,"promoted_pct":22.33}},"collections":{"minor":3560,"major":1780,"forced_major":0,"compactions":0}}
{"version":1,"wall_time":2.44,"cpu_time":2.44,"gc_time":0.11,"gc_overhead":4.58,"max_rss_kb":11360,"domain_stats":{"0":{"wall_time":2.44,"gc_time":0.11,"gc_overhead":4.58}},"mean_latency":0.014392,"stddev_latency":0.020428,"min_latency":0.0,"max_latency":0.080959,"distr_latency":{"25.0000":3.1e-05,"50.0000":0.003887,"60.0000":0.005295,"70.0000":0.008415,"75.0000":0.032959,"80.0000":0.035807,"85.0000":0.037663,"90.0000":0.058495,"95.0000":0.059359,"96.0000":0.059519,"97.0000":0.059679,"98.0000":0.059967,"99.0000":0.060671,"99.9000":0.062335,"99.9900":0.080895,"99.9990":0.080959,"99.9999":0.080959,"100.0000":0.080959},"allocations":{"total_heap":266165951,"minor_heap":93576238,"major_heap":193486457,"promoted_words":20896744,"promoted_pct":22.33},"domain_alloc_stats":{"0":{"total":266165951,"minor":93576238,"promoted":20896744,"major":193486457,"promoted_pct":22.33}},"collections":{"minor":3560,"major":1780,"forced_major":0,"compactions":0}}
{"version":1,"wall_time":2.44,"cpu_time":2.44,"gc_time":0.11,"gc_overhead":4.49,"max_rss_kb":11284,"domain_stats":{"0":{"wall_time":2.44,"gc_time":0.11,"gc_overhead":4.49}},"mean_latency":0.014092,"stddev_latency":0.01997,"min_latency":0.0,"max_latency":0.081599,"distr_latency":{"25.0000":4.7e-05,"50.0000":0.003935,"60.0000":0.005087,"70.0000":0.008447,"75.0000":0.032255,"80.0000":0.035039,"85.0000":0.037087,"90.0000":0.057087,"95.0000":0.057919,"96.0000":0.058079,"97.0000":0.058335,"98.0000":0.058719,"99.0000":0.059455,"99.9000":0.061119,"99.9900":0.077183,"99.9990":0.081599,"99.9999":0.081599,"100.0000":0.081599},"allocations":{"total_heap":266165951,"minor_heap":93576238,"major_heap":193486457,"promoted_words":20896744,"promoted_pct":22.33},"domain_alloc_stats":{"0":{"total":266165951,"minor":93576238,"promoted":20896744,"major":193486457,"promoted_pct":22.33}},"collections":{"minor":3560,"major":1780,"forced_major":0,"compactions":0}}
{"version":1,"wall_time":2.44,"cpu_time":2.44,"gc_time":0.11,"gc_overhead":4.38,"max_rss_kb":11288,"domain_stats":{"0":{"wall_time":2.44,"gc_time":0.11,"gc_overhead":4.38}},"mean_latency":0.013752,"stddev_latency":0.019604,"min_latency":0.0,"max_latency":0.079167,"distr_latency":{"25.0000":4.7e-05,"50.0000":0.003815,"60.0000":0.005055,"70.0000":0.008375,"75.0000":0.029455,"80.0000":0.032495,"85.0000":0.034623,"90.0000":0.057087,"95.0000":0.057663,"96.0000":0.057823,"97.0000":0.058047,"98.0000":0.058431,"99.0000":0.059071,"99.9000":0.060607,"99.9900":0.073343,"99.9990":0.079167,"99.9999":0.079167,"100.0000":0.079167},"allocations":{"total_heap":266165951,"minor_heap":93576238,"major_heap":193486457,"promoted_words":20896744,"promoted_pct":22.33},"domain_alloc_stats":{"0":{"total":266165951,"minor":93576238,"promoted":20896744,"major":193486457,"promoted_pct":22.33}},"collections":{"minor":3560,"major":1780,"forced_major":0,"compactions":0}}
{"version":1,"wall_time":2.44,"cpu_time":2.44,"gc_time":0.1,"gc_overhead":4.18,"max_rss_kb":11340,"domain_stats":{"0":{"wall_time":2.44,"gc_time":0.1,"gc_overhead":4.18}},"mean_latency":0.013114,"stddev_latency":0.018947,"min_latency":0.0,"max_latency":0.086527,"distr_latency":{"25.0000":4.7e-05,"50.0000":0.003807,"60.0000":0.004823,"70.0000":0.008575,"75.0000":0.027231,"80.0000":0.028127,"85.0000":0.029375,"90.0000":0.056319,"95.0000":0.056863,"96.0000":0.057023,"97.0000":0.057311,"98.0000":0.057759,"99.0000":0.058463,"99.9000":0.063103,"99.9900":0.084351,"99.9990":0.086527,"99.9999":0.086527,"100.0000":0.086527},"allocations":{"total_heap":266165951,"minor_heap":93576238,"major_heap":193486457,"promoted_words":20896744,"promoted_pct":22.33},"domain_alloc_stats":{"0":{"total":266165951,"minor":93576238,"promoted":20896744,"major":193486457,"promoted_pct":22.33}},"collections":{"minor":3560,"major":1780,"forced_major":0,"compactions":0}}
{"version":1,"wall_time":2.43,"cpu_time":2.43,"gc_time":0.11,"gc_overhead":4.46,"max_rss_kb":11292,"domain_stats":{"0":{"wall_time":2.43,"gc_time":0.11,"gc_overhead":4.46}},"mean_latency":0.013924,"stddev_latency":0.019889,"min_latency":0.0,"max_latency":0.079935,"distr_latency":{"25.0000":3.1e-05,"50.0000":0.003855,"60.0000":0.004471,"70.0000":0.008271,"75.0000":0.031631,"80.0000":0.034207,"85.0000":0.035839,"90.0000":0.057343,"95.0000":0.057919,"96.0000":0.058079,"97.0000":0.058303,"98.0000":0.058623,"99.0000":0.059199,"99.9000":0.061567,"99.9900":0.076415,"99.9990":0.079935,"99.9999":0.079935,"100.0000":0.079935},"allocations":{"total_heap":266165951,"minor_heap":93576238,"major_heap":193486457,"promoted_words":20896744,"promoted_pct":22.33},"domain_alloc_stats":{"0":{"total":266165951,"minor":93576238,"promoted":20896744,"major":193486457,"promoted_pct":22.33}},"collections":{"minor":3560,"major":1780,"forced_major":0,"compactions":0}}
{"version":1,"wall_time":2.45,"cpu_time":2.45,"gc_time":0.11,"gc_overhead":4.47,"max_rss_kb":11336,"domain_stats":{"0":{"wall_time":2.45,"gc_time":0.11,"gc_overhead":4.47}},"mean_latency":0.014093,"stddev_latency":0.019953,"min_latency":0.0,"max_latency":0.084287,"distr_latency":{"25.0000":4.7e-05,"50.0000":0.003967,"60.0000":0.005015,"70.0000":0.008591,"75.0000":0.032799,"80.0000":0.035103,"85.0000":0.036895,"90.0000":0.056735,"95.0000":0.057983,"96.0000":0.058143,"97.0000":0.058367,"98.0000":0.058623,"99.0000":0.059199,"99.9000":0.060863,"99.9900":0.083007,"99.9990":0.084287,"99.9999":0.084287,"100.0000":0.084287},"allocations":{"total_heap":266165951,"minor_heap":93576238,"major_heap":193486457,"promoted_words":20896744,"promoted_pct":22.33},"domain_alloc_stats":{"0":{"total":266165951,"minor":93576238,"promoted":20896744,"major":193486457,"promoted_pct":22.33}},"collections":{"minor":3560,"major":1780,"forced_major":0,"compactions":0}}
{"version":1,"wall_time":2.43,"cpu_time":2.43,"gc_time":0.11,"gc_overhead":4.38,"max_rss_kb":11312,"domain_stats":{"0":{"wall_time":2.43,"gc_time":0.11,"gc_overhead":4.38}},"mean_latency":0.013666,"stddev_latency":0.019377,"min_latency":0.0,"max_latency":0.086335,"distr_latency":{"25.0000":4.7e-05,"50.0000":0.003895,"60.0000":0.004655,"70.0000":0.008535,