{"version":1,"wall_time":2.03,"cpu_time":2.03,"gc_time":0.16,"gc_overhead":8.09,"max_rss_kb":35660,"domain_stats":{"0":{"wall_time":2.03,"gc_time":0.16,"gc_overhead":8.09}},"mean_latency":0.018553,"stddev_latency":0.01102,"min_latency":0.0,"max_latency":0.089535,"distr_latency":{"25.0000":0.009591,"50.0000":0.020031,"60.0000":0.022063,"70.0000":0.023967,"75.0000":0.024495,"80.0000":0.025823,"85.0000":0.026575,"90.0000":0.028239,"95.0000":0.042111,"96.0000":0.043135,"97.0000":0.044287,"98.0000":0.045727,"99.0000":0.047647,"99.9000":0.052191,"99.9900":0.082559,"99.9990":0.089535,"99.9999":0.089535,"100.0000":0.089535},"allocations":{"total_heap":1162065841,"minor_heap":1162076709,"major_heap":89984982,"promoted_words":89995850,"promoted_pct":7.74},"domain_alloc_stats":{"0":{"total":1162065841,"minor":1162076709,"promoted":89995850,"major":89984982,"promoted_pct":7.74}},"collections":{"minor":5457,"major":2047,"forced_major":0,"compactions":0}}
{"version":1,"wall_time":2.02,"cpu_time":2.02,"gc_time":0.16,"gc_overhead":7.97,"max_rss_kb":35176,"domain_stats":{"0":{"wall_time":2.02,"gc_time":0.16,"gc_overhead":7.97}},"mean_latency":0.018138,"stddev_latency":0.010842,"min_latency":0.0,"max_latency":0.099967,"distr_latency":{"25.0000":0.009455,"50.0000":0.019295,"60.0000":0.021183,"70.0000":0.023023,"75.0000":0.023903,"80.0000":0.024975,"85.0000":0.025839,"90.0000":0.027551,"95.0000":0.041887,"96.0000":0.042911,"97.0000":0.043807,"98.0000":0.045311,"99.0000":0.046943,"99.9000":0.050143,"99.9900":0.097791,"99.9990":0.099967,"99.9999":0.099967,"100.0000":0.099967},"allocations":{"total_heap":1162065841,"minor_heap":1162076709,"major_heap":89984982,"promoted_words":89995850,"promoted_pct":7.74},"domain_alloc_stats":{"0":{"total":1162065841,"minor":1162076709,"promoted":89995850,"major":89984982,"promoted_pct":7.74}},"collections":{"minor":5457,"major":2047,"forced_major":0,"compactions":0}}
{"version":1,"wall_time":2.09,"cpu_time":2.09,"gc_time":0.16,"gc_overhead":7.64,"max_rss_kb":35248,"domain_stats":{"0":{"wall_time":2.09,"gc_time":0.16,"gc_overhead":7.64}},"mean_latency":0.018041,"stddev_latency":0.010728,"min_latency":0.0,"max_latency":0.087807,"distr_latency":{"25.0000":0.009423,"50.0000":0.019263,"60.0000":0.021103,"70.0000":0.022991,"75.0000":0.023839,"80.0000":0.024927,"85.0000":0.025759,"90.0000":0.027343,"95.0000":0.041439,"96.0000":0.042303,"97.0000":0.043263,"98.0000":0.044671,"99.0000":0.046527,"99.9000":0.049695,"99.9900":0.083135,"99.9990":0.087807,"99.9999":0.087807,"100.0000":0.087807},"allocations":{"total_heap":1162065841,"minor_heap":1162076709,"major_heap":89984982,"promoted_words":89995850,"promoted_pct":7.74},"domain_alloc_stats":{"0":{"total":1162065841,"minor":1162076709,"promoted":89995850,"major":89984982,"promoted_pct":7.74}},"collections":{"minor":5457,"major":2047,"forced_major":0,"compactions":0}}
{"version":1,"wall_time":2.03,"cpu_time":2.03,"gc_time":0.16,"gc_overhead":7.93,"max_rss_kb":35052,"domain_stats":{"0":{"wall_time":2.03,"gc_time":0.16,"gc_overhead":7.93}},"mean_latency":0.01814,"stddev_latency":0.010922,"min_latency":0.0,"max_latency":0.191999,"distr_latency":{"25.0000":0.009503,"50.0000":0.019407,"60.0000":0.021279,"70.0000":0.023151,"75.0000":0.023871,"80.0000":0.025055,"85.0000":0.025823,"90.0000":0.027263,"95.0000":0.041311,"96.0000":0.042271,"97.0000":0.043263,"98.0000":0.044703,"99.0000":0.046367,"99.9000":0.050111,"99.9900":0.108159,"99.9990":0.191999,"99.9999":0.191999,"100.0000":0.191999},"allocations":{"total_heap":1162065841,"minor_heap":1162076709,"major_heap":89984982,"promoted_words":89995850,"promoted_pct":7.74},"domain_alloc_stats":{"0":{"total":1162065841,"minor":1162076709,"promoted":89995850,"major":89984982,"promoted_pct":7.74}},"collections":{"minor":5457,"major":2047,"forced_major":0,"compactions":0}}
{"version":1,"wall_time":2.07,"cpu_time":2.07,"gc_time":0.16,"gc_overhead":7.83,"max_rss_kb":35384,"domain_stats":{"0":{"wall_time":2.07,"gc_time":0.16,"gc_overhead":7.83}},"mean_latency":0.018232,"stddev_latency":0.010981,"min_latency":0.0,"max_latency":0.154111,"distr_latency":{"25.0000":0.009511,"50.0000":0.019311,"60.0000":0.021215,"70.0000":0.023055,"75.0000":0.024079,"80.0000":0.025055,"85.0000":0.025951,"90.0000":0.027935,"95.0000":0.042079,"96.0000":0.043007,"97.0000":0.044063,"98.0000":0.045439,"99.0000":0.047295,"99.9000":0.054975,"99.9900":0.087231,"99.9990":0.154111,"99.9999":0.154111,"100.0000":0.154111},"allocations":{"total_heap":1162065841,"minor_heap":1162076709,"major_heap":89984982,"promoted_words":89995850,"promoted_pct":7.74},"domain_alloc_stats":{"0":{"total":1162065841,"minor":1162076709,"promoted":89995850,"major":89984982,"promoted_pct":7.74}},"collections":{"minor":5457,"major":2047,"forced_major":0,"compactions":0}}
{"version":1,"wall_time":2.01,"cpu_time":2.01,"gc_time":0.16,"gc_overhead":8.04,"max_rss_kb":35128,"domain_stats":{"0":{"wall_time":2.01,"gc_time":0.16,"gc_overhead":8.04}},"mean_latency":0.018232,"stddev_latency":0.010832,"min_latency":0.0,"max_latency":0.083007,"distr_latency":{"25.0000":0.009583,"50.0000":0.019391,"60.0000":0.021231,"70.0000":0.023071,"75.0000":0.024127,"80.0000":0.025135,"85.0000":0.026063,"90.0000":0.027743,"95.0000":0.041791,"96.0000":0.042655,"97.0000":0.043807,"98.0000":0.045343,"99.0000":0.047423,"99.9000":0.050335,"99.9900":0.074623,"99.9990":0.083007,"99.9999":0.083007,"100.0000":0.083007},"allocations":{"total_heap":1162065841,"minor_heap":1162076709,"major_heap":89984982,"promoted_words":89995850,"promoted_pct":7.74},"domain_alloc_stats":{"0":{"total":1162065841,"minor":1162076709,"promoted":89995850,"major":89984982,"promoted_pct":7.74}},"collections":{"minor":5457,"major":2047,"forced_major":0,"compactions":0}}
{"version":1,"wall_time":2.09,"cpu_time":2.09,"gc_time":0.16,"gc_overhead":7.73,"max_rss_kb":35344,"domain_stats":{"0":{"wall_time":2.09,"gc_time":0.16,"gc_overhead":7.73}},"mean_latency":0.018267,"stddev_latency":0.010893,"min_latency":0.0,"max_latency":0.081471,"distr_latency":{"25.0000":0.009487,"50.0000":0.019519,"60.0000":0.021439,"70.0000":0.023263,"75.0000":0.024095,"80.0000":0.025247,"85.0000":0.026095,"90.0000":0.027759,"95.0000":0.042207,"96.0000":0.043135,"97.0000":0.044095,"98.0000":0.045535,"99.0000":0.047391,"99.9000":0.050751,"99.9900":0.071807,"99.9990":0.081471,"99.9999":0.081471,"100.0000":0.081471},"allocations":{"total_heap":1162065841,"minor_heap":1162076709,"major_heap":89984982,"promoted_words":89995850,"promoted_pct":7.74},"domain_alloc_stats":{"0":{"total":1162065841,"minor":1162076709,"promoted":89995850,"major":89984982,"promoted_pct":7.74}},"collections":{"minor":5457,"major":2047,"forced_major":0,"compactions":0}}
{"version":1,"wall_time":2.13,"cpu_time":2.13,"gc_time":0.16,"gc_overhead":7.58,"max_rss_kb":35080,"domain_stats":{"0":{"wall_time":2.13,"gc_time":0.16,"gc_overhead":7.58}},"mean_latency":0.018184,"stddev_latency":0.010971,"min_latency":0.0,"max_latency":0.182911,"distr_latency":{"25.0000":0.009471,"50.0000":0.019279,"60.0000":0.021183,"70.0000":0.023055,"75.0000":0.024015,"80.0000":0.025023,"85.0000":0.025951,"90.0000":0.027711,"95.0000":0.041855,"96.0000":0.042815,"97.0000":0.043775,"98.0000":0.045151,"99.0000":0.047199,"99.9000":0.051743,"99.9900":0.083007,"99.9990":0.182911,"99.9999":0.182911,"100.0000":0.182911},"allocations":{"total_heap":1162065841,"minor_heap":1162076709,"major_heap":89984982,"promoted_words":89995850,"promoted_pct":7.74},"domain_alloc_stats":{"0":{"total":1162065841,"minor":1162076709,"promoted":89995850,"major":89984982,"promoted_pct":7.74}},"collections":{"minor":5457,"major":2047,"forced_major":0,"compactions":0}}
{"version":1,"wall_time":2.06,"cpu_time":2.06,"gc_time":0.16,"gc_overhead":7.9,"max_rss_kb":35564,"domain_stats":{"0":{"wall_time":2.06,"gc_time":0.16,"gc_overhead":7.9}},"mean_latency":0.018342,"stddev_latency":0.011133,"min_latency":0.0,"max_latency":0.202751,"distr_latency":{"25.0000":0.009463,"50.0000":0.019871,"60.0000":0.021775,