{"version":1,"wall_time":11.57,"cpu_time":11.57,"gc_time":1.98,"gc_overhead":17.11,"max_rss_kb":2682948,"domain_stats":{"0":{"wall_time":11.57,"gc_time":1.98,"gc_overhead":17.11}},"mean_latency":0.068594,"stddev_latency":0.252191,"min_latency":0.0,"max_latency":17.301503,"distr_latency":{"25.0000":0.002095,"50.0000":0.011087,"60.0000":0.019551,"70.0000":0.033855,"75.0000":0.056287,"80.0000":0.103871,"85.0000":0.128575,"90.0000":0.225535,"95.0000":0.327167,"96.0000":0.383999,"97.0000":0.425471,"98.0000":0.450815,"99.0000":0.575999,"99.9000":1.091583,"99.9900":13.705215,"99.9990":17.301503,"99.9999":17.301503,"100.0000":17.301503},"allocations":{"total_heap":3762293191,"minor_heap":3672473168,"major_heap":377135799,"promoted_words":287315776,"promoted_pct":7.82},"domain_alloc_stats":{"0":{"total":3762293191,"minor":3672473168,"promoted":287315776,"major":377135799,"promoted_pct":7.82}},"collections":{"minor":14123,"major":28,"forced_major":0,"compactions":0}}
{"version":1,"wall_time":11.62,"cpu_time":11.62,"gc_time":1.99,"gc_overhead":17.13,"max_rss_kb":2625180,"domain_stats":{"0":{"wall_time":11.62,"gc_time":1.99,"gc_overhead":17.13}},"mean_latency":0.068981,"stddev_latency":0.256477,"min_latency":0.0,"max_latency":17.612799,"distr_latency":{"25.0000":0.002103,"50.0000":0.011031,"60.0000":0.019455,"70.0000":0.034367,"75.0000":0.056479,"80.0000":0.104703,"85.0000":0.130815,"90.0000":0.225919,"95.0000":0.328447,"96.0000":0.385279,"97.0000":0.424703,"98.0000":0.456447,"99.0000":0.578559,"99.9000":1.145855,"99.9900":13.885439,"99.9990":17.612799,"99.9999":17.612799,"100.0000":17.612799},"allocations":{"total_heap":3762293191,"minor_heap":3672473168,"major_heap":377135799,"promoted_words":287315776,"promoted_pct":7.82},"domain_alloc_stats":{"0":{"total":3762293191,"minor":3672473168,"promoted":287315776,"major":377135799,"promoted_pct":7.82}},"collections":{"minor":14123,"major":28,"forced_major":0,"compactions":0}}
{"version":1,"wall_time":11.59,"cpu_time":11.59,"gc_time":1.99,"gc_overhead":17.19,"max_rss_kb":2662688,"domain_stats":{"0":{"wall_time":11.59,"gc_time":1.99,"gc_overhead":17.19}},"mean_latency":0.069024,"stddev_latency":0.259125,"min_latency":0.0,"max_latency":17.678335,"distr_latency":{"25.0000":0.002087,"50.0000":0.011103,"60.0000":0.019375,"70.0000":0.034111,"75.0000":0.056575,"80.0000":0.104639,"85.0000":0.131199,"90.0000":0.222975,"95.0000":0.328191,"96.0000":0.392191,"97.0000":0.420607,"98.0000":0.449791,"99.0000":0.581631,"99.9000":1.108991,"99.9900":13.746175,"99.9990":17.678335,"99.9999":17.678335,"100.0000":17.678335},"allocations":{"total_heap":3762293191,"minor_heap":3672473168,"major_heap":377135799,"promoted_words":287315776,"promoted_pct":7.82},"domain_alloc_stats":{"0":{"total":3762293191,"minor":3672473168,"promoted":287315776,"major":377135799,"promoted_pct":7.82}},"collections":{"minor":14123,"major":28,"forced_major":0,"compactions":0}}
{"version":1,"wall_time":11.58,"cpu_time":11.58,"gc_time":1.97,"gc_overhead":16.99,"max_rss_kb":2668716,"domain_stats":{"0":{"wall_time":11.58,"gc_time":1.97,"gc_overhead":16.99}},"mean_latency":0.06819,"stddev_latency":0.252257,"min_latency":0.0,"max_latency":17.285119,"distr_latency":{"25.0000":0.002063,"50.0000":0.010975,"60.0000":0.019375,"70.0000":0.033791,"75.0000":0.055935,"80.0000":0.103423,"85.0000":0.129215,"90.0000":0.224895,"95.0000":0.323327,"96.0000":0.379391,"97.0000":0.417023,"98.0000":0.445439,"99.0000":0.570879,"99.9000":1.097727,"99.9900":14.172159,"99.9990":17.285119,"99.9999":17.285119,"100.0000":17.285119},"allocations":{"total_heap":3762293191,"minor_heap":3672473168,"major_heap":377135799,"promoted_words":287315776,"promoted_pct":7.82},"domain_alloc_stats":{"0":{"total":3762293191,"minor":3672473168,"promoted":287315776,"major":377135799,"promoted_pct":7.82}},"collections":{"minor":14123,"major":28,"forced_major":0,"compactions":0}}
{"version":1,"wall_time":11.62,"cpu_time":11.62,"gc_time":1.98,"gc_overhead":17.01,"max_rss_kb":2626548,"domain_stats":{"0":{"wall_time":11.62,"gc_time":1.98,"gc_overhead":17.01}},"mean_latency":0.068488,"stddev_latency":0.254503,"min_latency":0.0,"max_latency":17.399807,"distr_latency":{"25.0000":0.002063,"50.0000":0.011103,"60.0000":0.019375,"70.0000":0.033951,"75.0000":0.056287,"80.0000":0.104319,"85.0000":0.129663,"90.0000":0.224255,"95.0000":0.326911,"96.0000":0.375807,"97.0000":0.417535,"98.0000":0.446975,"99.0000":0.577535,"99.9000":1.108991,"99.9900":13.910015,"99.9990":17.399807,"99.9999":17.399807,"100.0000":17.399807},"allocations":{"total_heap":3762293191,"minor_heap":3672473168,"major_heap":377135799,"promoted_words":287315776,"promoted_pct":7.82},"domain_alloc_stats":{"0":{"total":3762293191,"minor":3672473168,"promoted":287315776,"major":377135799,"promoted_pct":7.82}},"collections":{"minor":14123,"major":28,"forced_major":0,"compactions":0}}
{"version":1,"wall_time":11.61,"cpu_time":11.61,"gc_time":1.98,"gc_overhead":17.02,"max_rss_kb":2642880,"domain_stats":{"0":{"wall_time":11.61,"gc_time":1.98,"gc_overhead":17.02}},"mean_latency":0.068449,"stddev_latency":0.257129,"min_latency":0.0,"max_latency":17.498111,"distr_latency":{"25.0000":0.002031,"50.0000":0.010903,"60.0000":0.019375,"70.0000":0.034175,"75.0000":0.056127,"80.0000":0.103295,"85.0000":0.129407,"90.0000":0.221183,"95.0000":0.323839,"96.0000":0.397311,"97.0000":0.417279,"98.0000":0.448767,"99.0000":0.577023,"99.9000":1.091583,"99.9900":13.623295,"99.9990":17.498111,"99.9999":17.498111,"100.0000":17.498111},"allocations":{"total_heap":3762293191,"minor_heap":3672473168,"major_heap":377135799,"promoted_words":287315776,"promoted_pct":7.82},"domain_alloc_stats":{"0":{"total":3762293191,"minor":3672473168,"promoted":287315776,"major":377135799,"promoted_pct":7.82}},"collections":{"minor":14123,"major":28,"forced_major":0,"compactions":0}}
{"version":1,"wall_time":11.61,"cpu_time":11.61,"gc_time":1.99,"gc_overhead":17.16,"max_rss_kb":2640200,"domain_stats":{"0":{"wall_time":11.61,"gc_time":1.99,"gc_overhead":17.16}},"mean_latency":0.069039,"stddev_latency":0.258166,"min_latency":0.0,"max_latency":17.416191,"distr_latency":{"25.0000":0.002071,"50.0000":0.011015,"60.0000":0.019423,"70.0000":0.034271,"75.0000":0.056511,"80.0000":0.103935,"85.0000":0.129855,"90.0000":0.222463,"95.0000":0.327679,"96.0000":0.393471,"97.0000":0.421631,"98.0000":0.452095,"99.0000":0.584191,"99.9000":1.165311,"99.9900":14.262271,"99.9990":17.416191,"99.9999":17.416191,"100.0000":17.416191},"allocations":{"total_heap":3762293191,"minor_heap":3672473168,"major_heap":377135799,"promoted_words":287315776,"promoted_pct":7.82},"domain_alloc_stats":{"0":{"total":3762293191,"minor":3672473168,"promoted":287315776,"major":377135799,"promoted_pct":7.82}},"collections":{"minor":14123,"major":28,"forced_major":0,"compactions":0}}
{"version":1,"wall_time":11.62,"cpu_time":11.62,"gc_time":2.0,"gc_overhead":17.25,"max_rss_kb":2623328,"domain_stats":{"0":{"wall_time":11.62,"gc_time":2.0,"gc_overhead":17.25}},"mean_latency":0.069475,"stddev_latency":0.254944,"min_latency":0.0,"max_latency":17.563647,"distr_latency":{"25.0000":0.002095,"50.0000":0.011095,"60.0000":0.019423,"70.0000":0.034591,"75.0000":0.056703,"80.0000":0.104383,"85.0000":0.130623,"90.0000":0.228479,"95.0000":0.328191,"96.0000":0.384511,"97.0000":0.429567,"98.0000":0.455679,"99.0000":0.594943,"99.9000":1.141759,"99.9900":13.647871,"99.9990":17.563647,"99.9999":17.563647,"100.0000":17.563647},"allocations":{"total_heap":3762293191,"minor_heap":3672473168,"major_heap":377135799,"promoted_words":287315776,"promoted_pct":7.82},"domain_alloc_stats":{"0":{"total":3762293191,"minor":3672473168,"promoted":287315776,"major":377135799,"promoted_pct":7.82}},"collections":{"minor":14123,"major":28,"forced_major":0,"compactions":0}}
{"version":1,"wall_time":11.59,"cpu_time":11.59,"gc_time":1.97,"gc_overhead":17.04,"max_rss_kb":2657740,"domain_stats":{"0":{"wall_time":11.59,"gc_time":1.97,"gc_overhead":17.04}},"mean_latency":0.06842,