{"version":1,"wall_time":4.4,"cpu_time":4.4,"gc_time":3.13,"gc_overhead":71.26,"max_rss_kb":199092,"domain_stats":{"0":{"wall_time":4.4,"gc_time":3.13,"gc_overhead":71.26}},"mean_latency":0.261209,"stddev_latency":0.413555,"min_latency":0.0,"max_latency":3.078143,"distr_latency":{"25.0000":0.000287,"50.0000":0.000375,"60.0000":0.008967,"70.0000":0.267519,"75.0000":0.520191,"80.0000":0.806399,"85.0000":0.936447,"90.0000":0.946687,"95.0000":0.972799,"96.0000":1.046527,"97.0000":1.143807,"98.0000":1.265663,"99.0000":1.352703,"99.9000":1.549311,"99.9900":2.783231,"99.9990":3.078143,"99.9999":3.078143,"100.0000":3.078143},"allocations":{"total_heap":14037452,"minor_heap":300185,"major_heap":13737450,"promoted_words":183,"promoted_pct":0.06},"domain_alloc_stats":{"0":{"total":14037452,"minor":300185,"promoted":183,"major":13737450,"promoted_pct":0.06}},"collections":{"minor":982,"major":982,"forced_major":0,"compactions":0}}
{"version":1,"wall_time":4.39,"cpu_time":4.39,"gc_time":3.13,"gc_overhead":71.27,"max_rss_kb":199448,"domain_stats":{"0":{"wall_time":4.39,"gc_time":3.13,"gc_overhead":71.27}},"mean_latency":0.260606,"stddev_latency":0.412767,"min_latency":0.0,"max_latency":3.215359,"distr_latency":{"25.0000":0.000287,"50.0000":0.000383,"60.0000":0.008655,"70.0000":0.265471,"75.0000":0.515327,"80.0000":0.806911,"85.0000":0.936959,"90.0000":0.946175,"95.0000":0.967679,"96.0000":1.032191,"97.0000":1.141759,"98.0000":1.265663,"99.0000":1.349631,"99.9000":1.549311,"99.9900":2.813951,"99.9990":3.215359,"99.9999":3.215359,"100.0000":3.215359},"allocations":{"total_heap":14037452,"minor_heap":300185,"major_heap":13737450,"promoted_words":183,"promoted_pct":0.06},"domain_alloc_stats":{"0":{"total":14037452,"minor":300185,"promoted":183,"major":13737450,"promoted_pct":0.06}},"collections":{"minor":982,"major":982,"forced_major":0,"compactions":0}}
{"version":1,"wall_time":4.39,"cpu_time":4.39,"gc_time":3.13,"gc_overhead":71.27,"max_rss_kb":199416,"domain_stats":{"0":{"wall_time":4.39,"gc_time":3.13,"gc_overhead":71.27}},"mean_latency":0.260595,"stddev_latency":0.413432,"min_latency":0.0,"max_latency":3.174399,"distr_latency":{"25.0000":0.000287,"50.0000":0.000375,"60.0000":0.008775,"70.0000":0.262911,"75.0000":0.516607,"80.0000":0.806911,"85.0000":0.936959,"90.0000":0.945151,"95.0000":0.967679,"96.0000":1.031679,"97.0000":1.149951,"98.0000":1.286143,"99.0000":1.358847,"99.9000":1.548287,"99.9900":2.824191,"99.9990":3.174399,"99.9999":3.174399,"100.0000":3.174399},"allocations":{"total_heap":14037452,"minor_heap":300185,"major_heap":13737450,"promoted_words":183,"promoted_pct":0.06},"domain_alloc_stats":{"0":{"total":14037452,"minor":300185,"promoted":183,"major":13737450,"promoted_pct":0.06}},"collections":{"minor":982,"major":982,"forced_major":0,"compactions":0}}
{"version":1,"wall_time":4.4,"cpu_time":4.4,"gc_time":3.14,"gc_overhead":71.34,"max_rss_kb":199788,"domain_stats":{"0":{"wall_time":4.4,"gc_time":3.14,"gc_overhead":71.34}},"mean_latency":0.261833,"stddev_latency":0.415104,"min_latency":0.0,"max_latency":3.094527,"distr_latency":{"25.0000":0.000287,"50.0000":0.000375,"60.0000":0.008807,"70.0000":0.264959,"75.0000":0.520703,"80.0000":0.806911,"85.0000":0.933375,"90.0000":0.944127,"95.0000":0.982015,"96.0000":1.078271,"97.0000":1.167359,"98.0000":1.281023,"99.0000":1.355775,"99.9000":1.545215,"99.9900":2.811903,"99.9990":3.094527,"99.9999":3.094527,"100.0000":3.094527},"allocations":{"total_heap":14037452,"minor_heap":300185,"major_heap":13737450,"promoted_words":183,"promoted_pct":0.06},"domain_alloc_stats":{"0":{"total":14037452,"minor":300185,"promoted":183,"major":13737450,"promoted_pct":0.06}},"collections":{"minor":982,"major":982,"forced_major":0,"compactions":0}}
{"version":1,"wall_time":4.41,"cpu_time":4.41,"gc_time":3.14,"gc_overhead":71.2,"max_rss_kb":199608,"domain_stats":{"0":{"wall_time":4.41,"gc_time":3.14,"gc_overhead":71.2}},"mean_latency":0.261796,"stddev_latency":0.415768,"min_latency":0.0,"max_latency":4.366335,"distr_latency":{"25.0000":0.000287,"50.0000":0.000375,"60.0000":0.008743,"70.0000":0.269311,"75.0000":0.518143,"80.0000":0.812543,"85.0000":0.933887,"90.0000":0.943615,"95.0000":0.980479,"96.0000":1.078271,"97.0000":1.172479,"98.0000":1.271807,"99.0000":1.354751,"99.9000":1.550335,"99.9900":2.775039,"99.9990":4.366335,"99.9999":4.366335,"100.0000":4.366335},"allocations":{"total_heap":14037452,"minor_heap":300185,"major_heap":13737450,"promoted_words":183,"promoted_pct":0.06},"domain_alloc_stats":{"0":{"total":14037452,"minor":300185,"promoted":183,"major":13737450,"promoted_pct":0.06}},"collections":{"minor":982,"major":982,"forced_major":0,"compactions":0}}
{"version":1,"wall_time":4.41,"cpu_time":4.41,"gc_time":3.14,"gc_overhead":71.31,"max_rss_kb":199636,"domain_stats":{"0":{"wall_time":4.41,"gc_time":3.14,"gc_overhead":71.31}},"mean_latency":0.262109,"stddev_latency":0.415698,"min_latency":0.0,"max_latency":3.680255,"distr_latency":{"25.0000":0.000287,"50.0000":0.000375,"60.0000":0.008751,"70.0000":0.267775,"75.0000":0.516351,"80.0000":0.813567,"85.0000":0.935935,"90.0000":0.945663,"95.0000":0.980479,"96.0000":1.062911,"97.0000":1.183743,"98.0000":1.286143,"99.0000":1.350655,"99.9000":1.547263,"99.9900":3.096575,"99.9990":3.680255,"99.9999":3.680255,"100.0000":3.680255},"allocations":{"total_heap":14037452,"minor_heap":300185,"major_heap":13737450,"promoted_words":183,"promoted_pct":0.06},"domain_alloc_stats":{"0":{"total":14037452,"minor":300185,"promoted":183,"major":13737450,"promoted_pct":0.06}},"collections":{"minor":982,"major":982,"forced_major":0,"compactions":0}}
{"version":1,"wall_time":4.39,"cpu_time":4.39,"gc_time":3.13,"gc_overhead":71.27,"max_rss_kb":199356,"domain_stats":{"0":{"wall_time":4.39,"gc_time":3.13,"gc_overhead":71.27}},"mean_latency":0.260593,"stddev_latency":0.412963,"min_latency":0.0,"max_latency":3.004415,"distr_latency":{"25.0000":0.000287,"50.0000":0.000383,"60.0000":0.008615,"70.0000":0.265215,"75.0000":0.522495,"80.0000":0.808447,"85.0000":0.934399,"90.0000":0.945151,"95.0000":0.965631,"96.0000":1.019391,"97.0000":1.153023,"98.0000":1.287167,"99.0000":1.351679,"99.9000":1.549311,"99.9900":2.775039,"99.9990":3.004415,"99.9999":3.004415,"100.0000":3.004415},"allocations":{"total_heap":14037452,"minor_heap":300185,"major_heap":13737450,"promoted_words":183,"promoted_pct":0.06},"domain_alloc_stats":{"0":{"total":14037452,"minor":300185,"promoted":183,"major":13737450,"promoted_pct":0.06}},"collections":{"minor":982,"major":982,"forced_major":0,"compactions":0}}
{"version":1,"wall_time":4.4,"cpu_time":4.4,"gc_time":3.13,"gc_overhead":71.19,"max_rss_kb":199148,"domain_stats":{"0":{"wall_time":4.4,"gc_time":3.13,"gc_overhead":71.19}},"mean_latency":0.260964,"stddev_latency":0.41309,"min_latency":0.0,"max_latency":3.074047,"distr_latency":{"25.0000":0.000287,"50.0000":0.000375,"60.0000":0.008727,"70.0000":0.268287,"75.0000":0.518399,"80.0000":0.805375,"85.0000":0.936959,"90.0000":0.947199,"95.0000":0.970751,"96.0000":1.043455,"97.0000":1.151999,"98.0000":1.271807,"99.0000":1.352703,"99.9000":1.549311,"99.9900":2.805759,"99.9990":3.074047,"99.9999":3.074047,"100.0000":3.074047},"allocations":{"total_heap":14037452,"minor_heap":300185,"major_heap":13737450,"promoted_words":183,"promoted_pct":0.06},"domain_alloc_stats":{"0":{"total":14037452,"minor":300185,"promoted":183,"major":13737450,"promoted_pct":0.06}},"collections":{"minor":982,"major":982,"forced_major":0,"compactions":0}}
{"version":1,"wall_time":4.4,"cpu_time":4.4,"gc_time":3.14,"gc_overhead":71.24,"max_rss_kb":199792,"domain_stats":{"0":{"wall_time":4.4,"gc_time":3.14,"gc_overhead":71.24}},"mean_latency":0.261507,"stddev_latency":0.414627,"min_latency":0.0,"max_latency":3.188735,"distr_latency":{"25.0000":0.000287,"50.0000":0.000375,"60.0000":0.008607,"70.0000":0.267519,"75.0000":0.515071,"80.0000":0.806399,"85.0000":0.935423,"90.0000":0.945663,"95.0000":0.974847,"96.0000":1.069055,"97.0000":1.169407,"98.0000":1.274879,