{"version":1,"wall_time":3.32,"cpu_time":3.32,"gc_time":1.21,"gc_overhead":36.61,"max_rss_kb":283412,"domain_stats":{"0":{"wall_time":3.32,"gc_time":1.21,"gc_overhead":36.61}},"mean_latency":0.287888,"stddev_latency":0.456703,"min_latency":0.0,"max_latency":5.586943,"distr_latency":{"25.0000":0.033599,"50.0000":0.118335,"60.0000":0.179455,"70.0000":0.270335,"75.0000":0.355071,"80.0000":0.439295,"85.0000":0.570367,"90.0000":0.782335,"95.0000":1.074175,"96.0000":1.217535,"97.0000":1.442815,"98.0000":1.774591,"99.0000":2.232319,"99.9000":3.796991,"99.9900":5.586943,"99.9990":5.586943,"99.9999":5.586943,"100.0000":5.586943},"allocations":{"total_heap":559070055,"minor_heap":535769178,"major_heap":167571965,"promoted_words":144271088,"promoted_pct":26.93},"domain_alloc_stats":{"0":{"total":559070055,"minor":535769178,"promoted":144271088,"major":167571965,"promoted_pct":26.93}},"collections":{"minor":2086,"major":33,"forced_major":0,"compactions":0}}
{"version":1,"wall_time":3.31,"cpu_time":3.31,"gc_time":1.21,"gc_overhead":36.67,"max_rss_kb":283172,"domain_stats":{"0":{"wall_time":3.31,"gc_time":1.21,"gc_overhead":36.67}},"mean_latency":0.28788,"stddev_latency":0.455948,"min_latency":0.0,"max_latency":5.615615,"distr_latency":{"25.0000":0.033663,"50.0000":0.119103,"60.0000":0.179839,"70.0000":0.268799,"75.0000":0.354815,"80.0000":0.441343,"85.0000":0.571903,"90.0000":0.779263,"95.0000":1.054719,"96.0000":1.207295,"97.0000":1.431551,"98.0000":1.762303,"99.0000":2.211839,"99.9000":3.850239,"99.9900":5.615615,"99.9990":5.615615,"99.9999":5.615615,"100.0000":5.615615},"allocations":{"total_heap":559070055,"minor_heap":535769178,"major_heap":167571965,"promoted_words":144271088,"promoted_pct":26.93},"domain_alloc_stats":{"0":{"total":559070055,"minor":535769178,"promoted":144271088,"major":167571965,"promoted_pct":26.93}},"collections":{"minor":2086,"major":33,"forced_major":0,"compactions":0}}
{"version":1,"wall_time":3.35,"cpu_time":3.35,"gc_time":1.23,"gc_overhead":36.64,"max_rss_kb":283404,"domain_stats":{"0":{"wall_time":3.35,"gc_time":1.23,"gc_overhead":36.64}},"mean_latency":0.290641,"stddev_latency":0.462413,"min_latency":0.0,"max_latency":5.570559,"distr_latency":{"25.0000":0.033663,"50.0000":0.118591,"60.0000":0.178815,"70.0000":0.272127,"75.0000":0.361215,"80.0000":0.444415,"85.0000":0.578047,"90.0000":0.784895,"95.0000":1.081343,"96.0000":1.248255,"97.0000":1.465343,"98.0000":1.766399,"99.0000":2.260991,"99.9000":3.944447,"99.9900":5.570559,"99.9990":5.570559,"99.9999":5.570559,"100.0000":5.570559},"allocations":{"total_heap":559070055,"minor_heap":535769178,"major_heap":167571965,"promoted_words":144271088,"promoted_pct":26.93},"domain_alloc_stats":{"0":{"total":559070055,"minor":535769178,"promoted":144271088,"major":167571965,"promoted_pct":26.93}},"collections":{"minor":2086,"major":33,"forced_major":0,"compactions":0}}
{"version":1,"wall_time":3.31,"cpu_time":3.31,"gc_time":1.22,"gc_overhead":36.88,"max_rss_kb":283424,"domain_stats":{"0":{"wall_time":3.31,"gc_time":1.22,"gc_overhead":36.88}},"mean_latency":0.289579,"stddev_latency":0.461737,"min_latency":0.0,"max_latency":5.701631,"distr_latency":{"25.0000":0.033727,"50.0000":0.118911,"60.0000":0.179967,"70.0000":0.268799,"75.0000":0.356095,"80.0000":0.442879,"85.0000":0.571391,"90.0000":0.782335,"95.0000":1.076223,"96.0000":1.234943,"97.0000":1.449983,"98.0000":1.790975,"99.0000":2.250751,"99.9000":3.835903,"99.9900":5.701631,"99.9990":5.701631,"99.9999":5.701631,"100.0000":5.701631},"allocations":{"total_heap":559070055,"minor_heap":535769178,"major_heap":167571965,"promoted_words":144271088,"promoted_pct":26.93},"domain_alloc_stats":{"0":{"total":559070055,"minor":535769178,"promoted":144271088,"major":167571965,"promoted_pct":26.93}},"collections":{"minor":2086,"major":33,"forced_major":0,"compactions":0}}
{"version":1,"wall_time":3.32,"cpu_time":3.32,"gc_time":1.21,"gc_overhead":36.51,"max_rss_kb":283456,"domain_stats":{"0":{"wall_time":3.32,"gc_time":1.21,"gc_overhead":36.51}},"mean_latency":0.287303,"stddev_latency":0.457438,"min_latency":0.0,"max_latency":5.656575,"distr_latency":{"25.0000":0.033247,"50.0000":0.117247,"60.0000":0.178175,"70.0000":0.267263,"75.0000":0.354047,"80.0000":0.440831,"85.0000":0.567807,"90.0000":0.778751,"95.0000":1.069055,"96.0000":1.221631,"97.0000":1.428479,"98.0000":1.756159,"99.0000":2.209791,"99.9000":3.813375,"99.9900":5.656575,"99.9990":5.656575,"99.9999":5.656575,"100.0000":5.656575},"allocations":{"total_heap":559070055,"minor_heap":535769178,"major_heap":167571965,"promoted_words":144271088,"promoted_pct":26.93},"domain_alloc_stats":{"0":{"total":559070055,"minor":535769178,"promoted":144271088,"major":167571965,"promoted_pct":26.93}},"collections":{"minor":2086,"major":33,"forced_major":0,"compactions":0}}
{"version":1,"wall_time":3.33,"cpu_time":3.33,"gc_time":1.22,"gc_overhead":36.53,"max_rss_kb":283392,"domain_stats":{"0":{"wall_time":3.33,"gc_time":1.22,"gc_overhead":36.53}},"mean_latency":0.28805,"stddev_latency":0.457289,"min_latency":0.0,"max_latency":5.722111,"distr_latency":{"25.0000":0.033247,"50.0000":0.119167,"60.0000":0.179327,"70.0000":0.269567,"75.0000":0.356863,"80.0000":0.441087,"85.0000":0.571903,"90.0000":0.778239,"95.0000":1.059839,"96.0000":1.217535,"97.0000":1.413119,"98.0000":1.753087,"99.0000":2.213887,"99.9000":3.805183,"99.9900":5.722111,"99.9990":5.722111,"99.9999":5.722111,"100.0000":5.722111},"allocations":{"total_heap":559070055,"minor_heap":535769178,"major_heap":167571965,"promoted_words":144271088,"promoted_pct":26.93},"domain_alloc_stats":{"0":{"total":559070055,"minor":535769178,"promoted":144271088,"major":167571965,"promoted_pct":26.93}},"collections":{"minor":2086,"major":33,"forced_major":0,"compactions":0}}
{"version":1,"wall_time":3.31,"cpu_time":3.31,"gc_time":1.22,"gc_overhead":36.86,"max_rss_kb":283340,"domain_stats":{"0":{"wall_time":3.31,"gc_time":1.22,"gc_overhead":36.86}},"mean_latency":0.289304,"stddev_latency":0.466279,"min_latency":0.0,"max_latency":7.143423,"distr_latency":{"25.0000":0.034047,"50.0000":0.119679,"60.0000":0.180479,"70.0000":0.269567,"75.0000":0.356351,"80.0000":0.442879,"85.0000":0.568831,"90.0000":0.776703,"95.0000":1.061887,"96.0000":1.235967,"97.0000":1.436671,"98.0000":1.742847,"99.0000":2.234367,"99.9000":4.726783,"99.9900":7.143423,"99.9990":7.143423,"99.9999":7.143423,"100.0000":7.143423},"allocations":{"total_heap":559070055,"minor_heap":535769178,"major_heap":167571965,"promoted_words":144271088,"promoted_pct":26.93},"domain_alloc_stats":{"0":{"total":559070055,"minor":535769178,"promoted":144271088,"major":167571965,"promoted_pct":26.93}},"collections":{"minor":2086,"major":33,"forced_major":0,"compactions":0}}
{"version":1,"wall_time":3.32,"cpu_time":3.32,"gc_time":1.21,"gc_overhead":36.64,"max_rss_kb":283452,"domain_stats":{"0":{"wall_time":3.32,"gc_time":1.21,"gc_overhead":36.64}},"mean_latency":0.287944,"stddev_latency":0.45843,"min_latency":0.0,"max_latency":5.709823,"distr_latency":{"25.0000":0.033343,"50.0000":0.118207,"60.0000":0.178559,"70.0000":0.269311,"75.0000":0.356095,"80.0000":0.440063,"85.0000":0.568319,"90.0000":0.782335,"95.0000":1.070079,"96.0000":1.225727,"97.0000":1.425407,"98.0000":1.758207,"99.0000":2.260991,"99.9000":3.848191,"99.9900":5.709823,"99.9990":5.709823,"99.9999":5.709823,"100.0000":5.709823},"allocations":{"total_heap":559070057,"minor_heap":535769180,"major_heap":167571965,"promoted_words":144271088,"promoted_pct":26.93},"domain_alloc_stats":{"0":{"total":559070057,"minor":535769180,"promoted":144271088,"major":167571965,"promoted_pct":26.93}},"collections":{"minor":2086,"major":33,"forced_major":0,"compactions":0}}
{"version":1,"wall_time":3.33,"cpu_time":3.33,"gc_time":1.22,"gc_overhead":36.61,"max_rss_kb":283480,"domain_stats":{"0":{"wall_time":3.33,"gc_time":1.22,"gc_overhead":36.61}},"mean_latency":0.288914,"stddev_latency":0.4677,"min_latency":0.0,"max_latency":7.426047,"distr_latency":{"25.0000":0.033439,"50.0000":0.118207,