{"version":1,"wall_time":2.46,"cpu_time":2.46,"gc_time":0.06,"gc_overhead":2.34,"max_rss_kb":12284,"domain_stats":{"0":{"wall_time":2.46,"gc_time":0.06,"gc_overhead":2.34}},"mean_latency":0.011407,"stddev_latency":0.016706,"min_latency":0.0,"max_latency":0.097535,"distr_latency":{"25.0000":4.7e-05,"50.0000":0.005575,"60.0000":0.005847,"70.0000":0.008847,"75.0000":0.009391,"80.0000":0.025311,"85.0000":0.026031,"90.0000":0.052511,"95.0000":0.053439,"96.0000":0.053631,"97.0000":0.053951,"98.0000":0.054207,"99.0000":0.054495,"99.9000":0.057247,"99.9900":0.070463,"99.9990":0.097535,"99.9999":0.097535,"100.0000":0.097535},"allocations":{"total_heap":259642093,"minor_heap":87052380,"major_heap":183310175,"promoted_words":10720462,"promoted_pct":12.31},"domain_alloc_stats":{"0":{"total":259642093,"minor":87052380,"promoted":10720462,"major":183310175,"promoted_pct":12.31}},"collections":{"minor":1529,"major":1529,"forced_major":0,"compactions":0}}
{"version":1,"wall_time":2.49,"cpu_time":2.49,"gc_time":0.06,"gc_overhead":2.34,"max_rss_kb":12220,"domain_stats":{"0":{"wall_time":2.49,"gc_time":0.06,"gc_overhead":2.34}},"mean_latency":0.011518,"stddev_latency":0.017141,"min_latency":0.0,"max_latency":0.104959,"distr_latency":{"25.0000":4.7e-05,"50.0000":0.004703,"60.0000":0.004943,"70.0000":0.007943,"75.0000":0.008775,"80.0000":0.027999,"85.0000":0.029295,"90.0000":0.052671,"95.0000":0.053759,"96.0000":0.054015,"97.0000":0.054271,"98.0000":0.054591,"99.0000":0.054975,"99.9000":0.056639,"99.9900":0.064287,"99.9990":0.104959,"99.9999":0.104959,"100.0000":0.104959},"allocations":{"total_heap":259642093,"minor_heap":87052380,"major_heap":183310175,"promoted_words":10720462,"promoted_pct":12.31},"domain_alloc_stats":{"0":{"total":259642093,"minor":87052380,"promoted":10720462,"major":183310175,"promoted_pct":12.31}},"collections":{"minor":1529,"major":1529,"forced_major":0,"compactions":0}}
{"version":1,"wall_time":2.46,"cpu_time":2.46,"gc_time":0.06,"gc_overhead":2.39,"max_rss_kb":12384,"domain_stats":{"0":{"wall_time":2.46,"gc_time":0.06,"gc_overhead":2.39}},"mean_latency":0.011608,"stddev_latency":0.017217,"min_latency":0.0,"max_latency":0.093567,"distr_latency":{"25.0000":4.7e-05,"50.0000":0.004687,"60.0000":0.004855,"70.0000":0.008303,"75.0000":0.008855,"80.0000":0.028879,"85.0000":0.030223,"90.0000":0.052351,"95.0000":0.053663,"96.0000":0.053919,"97.0000":0.054271,"98.0000":0.054463,"99.0000":0.054975,"99.9000":0.057407,"99.9900":0.066751,"99.9990":0.093567,"99.9999":0.093567,"100.0000":0.093567},"allocations":{"total_heap":259642093,"minor_heap":87052380,"major_heap":183310175,"promoted_words":10720462,"promoted_pct":12.31},"domain_alloc_stats":{"0":{"total":259642093,"minor":87052380,"promoted":10720462,"major":183310175,"promoted_pct":12.31}},"collections":{"minor":1529,"major":1529,"forced_major":0,"compactions":0}}
{"version":1,"wall_time":2.48,"cpu_time":2.48,"gc_time":0.06,"gc_overhead":2.38,"max_rss_kb":12080,"domain_stats":{"0":{"wall_time":2.48,"gc_time":0.06,"gc_overhead":2.38}},"mean_latency":0.011657,"stddev_latency":0.017397,"min_latency":0.0,"max_latency":0.100415,"distr_latency":{"25.0000":4.7e-05,"50.0000":0.004775,"60.0000":0.004991,"70.0000":0.007847,"75.0000":0.008607,"80.0000":0.028351,"85.0000":0.029663,"90.0000":0.053151,"95.0000":0.054559,"96.0000":0.054783,"97.0000":0.055039,"98.0000":0.055391,"99.0000":0.055839,"99.9000":0.059071,"99.9900":0.067583,"99.9990":0.100415,"99.9999":0.100415,"100.0000":0.100415},"allocations":{"total_heap":259642093,"minor_heap":87052380,"major_heap":183310175,"promoted_words":10720462,"promoted_pct":12.31},"domain_alloc_stats":{"0":{"total":259642093,"minor":87052380,"promoted":10720462,"major":183310175,"promoted_pct":12.31}},"collections":{"minor":1529,"major":1529,"forced_major":0,"compactions":0}}
{"version":1,"wall_time":2.46,"cpu_time":2.46,"gc_time":0.06,"gc_overhead":2.3,"max_rss_kb":12744,"domain_stats":{"0":{"wall_time":2.46,"gc_time":0.06,"gc_overhead":2.3}},"mean_latency":0.011178,"stddev_latency":0.016818,"min_latency":0.0,"max_latency":0.145919,"distr_latency":{"25.0000":4.7e-05,"50.0000":0.004655,"60.0000":0.004903,"70.0000":0.007847,"75.0000":0.008527,"80.0000":0.026063,"85.0000":0.026783,"90.0000":0.052031,"95.0000":0.052991,"96.0000":0.053279,"97.0000":0.053567,"98.0000":0.053855,"99.0000":0.054175,"99.9000":0.056255,"99.9900":0.094143,"99.9990":0.145919,"99.9999":0.145919,"100.0000":0.145919},"allocations":{"total_heap":259642093,"minor_heap":87052380,"major_heap":183310175,"promoted_words":10720462,"promoted_pct":12.31},"domain_alloc_stats":{"0":{"total":259642093,"minor":87052380,"promoted":10720462,"major":183310175,"promoted_pct":12.31}},"collections":{"minor":1529,"major":1529,"forced_major":0,"compactions":0}}
{"version":1,"wall_time":2.46,"cpu_time":2.46,"gc_time":0.06,"gc_overhead":2.36,"max_rss_kb":12404,"domain_stats":{"0":{"wall_time":2.46,"gc_time":0.06,"gc_overhead":2.36}},"mean_latency":0.011527,"stddev_latency":0.017172,"min_latency":0.0,"max_latency":0.101951,"distr_latency":{"25.0000":4.7e-05,"50.0000":0.004687,"60.0000":0.004831,"70.0000":0.007823,"75.0000":0.008687,"80.0000":0.028319,"85.0000":0.029695,"90.0000":0.052383,"95.0000":0.053727,"96.0000":0.054015,"97.0000":0.054271,"98.0000":0.054591,"99.0000":0.054911,"99.9000":0.057343,"99.9900":0.069055,"99.9990":0.101951,"99.9999":0.101951,"100.0000":0.101951},"allocations":{"total_heap":259642093,"minor_heap":87052380,"major_heap":183310175,"promoted_words":10720462,"promoted_pct":12.31},"domain_alloc_stats":{"0":{"total":259642093,"minor":87052380,"promoted":10720462,"major":183310175,"promoted_pct":12.31}},"collections":{"minor":1529,"major":1529,"forced_major":0,"compactions":0}}
{"version":1,"wall_time":2.46,"cpu_time":2.46,"gc_time":0.06,"gc_overhead":2.38,"max_rss_kb":12812,"domain_stats":{"0":{"wall_time":2.46,"gc_time":0.06,"gc_overhead":2.38}},"mean_latency":0.01157,"stddev_latency":0.01725,"min_latency":0.0,"max_latency":0.121599,"distr_latency":{"25.0000":3.1e-05,"50.0000":0.004671,"60.0000":0.004903,"70.0000":0.007831,"75.0000":0.008535,"80.0000":0.028607,"85.0000":0.030015,"90.0000":0.052287,"95.0000":0.053727,"96.0000":0.053951,"97.0000":0.054239,"98.0000":0.054591,"99.0000":0.054911,"99.9000":0.056735,"99.9900":0.070527,"99.9990":0.121599,"99.9999":0.121599,"100.0000":0.121599},"allocations":{"total_heap":259642093,"minor_heap":87052380,"major_heap":183310175,"promoted_words":10720462,"promoted_pct":12.31},"domain_alloc_stats":{"0":{"total":259642093,"minor":87052380,"promoted":10720462,"major":183310175,"promoted_pct":12.31}},"collections":{"minor":1529,"major":1529,"forced_major":0,"compactions":0}}
{"version":1,"wall_time":2.48,"cpu_time":2.48,"gc_time":0.06,"gc_overhead":2.42,"max_rss_kb":12636,"domain_stats":{"0":{"wall_time":2.48,"gc_time":0.06,"gc_overhead":2.42}},"mean_latency":0.011857,"stddev_latency":0.017328,"min_latency":0.0,"max_latency":0.109119,"distr_latency":{"25.0000":4.7e-05,"50.0000":0.004831,"60.0000":0.005727,"70.0000":0.008815,"75.0000":0.009527,"80.0000":0.028431,"85.0000":0.029743,"90.0000":0.052927,"95.0000":0.054239,"96.0000":0.054495,"97.0000":0.054751,"98.0000":0.055007,"99.0000":0.055391,"99.9000":0.064671,"99.9900":0.083583,"99.9990":0.109119,"99.9999":0.109119,"100.0000":0.109119},"allocations":{"total_heap":259642093,"minor_heap":87052380,"major_heap":183310175,"promoted_words":10720462,"promoted_pct":12.31},"domain_alloc_stats":{"0":{"total":259642093,"minor":87052380,"promoted":10720462,"major":183310175,"promoted_pct":12.31}},"collections":{"minor":1529,"major":1529,"forced_major":0,"compactions":0}}
{"version":1,"wall_time":2.47,"cpu_time":2.47,"gc_time":0.06,"gc_overhead":2.33,"max_rss_kb":12580,"domain_stats":{"0":{"wall_time":2.47,"gc_time":0.06,"gc_overhead":2.33}},"mean_latency":0.01137,"stddev_latency":0.016763,"min_latency":0.0,"max_latency":0.107263,"distr_latency":{"25.0000":3.1e-05,"50.0000":0.005487,"60.0000":0.005751,"70.0000":0.008703,