{"version":1,"wall_time":4.67,"cpu_time":4.67,"gc_time":2.15,"gc_overhead":46.04,"max_rss_kb":973156,"domain_stats":{"0":{"wall_time":4.67,"gc_time":2.15,"gc_overhead":46.04}},"mean_latency":0.103099,"stddev_latency":0.267862,"min_latency":0.0,"max_latency":12.410879,"distr_latency":{"25.0000":0.030863,"50.0000":0.074047,"60.0000":0.079359,"70.0000":0.109247,"75.0000":0.116799,"80.0000":0.130367,"85.0000":0.143103,"90.0000":0.166783,"95.0000":0.265215,"96.0000":0.283903,"97.0000":0.332031,"98.0000":0.438783,"99.0000":0.637951,"99.9000":3.665919,"99.9900":11.927551,"99.9990":12.410879,"99.9999":12.410879,"100.0000":12.410879},"allocations":{"total_heap":2736734174,"minor_heap":2724146496,"major_heap":385446879,"promoted_words":372859201,"promoted_pct":13.69},"domain_alloc_stats":{"0":{"total":2736734174,"minor":2724146496,"promoted":372859201,"major":385446879,"promoted_pct":13.69}},"collections":{"minor":10415,"major":32,"forced_major":0,"compactions":0}}
{"version":1,"wall_time":4.67,"cpu_time":4.67,"gc_time":2.14,"gc_overhead":45.94,"max_rss_kb":978256,"domain_stats":{"0":{"wall_time":4.67,"gc_time":2.14,"gc_overhead":45.94}},"mean_latency":0.102732,"stddev_latency":0.268079,"min_latency":0.0,"max_latency":12.517375,"distr_latency":{"25.0000":0.030735,"50.0000":0.073663,"60.0000":0.078847,"70.0000":0.108991,"75.0000":0.116479,"80.0000":0.129599,"85.0000":0.141951,"90.0000":0.165631,"95.0000":0.263167,"96.0000":0.282111,"97.0000":0.333823,"98.0000":0.434431,"99.0000":0.643583,"99.9000":3.674111,"99.9900":11.771903,"99.9990":12.517375,"99.9999":12.517375,"100.0000":12.517375},"allocations":{"total_heap":2736734174,"minor_heap":2724146496,"major_heap":385446879,"promoted_words":372859201,"promoted_pct":13.69},"domain_alloc_stats":{"0":{"total":2736734174,"minor":2724146496,"promoted":372859201,"major":385446879,"promoted_pct":13.69}},"collections":{"minor":10415,"major":32,"forced_major":0,"compactions":0}}
{"version":1,"wall_time":4.68,"cpu_time":4.68,"gc_time":2.15,"gc_overhead":46.03,"max_rss_kb":971484,"domain_stats":{"0":{"wall_time":4.68,"gc_time":2.15,"gc_overhead":46.03}},"mean_latency":0.103095,"stddev_latency":0.266251,"min_latency":0.0,"max_latency":12.247039,"distr_latency":{"25.0000":0.030623,"50.0000":0.073919,"60.0000":0.079231,"70.0000":0.109119,"75.0000":0.116735,"80.0000":0.130751,"85.0000":0.143231,"90.0000":0.167039,"95.0000":0.266239,"96.0000":0.283135,"97.0000":0.332543,"98.0000":0.440063,"99.0000":0.640511,"99.9000":3.665919,"99.9900":11.657215,"99.9990":12.247039,"99.9999":12.247039,"100.0000":12.247039},"allocations":{"total_heap":2736734174,"minor_heap":2724146496,"major_heap":385446879,"promoted_words":372859201,"promoted_pct":13.69},"domain_alloc_stats":{"0":{"total":2736734174,"minor":2724146496,"promoted":372859201,"major":385446879,"promoted_pct":13.69}},"collections":{"minor":10415,"major":32,"forced_major":0,"compactions":0}}
{"version":1,"wall_time":4.69,"cpu_time":4.69,"gc_time":2.16,"gc_overhead":46.06,"max_rss_kb":965300,"domain_stats":{"0":{"wall_time":4.69,"gc_time":2.16,"gc_overhead":46.06}},"mean_latency":0.103433,"stddev_latency":0.267869,"min_latency":0.0,"max_latency":12.394495,"distr_latency":{"25.0000":0.030351,"50.0000":0.073791,"60.0000":0.078847,"70.0000":0.108799,"75.0000":0.116799,"80.0000":0.133119,"85.0000":0.145791,"90.0000":0.169087,"95.0000":0.268031,"96.0000":0.285183,"97.0000":0.329215,"98.0000":0.441343,"99.0000":0.653823,"99.9000":3.651583,"99.9900":11.862015,"99.9990":12.394495,"99.9999":12.394495,"100.0000":12.394495},"allocations":{"total_heap":2736734174,"minor_heap":2724146496,"major_heap":385446879,"promoted_words":372859201,"promoted_pct":13.69},"domain_alloc_stats":{"0":{"total":2736734174,"minor":2724146496,"promoted":372859201,"major":385446879,"promoted_pct":13.69}},"collections":{"minor":10415,"major":32,"forced_major":0,"compactions":0}}
{"version":1,"wall_time":4.71,"cpu_time":4.71,"gc_time":2.19,"gc_overhead":46.44,"max_rss_kb":956536,"domain_stats":{"0":{"wall_time":4.71,"gc_time":2.19,"gc_overhead":46.44}},"mean_latency":0.104786,"stddev_latency":0.268465,"min_latency":0.0,"max_latency":12.509183,"distr_latency":{"25.0000":0.030543,"50.0000":0.076863,"60.0000":0.082047,"70.0000":0.111807,"75.0000":0.119167,"80.0000":0.133887,"85.0000":0.146047,"90.0000":0.169215,"95.0000":0.270847,"96.0000":0.288511,"97.0000":0.333823,"98.0000":0.444415,"99.0000":0.655871,"99.9000":3.663871,"99.9900":11.812863,"99.9990":12.509183,"99.9999":12.509183,"100.0000":12.509183},"allocations":{"total_heap":2736734174,"minor_heap":2724146496,"major_heap":385446879,"promoted_words":372859201,"promoted_pct":13.69},"domain_alloc_stats":{"0":{"total":2736734174,"minor":2724146496,"promoted":372859201,"major":385446879,"promoted_pct":13.69}},"collections":{"minor":10415,"major":32,"forced_major":0,"compactions":0}}
{"version":1,"wall_time":4.69,"cpu_time":4.69,"gc_time":2.16,"gc_overhead":46.02,"max_rss_kb":965704,"domain_stats":{"0":{"wall_time":4.69,"gc_time":2.16,"gc_overhead":46.02}},"mean_latency":0.103298,"stddev_latency":0.267193,"min_latency":0.0,"max_latency":12.378111,"distr_latency":{"25.0000":0.030623,"50.0000":0.073983,"60.0000":0.079167,"70.0000":0.109375,"75.0000":0.116927,"80.0000":0.131839,"85.0000":0.144255,"90.0000":0.167551,"95.0000":0.267519,"96.0000":0.284159,"97.0000":0.331263,"98.0000":0.441087,"99.0000":0.642559,"99.9000":3.657727,"99.9900":11.755519,"99.9990":12.378111,"99.9999":12.378111,"100.0000":12.378111},"allocations":{"total_heap":2736734174,"minor_heap":2724146496,"major_heap":385446879,"promoted_words":372859201,"promoted_pct":13.69},"domain_alloc_stats":{"0":{"total":2736734174,"minor":2724146496,"promoted":372859201,"major":385446879,"promoted_pct":13.69}},"collections":{"minor":10415,"major":32,"forced_major":0,"compactions":0}}
{"version":1,"wall_time":4.68,"cpu_time":4.68,"gc_time":2.16,"gc_overhead":46.06,"max_rss_kb":968128,"domain_stats":{"0":{"wall_time":4.68,"gc_time":2.16,"gc_overhead":46.06}},"mean_latency":0.103298,"stddev_latency":0.268515,"min_latency":0.0,"max_latency":12.484607,"distr_latency":{"25.0000":0.030767,"50.0000":0.073855,"60.0000":0.079231,"70.0000":0.109183,"75.0000":0.116863,"80.0000":0.132095,"85.0000":0.143999,"90.0000":0.167039,"95.0000":0.264447,"96.0000":0.282623,"97.0000":0.332799,"98.0000":0.437503,"99.0000":0.643071,"99.9000":3.674111,"99.9900":11.853823,"99.9990":12.484607,"99.9999":12.484607,"100.0000":12.484607},"allocations":{"total_heap":2736734174,"minor_heap":2724146496,"major_heap":385446879,"promoted_words":372859201,"promoted_pct":13.69},"domain_alloc_stats":{"0":{"total":2736734174,"minor":2724146496,"promoted":372859201,"major":385446879,"promoted_pct":13.69}},"collections":{"minor":10415,"major":32,"forced_major":0,"compactions":0}}
{"version":1,"wall_time":4.69,"cpu_time":4.69,"gc_time":2.16,"gc_overhead":46.05,"max_rss_kb":962080,"domain_stats":{"0":{"wall_time":4.69,"gc_time":2.16,"gc_overhead":46.05}},"mean_latency":0.103503,"stddev_latency":0.26686,"min_latency":0.0,"max_latency":12.304383,"distr_latency":{"25.0000":0.030991,"50.0000":0.074111,"60.0000":0.079423,"70.0000":0.109247,"75.0000":0.117119,"80.0000":0.132735,"85.0000":0.144511,"90.0000":0.167167,"95.0000":0.266751,"96.0000":0.284159,"97.0000":0.328959,"98.0000":0.440575,"99.0000":0.638463,"99.9000":3.672063,"99.9900":11.739135,"99.9990":12.304383,"99.9999":12.304383,"100.0000":12.304383},"allocations":{"total_heap":2736734174,"minor_heap":2724146496,"major_heap":385446879,"promoted_words":372859201,"promoted_pct":13.69},"domain_alloc_stats":{"0":{"total":2736734174,"minor":2724146496,"promoted":372859201,"major":385446879,"promoted_pct":13.69}},"collections":{"minor":10415,"major":32,"forced_major":0,"compactions":0}}
{"version":1,"wall_time":4.68,"cpu_time":4.68,"gc_time":2.16,"gc_overhead":46.22,"max_rss_kb":970312,"domain_stats":{"0":{"wall_time":4.68,"gc_time":2.16,"gc_overhead":46.22}},"mean_latency":0.103598,"stddev_latency":0.266936,