{"version":1,"wall_time":2.99,"cpu_time":2.99,"gc_time":1.04,"gc_overhead":34.94,"max_rss_kb":209164,"domain_stats":{"0":{"wall_time":2.99,"gc_time":1.04,"gc_overhead":34.94}},"mean_latency":0.002876,"stddev_latency":0.002717,"min_latency":0.0,"max_latency":0.099455,"distr_latency":{"25.0000":4.7e-05,"50.0000":0.002063,"60.0000":0.002623,"70.0000":0.005567,"75.0000":0.006071,"80.0000":0.006215,"85.0000":0.006535,"90.0000":0.006863,"95.0000":0.007175,"96.0000":0.007303,"97.0000":0.007463,"98.0000":0.007647,"99.0000":0.007935,"99.9000":0.010607,"99.9900":0.014415,"99.9990":0.021759,"99.9999":0.099455,"100.0000":0.099455},"allocations":{"total_heap":55672080,"minor_heap":54482404,"major_heap":1874233,"promoted_words":684557,"promoted_pct":1.26},"domain_alloc_stats":{"0":{"total":55672080,"minor":54482404,"promoted":684557,"major":1874233,"promoted_pct":1.26}},"collections":{"minor":107202,"major":107202,"forced_major":0,"compactions":0}}
{"version":1,"wall_time":2.93,"cpu_time":2.93,"gc_time":0.96,"gc_overhead":32.65,"max_rss_kb":213380,"domain_stats":{"0":{"wall_time":2.93,"gc_time":0.96,"gc_overhead":32.65}},"mean_latency":0.002639,"stddev_latency":0.002401,"min_latency":0.0,"max_latency":0.088575,"distr_latency":{"25.0000":4.7e-05,"50.0000":0.002007,"60.0000":0.002591,"70.0000":0.005047,"75.0000":0.005335,"80.0000":0.005495,"85.0000":0.005783,"90.0000":0.006071,"95.0000":0.006415,"96.0000":0.006511,"97.0000":0.006655,"98.0000":0.006855,"99.0000":0.007223,"99.9000":0.009831,"99.9900":0.014727,"99.9990":0.025791,"99.9999":0.088575,"100.0000":0.088575},"allocations":{"total_heap":55672080,"minor_heap":54482404,"major_heap":1874233,"promoted_words":684557,"promoted_pct":1.26},"domain_alloc_stats":{"0":{"total":55672080,"minor":54482404,"promoted":684557,"major":1874233,"promoted_pct":1.26}},"collections":{"minor":107202,"major":107202,"forced_major":0,"compactions":0}}
{"version":1,"wall_time":3.02,"cpu_time":3.02,"gc_time":1.07,"gc_overhead":35.56,"max_rss_kb":214480,"domain_stats":{"0":{"wall_time":3.02,"gc_time":1.07,"gc_overhead":35.56}},"mean_latency":0.002959,"stddev_latency":0.002841,"min_latency":0.0,"max_latency":0.090175,"distr_latency":{"25.0000":4.7e-05,"50.0000":0.002023,"60.0000":0.002583,"70.0000":0.005695,"75.0000":0.006375,"80.0000":0.006551,"85.0000":0.006823,"90.0000":0.007167,"95.0000":0.007511,"96.0000":0.007631,"97.0000":0.007783,"98.0000":0.007991,"99.0000":0.008303,"99.9000":0.011143,"99.9900":0.014831,"99.9990":0.022383,"99.9999":0.090175,"100.0000":0.090175},"allocations":{"total_heap":55672080,"minor_heap":54482404,"major_heap":1874233,"promoted_words":684557,"promoted_pct":1.26},"domain_alloc_stats":{"0":{"total":55672080,"minor":54482404,"promoted":684557,"major":1874233,"promoted_pct":1.26}},"collections":{"minor":107202,"major":107202,"forced_major":0,"compactions":0}}
{"version":1,"wall_time":2.93,"cpu_time":2.93,"gc_time":0.94,"gc_overhead":31.97,"max_rss_kb":213532,"domain_stats":{"0":{"wall_time":2.93,"gc_time":0.94,"gc_overhead":31.97}},"mean_latency":0.002577,"stddev_latency":0.00235,"min_latency":0.0,"max_latency":0.093375,"distr_latency":{"25.0000":4.7e-05,"50.0000":0.001943,"60.0000":0.002503,"70.0000":0.004983,"75.0000":0.005207,"80.0000":0.005351,"85.0000":0.005655,"90.0000":0.005951,"95.0000":0.006263,"96.0000":0.006375,"97.0000":0.006527,"98.0000":0.006703,"99.0000":0.007095,"99.9000":0.009831,"99.9900":0.013751,"99.9990":0.020543,"99.9999":0.093375,"100.0000":0.093375},"allocations":{"total_heap":55672080,"minor_heap":54482404,"major_heap":1874233,"promoted_words":684557,"promoted_pct":1.26},"domain_alloc_stats":{"0":{"total":55672080,"minor":54482404,"promoted":684557,"major":1874233,"promoted_pct":1.26}},"collections":{"minor":107202,"major":107202,"forced_major":0,"compactions":0}}
{"version":1,"wall_time":2.91,"cpu_time":2.91,"gc_time":0.96,"gc_overhead":33.11,"max_rss_kb":214932,"domain_stats":{"0":{"wall_time":2.91,"gc_time":0.96,"gc_overhead":33.11}},"mean_latency":0.002652,"stddev_latency":0.002408,"min_latency":0.0,"max_latency":0.090111,"distr_latency":{"25.0000":4.7e-05,"50.0000":0.002047,"60.0000":0.002607,"70.0000":0.005127,"75.0000":0.005351,"80.0000":0.005511,"85.0000":0.005823,"90.0000":0.006111,"95.0000":0.006431,"96.0000":0.006543,"97.0000":0.006703,"98.0000":0.006887,"99.0000":0.007247,"99.9000":0.009455,"99.9900":0.014031,"99.9990":0.017215,"99.9999":0.090111,"100.0000":0.090111},"allocations":{"total_heap":55672080,"minor_heap":54482404,"major_heap":1874233,"promoted_words":684557,"promoted_pct":1.26},"domain_alloc_stats":{"0":{"total":55672080,"minor":54482404,"promoted":684557,"major":1874233,"promoted_pct":1.26}},"collections":{"minor":107202,"major":107202,"forced_major":0,"compactions":0}}
{"version":1,"wall_time":2.91,"cpu_time":2.91,"gc_time":0.97,"gc_overhead":33.33,"max_rss_kb":215080,"domain_stats":{"0":{"wall_time":2.91,"gc_time":0.97,"gc_overhead":33.33}},"mean_latency":0.002674,"stddev_latency":0.002439,"min_latency":0.0,"max_latency":0.114815,"distr_latency":{"25.0000":4.7e-05,"50.0000":0.002071,"60.0000":0.002623,"70.0000":0.005071,"75.0000":0.005367,"80.0000":0.005527,"85.0000":0.005863,"90.0000":0.006143,"95.0000":0.006487,"96.0000":0.006615,"97.0000":0.006783,"98.0000":0.006975,"99.0000":0.007687,"99.9000":0.010495,"99.9900":0.014567,"99.9990":0.020063,"99.9999":0.114815,"100.0000":0.114815},"allocations":{"total_heap":55672080,"minor_heap":54482404,"major_heap":1874233,"promoted_words":684557,"promoted_pct":1.26},"domain_alloc_stats":{"0":{"total":55672080,"minor":54482404,"promoted":684557,"major":1874233,"promoted_pct":1.26}},"collections":{"minor":107202,"major":107202,"forced_major":0,"compactions":0}}
{"version":1,"wall_time":2.98,"cpu_time":2.98,"gc_time":1.03,"gc_overhead":34.46,"max_rss_kb":209948,"domain_stats":{"0":{"wall_time":2.98,"gc_time":1.03,"gc_overhead":34.46}},"mean_latency":0.002829,"stddev_latency":0.002668,"min_latency":0.0,"max_latency":0.093439,"distr_latency":{"25.0000":4.7e-05,"50.0000":0.002047,"60.0000":0.002575,"70.0000":0.005271,"75.0000":0.005967,"80.0000":0.006135,"85.0000":0.006383,"90.0000":0.006751,"95.0000":0.007127,"96.0000":0.007247,"97.0000":0.007391,"98.0000":0.007607,"99.0000":0.007911,"99.9000":0.010743,"99.9900":0.014367,"99.9990":0.028543,"99.9999":0.093439,"100.0000":0.093439},"allocations":{"total_heap":55672080,"minor_heap":54482404,"major_heap":1874233,"promoted_words":684557,"promoted_pct":1.26},"domain_alloc_stats":{"0":{"total":55672080,"minor":54482404,"promoted":684557,"major":1874233,"promoted_pct":1.26}},"collections":{"minor":107202,"major":107202,"forced_major":0,"compactions":0}}
{"version":1,"wall_time":2.94,"cpu_time":2.94,"gc_time":0.98,"gc_overhead":33.48,"max_rss_kb":212688,"domain_stats":{"0":{"wall_time":2.94,"gc_time":0.98,"gc_overhead":33.48}},"mean_latency":0.002713,"stddev_latency":0.002503,"min_latency":0.0,"max_latency":0.088831,"distr_latency":{"25.0000":4.7e-05,"50.0000":0.002055,"60.0000":0.002607,"70.0000":0.005311,"75.0000":0.005495,"80.0000":0.005663,"85.0000":0.006015,"90.0000":0.006295,"95.0000":0.006623,"96.0000":0.006751,"97.0000":0.006903,"98.0000":0.007103,"99.0000":0.007647,"99.9000":0.011415,"99.9900":0.019295,"99.9990":0.024255,"99.9999":0.088831,"100.0000":0.088831},"allocations":{"total_heap":55672080,"minor_heap":54482404,"major_heap":1874233,"promoted_words":684557,"promoted_pct":1.26},"domain_alloc_stats":{"0":{"total":55672080,"minor":54482404,"promoted":684557,"major":1874233,"promoted_pct":1.26}},"collections":{"minor":107202,"major":107202,"forced_major":0,"compactions":0}}
{"version":1,"wall_time":2.98,"cpu_time":2.98,"gc_time":1.02,"gc_overhead":34.39,"max_rss_kb":210016,"domain_stats":{"0":{"wall_time":2.98,"gc_time":1.02,"gc_overhead":34.39}},"mean_latency":0.002822,"stddev_latency":0.002641,"min_latency":0.0,"max_latency":0.089855,"distr_latency":{"25.0000":4.7e-05,"50.0000":0.002095,"60.0000":0.002631,"70.0000":0.005303,"75.0000":0.005791,"80.0000":0.006111,