{"version":1,"wall_time":2.28,"cpu_time":2.28,"gc_time":0.57,"gc_overhead":25.13,"max_rss_kb":147440,"domain_stats":{"0":{"wall_time":2.28,"gc_time":0.57,"gc_overhead":25.13}},"mean_latency":0.00287,"stddev_latency":0.002462,"min_latency":0.0,"max_latency":0.047391,"distr_latency":{"25.0000":3.1e-05,"50.0000":0.002855,"60.0000":0.003591,"70.0000":0.004783,"75.0000":0.004927,"80.0000":0.005023,"85.0000":0.005287,"90.0000":0.005671,"95.0000":0.006495,"96.0000":0.006951,"97.0000":0.007535,"98.0000":0.008263,"99.0000":0.009343,"99.9000":0.012767,"99.9900":0.016415,"99.9990":0.033119,"99.9999":0.047391,"100.0000":0.047391},"allocations":{"total_heap":3993830608,"minor_heap":4177519,"major_heap":3989907772,"promoted_words":254683,"promoted_pct":6.1},"domain_alloc_stats":{"0":{"total":3993830608,"minor":4177519,"promoted":254683,"major":3989907772,"promoted_pct":6.1}},"collections":{"minor":101153,"major":101143,"forced_major":0,"compactions":0}}
{"version":1,"wall_time":2.31,"cpu_time":2.31,"gc_time":0.62,"gc_overhead":26.61,"max_rss_kb":146156,"domain_stats":{"0":{"wall_time":2.31,"gc_time":0.62,"gc_overhead":26.61}},"mean_latency":0.003075,"stddev_latency":0.002637,"min_latency":0.0,"max_latency":0.047903,"distr_latency":{"25.0000":3.1e-05,"50.0000":0.003143,"60.0000":0.003967,"70.0000":0.005063,"75.0000":0.005271,"80.0000":0.005407,"85.0000":0.005591,"90.0000":0.006151,"95.0000":0.006983,"96.0000":0.007463,"97.0000":0.008095,"98.0000":0.008871,"99.0000":0.010007,"99.9000":0.013543,"99.9900":0.017695,"99.9990":0.029359,"99.9999":0.047903,"100.0000":0.047903},"allocations":{"total_heap":3993830608,"minor_heap":4177519,"major_heap":3989907772,"promoted_words":254683,"promoted_pct":6.1},"domain_alloc_stats":{"0":{"total":3993830608,"minor":4177519,"promoted":254683,"major":3989907772,"promoted_pct":6.1}},"collections":{"minor":101153,"major":101143,"forced_major":0,"compactions":0}}
{"version":1,"wall_time":2.3,"cpu_time":2.3,"gc_time":0.61,"gc_overhead":26.61,"max_rss_kb":146692,"domain_stats":{"0":{"wall_time":2.3,"gc_time":0.61,"gc_overhead":26.61}},"mean_latency":0.003063,"stddev_latency":0.002625,"min_latency":0.0,"max_latency":0.039615,"distr_latency":{"25.0000":3.1e-05,"50.0000":0.003143,"60.0000":0.003943,"70.0000":0.005055,"75.0000":0.005263,"80.0000":0.005391,"85.0000":0.005607,"90.0000":0.006151,"95.0000":0.007055,"96.0000":0.007487,"97.0000":0.008047,"98.0000":0.008791,"99.0000":0.009871,"99.9000":0.013175,"99.9900":0.016463,"99.9990":0.018623,"99.9999":0.039615,"100.0000":0.039615},"allocations":{"total_heap":3993830608,"minor_heap":4177519,"major_heap":3989907772,"promoted_words":254683,"promoted_pct":6.1},"domain_alloc_stats":{"0":{"total":3993830608,"minor":4177519,"promoted":254683,"major":3989907772,"promoted_pct":6.1}},"collections":{"minor":101153,"major":101143,"forced_major":0,"compactions":0}}
{"version":1,"wall_time":2.3,"cpu_time":2.3,"gc_time":0.61,"gc_overhead":26.36,"max_rss_kb":146996,"domain_stats":{"0":{"wall_time":2.3,"gc_time":0.61,"gc_overhead":26.36}},"mean_latency":0.003033,"stddev_latency":0.002608,"min_latency":0.0,"max_latency":0.073471,"distr_latency":{"25.0000":3.1e-05,"50.0000":0.003055,"60.0000":0.003863,"70.0000":0.005023,"75.0000":0.005191,"80.0000":0.005327,"85.0000":0.005511,"90.0000":0.006087,"95.0000":0.006991,"96.0000":0.007431,"97.0000":0.008007,"98.0000":0.008767,"99.0000":0.009895,"99.9000":0.013335,"99.9900":0.017311,"99.9990":0.034271,"99.9999":0.073471,"100.0000":0.073471},"allocations":{"total_heap":3993830608,"minor_heap":4177519,"major_heap":3989907772,"promoted_words":254683,"promoted_pct":6.1},"domain_alloc_stats":{"0":{"total":3993830608,"minor":4177519,"promoted":254683,"major":3989907772,"promoted_pct":6.1}},"collections":{"minor":101153,"major":101143,"forced_major":0,"compactions":0}}
{"version":1,"wall_time":2.41,"cpu_time":2.41,"gc_time":0.71,"gc_overhead":29.67,"max_rss_kb":146492,"domain_stats":{"0":{"wall_time":2.41,"gc_time":0.71,"gc_overhead":29.67}},"mean_latency":0.00357,"stddev_latency":0.002997,"min_latency":0.0,"max_latency":0.049311,"distr_latency":{"25.0000":3.1e-05,"50.0000":0.003343,"60.0000":0.004031,"70.0000":0.006031,"75.0000":0.006215,"80.0000":0.006367,"85.0000":0.006575,"90.0000":0.007135,"95.0000":0.008007,"96.0000":0.008471,"97.0000":0.009031,"98.0000":0.009783,"99.0000":0.010871,"99.9000":0.014215,"99.9900":0.017583,"99.9990":0.022431,"99.9999":0.049311,"100.0000":0.049311},"allocations":{"total_heap":3993830608,"minor_heap":4177519,"major_heap":3989907772,"promoted_words":254683,"promoted_pct":6.1},"domain_alloc_stats":{"0":{"total":3993830608,"minor":4177519,"promoted":254683,"major":3989907772,"promoted_pct":6.1}},"collections":{"minor":101153,"major":101143,"forced_major":0,"compactions":0}}
{"version":1,"wall_time":2.31,"cpu_time":2.31,"gc_time":0.62,"gc_overhead":26.7,"max_rss_kb":146164,"domain_stats":{"0":{"wall_time":2.31,"gc_time":0.62,"gc_overhead":26.7}},"mean_latency":0.003083,"stddev_latency":0.002641,"min_latency":0.0,"max_latency":0.062271,"distr_latency":{"25.0000":3.1e-05,"50.0000":0.003095,"60.0000":0.003887,"70.0000":0.005031,"75.0000":0.005215,"80.0000":0.005367,"85.0000":0.005703,"90.0000":0.006111,"95.0000":0.007031,"96.0000":0.007527,"97.0000":0.008135,"98.0000":0.008943,"99.0000":0.010127,"99.9000":0.013663,"99.9900":0.017711,"99.9990":0.034367,"99.9999":0.062271,"100.0000":0.062271},"allocations":{"total_heap":3993830608,"minor_heap":4177519,"major_heap":3989907772,"promoted_words":254683,"promoted_pct":6.1},"domain_alloc_stats":{"0":{"total":3993830608,"minor":4177519,"promoted":254683,"major":3989907772,"promoted_pct":6.1}},"collections":{"minor":101153,"major":101143,"forced_major":0,"compactions":0}}
{"version":1,"wall_time":2.41,"cpu_time":2.41,"gc_time":0.71,"gc_overhead":29.63,"max_rss_kb":146600,"domain_stats":{"0":{"wall_time":2.41,"gc_time":0.71,"gc_overhead":29.63}},"mean_latency":0.003563,"stddev_latency":0.002987,"min_latency":0.0,"max_latency":0.041919,"distr_latency":{"25.0000":3.1e-05,"50.0000":0.003343,"60.0000":0.004047,"70.0000":0.005983,"75.0000":0.006215,"80.0000":0.006375,"85.0000":0.006551,"90.0000":0.007095,"95.0000":0.007951,"96.0000":0.008415,"97.0000":0.009007,"98.0000":0.009751,"99.0000":0.010887,"99.9000":0.014167,"99.9900":0.017503,"99.9990":0.028735,"99.9999":0.041919,"100.0000":0.041919},"allocations":{"total_heap":3993830608,"minor_heap":4177519,"major_heap":3989907772,"promoted_words":254683,"promoted_pct":6.1},"domain_alloc_stats":{"0":{"total":3993830608,"minor":4177519,"promoted":254683,"major":3989907772,"promoted_pct":6.1}},"collections":{"minor":101153,"major":101143,"forced_major":0,"compactions":0}}
{"version":1,"wall_time":2.41,"cpu_time":2.41,"gc_time":0.72,"gc_overhead":29.73,"max_rss_kb":146136,"domain_stats":{"0":{"wall_time":2.41,"gc_time":0.72,"gc_overhead":29.73}},"mean_latency":0.00358,"stddev_latency":0.003006,"min_latency":0.0,"max_latency":0.036895,"distr_latency":{"25.0000":3.1e-05,"50.0000":0.003351,"60.0000":0.004095,"70.0000":0.005975,"75.0000":0.006255,"80.0000":0.006391,"85.0000":0.006567,"90.0000":0.007143,"95.0000":0.007911,"96.0000":0.008463,"97.0000":0.009095,"98.0000":0.009863,"99.0000":0.010967,"99.9000":0.014391,"99.9900":0.018207,"99.9990":0.035039,"99.9999":0.036895,"100.0000":0.036895},"allocations":{"total_heap":3993830608,"minor_heap":4177519,"major_heap":3989907772,"promoted_words":254683,"promoted_pct":6.1},"domain_alloc_stats":{"0":{"total":3993830608,"minor":4177519,"promoted":254683,"major":3989907772,"promoted_pct":6.1}},"collections":{"minor":101153,"major":101143,"forced_major":0,"compactions":0}}
{"version":1,"wall_time":2.41,"cpu_time":2.41,"gc_time":0.72,"gc_overhead":29.69,"max_rss_kb":146120,"domain_stats":{"0":{"wall_time":2.41,"gc_time":0.72,"gc_overhead":29.69}},"mean_latency":0.003577,"stddev_latency":0.00301,"min_latency":0.0,"max_latency":0.045471,"distr_latency":{"25.0000":3.1e-05,"50.0000":0.003311,"60.0000":0.004023,"70.0000":0.005991,