{"version":1,"wall_time":4.96,"cpu_time":4.96,"gc_time":3.07,"gc_overhead":61.86,"max_rss_kb":172636,"domain_stats":{"0":{"wall_time":4.96,"gc_time":3.07,"gc_overhead":61.86}},"mean_latency":0.205296,"stddev_latency":0.433679,"min_latency":0.0,"max_latency":3.514367,"distr_latency":{"25.0000":4.7e-05,"50.0000":0.000327,"60.0000":0.000463,"70.0000":0.004927,"75.0000":0.006391,"80.0000":0.299007,"85.0000":0.788991,"90.0000":0.945151,"95.0000":1.200127,"96.0000":1.336319,"97.0000":1.471487,"98.0000":1.603583,"99.0000":1.753087,"99.9000":1.888255,"99.9900":2.699263,"99.9990":3.514367,"99.9999":3.514367,"100.0000":3.514367},"allocations":{"total_heap":14037472,"minor_heap":300205,"major_heap":13737470,"promoted_words":203,"promoted_pct":0.07},"domain_alloc_stats":{"0":{"total":14037472,"minor":300205,"promoted":203,"major":13737470,"promoted_pct":0.07}},"collections":{"minor":1963,"major":981,"forced_major":0,"compactions":0}}
{"version":1,"wall_time":4.99,"cpu_time":4.99,"gc_time":3.08,"gc_overhead":61.74,"max_rss_kb":173148,"domain_stats":{"0":{"wall_time":4.99,"gc_time":3.08,"gc_overhead":61.74}},"mean_latency":0.205978,"stddev_latency":0.434552,"min_latency":0.0,"max_latency":3.115007,"distr_latency":{"25.0000":4.7e-05,"50.0000":0.000327,"60.0000":0.000487,"70.0000":0.005023,"75.0000":0.006503,"80.0000":0.301055,"85.0000":0.787455,"90.0000":0.947199,"95.0000":1.214463,"96.0000":1.341439,"97.0000":1.475583,"98.0000":1.601535,"99.0000":1.756159,"99.9000":1.885183,"99.9900":2.895871,"99.9990":3.115007,"99.9999":3.115007,"100.0000":3.115007},"allocations":{"total_heap":14037472,"minor_heap":300205,"major_heap":13737470,"promoted_words":203,"promoted_pct":0.07},"domain_alloc_stats":{"0":{"total":14037472,"minor":300205,"promoted":203,"major":13737470,"promoted_pct":0.07}},"collections":{"minor":1963,"major":981,"forced_major":0,"compactions":0}}
{"version":1,"wall_time":4.99,"cpu_time":4.99,"gc_time":3.09,"gc_overhead":62.01,"max_rss_kb":172876,"domain_stats":{"0":{"wall_time":4.99,"gc_time":3.09,"gc_overhead":62.01}},"mean_latency":0.206836,"stddev_latency":0.437417,"min_latency":0.0,"max_latency":3.162111,"distr_latency":{"25.0000":4.7e-05,"50.0000":0.000327,"60.0000":0.000487,"70.0000":0.005111,"75.0000":0.006615,"80.0000":0.299007,"85.0000":0.794623,"90.0000":0.946687,"95.0000":1.219583,"96.0000":1.349631,"97.0000":1.486847,"98.0000":1.614847,"99.0000":1.761279,"99.9000":1.918975,"99.9900":3.002367,"99.9990":3.162111,"99.9999":3.162111,"100.0000":3.162111},"allocations":{"total_heap":14037472,"minor_heap":300205,"major_heap":13737470,"promoted_words":203,"promoted_pct":0.07},"domain_alloc_stats":{"0":{"total":14037472,"minor":300205,"promoted":203,"major":13737470,"promoted_pct":0.07}},"collections":{"minor":1963,"major":981,"forced_major":0,"compactions":0}}
{"version":1,"wall_time":4.97,"cpu_time":4.97,"gc_time":3.08,"gc_overhead":61.97,"max_rss_kb":172780,"domain_stats":{"0":{"wall_time":4.97,"gc_time":3.08,"gc_overhead":61.97}},"mean_latency":0.206104,"stddev_latency":0.434866,"min_latency":0.0,"max_latency":2.979839,"distr_latency":{"25.0000":4.7e-05,"50.0000":0.000311,"60.0000":0.000487,"70.0000":0.005055,"75.0000":0.006623,"80.0000":0.303103,"85.0000":0.790015,"90.0000":0.947199,"95.0000":1.206271,"96.0000":1.341439,"97.0000":1.476607,"98.0000":1.613823,"99.0000":1.765375,"99.9000":1.887231,"99.9900":2.967551,"99.9990":2.979839,"99.9999":2.979839,"100.0000":2.979839},"allocations":{"total_heap":14037472,"minor_heap":300205,"major_heap":13737470,"promoted_words":203,"promoted_pct":0.07},"domain_alloc_stats":{"0":{"total":14037472,"minor":300205,"promoted":203,"major":13737470,"promoted_pct":0.07}},"collections":{"minor":1963,"major":981,"forced_major":0,"compactions":0}}
{"version":1,"wall_time":5.02,"cpu_time":5.02,"gc_time":3.14,"gc_overhead":62.57,"max_rss_kb":173036,"domain_stats":{"0":{"wall_time":5.02,"gc_time":3.14,"gc_overhead":62.57}},"mean_latency":0.210196,"stddev_latency":0.44783,"min_latency":0.0,"max_latency":3.108863,"distr_latency":{"25.0000":5.5e-05,"50.0000":0.000327,"60.0000":0.000535,"70.0000":0.005047,"75.0000":0.006383,"80.0000":0.301823,"85.0000":0.796671,"90.0000":0.946687,"95.0000":1.246207,"96.0000":1.385471,"97.0000":1.523711,"98.0000":1.645567,"99.0000":1.783807,"99.9000":2.576383,"99.9900":2.930687,"99.9990":3.108863,"99.9999":3.108863,"100.0000":3.108863},"allocations":{"total_heap":14037472,"minor_heap":300205,"major_heap":13737470,"promoted_words":203,"promoted_pct":0.07},"domain_alloc_stats":{"0":{"total":14037472,"minor":300205,"promoted":203,"major":13737470,"promoted_pct":0.07}},"collections":{"minor":1963,"major":981,"forced_major":0,"compactions":0}}
{"version":1,"wall_time":4.98,"cpu_time":4.98,"gc_time":3.07,"gc_overhead":61.69,"max_rss_kb":172884,"domain_stats":{"0":{"wall_time":4.98,"gc_time":3.07,"gc_overhead":61.69}},"mean_latency":0.205572,"stddev_latency":0.432821,"min_latency":0.0,"max_latency":3.184639,"distr_latency":{"25.0000":4.7e-05,"50.0000":0.000335,"60.0000":0.000511,"70.0000":0.005063,"75.0000":0.006383,"80.0000":0.301055,"85.0000":0.787455,"90.0000":0.946687,"95.0000":1.209343,"96.0000":1.343487,"97.0000":1.477631,"98.0000":1.601535,"99.0000":1.750015,"99.9000":1.866751,"99.9900":2.025471,"99.9990":3.184639,"99.9999":3.184639,"100.0000":3.184639},"allocations":{"total_heap":14037472,"minor_heap":300205,"major_heap":13737470,"promoted_words":203,"promoted_pct":0.07},"domain_alloc_stats":{"0":{"total":14037472,"minor":300205,"promoted":203,"major":13737470,"promoted_pct":0.07}},"collections":{"minor":1963,"major":981,"forced_major":0,"compactions":0}}
{"version":1,"wall_time":4.95,"cpu_time":4.95,"gc_time":3.06,"gc_overhead":61.95,"max_rss_kb":172868,"domain_stats":{"0":{"wall_time":4.95,"gc_time":3.06,"gc_overhead":61.95}},"mean_latency":0.205069,"stddev_latency":0.432389,"min_latency":0.0,"max_latency":3.098623,"distr_latency":{"25.0000":4.7e-05,"50.0000":0.000327,"60.0000":0.000487,"70.0000":0.004863,"75.0000":0.006327,"80.0000":0.298495,"85.0000":0.794111,"90.0000":0.943103,"95.0000":1.196031,"96.0000":1.339391,"97.0000":1.466367,"98.0000":1.594367,"99.0000":1.746943,"99.9000":1.868799,"99.9900":2.643967,"99.9990":3.098623,"99.9999":3.098623,"100.0000":3.098623},"allocations":{"total_heap":14037472,"minor_heap":300205,"major_heap":13737470,"promoted_words":203,"promoted_pct":0.07},"domain_alloc_stats":{"0":{"total":14037472,"minor":300205,"promoted":203,"major":13737470,"promoted_pct":0.07}},"collections":{"minor":1963,"major":981,"forced_major":0,"compactions":0}}
{"version":1,"wall_time":4.97,"cpu_time":4.97,"gc_time":3.08,"gc_overhead":61.92,"max_rss_kb":173296,"domain_stats":{"0":{"wall_time":4.97,"gc_time":3.08,"gc_overhead":61.92}},"mean_latency":0.206115,"stddev_latency":0.435374,"min_latency":0.0,"max_latency":3.045375,"distr_latency":{"25.0000":4.7e-05,"50.0000":0.000311,"60.0000":0.000495,"70.0000":0.005103,"75.0000":0.006503,"80.0000":0.301567,"85.0000":0.790015,"90.0000":0.943615,"95.0000":1.211391,"96.0000":1.345535,"97.0000":1.484799,"98.0000":1.611775,"99.0000":1.762303,"99.9000":1.943551,"99.9900":3.010559,"99.9990":3.045375,"99.9999":3.045375,"100.0000":3.045375},"allocations":{"total_heap":14037472,"minor_heap":300205,"major_heap":13737470,"promoted_words":203,"promoted_pct":0.07},"domain_alloc_stats":{"0":{"total":14037472,"minor":300205,"promoted":203,"major":13737470,"promoted_pct":0.07}},"collections":{"minor":1963,"major":981,"forced_major":0,"compactions":0}}
{"version":1,"wall_time":4.94,"cpu_time":4.94,"gc_time":3.08,"gc_overhead":62.36,"max_rss_kb":173332,"domain_stats":{"0":{"wall_time":4.94,"gc_time":3.08,"gc_overhead":62.36}},"mean_latency":0.206032,"stddev_latency":0.435223,"min_latency":0.0,"max_latency":3.049471,"distr_latency":{"25.0000":4.7e-05,"50.0000":0.000311,"60.0000":0.000487,"70.0000":0.005103,"75.0000":0.006663,"80.0000":0.299263,"85.0000":0.792063,"90.0000":0.946687,"95.0000":1.204223,"96.0000":1.344511,"97.0000":1.481727,"98.0000":1.613823,