{"version":1,"wall_time":1.43,"cpu_time":1.43,"gc_time":0.59,"gc_overhead":41.52,"max_rss_kb":1029452,"domain_stats":{"0":{"wall_time":1.43,"gc_time":0.59,"gc_overhead":41.52}},"mean_latency":0.117,"stddev_latency":0.167275,"min_latency":0.0,"max_latency":1.266687,"distr_latency":{"25.0000":0.034943,"50.0000":0.113023,"60.0000":0.115775,"70.0000":0.119423,"75.0000":0.121983,"80.0000":0.132607,"85.0000":0.134527,"90.0000":0.136319,"95.0000":0.349695,"96.0000":0.738303,"97.0000":0.742911,"98.0000":0.823807,"99.0000":0.914943,"99.9000":0.925183,"99.9900":0.945151,"99.9990":1.266687,"99.9999":1.266687,"100.0000":1.266687},"allocations":{"total_heap":674645639,"minor_heap":662515496,"major_heap":131899412,"promoted_words":119769269,"promoted_pct":18.08},"domain_alloc_stats":{"0":{"total":674645639,"minor":662515496,"promoted":119769269,"major":131899412,"promoted_pct":18.08}},"collections":{"minor":2535,"major":13,"forced_major":0,"compactions":0}}
{"version":1,"wall_time":1.47,"cpu_time":1.47,"gc_time":0.59,"gc_overhead":40.33,"max_rss_kb":981280,"domain_stats":{"0":{"wall_time":1.47,"gc_time":0.59,"gc_overhead":40.33}},"mean_latency":0.117228,"stddev_latency":0.168844,"min_latency":0.0,"max_latency":1.346559,"distr_latency":{"25.0000":0.033215,"50.0000":0.113855,"60.0000":0.116351,"70.0000":0.120063,"75.0000":0.122239,"80.0000":0.131711,"85.0000":0.133503,"90.0000":0.135423,"95.0000":0.335359,"96.0000":0.754687,"97.0000":0.758783,"98.0000":0.837631,"99.0000":0.911871,"99.9000":0.927743,"99.9900":0.940543,"99.9990":1.346559,"99.9999":1.346559,"100.0000":1.346559},"allocations":{"total_heap":674645639,"minor_heap":662515496,"major_heap":131899412,"promoted_words":119769269,"promoted_pct":18.08},"domain_alloc_stats":{"0":{"total":674645639,"minor":662515496,"promoted":119769269,"major":131899412,"promoted_pct":18.08}},"collections":{"minor":2535,"major":13,"forced_major":0,"compactions":0}}
{"version":1,"wall_time":1.42,"cpu_time":1.42,"gc_time":0.58,"gc_overhead":41.15,"max_rss_kb":1029428,"domain_stats":{"0":{"wall_time":1.42,"gc_time":0.58,"gc_overhead":41.15}},"mean_latency":0.115472,"stddev_latency":0.166146,"min_latency":0.0,"max_latency":1.259519,"distr_latency":{"25.0000":0.035071,"50.0000":0.111935,"60.0000":0.114623,"70.0000":0.118207,"75.0000":0.120703,"80.0000":0.131455,"85.0000":0.133503,"90.0000":0.135679,"95.0000":0.333311,"96.0000":0.736255,"97.0000":0.739839,"98.0000":0.821247,"99.0000":0.913407,"99.9000":0.923135,"99.9900":0.929791,"99.9990":1.259519,"99.9999":1.259519,"100.0000":1.259519},"allocations":{"total_heap":674645639,"minor_heap":662515496,"major_heap":131899412,"promoted_words":119769269,"promoted_pct":18.08},"domain_alloc_stats":{"0":{"total":674645639,"minor":662515496,"promoted":119769269,"major":131899412,"promoted_pct":18.08}},"collections":{"minor":2535,"major":13,"forced_major":0,"compactions":0}}
{"version":1,"wall_time":1.43,"cpu_time":1.43,"gc_time":0.59,"gc_overhead":41.54,"max_rss_kb":1029396,"domain_stats":{"0":{"wall_time":1.43,"gc_time":0.59,"gc_overhead":41.54}},"mean_latency":0.117045,"stddev_latency":0.168682,"min_latency":0.0,"max_latency":1.348607,"distr_latency":{"25.0000":0.034015,"50.0000":0.114047,"60.0000":0.116735,"70.0000":0.120191,"75.0000":0.122879,"80.0000":0.131583,"85.0000":0.133375,"90.0000":0.135551,"95.0000":0.334591,"96.0000":0.752639,"97.0000":0.757759,"98.0000":0.838655,"99.0000":0.912895,"99.9000":0.926719,"99.9900":0.939519,"99.9990":1.348607,"99.9999":1.348607,"100.0000":1.348607},"allocations":{"total_heap":674645639,"minor_heap":662515496,"major_heap":131899412,"promoted_words":119769269,"promoted_pct":18.08},"domain_alloc_stats":{"0":{"total":674645639,"minor":662515496,"promoted":119769269,"major":131899412,"promoted_pct":18.08}},"collections":{"minor":2535,"major":13,"forced_major":0,"compactions":0}}
{"version":1,"wall_time":1.44,"cpu_time":1.44,"gc_time":0.59,"gc_overhead":40.84,"max_rss_kb":1029512,"domain_stats":{"0":{"wall_time":1.44,"gc_time":0.59,"gc_overhead":40.84}},"mean_latency":0.115927,"stddev_latency":0.16638,"min_latency":0.0,"max_latency":1.260543,"distr_latency":{"25.0000":0.034655,"50.0000":0.112511,"60.0000":0.115135,"70.0000":0.118783,"75.0000":0.121471,"80.0000":0.131455,"85.0000":0.133375,"90.0000":0.135167,"95.0000":0.350463,"96.0000":0.739839,"97.0000":0.744447,"98.0000":0.791551,"99.0000":0.912895,"99.9000":0.924159,"99.9900":0.938495,"99.9990":1.260543,"99.9999":1.260543,"100.0000":1.260543},"allocations":{"total_heap":674645639,"minor_heap":662515496,"major_heap":131899412,"promoted_words":119769269,"promoted_pct":18.08},"domain_alloc_stats":{"0":{"total":674645639,"minor":662515496,"promoted":119769269,"major":131899412,"promoted_pct":18.08}},"collections":{"minor":2535,"major":13,"forced_major":0,"compactions":0}}
{"version":1,"wall_time":1.43,"cpu_time":1.43,"gc_time":0.59,"gc_overhead":41.03,"max_rss_kb":1029352,"domain_stats":{"0":{"wall_time":1.43,"gc_time":0.59,"gc_overhead":41.03}},"mean_latency":0.115861,"stddev_latency":0.166405,"min_latency":0.0,"max_latency":1.267711,"distr_latency":{"25.0000":0.035263,"50.0000":0.111935,"60.0000":0.114815,"70.0000":0.118271,"75.0000":0.121023,"80.0000":0.131711,"85.0000":0.133631,"90.0000":0.135551,"95.0000":0.334847,"96.0000":0.737279,"97.0000":0.740863,"98.0000":0.823807,"99.0000":0.911871,"99.9000":0.920575,"99.9900":0.925695,"99.9990":1.267711,"99.9999":1.267711,"100.0000":1.267711},"allocations":{"total_heap":674645639,"minor_heap":662515496,"major_heap":131899412,"promoted_words":119769269,"promoted_pct":18.08},"domain_alloc_stats":{"0":{"total":674645639,"minor":662515496,"promoted":119769269,"major":131899412,"promoted_pct":18.08}},"collections":{"minor":2535,"major":13,"forced_major":0,"compactions":0}}
{"version":1,"wall_time":1.46,"cpu_time":1.46,"gc_time":0.59,"gc_overhead":40.7,"max_rss_kb":996592,"domain_stats":{"0":{"wall_time":1.46,"gc_time":0.59,"gc_overhead":40.7}},"mean_latency":0.117344,"stddev_latency":0.167845,"min_latency":0.0,"max_latency":1.266687,"distr_latency":{"25.0000":0.035391,"50.0000":0.114047,"60.0000":0.116607,"70.0000":0.120191,"75.0000":0.122815,"80.0000":0.132095,"85.0000":0.134015,"90.0000":0.136063,"95.0000":0.348671,"96.0000":0.753663,"97.0000":0.758271,"98.0000":0.770047,"99.0000":0.913919,"99.9000":0.929279,"99.9900":1.008127,"99.9990":1.266687,"99.9999":1.266687,"100.0000":1.266687},"allocations":{"total_heap":674645639,"minor_heap":662515496,"major_heap":131899412,"promoted_words":119769269,"promoted_pct":18.08},"domain_alloc_stats":{"0":{"total":674645639,"minor":662515496,"promoted":119769269,"major":131899412,"promoted_pct":18.08}},"collections":{"minor":2535,"major":13,"forced_major":0,"compactions":0}}
{"version":1,"wall_time":1.47,"cpu_time":1.47,"gc_time":0.59,"gc_overhead":40.29,"max_rss_kb":985304,"domain_stats":{"0":{"wall_time":1.47,"gc_time":0.59,"gc_overhead":40.29}},"mean_latency":0.116839,"stddev_latency":0.167545,"min_latency":0.0,"max_latency":1.270783,"distr_latency":{"25.0000":0.034911,"50.0000":0.112575,"60.0000":0.114943,"70.0000":0.118591,"75.0000":0.120703,"80.0000":0.133119,"85.0000":0.135039,"90.0000":0.137215,"95.0000":0.348927,"96.0000":0.739327,"97.0000":0.743935,"98.0000":0.824319,"99.0000":0.918527,"99.9000":0.929791,"99.9900":0.941055,"99.9990":1.270783,"99.9999":1.270783,"100.0000":1.270783},"allocations":{"total_heap":674645639,"minor_heap":662515496,"major_heap":131899412,"promoted_words":119769269,"promoted_pct":18.08},"domain_alloc_stats":{"0":{"total":674645639,"minor":662515496,"promoted":119769269,"major":131899412,"promoted_pct":18.08}},"collections":{"minor":2535,"major":13,"forced_major":0,"compactions":0}}
{"version":1,"wall_time":1.42,"cpu_time":1.42,"gc_time":0.59,"gc_overhead":41.29,"max_rss_kb":1029488,"domain_stats":{"0":{"wall_time":1.42,"gc_time":0.59,"gc_overhead":41.29}},"mean_latency":0.115729,"stddev_latency":0.166312,"min_latency":0.0,"max_latency":1.259519,"distr_latency":{"25.0000":0.035071,