{"version":1,"wall_time":12.48,"cpu_time":12.48,"gc_time":2.05,"gc_overhead":16.41,"max_rss_kb":817704,"domain_stats":{"0":{"wall_time":12.48,"gc_time":2.05,"gc_overhead":16.41}},"mean_latency":0.111259,"stddev_latency":0.157854,"min_latency":0.0,"max_latency":2.506751,"distr_latency":{"25.0000":0.029423,"50.0000":0.057087,"60.0000":0.075839,"70.0000":0.100543,"75.0000":0.119679,"80.0000":0.143487,"85.0000":0.190591,"90.0000":0.283903,"95.0000":0.428543,"96.0000":0.471807,"97.0000":0.542719,"98.0000":0.625151,"99.0000":0.777215,"99.9000":1.327103,"99.9900":2.267135,"99.9990":2.506751,"99.9999":2.506751,"100.0000":2.506751},"allocations":{"total_heap":2410205847,"minor_heap":2361501636,"major_heap":434709280,"promoted_words":386005069,"promoted_pct":16.35},"domain_alloc_stats":{"0":{"total":2410205847,"minor":2361501636,"promoted":386005069,"major":434709280,"promoted_pct":16.35}},"collections":{"minor":9048,"major":40,"forced_major":0,"compactions":0}}
{"version":1,"wall_time":12.41,"cpu_time":12.41,"gc_time":2.05,"gc_overhead":16.49,"max_rss_kb":817536,"domain_stats":{"0":{"wall_time":12.41,"gc_time":2.05,"gc_overhead":16.49}},"mean_latency":0.11118,"stddev_latency":0.157641,"min_latency":0.0,"max_latency":2.508799,"distr_latency":{"25.0000":0.029407,"50.0000":0.057311,"60.0000":0.076031,"70.0000":0.100671,"75.0000":0.119615,"80.0000":0.143231,"85.0000":0.190463,"90.0000":0.282879,"95.0000":0.423679,"96.0000":0.468479,"97.0000":0.540159,"98.0000":0.624127,"99.0000":0.774655,"99.9000":1.335295,"99.9900":2.271231,"99.9990":2.508799,"99.9999":2.508799,"100.0000":2.508799},"allocations":{"total_heap":2410205847,"minor_heap":2361501636,"major_heap":434709280,"promoted_words":386005069,"promoted_pct":16.35},"domain_alloc_stats":{"0":{"total":2410205847,"minor":2361501636,"promoted":386005069,"major":434709280,"promoted_pct":16.35}},"collections":{"minor":9048,"major":40,"forced_major":0,"compactions":0}}
{"version":1,"wall_time":12.42,"cpu_time":12.42,"gc_time":2.05,"gc_overhead":16.51,"max_rss_kb":817424,"domain_stats":{"0":{"wall_time":12.42,"gc_time":2.05,"gc_overhead":16.51}},"mean_latency":0.111485,"stddev_latency":0.158222,"min_latency":0.0,"max_latency":2.519039,"distr_latency":{"25.0000":0.029519,"50.0000":0.057471,"60.0000":0.076031,"70.0000":0.100863,"75.0000":0.119999,"80.0000":0.143615,"85.0000":0.189951,"90.0000":0.283903,"95.0000":0.426495,"96.0000":0.470527,"97.0000":0.540671,"98.0000":0.624127,"99.0000":0.777215,"99.9000":1.327103,"99.9900":2.269183,"99.9990":2.519039,"99.9999":2.519039,"100.0000":2.519039},"allocations":{"total_heap":2410205847,"minor_heap":2361501636,"major_heap":434709280,"promoted_words":386005069,"promoted_pct":16.35},"domain_alloc_stats":{"0":{"total":2410205847,"minor":2361501636,"promoted":386005069,"major":434709280,"promoted_pct":16.35}},"collections":{"minor":9048,"major":40,"forced_major":0,"compactions":0}}
{"version":1,"wall_time":12.39,"cpu_time":12.39,"gc_time":2.05,"gc_overhead":16.54,"max_rss_kb":817600,"domain_stats":{"0":{"wall_time":12.39,"gc_time":2.05,"gc_overhead":16.54}},"mean_latency":0.111341,"stddev_latency":0.157826,"min_latency":0.0,"max_latency":2.543615,"distr_latency":{"25.0000":0.029391,"50.0000":0.057375,"60.0000":0.076223,"70.0000":0.100863,"75.0000":0.119935,"80.0000":0.144255,"85.0000":0.190463,"90.0000":0.285695,"95.0000":0.423167,"96.0000":0.469759,"97.0000":0.540159,"98.0000":0.621055,"99.0000":0.779775,"99.9000":1.351679,"99.9900":2.275327,"99.9990":2.543615,"99.9999":2.543615,"100.0000":2.543615},"allocations":{"total_heap":2410205847,"minor_heap":2361501636,"major_heap":434709280,"promoted_words":386005069,"promoted_pct":16.35},"domain_alloc_stats":{"0":{"total":2410205847,"minor":2361501636,"promoted":386005069,"major":434709280,"promoted_pct":16.35}},"collections":{"minor":9048,"major":40,"forced_major":0,"compactions":0}}
{"version":1,"wall_time":12.6,"cpu_time":12.6,"gc_time":2.05,"gc_overhead":16.28,"max_rss_kb":817536,"domain_stats":{"0":{"wall_time":12.6,"gc_time":2.05,"gc_overhead":16.28}},"mean_latency":0.111402,"stddev_latency":0.15816,"min_latency":0.0,"max_latency":2.521087,"distr_latency":{"25.0000":0.029327,"50.0000":0.057183,"60.0000":0.076223,"70.0000":0.100735,"75.0000":0.119615,"80.0000":0.143359,"85.0000":0.190591,"90.0000":0.283903,"95.0000":0.424447,"96.0000":0.471295,"97.0000":0.541183,"98.0000":0.623615,"99.0000":0.781311,"99.9000":1.325055,"99.9900":2.263039,"99.9990":2.521087,"99.9999":2.521087,"100.0000":2.521087},"allocations":{"total_heap":2410205847,"minor_heap":2361501636,"major_heap":434709280,"promoted_words":386005069,"promoted_pct":16.35},"domain_alloc_stats":{"0":{"total":2410205847,"minor":2361501636,"promoted":386005069,"major":434709280,"promoted_pct":16.35}},"collections":{"minor":9048,"major":40,"forced_major":0,"compactions":0}}
{"version":1,"wall_time":12.36,"cpu_time":12.36,"gc_time":2.05,"gc_overhead":16.61,"max_rss_kb":817620,"domain_stats":{"0":{"wall_time":12.36,"gc_time":2.05,"gc_overhead":16.61}},"mean_latency":0.111549,"stddev_latency":0.158049,"min_latency":0.0,"max_latency":2.494463,"distr_latency":{"25.0000":0.029503,"50.0000":0.057375,"60.0000":0.076287,"70.0000":0.100927,"75.0000":0.120191,"80.0000":0.144255,"85.0000":0.191487,"90.0000":0.283647,"95.0000":0.425471,"96.0000":0.472319,"97.0000":0.541695,"98.0000":0.625151,"99.0000":0.773119,"99.9000":1.345535,"99.9900":2.254847,"99.9990":2.494463,"99.9999":2.494463,"100.0000":2.494463},"allocations":{"total_heap":2410205847,"minor_heap":2361501636,"major_heap":434709280,"promoted_words":386005069,"promoted_pct":16.35},"domain_alloc_stats":{"0":{"total":2410205847,"minor":2361501636,"promoted":386005069,"major":434709280,"promoted_pct":16.35}},"collections":{"minor":9048,"major":40,"forced_major":0,"compactions":0}}
{"version":1,"wall_time":12.34,"cpu_time":12.34,"gc_time":2.04,"gc_overhead":16.56,"max_rss_kb":822640,"domain_stats":{"0":{"wall_time":12.34,"gc_time":2.04,"gc_overhead":16.56}},"mean_latency":0.111055,"stddev_latency":0.157321,"min_latency":0.0,"max_latency":2.521087,"distr_latency":{"25.0000":0.029311,"50.0000":0.057215,"60.0000":0.075839,"70.0000":0.100287,"75.0000":0.119103,"80.0000":0.143103,"85.0000":0.190207,"90.0000":0.283903,"95.0000":0.424959,"96.0000":0.471039,"97.0000":0.535551,"98.0000":0.625663,"99.0000":0.772095,"99.9000":1.349631,"99.9900":2.273279,"99.9990":2.521087,"99.9999":2.521087,"100.0000":2.521087},"allocations":{"total_heap":2410205847,"minor_heap":2361501636,"major_heap":434709280,"promoted_words":386005069,"promoted_pct":16.35},"domain_alloc_stats":{"0":{"total":2410205847,"minor":2361501636,"promoted":386005069,"major":434709280,"promoted_pct":16.35}},"collections":{"minor":9048,"major":40,"forced_major":0,"compactions":0}}
{"version":1,"wall_time":12.49,"cpu_time":12.49,"gc_time":2.05,"gc_overhead":16.42,"max_rss_kb":817600,"domain_stats":{"0":{"wall_time":12.49,"gc_time":2.05,"gc_overhead":16.42}},"mean_latency":0.111451,"stddev_latency":0.158165,"min_latency":0.0,"max_latency":2.500607,"distr_latency":{"25.0000":0.029551,"50.0000":0.057439,"60.0000":0.076223,"70.0000":0.100671,"75.0000":0.119743,"80.0000":0.143103,"85.0000":0.190847,"90.0000":0.283647,"95.0000":0.427263,"96.0000":0.471807,"97.0000":0.541695,"98.0000":0.625151,"99.0000":0.780799,"99.9000":1.333247,"99.9900":2.267135,"99.9990":2.500607,"99.9999":2.500607,"100.0000":2.500607},"allocations":{"total_heap":2410205847,"minor_heap":2361501636,"major_heap":434709280,"promoted_words":386005069,"promoted_pct":16.35},"domain_alloc_stats":{"0":{"total":2410205847,"minor":2361501636,"promoted":386005069,"major":434709280,"promoted_pct":16.35}},"collections":{"minor":9048,"major":40,"forced_major":0,"compactions":0}}
{"version":1,"wall_time":12.54,"cpu_time":12.54,"gc_time":2.06,"gc_overhead":16.39,"max_rss_kb":822680,"domain_stats":{"0":{"wall_time":12.54,"gc_time":2.06,"gc_overhead":16.39}},"mean_latency":0.111693,"stddev_latency":0.158526,"min_latency":0.0,