{"version":1,"wall_time":7.85,"cpu_time":7.85,"gc_time":2.43,"gc_overhead":30.94,"max_rss_kb":765236,"domain_stats":{"0":{"wall_time":7.85,"gc_time":2.43,"gc_overhead":30.94}},"mean_latency":0.097196,"stddev_latency":0.203699,"min_latency":0.0,"max_latency":11.263999,"distr_latency":{"25.0000":0.000751,"50.0000":0.001855,"60.0000":0.015663,"70.0000":0.074623,"75.0000":0.114687,"80.0000":0.170367,"85.0000":0.240511,"90.0000":0.336383,"95.0000":0.450815,"96.0000":0.511743,"97.0000":0.589823,"98.0000":0.689151,"99.0000":0.848895,"99.9000":1.384447,"99.9900":3.344383,"99.9990":11.263999,"99.9999":11.263999,"100.0000":11.263999},"allocations":{"total_heap":3290141802,"minor_heap":3152387582,"major_heap":464536420,"promoted_words":326782200,"promoted_pct":10.37},"domain_alloc_stats":{"0":{"total":3290141802,"minor":3152387582,"promoted":326782200,"major":464536420,"promoted_pct":10.37}},"collections":{"minor":12073,"major":55,"forced_major":0,"compactions":0}}
{"version":1,"wall_time":7.91,"cpu_time":7.91,"gc_time":2.43,"gc_overhead":30.77,"max_rss_kb":764044,"domain_stats":{"0":{"wall_time":7.91,"gc_time":2.43,"gc_overhead":30.77}},"mean_latency":0.097419,"stddev_latency":0.204659,"min_latency":0.0,"max_latency":11.313151,"distr_latency":{"25.0000":0.000767,"50.0000":0.001871,"60.0000":0.015847,"70.0000":0.074239,"75.0000":0.115263,"80.0000":0.170367,"85.0000":0.239487,"90.0000":0.338687,"95.0000":0.453375,"96.0000":0.513535,"97.0000":0.587263,"98.0000":0.694783,"99.0000":0.855551,"99.9000":1.384447,"99.9900":3.360767,"99.9990":11.313151,"99.9999":11.313151,"100.0000":11.313151},"allocations":{"total_heap":3290141802,"minor_heap":3152387582,"major_heap":464536420,"promoted_words":326782200,"promoted_pct":10.37},"domain_alloc_stats":{"0":{"total":3290141802,"minor":3152387582,"promoted":326782200,"major":464536420,"promoted_pct":10.37}},"collections":{"minor":12073,"major":55,"forced_major":0,"compactions":0}}
{"version":1,"wall_time":7.85,"cpu_time":7.85,"gc_time":2.41,"gc_overhead":30.72,"max_rss_kb":764888,"domain_stats":{"0":{"wall_time":7.85,"gc_time":2.41,"gc_overhead":30.72}},"mean_latency":0.096545,"stddev_latency":0.202318,"min_latency":0.0,"max_latency":11.247615,"distr_latency":{"25.0000":0.000767,"50.0000":0.001847,"60.0000":0.015815,"70.0000":0.074175,"75.0000":0.114687,"80.0000":0.169855,"85.0000":0.238463,"90.0000":0.335103,"95.0000":0.449023,"96.0000":0.513023,"97.0000":0.583167,"98.0000":0.690175,"99.0000":0.837119,"99.9000":1.383423,"99.9900":3.282943,"99.9990":11.247615,"99.9999":11.247615,"100.0000":11.247615},"allocations":{"total_heap":3290141802,"minor_heap":3152387582,"major_heap":464536420,"promoted_words":326782200,"promoted_pct":10.37},"domain_alloc_stats":{"0":{"total":3290141802,"minor":3152387582,"promoted":326782200,"major":464536420,"promoted_pct":10.37}},"collections":{"minor":12073,"major":55,"forced_major":0,"compactions":0}}
{"version":1,"wall_time":7.87,"cpu_time":7.87,"gc_time":2.42,"gc_overhead":30.75,"max_rss_kb":764644,"domain_stats":{"0":{"wall_time":7.87,"gc_time":2.42,"gc_overhead":30.75}},"mean_latency":0.096916,"stddev_latency":0.204006,"min_latency":0.0,"max_latency":11.214847,"distr_latency":{"25.0000":0.000767,"50.0000":0.001823,"60.0000":0.015583,"70.0000":0.074367,"75.0000":0.115071,"80.0000":0.169727,"85.0000":0.237823,"90.0000":0.336383,"95.0000":0.451327,"96.0000":0.511487,"97.0000":0.586239,"98.0000":0.694783,"99.0000":0.852991,"99.9000":1.394687,"99.9900":3.373055,"99.9990":11.214847,"99.9999":11.214847,"100.0000":11.214847},"allocations":{"total_heap":3290141802,"minor_heap":3152387582,"major_heap":464536420,"promoted_words":326782200,"promoted_pct":10.37},"domain_alloc_stats":{"0":{"total":3290141802,"minor":3152387582,"promoted":326782200,"major":464536420,"promoted_pct":10.37}},"collections":{"minor":12073,"major":55,"forced_major":0,"compactions":0}}
{"version":1,"wall_time":7.9,"cpu_time":7.9,"gc_time":2.44,"gc_overhead":30.94,"max_rss_kb":764268,"domain_stats":{"0":{"wall_time":7.9,"gc_time":2.44,"gc_overhead":30.94}},"mean_latency":0.097776,"stddev_latency":0.205375,"min_latency":0.0,"max_latency":11.296767,"distr_latency":{"25.0000":0.000751,"50.0000":0.001871,"60.0000":0.015863,"70.0000":0.075007,"75.0000":0.115647,"80.0000":0.171903,"85.0000":0.242303,"90.0000":0.340223,"95.0000":0.454655,"96.0000":0.521727,"97.0000":0.590847,"98.0000":0.698879,"99.0000":0.854527,"99.9000":1.390591,"99.9900":3.364863,"99.9990":11.296767,"99.9999":11.296767,"100.0000":11.296767},"allocations":{"total_heap":3290141802,"minor_heap":3152387582,"major_heap":464536420,"promoted_words":326782200,"promoted_pct":10.37},"domain_alloc_stats":{"0":{"total":3290141802,"minor":3152387582,"promoted":326782200,"major":464536420,"promoted_pct":10.37}},"collections":{"minor":12073,"major":55,"forced_major":0,"compactions":0}}
{"version":1,"wall_time":7.83,"cpu_time":7.83,"gc_time":2.41,"gc_overhead":30.76,"max_rss_kb":763852,"domain_stats":{"0":{"wall_time":7.83,"gc_time":2.41,"gc_overhead":30.76}},"mean_latency":0.096366,"stddev_latency":0.202024,"min_latency":0.0,"max_latency":11.214847,"distr_latency":{"25.0000":0.000767,"50.0000":0.001815,"60.0000":0.017135,"70.0000":0.073727,"75.0000":0.114175,"80.0000":0.170239,"85.0000":0.237695,"90.0000":0.334335,"95.0000":0.445439,"96.0000":0.507135,"97.0000":0.582655,"98.0000":0.680447,"99.0000":0.827391,"99.9000":1.392639,"99.9900":3.299327,"99.9990":11.214847,"99.9999":11.214847,"100.0000":11.214847},"allocations":{"total_heap":3290141802,"minor_heap":3152387582,"major_heap":464536420,"promoted_words":326782200,"promoted_pct":10.37},"domain_alloc_stats":{"0":{"total":3290141802,"minor":3152387582,"promoted":326782200,"major":464536420,"promoted_pct":10.37}},"collections":{"minor":12073,"major":55,"forced_major":0,"compactions":0}}
{"version":1,"wall_time":7.86,"cpu_time":7.86,"gc_time":2.42,"gc_overhead":30.82,"max_rss_kb":764752,"domain_stats":{"0":{"wall_time":7.86,"gc_time":2.42,"gc_overhead":30.82}},"mean_latency":0.097001,"stddev_latency":0.203603,"min_latency":0.0,"max_latency":11.263999,"distr_latency":{"25.0000":0.000767,"50.0000":0.001823,"60.0000":0.015855,"70.0000":0.074559,"75.0000":0.115199,"80.0000":0.170879,"85.0000":0.239103,"90.0000":0.336383,"95.0000":0.450303,"96.0000":0.515839,"97.0000":0.587263,"98.0000":0.692735,"99.0000":0.853503,"99.9000":1.392639,"99.9900":3.385343,"99.9990":11.263999,"99.9999":11.263999,"100.0000":11.263999},"allocations":{"total_heap":3290141802,"minor_heap":3152387582,"major_heap":464536420,"promoted_words":326782200,"promoted_pct":10.37},"domain_alloc_stats":{"0":{"total":3290141802,"minor":3152387582,"promoted":326782200,"major":464536420,"promoted_pct":10.37}},"collections":{"minor":12073,"major":55,"forced_major":0,"compactions":0}}
{"version":1,"wall_time":7.86,"cpu_time":7.86,"gc_time":2.42,"gc_overhead":30.82,"max_rss_kb":764816,"domain_stats":{"0":{"wall_time":7.86,"gc_time":2.42,"gc_overhead":30.82}},"mean_latency":0.096961,"stddev_latency":0.203558,"min_latency":0.0,"max_latency":11.231231,"distr_latency":{"25.0000":0.000767,"50.0000":0.001823,"60.0000":0.015591,"70.0000":0.074111,"75.0000":0.114431,"80.0000":0.170879,"85.0000":0.239871,"90.0000":0.337919,"95.0000":0.451327,"96.0000":0.512511,"97.0000":0.583167,"98.0000":0.692735,"99.0000":0.835583,"99.9000":1.391615,"99.9900":3.327999,"99.9990":11.231231,"99.9999":11.231231,"100.0000":11.231231},"allocations":{"total_heap":3290141802,"minor_heap":3152387582,"major_heap":464536420,"promoted_words":326782200,"promoted_pct":10.37},"domain_alloc_stats":{"0":{"total":3290141802,"minor":3152387582,"promoted":326782200,"major":464536420,"promoted_pct":10.37}},"collections":{"minor":12073,"major":55,"forced_major":0,"compactions":0}}
{"version":1,"wall_time":7.84,"cpu_time":7.84,"gc_time":2.42,"gc_overhead":30.92,"max_rss_kb":765420,"domain_stats":{"0":{"wall_time":7.84,"gc_time":2.42,"gc_overhead":30.92}},"mean_latency":0.096957,"stddev_latency":0.203202,"min_latency":0.0,