{"version":1,"wall_time":1.09,"cpu_time":1.09,"gc_time":0.31,"gc_overhead":28.1,"max_rss_kb":332144,"domain_stats":{"0":{"wall_time":1.09,"gc_time":0.31,"gc_overhead":28.1}},"mean_latency":0.107921,"stddev_latency":0.191055,"min_latency":0.0,"max_latency":2.545663,"distr_latency":{"25.0000":0.007087,"50.0000":0.032623,"60.0000":0.049663,"70.0000":0.089599,"75.0000":0.119039,"80.0000":0.165247,"85.0000":0.276223,"90.0000":0.311551,"95.0000":0.419583,"96.0000":0.467711,"97.0000":0.542719,"98.0000":0.756735,"99.0000":0.930303,"99.9000":1.943551,"99.9900":2.545663,"99.9990":2.545663,"99.9999":2.545663,"100.0000":2.545663},"allocations":{"total_heap":362764279,"minor_heap":350939569,"major_heap":57973754,"promoted_words":46149044,"promoted_pct":13.15},"domain_alloc_stats":{"0":{"total":362764279,"minor":350939569,"promoted":46149044,"major":57973754,"promoted_pct":13.15}},"collections":{"minor":1360,"major":21,"forced_major":0,"compactions":0}}
{"version":1,"wall_time":1.08,"cpu_time":1.08,"gc_time":0.3,"gc_overhead":28.21,"max_rss_kb":337784,"domain_stats":{"0":{"wall_time":1.08,"gc_time":0.3,"gc_overhead":28.21}},"mean_latency":0.106744,"stddev_latency":0.190008,"min_latency":0.0,"max_latency":2.531327,"distr_latency":{"25.0000":0.007071,"50.0000":0.032399,"60.0000":0.049279,"70.0000":0.090047,"75.0000":0.118655,"80.0000":0.161407,"85.0000":0.270079,"90.0000":0.305407,"95.0000":0.415999,"96.0000":0.458495,"97.0000":0.525823,"98.0000":0.752127,"99.0000":0.925695,"99.9000":1.953791,"99.9900":2.531327,"99.9990":2.531327,"99.9999":2.531327,"100.0000":2.531327},"allocations":{"total_heap":362764279,"minor_heap":350939569,"major_heap":57973754,"promoted_words":46149044,"promoted_pct":13.15},"domain_alloc_stats":{"0":{"total":362764279,"minor":350939569,"promoted":46149044,"major":57973754,"promoted_pct":13.15}},"collections":{"minor":1360,"major":21,"forced_major":0,"compactions":0}}
{"version":1,"wall_time":1.08,"cpu_time":1.08,"gc_time":0.3,"gc_overhead":27.88,"max_rss_kb":336040,"domain_stats":{"0":{"wall_time":1.08,"gc_time":0.3,"gc_overhead":27.88}},"mean_latency":0.106044,"stddev_latency":0.190351,"min_latency":0.0,"max_latency":2.557951,"distr_latency":{"25.0000":0.006991,"50.0000":0.032015,"60.0000":0.048703,"70.0000":0.088511,"75.0000":0.116031,"80.0000":0.158975,"85.0000":0.267775,"90.0000":0.303615,"95.0000":0.430335,"96.0000":0.468479,"97.0000":0.529407,"98.0000":0.742911,"99.0000":0.932351,"99.9000":1.987583,"99.9900":2.557951,"99.9990":2.557951,"99.9999":2.557951,"100.0000":2.557951},"allocations":{"total_heap":362764279,"minor_heap":350939569,"major_heap":57973754,"promoted_words":46149044,"promoted_pct":13.15},"domain_alloc_stats":{"0":{"total":362764279,"minor":350939569,"promoted":46149044,"major":57973754,"promoted_pct":13.15}},"collections":{"minor":1360,"major":21,"forced_major":0,"compactions":0}}
{"version":1,"wall_time":1.08,"cpu_time":1.08,"gc_time":0.3,"gc_overhead":27.9,"max_rss_kb":335112,"domain_stats":{"0":{"wall_time":1.08,"gc_time":0.3,"gc_overhead":27.9}},"mean_latency":0.106335,"stddev_latency":0.189512,"min_latency":0.0,"max_latency":2.559999,"distr_latency":{"25.0000":0.007031,"50.0000":0.032335,"60.0000":0.050111,"70.0000":0.088511,"75.0000":0.116095,"80.0000":0.158463,"85.0000":0.268031,"90.0000":0.304127,"95.0000":0.431359,"96.0000":0.471295,"97.0000":0.519167,"98.0000":0.742399,"99.0000":0.914943,"99.9000":2.002943,"99.9900":2.559999,"99.9990":2.559999,"99.9999":2.559999,"100.0000":2.559999},"allocations":{"total_heap":362764279,"minor_heap":350939569,"major_heap":57973754,"promoted_words":46149044,"promoted_pct":13.15},"domain_alloc_stats":{"0":{"total":362764279,"minor":350939569,"promoted":46149044,"major":57973754,"promoted_pct":13.15}},"collections":{"minor":1360,"major":21,"forced_major":0,"compactions":0}}
{"version":1,"wall_time":1.08,"cpu_time":1.08,"gc_time":0.3,"gc_overhead":27.91,"max_rss_kb":336984,"domain_stats":{"0":{"wall_time":1.08,"gc_time":0.3,"gc_overhead":27.91}},"mean_latency":0.106081,"stddev_latency":0.189141,"min_latency":0.0,"max_latency":2.564095,"distr_latency":{"25.0000":0.007063,"50.0000":0.032095,"60.0000":0.049599,"70.0000":0.088447,"75.0000":0.116223,"80.0000":0.158079,"85.0000":0.269567,"90.0000":0.305919,"95.0000":0.428287,"96.0000":0.465663,"97.0000":0.516863,"98.0000":0.755199,"99.0000":0.919039,"99.9000":1.978367,"99.9900":2.564095,"99.9990":2.564095,"99.9999":2.564095,"100.0000":2.564095},"allocations":{"total_heap":362764279,"minor_heap":350939569,"major_heap":57973754,"promoted_words":46149044,"promoted_pct":13.15},"domain_alloc_stats":{"0":{"total":362764279,"minor":350939569,"promoted":46149044,"major":57973754,"promoted_pct":13.15}},"collections":{"minor":1360,"major":21,"forced_major":0,"compactions":0}}
{"version":1,"wall_time":1.08,"cpu_time":1.08,"gc_time":0.3,"gc_overhead":27.9,"max_rss_kb":336976,"domain_stats":{"0":{"wall_time":1.08,"gc_time":0.3,"gc_overhead":27.9}},"mean_latency":0.105792,"stddev_latency":0.190142,"min_latency":0.0,"max_latency":2.529279,"distr_latency":{"25.0000":0.007063,"50.0000":0.031711,"60.0000":0.049055,"70.0000":0.088447,"75.0000":0.116671,"80.0000":0.156031,"85.0000":0.269311,"90.0000":0.306431,"95.0000":0.405503,"96.0000":0.460543,"97.0000":0.521983,"98.0000":0.748031,"99.0000":0.930303,"99.9000":1.988607,"99.9900":2.529279,"99.9990":2.529279,"99.9999":2.529279,"100.0000":2.529279},"allocations":{"total_heap":362764279,"minor_heap":350939569,"major_heap":57973754,"promoted_words":46149044,"promoted_pct":13.15},"domain_alloc_stats":{"0":{"total":362764279,"minor":350939569,"promoted":46149044,"major":57973754,"promoted_pct":13.15}},"collections":{"minor":1360,"major":21,"forced_major":0,"compactions":0}}
{"version":1,"wall_time":1.09,"cpu_time":1.09,"gc_time":0.31,"gc_overhead":28.13,"max_rss_kb":332916,"domain_stats":{"0":{"wall_time":1.09,"gc_time":0.31,"gc_overhead":28.13}},"mean_latency":0.108,"stddev_latency":0.192824,"min_latency":0.0,"max_latency":2.537471,"distr_latency":{"25.0000":0.007071,"50.0000":0.032655,"60.0000":0.050751,"70.0000":0.088703,"75.0000":0.117055,"80.0000":0.161407,"85.0000":0.271359,"90.0000":0.308479,"95.0000":0.431103,"96.0000":0.473087,"97.0000":0.541695,"98.0000":0.763903,"99.0000":0.942591,"99.9000":2.004991,"99.9900":2.537471,"99.9990":2.537471,"99.9999":2.537471,"100.0000":2.537471},"allocations":{"total_heap":362764279,"minor_heap":350939569,"major_heap":57973754,"promoted_words":46149044,"promoted_pct":13.15},"domain_alloc_stats":{"0":{"total":362764279,"minor":350939569,"promoted":46149044,"major":57973754,"promoted_pct":13.15}},"collections":{"minor":1360,"major":21,"forced_major":0,"compactions":0}}
{"version":1,"wall_time":1.08,"cpu_time":1.08,"gc_time":0.3,"gc_overhead":28.1,"max_rss_kb":336872,"domain_stats":{"0":{"wall_time":1.08,"gc_time":0.3,"gc_overhead":28.1}},"mean_latency":0.106486,"stddev_latency":0.189882,"min_latency":0.0,"max_latency":2.531327,"distr_latency":{"25.0000":0.007191,"50.0000":0.032863,"60.0000":0.050143,"70.0000":0.089663,"75.0000":0.116607,"80.0000":0.156287,"85.0000":0.271103,"90.0000":0.306431,"95.0000":0.425215,"96.0000":0.466175,"97.0000":0.525311,"98.0000":0.760831,"99.0000":0.918527,"99.9000":1.983487,"99.9900":2.531327,"99.9990":2.531327,"99.9999":2.531327,"100.0000":2.531327},"allocations":{"total_heap":362764279,"minor_heap":350939569,"major_heap":57973754,"promoted_words":46149044,"promoted_pct":13.15},"domain_alloc_stats":{"0":{"total":362764279,"minor":350939569,"promoted":46149044,"major":57973754,"promoted_pct":13.15}},"collections":{"minor":1360,"major":21,"forced_major":0,"compactions":0}}
{"version":1,"wall_time":1.08,"cpu_time":1.08,"gc_time":0.3,"gc_overhead":27.9,"max_rss_kb":337904,"domain_stats":{"0":{"wall_time":1.08,"gc_time":0.3,"gc_overhead":27.9}},"mean_latency":0.10554,"stddev_latency":0.187842,"min_latency":0.0,"max_latency":2.541567,"distr_latency":{"25.0000":0.007087,"50.0000":0.032399,"60.0000":0.049183,"70.0000":0.088383,"75.0000":0.115903,