{"version":1,"wall_time":1.64,"cpu_time":1.64,"gc_time":0.03,"gc_overhead":2.06,"max_rss_kb":16528,"domain_stats":{"0":{"wall_time":1.64,"gc_time":0.03,"gc_overhead":2.06}},"mean_latency":0.005303,"stddev_latency":0.007472,"min_latency":0.0,"max_latency":0.075775,"distr_latency":{"25.0000":0.000663,"50.0000":0.002151,"60.0000":0.003671,"70.0000":0.005207,"75.0000":0.005975,"80.0000":0.007343,"85.0000":0.011311,"90.0000":0.016815,"95.0000":0.022639,"96.0000":0.023007,"97.0000":0.023551,"98.0000":0.025311,"99.0000":0.035135,"99.9000":0.037663,"99.9900":0.051679,"99.9990":0.075775,"99.9999":0.075775,"100.0000":0.075775},"allocations":{"total_heap":397874984,"minor_heap":200483771,"major_heap":197929860,"promoted_words":538647,"promoted_pct":0.27},"domain_alloc_stats":{"0":{"total":397874984,"minor":200483771,"promoted":538647,"major":197929860,"promoted_pct":0.27}},"collections":{"minor":1524,"major":1158,"forced_major":0,"compactions":0}}
{"version":1,"wall_time":1.63,"cpu_time":1.63,"gc_time":0.03,"gc_overhead":1.99,"max_rss_kb":16752,"domain_stats":{"0":{"wall_time":1.63,"gc_time":0.03,"gc_overhead":1.99}},"mean_latency":0.005087,"stddev_latency":0.006746,"min_latency":0.0,"max_latency":0.061983,"distr_latency":{"25.0000":0.000663,"50.0000":0.002143,"60.0000":0.004111,"70.0000":0.005383,"75.0000":0.006095,"80.0000":0.007367,"85.0000":0.010423,"90.0000":0.015583,"95.0000":0.022335,"96.0000":0.022735,"97.0000":0.023023,"98.0000":0.023423,"99.0000":0.024111,"99.9000":0.036351,"99.9900":0.055807,"99.9990":0.061983,"99.9999":0.061983,"100.0000":0.061983},"allocations":{"total_heap":397874984,"minor_heap":200483771,"major_heap":197929860,"promoted_words":538647,"promoted_pct":0.27},"domain_alloc_stats":{"0":{"total":397874984,"minor":200483771,"promoted":538647,"major":197929860,"promoted_pct":0.27}},"collections":{"minor":1524,"major":1158,"forced_major":0,"compactions":0}}
{"version":1,"wall_time":1.65,"cpu_time":1.65,"gc_time":0.03,"gc_overhead":1.91,"max_rss_kb":16500,"domain_stats":{"0":{"wall_time":1.65,"gc_time":0.03,"gc_overhead":1.91}},"mean_latency":0.004962,"stddev_latency":0.006916,"min_latency":0.0,"max_latency":0.073151,"distr_latency":{"25.0000":0.000671,"50.0000":0.002135,"60.0000":0.003327,"70.0000":0.004575,"75.0000":0.005415,"80.0000":0.007103,"85.0000":0.010783,"90.0000":0.015663,"95.0000":0.022687,"96.0000":0.023055,"97.0000":0.023439,"98.0000":0.023871,"99.0000":0.024751,"99.9000":0.036991,"99.9900":0.058751,"99.9990":0.073151,"99.9999":0.073151,"100.0000":0.073151},"allocations":{"total_heap":397874984,"minor_heap":200483771,"major_heap":197929860,"promoted_words":538647,"promoted_pct":0.27},"domain_alloc_stats":{"0":{"total":397874984,"minor":200483771,"promoted":538647,"major":197929860,"promoted_pct":0.27}},"collections":{"minor":1524,"major":1158,"forced_major":0,"compactions":0}}
{"version":1,"wall_time":1.63,"cpu_time":1.63,"gc_time":0.03,"gc_overhead":1.92,"max_rss_kb":16504,"domain_stats":{"0":{"wall_time":1.63,"gc_time":0.03,"gc_overhead":1.92}},"mean_latency":0.004914,"stddev_latency":0.006794,"min_latency":0.0,"max_latency":0.051455,"distr_latency":{"25.0000":0.000663,"50.0000":0.002095,"60.0000":0.003335,"70.0000":0.004567,"75.0000":0.005351,"80.0000":0.007095,"85.0000":0.010607,"90.0000":0.015695,"95.0000":0.022511,"96.0000":0.022911,"97.0000":0.023279,"98.0000":0.023711,"99.0000":0.024543,"99.9000":0.037407,"99.9900":0.050431,"99.9990":0.051455,"99.9999":0.051455,"100.0000":0.051455},"allocations":{"total_heap":397874984,"minor_heap":200483771,"major_heap":197929860,"promoted_words":538647,"promoted_pct":0.27},"domain_alloc_stats":{"0":{"total":397874984,"minor":200483771,"promoted":538647,"major":197929860,"promoted_pct":0.27}},"collections":{"minor":1524,"major":1158,"forced_major":0,"compactions":0}}
{"version":1,"wall_time":1.63,"cpu_time":1.63,"gc_time":0.03,"gc_overhead":2.06,"max_rss_kb":16508,"domain_stats":{"0":{"wall_time":1.63,"gc_time":0.03,"gc_overhead":2.06}},"mean_latency":0.005253,"stddev_latency":0.007554,"min_latency":0.0,"max_latency":0.058591,"distr_latency":{"25.0000":0.000671,"50.0000":0.002127,"60.0000":0.003367,"70.0000":0.004551,"75.0000":0.005375,"80.0000":0.007183,"85.0000":0.011895,"90.0000":0.017855,"95.0000":0.023295,"96.0000":0.023919,"97.0000":0.024895,"98.0000":0.027311,"99.0000":0.030559,"99.9000":0.038271,"99.9900":0.052447,"99.9990":0.058591,"99.9999":0.058591,"100.0000":0.058591},"allocations":{"total_heap":397874984,"minor_heap":200483771,"major_heap":197929860,"promoted_words":538647,"promoted_pct":0.27},"domain_alloc_stats":{"0":{"total":397874984,"minor":200483771,"promoted":538647,"major":197929860,"promoted_pct":0.27}},"collections":{"minor":1524,"major":1158,"forced_major":0,"compactions":0}}
{"version":1,"wall_time":1.64,"cpu_time":1.64,"gc_time":0.03,"gc_overhead":1.94,"max_rss_kb":16508,"domain_stats":{"0":{"wall_time":1.64,"gc_time":0.03,"gc_overhead":1.94}},"mean_latency":0.005018,"stddev_latency":0.00698,"min_latency":0.0,"max_latency":0.053119,"distr_latency":{"25.0000":0.000663,"50.0000":0.002103,"60.0000":0.003383,"70.0000":0.004623,"75.0000":0.005383,"80.0000":0.007255,"85.0000":0.011247,"90.0000":0.016287,"95.0000":0.022879,"96.0000":0.023279,"97.0000":0.023775,"98.0000":0.024383,"99.0000":0.025439,"99.9000":0.037375,"99.9900":0.043583,"99.9990":0.053119,"99.9999":0.053119,"100.0000":0.053119},"allocations":{"total_heap":397874984,"minor_heap":200483771,"major_heap":197929860,"promoted_words":538647,"promoted_pct":0.27},"domain_alloc_stats":{"0":{"total":397874984,"minor":200483771,"promoted":538647,"major":197929860,"promoted_pct":0.27}},"collections":{"minor":1524,"major":1158,"forced_major":0,"compactions":0}}
{"version":1,"wall_time":1.64,"cpu_time":1.64,"gc_time":0.03,"gc_overhead":1.92,"max_rss_kb":16480,"domain_stats":{"0":{"wall_time":1.64,"gc_time":0.03,"gc_overhead":1.92}},"mean_latency":0.004946,"stddev_latency":0.006826,"min_latency":0.0,"max_latency":0.050111,"distr_latency":{"25.0000":0.000663,"50.0000":0.002135,"60.0000":0.003375,"70.0000":0.004607,"75.0000":0.005391,"80.0000":0.007047,"85.0000":0.010567,"90.0000":0.015783,"95.0000":0.022463,"96.0000":0.022863,"97.0000":0.023263,"98.0000":0.023663,"99.0000":0.024575,"99.9000":0.036639,"99.9900":0.048255,"99.9990":0.050111,"99.9999":0.050111,"100.0000":0.050111},"allocations":{"total_heap":397874984,"minor_heap":200483771,"major_heap":197929860,"promoted_words":538647,"promoted_pct":0.27},"domain_alloc_stats":{"0":{"total":397874984,"minor":200483771,"promoted":538647,"major":197929860,"promoted_pct":0.27}},"collections":{"minor":1524,"major":1158,"forced_major":0,"compactions":0}}
{"version":1,"wall_time":1.64,"cpu_time":1.64,"gc_time":0.03,"gc_overhead":1.96,"max_rss_kb":16480,"domain_stats":{"0":{"wall_time":1.64,"gc_time":0.03,"gc_overhead":1.96}},"mean_latency":0.00505,"stddev_latency":0.007121,"min_latency":0.0,"max_latency":0.077631,"distr_latency":{"25.0000":0.000663,"50.0000":0.002127,"60.0000":0.003335,"70.0000":0.004575,"75.0000":0.005351,"80.0000":0.007215,"85.0000":0.011103,"90.0000":0.016263,"95.0000":0.022895,"96.0000":0.023231,"97.0000":0.023679,"98.0000":0.024335,"99.0000":0.025903,"99.9000":0.038175,"99.9900":0.043615,"99.9990":0.077631,"99.9999":0.077631,"100.0000":0.077631},"allocations":{"total_heap":397874984,"minor_heap":200483771,"major_heap":197929860,"promoted_words":538647,"promoted_pct":0.27},"domain_alloc_stats":{"0":{"total":397874984,"minor":200483771,"promoted":538647,"major":197929860,"promoted_pct":0.27}},"collections":{"minor":1524,"major":1158,"forced_major":0,"compactions":0}}
{"version":1,"wall_time":1.63,"cpu_time":1.63,"gc_time":0.03,"gc_overhead":1.93,"max_rss_kb":16560,"domain_stats":{"0":{"wall_time":1.63,"gc_time":0.03,"gc_overhead":1.93}},"mean_latency":0.004943,"stddev_latency":0.006883,"min_latency":0.0,"max_latency":0.053759,"distr_latency":{"25.0000":0.000671,"50.0000":0.002127,"60.0000":0.003327,"70.0000":0.004551,"75.0000":0.005383,