{"version":1,"wall_time":2.29,"cpu_time":2.29,"gc_time":0.59,"gc_overhead":25.83,"max_rss_kb":147256,"domain_stats":{"0":{"wall_time":2.29,"gc_time":0.59,"gc_overhead":25.83}},"mean_latency":0.002952,"stddev_latency":0.002546,"min_latency":0.0,"max_latency":0.040639,"distr_latency":{"25.0000":3.1e-05,"50.0000":0.002943,"60.0000":0.003767,"70.0000":0.004863,"75.0000":0.005023,"80.0000":0.005151,"85.0000":0.005343,"90.0000":0.005943,"95.0000":0.006831,"96.0000":0.007303,"97.0000":0.007911,"98.0000":0.008687,"99.0000":0.009855,"99.9000":0.013295,"99.9900":0.017039,"99.9990":0.022303,"99.9999":0.040639,"100.0000":0.040639},"allocations":{"total_heap":3993830608,"minor_heap":4177519,"major_heap":3989907772,"promoted_words":254683,"promoted_pct":6.1},"domain_alloc_stats":{"0":{"total":3993830608,"minor":4177519,"promoted":254683,"major":3989907772,"promoted_pct":6.1}},"collections":{"minor":101153,"major":101143,"forced_major":0,"compactions":0}}
{"version":1,"wall_time":2.29,"cpu_time":2.29,"gc_time":0.57,"gc_overhead":24.89,"max_rss_kb":147132,"domain_stats":{"0":{"wall_time":2.29,"gc_time":0.57,"gc_overhead":24.89}},"mean_latency":0.002845,"stddev_latency":0.002452,"min_latency":0.0,"max_latency":0.071999,"distr_latency":{"25.0000":3.1e-05,"50.0000":0.002823,"60.0000":0.003591,"70.0000":0.004711,"75.0000":0.004823,"80.0000":0.004935,"85.0000":0.005295,"90.0000":0.005631,"95.0000":0.006511,"96.0000":0.006967,"97.0000":0.007535,"98.0000":0.008271,"99.0000":0.009367,"99.9000":0.012711,"99.9900":0.016207,"99.9990":0.022207,"99.9999":0.071999,"100.0000":0.071999},"allocations":{"total_heap":3993830608,"minor_heap":4177519,"major_heap":3989907772,"promoted_words":254683,"promoted_pct":6.1},"domain_alloc_stats":{"0":{"total":3993830608,"minor":4177519,"promoted":254683,"major":3989907772,"promoted_pct":6.1}},"collections":{"minor":101153,"major":101143,"forced_major":0,"compactions":0}}
{"version":1,"wall_time":2.29,"cpu_time":2.29,"gc_time":0.59,"gc_overhead":25.93,"max_rss_kb":147408,"domain_stats":{"0":{"wall_time":2.29,"gc_time":0.59,"gc_overhead":25.93}},"mean_latency":0.002968,"stddev_latency":0.002559,"min_latency":0.0,"max_latency":0.092095,"distr_latency":{"25.0000":3.1e-05,"50.0000":0.002967,"60.0000":0.003767,"70.0000":0.004895,"75.0000":0.005103,"80.0000":0.005223,"85.0000":0.005391,"90.0000":0.005967,"95.0000":0.006767,"96.0000":0.007255,"97.0000":0.007855,"98.0000":0.008607,"99.0000":0.009727,"99.9000":0.013127,"99.9900":0.016591,"99.9990":0.039007,"99.9999":0.092095,"100.0000":0.092095},"allocations":{"total_heap":3993830608,"minor_heap":4177519,"major_heap":3989907772,"promoted_words":254683,"promoted_pct":6.1},"domain_alloc_stats":{"0":{"total":3993830608,"minor":4177519,"promoted":254683,"major":3989907772,"promoted_pct":6.1}},"collections":{"minor":101153,"major":101143,"forced_major":0,"compactions":0}}
{"version":1,"wall_time":2.28,"cpu_time":2.28,"gc_time":0.59,"gc_overhead":25.73,"max_rss_kb":147620,"domain_stats":{"0":{"wall_time":2.28,"gc_time":0.59,"gc_overhead":25.73}},"mean_latency":0.002935,"stddev_latency":0.002524,"min_latency":0.0,"max_latency":0.045791,"distr_latency":{"25.0000":3.1e-05,"50.0000":0.002943,"60.0000":0.003727,"70.0000":0.004831,"75.0000":0.005015,"80.0000":0.005143,"85.0000":0.005335,"90.0000":0.005887,"95.0000":0.006735,"96.0000":0.007207,"97.0000":0.007791,"98.0000":0.008567,"99.0000":0.009695,"99.9000":0.013135,"99.9900":0.016687,"99.9990":0.024751,"99.9999":0.045791,"100.0000":0.045791},"allocations":{"total_heap":3993830608,"minor_heap":4177519,"major_heap":3989907772,"promoted_words":254683,"promoted_pct":6.1},"domain_alloc_stats":{"0":{"total":3993830608,"minor":4177519,"promoted":254683,"major":3989907772,"promoted_pct":6.1}},"collections":{"minor":101153,"major":101143,"forced_major":0,"compactions":0}}
{"version":1,"wall_time":2.29,"cpu_time":2.29,"gc_time":0.59,"gc_overhead":26.01,"max_rss_kb":147064,"domain_stats":{"0":{"wall_time":2.29,"gc_time":0.59,"gc_overhead":26.01}},"mean_latency":0.002974,"stddev_latency":0.002546,"min_latency":0.0,"max_latency":0.048927,"distr_latency":{"25.0000":3.1e-05,"50.0000":0.003015,"60.0000":0.003791,"70.0000":0.004911,"75.0000":0.005111,"80.0000":0.005231,"85.0000":0.005391,"90.0000":0.005951,"95.0000":0.006703,"96.0000":0.007215,"97.0000":0.007823,"98.0000":0.008591,"99.0000":0.009671,"99.9000":0.013103,"99.9900":0.017695,"99.9990":0.030063,"99.9999":0.048927,"100.0000":0.048927},"allocations":{"total_heap":3993830608,"minor_heap":4177519,"major_heap":3989907772,"promoted_words":254683,"promoted_pct":6.1},"domain_alloc_stats":{"0":{"total":3993830608,"minor":4177519,"promoted":254683,"major":3989907772,"promoted_pct":6.1}},"collections":{"minor":101153,"major":101143,"forced_major":0,"compactions":0}}
{"version":1,"wall_time":2.29,"cpu_time":2.29,"gc_time":0.6,"gc_overhead":26.01,"max_rss_kb":147444,"domain_stats":{"0":{"wall_time":2.29,"gc_time":0.6,"gc_overhead":26.01}},"mean_latency":0.00298,"stddev_latency":0.002557,"min_latency":0.0,"max_latency":0.045951,"distr_latency":{"25.0000":3.1e-05,"50.0000":0.002983,"60.0000":0.003783,"70.0000":0.004943,"75.0000":0.005103,"80.0000":0.005223,"85.0000":0.005391,"90.0000":0.005983,"95.0000":0.006831,"96.0000":0.007295,"97.0000":0.007895,"98.0000":0.008655,"99.0000":0.009783,"99.9000":0.013143,"99.9900":0.016511,"99.9990":0.026799,"99.9999":0.045951,"100.0000":0.045951},"allocations":{"total_heap":3993830608,"minor_heap":4177519,"major_heap":3989907772,"promoted_words":254683,"promoted_pct":6.1},"domain_alloc_stats":{"0":{"total":3993830608,"minor":4177519,"promoted":254683,"major":3989907772,"promoted_pct":6.1}},"collections":{"minor":101153,"major":101143,"forced_major":0,"compactions":0}}
{"version":1,"wall_time":2.29,"cpu_time":2.29,"gc_time":0.6,"gc_overhead":26.01,"max_rss_kb":147368,"domain_stats":{"0":{"wall_time":2.29,"gc_time":0.6,"gc_overhead":26.01}},"mean_latency":0.002977,"stddev_latency":0.002544,"min_latency":0.0,"max_latency":0.036991,"distr_latency":{"25.0000":4.7e-05,"50.0000":0.003023,"60.0000":0.003791,"70.0000":0.004911,"75.0000":0.005103,"80.0000":0.005231,"85.0000":0.005423,"90.0000":0.005967,"95.0000":0.006735,"96.0000":0.007223,"97.0000":0.007831,"98.0000":0.008575,"99.0000":0.009687,"99.9000":0.013055,"99.9900":0.016175,"99.9990":0.018783,"99.9999":0.036991,"100.0000":0.036991},"allocations":{"total_heap":3993830608,"minor_heap":4177519,"major_heap":3989907772,"promoted_words":254683,"promoted_pct":6.1},"domain_alloc_stats":{"0":{"total":3993830608,"minor":4177519,"promoted":254683,"major":3989907772,"promoted_pct":6.1}},"collections":{"minor":101153,"major":101143,"forced_major":0,"compactions":0}}
{"version":1,"wall_time":2.3,"cpu_time":2.3,"gc_time":0.61,"gc_overhead":26.33,"max_rss_kb":146316,"domain_stats":{"0":{"wall_time":2.3,"gc_time":0.61,"gc_overhead":26.33}},"mean_latency":0.00303,"stddev_latency":0.002599,"min_latency":0.0,"max_latency":0.041599,"distr_latency":{"25.0000":3.1e-05,"50.0000":0.003007,"60.0000":0.003855,"70.0000":0.004935,"75.0000":0.005215,"80.0000":0.005367,"85.0000":0.005583,"90.0000":0.006103,"95.0000":0.006855,"96.0000":0.007391,"97.0000":0.007983,"98.0000":0.008743,"99.0000":0.009855,"99.9000":0.013127,"99.9900":0.017055,"99.9990":0.023983,"99.9999":0.041599,"100.0000":0.041599},"allocations":{"total_heap":3993830608,"minor_heap":4177519,"major_heap":3989907772,"promoted_words":254683,"promoted_pct":6.1},"domain_alloc_stats":{"0":{"total":3993830608,"minor":4177519,"promoted":254683,"major":3989907772,"promoted_pct":6.1}},"collections":{"minor":101153,"major":101143,"forced_major":0,"compactions":0}}
{"version":1,"wall_time":2.29,"cpu_time":2.29,"gc_time":0.59,"gc_overhead":25.91,"max_rss_kb":147396,"domain_stats":{"0":{"wall_time":2.29,"gc_time":0.59,"gc_overhead":25.91}},"mean_latency":0.002963,"stddev_latency":0.002552,"min_latency":0.0,"max_latency":0.051583,"distr_latency":{"25.0000":3.1e-05,"50.0000":0.002951,"60.0000":0.003791,"70.0000":0.004823,