{"version":1,"wall_time":2.49,"cpu_time":2.49,"gc_time":0.02,"gc_overhead":0.97,"max_rss_kb":19056,"domain_stats":{"0":{"wall_time":2.49,"gc_time":0.02,"gc_overhead":0.97}},"mean_latency":0.004911,"stddev_latency":0.005203,"min_latency":0.0,"max_latency":0.060991,"distr_latency":{"25.0000":0.000343,"50.0000":0.003967,"60.0000":0.004775,"70.0000":0.005671,"75.0000":0.006775,"80.0000":0.008127,"85.0000":0.009735,"90.0000":0.012007,"95.0000":0.016087,"96.0000":0.017375,"97.0000":0.018431,"98.0000":0.019983,"99.0000":0.021791,"99.9000":0.026591,"99.9900":0.060991,"99.9990":0.060991,"99.9999":0.060991,"100.0000":0.060991},"allocations":{"total_heap":333109458,"minor_heap":252220313,"major_heap":83202465,"promoted_words":2313320,"promoted_pct":0.92},"domain_alloc_stats":{"0":{"total":333109458,"minor":252220313,"promoted":2313320,"major":83202465,"promoted_pct":0.92}},"collections":{"minor":2104,"major":1509,"forced_major":0,"compactions":0}}
{"version":1,"wall_time":2.48,"cpu_time":2.48,"gc_time":0.02,"gc_overhead":0.98,"max_rss_kb":19300,"domain_stats":{"0":{"wall_time":2.48,"gc_time":0.02,"gc_overhead":0.98}},"mean_latency":0.004957,"stddev_latency":0.005087,"min_latency":0.0,"max_latency":0.058271,"distr_latency":{"25.0000":0.000343,"50.0000":0.004247,"60.0000":0.004887,"70.0000":0.005815,"75.0000":0.006871,"80.0000":0.008287,"85.0000":0.009695,"90.0000":0.011767,"95.0000":0.015695,"96.0000":0.016927,"97.0000":0.018159,"98.0000":0.019711,"99.0000":0.021455,"99.9000":0.026527,"99.9900":0.058271,"99.9990":0.058271,"99.9999":0.058271,"100.0000":0.058271},"allocations":{"total_heap":333109458,"minor_heap":252220313,"major_heap":83202465,"promoted_words":2313320,"promoted_pct":0.92},"domain_alloc_stats":{"0":{"total":333109458,"minor":252220313,"promoted":2313320,"major":83202465,"promoted_pct":0.92}},"collections":{"minor":2104,"major":1509,"forced_major":0,"compactions":0}}
{"version":1,"wall_time":2.5,"cpu_time":2.5,"gc_time":0.03,"gc_overhead":1.01,"max_rss_kb":19008,"domain_stats":{"0":{"wall_time":2.5,"gc_time":0.03,"gc_overhead":1.01}},"mean_latency":0.005133,"stddev_latency":0.005256,"min_latency":0.0,"max_latency":0.057599,"distr_latency":{"25.0000":0.000351,"50.0000":0.004447,"60.0000":0.004991,"70.0000":0.006023,"75.0000":0.007175,"80.0000":0.008543,"85.0000":0.009935,"90.0000":0.011967,"95.0000":0.016087,"96.0000":0.017471,"97.0000":0.018703,"98.0000":0.020287,"99.0000":0.022591,"99.9000":0.028831,"99.9900":0.057599,"99.9990":0.057599,"99.9999":0.057599,"100.0000":0.057599},"allocations":{"total_heap":333109458,"minor_heap":252220313,"major_heap":83202465,"promoted_words":2313320,"promoted_pct":0.92},"domain_alloc_stats":{"0":{"total":333109458,"minor":252220313,"promoted":2313320,"major":83202465,"promoted_pct":0.92}},"collections":{"minor":2104,"major":1509,"forced_major":0,"compactions":0}}
{"version":1,"wall_time":2.49,"cpu_time":2.49,"gc_time":0.02,"gc_overhead":0.97,"max_rss_kb":19096,"domain_stats":{"0":{"wall_time":2.49,"gc_time":0.02,"gc_overhead":0.97}},"mean_latency":0.004902,"stddev_latency":0.005155,"min_latency":0.0,"max_latency":0.053727,"distr_latency":{"25.0000":0.000367,"50.0000":0.003943,"60.0000":0.004767,"70.0000":0.005655,"75.0000":0.006791,"80.0000":0.008071,"85.0000":0.009687,"90.0000":0.011831,"95.0000":0.016175,"96.0000":0.017215,"97.0000":0.018495,"98.0000":0.019807,"99.0000":0.021855,"99.9000":0.027055,"99.9900":0.053727,"99.9990":0.053727,"99.9999":0.053727,"100.0000":0.053727},"allocations":{"total_heap":333109458,"minor_heap":252220313,"major_heap":83202465,"promoted_words":2313320,"promoted_pct":0.92},"domain_alloc_stats":{"0":{"total":333109458,"minor":252220313,"promoted":2313320,"major":83202465,"promoted_pct":0.92}},"collections":{"minor":2104,"major":1509,"forced_major":0,"compactions":0}}
{"version":1,"wall_time":2.49,"cpu_time":2.49,"gc_time":0.02,"gc_overhead":0.95,"max_rss_kb":19096,"domain_stats":{"0":{"wall_time":2.49,"gc_time":0.02,"gc_overhead":0.95}},"mean_latency":0.004796,"stddev_latency":0.005084,"min_latency":0.0,"max_latency":0.066111,"distr_latency":{"25.0000":0.000335,"50.0000":0.003863,"60.0000":0.004623,"70.0000":0.005463,"75.0000":0.006607,"80.0000":0.007967,"85.0000":0.009471,"90.0000":0.011663,"95.0000":0.015823,"96.0000":0.017055,"97.0000":0.017887,"98.0000":0.019535,"99.0000":0.021295,"99.9000":0.026783,"99.9900":0.066111,"99.9990":0.066111,"99.9999":0.066111,"100.0000":0.066111},"allocations":{"total_heap":333109458,"minor_heap":252220313,"major_heap":83202465,"promoted_words":2313320,"promoted_pct":0.92},"domain_alloc_stats":{"0":{"total":333109458,"minor":252220313,"promoted":2313320,"major":83202465,"promoted_pct":0.92}},"collections":{"minor":2104,"major":1509,"forced_major":0,"compactions":0}}
{"version":1,"wall_time":2.51,"cpu_time":2.51,"gc_time":0.02,"gc_overhead":0.96,"max_rss_kb":19036,"domain_stats":{"0":{"wall_time":2.51,"gc_time":0.02,"gc_overhead":0.96}},"mean_latency":0.004908,"stddev_latency":0.005159,"min_latency":0.0,"max_latency":0.065215,"distr_latency":{"25.0000":0.000351,"50.0000":0.004047,"60.0000":0.004807,"70.0000":0.005711,"75.0000":0.006751,"80.0000":0.008071,"85.0000":0.009711,"90.0000":0.011823,"95.0000":0.016103,"96.0000":0.017167,"97.0000":0.018223,"98.0000":0.020111,"99.0000":0.021727,"99.9000":0.027487,"99.9900":0.065215,"99.9990":0.065215,"99.9999":0.065215,"100.0000":0.065215},"allocations":{"total_heap":333109458,"minor_heap":252220313,"major_heap":83202465,"promoted_words":2313320,"promoted_pct":0.92},"domain_alloc_stats":{"0":{"total":333109458,"minor":252220313,"promoted":2313320,"major":83202465,"promoted_pct":0.92}},"collections":{"minor":2104,"major":1509,"forced_major":0,"compactions":0}}
{"version":1,"wall_time":2.49,"cpu_time":2.49,"gc_time":0.03,"gc_overhead":1.02,"max_rss_kb":19112,"domain_stats":{"0":{"wall_time":2.49,"gc_time":0.03,"gc_overhead":1.02}},"mean_latency":0.005184,"stddev_latency":0.005274,"min_latency":0.0,"max_latency":0.053919,"distr_latency":{"25.0000":0.000351,"50.0000":0.004503,"60.0000":0.005047,"70.0000":0.006063,"75.0000":0.007231,"80.0000":0.008583,"85.0000":0.010047,"90.0000":0.012071,"95.0000":0.016303,"96.0000":0.017695,"97.0000":0.018879,"98.0000":0.020303,"99.0000":0.022543,"99.9000":0.027999,"99.9900":0.053919,"99.9990":0.053919,"99.9999":0.053919,"100.0000":0.053919},"allocations":{"total_heap":333109458,"minor_heap":252220313,"major_heap":83202465,"promoted_words":2313320,"promoted_pct":0.92},"domain_alloc_stats":{"0":{"total":333109458,"minor":252220313,"promoted":2313320,"major":83202465,"promoted_pct":0.92}},"collections":{"minor":2104,"major":1509,"forced_major":0,"compactions":0}}
{"version":1,"wall_time":2.49,"cpu_time":2.49,"gc_time":0.03,"gc_overhead":1.01,"max_rss_kb":19024,"domain_stats":{"0":{"wall_time":2.49,"gc_time":0.03,"gc_overhead":1.01}},"mean_latency":0.005135,"stddev_latency":0.005251,"min_latency":0.0,"max_latency":0.063423,"distr_latency":{"25.0000":0.000367,"50.0000":0.004471,"60.0000":0.005007,"70.0000":0.006015,"75.0000":0.007183,"80.0000":0.008495,"85.0000":0.010007,"90.0000":0.011927,"95.0000":0.016135,"96.0000":0.017615,"97.0000":0.018623,"98.0000":0.020063,"99.0000":0.022495,"99.9000":0.028511,"99.9900":0.063423,"99.9990":0.063423,"99.9999":0.063423,"100.0000":0.063423},"allocations":{"total_heap":333109458,"minor_heap":252220313,"major_heap":83202465,"promoted_words":2313320,"promoted_pct":0.92},"domain_alloc_stats":{"0":{"total":333109458,"minor":252220313,"promoted":2313320,"major":83202465,"promoted_pct":0.92}},"collections":{"minor":2104,"major":1509,"forced_major":0,"compactions":0}}
{"version":1,"wall_time":2.49,"cpu_time":2.49,"gc_time":0.02,"gc_overhead":0.97,"max_rss_kb":18964,"domain_stats":{"0":{"wall_time":2.49,"gc_time":0.02,"gc_overhead":0.97}},"mean_latency":0.004944,"stddev_latency":0.005239,"min_latency":0.0,"max_latency":0.056927,"distr_latency":{"25.0000":0.000351,"50.0000":0.003975,"60.0000":0.004775,"70.0000":0.005655,"75.0000":0.006775,"80.0000":0.008071,