{"version":1,"wall_time":4.04,"cpu_time":4.04,"gc_time":2.99,"gc_overhead":73.93,"max_rss_kb":173164,"domain_stats":{"0":{"wall_time":4.04,"gc_time":2.99,"gc_overhead":73.93}},"mean_latency":0.199759,"stddev_latency":0.42278,"min_latency":0.0,"max_latency":3.158015,"distr_latency":{"25.0000":0.000111,"50.0000":0.000295,"60.0000":0.000383,"70.0000":0.004151,"75.0000":0.005135,"80.0000":0.292863,"85.0000":0.771583,"90.0000":0.929279,"95.0000":1.158143,"96.0000":1.298431,"97.0000":1.440767,"98.0000":1.588223,"99.0000":1.719295,"99.9000":1.969151,"99.9900":2.678783,"99.9990":3.158015,"99.9999":3.158015,"100.0000":3.158015},"allocations":{"total_heap":14037472,"minor_heap":300205,"major_heap":13737470,"promoted_words":203,"promoted_pct":0.07},"domain_alloc_stats":{"0":{"total":14037472,"minor":300205,"promoted":203,"major":13737470,"promoted_pct":0.07}},"collections":{"minor":1963,"major":981,"forced_major":0,"compactions":0}}
{"version":1,"wall_time":4.05,"cpu_time":4.05,"gc_time":3.0,"gc_overhead":74.07,"max_rss_kb":172668,"domain_stats":{"0":{"wall_time":4.05,"gc_time":3.0,"gc_overhead":74.07}},"mean_latency":0.200527,"stddev_latency":0.425007,"min_latency":0.0,"max_latency":2.969599,"distr_latency":{"25.0000":8.7e-05,"50.0000":0.000295,"60.0000":0.000375,"70.0000":0.004191,"75.0000":0.005207,"80.0000":0.291839,"85.0000":0.768511,"90.0000":0.927231,"95.0000":1.170431,"96.0000":1.315839,"97.0000":1.449983,"98.0000":1.586175,"99.0000":1.715199,"99.9000":2.045951,"99.9900":2.940927,"99.9990":2.969599,"99.9999":2.969599,"100.0000":2.969599},"allocations":{"total_heap":14037472,"minor_heap":300205,"major_heap":13737470,"promoted_words":203,"promoted_pct":0.07},"domain_alloc_stats":{"0":{"total":14037472,"minor":300205,"promoted":203,"major":13737470,"promoted_pct":0.07}},"collections":{"minor":1963,"major":981,"forced_major":0,"compactions":0}}
{"version":1,"wall_time":4.04,"cpu_time":4.04,"gc_time":2.99,"gc_overhead":74.1,"max_rss_kb":173004,"domain_stats":{"0":{"wall_time":4.04,"gc_time":2.99,"gc_overhead":74.1}},"mean_latency":0.200189,"stddev_latency":0.426076,"min_latency":0.0,"max_latency":4.268031,"distr_latency":{"25.0000":8.7e-05,"50.0000":0.000295,"60.0000":0.000375,"70.0000":0.004215,"75.0000":0.005183,"80.0000":0.293887,"85.0000":0.764415,"90.0000":0.923647,"95.0000":1.162239,"96.0000":1.303551,"97.0000":1.442815,"98.0000":1.586175,"99.0000":1.719295,"99.9000":2.258943,"99.9900":2.828287,"99.9990":4.268031,"99.9999":4.268031,"100.0000":4.268031},"allocations":{"total_heap":14037472,"minor_heap":300205,"major_heap":13737470,"promoted_words":203,"promoted_pct":0.07},"domain_alloc_stats":{"0":{"total":14037472,"minor":300205,"promoted":203,"major":13737470,"promoted_pct":0.07}},"collections":{"minor":1963,"major":981,"forced_major":0,"compactions":0}}
{"version":1,"wall_time":4.03,"cpu_time":4.03,"gc_time":2.96,"gc_overhead":73.47,"max_rss_kb":173296,"domain_stats":{"0":{"wall_time":4.03,"gc_time":2.96,"gc_overhead":73.47}},"mean_latency":0.198028,"stddev_latency":0.417969,"min_latency":0.0,"max_latency":3.059711,"distr_latency":{"25.0000":8.7e-05,"50.0000":0.000303,"60.0000":0.000335,"70.0000":0.004343,"75.0000":0.005255,"80.0000":0.294911,"85.0000":0.770047,"90.0000":0.928767,"95.0000":1.126399,"96.0000":1.266687,"97.0000":1.401855,"98.0000":1.568767,"99.0000":1.703935,"99.9000":1.821695,"99.9900":2.818047,"99.9990":3.059711,"99.9999":3.059711,"100.0000":3.059711},"allocations":{"total_heap":14037472,"minor_heap":300205,"major_heap":13737470,"promoted_words":203,"promoted_pct":0.07},"domain_alloc_stats":{"0":{"total":14037472,"minor":300205,"promoted":203,"major":13737470,"promoted_pct":0.07}},"collections":{"minor":1963,"major":981,"forced_major":0,"compactions":0}}
{"version":1,"wall_time":4.04,"cpu_time":4.04,"gc_time":2.97,"gc_overhead":73.62,"max_rss_kb":172796,"domain_stats":{"0":{"wall_time":4.04,"gc_time":2.97,"gc_overhead":73.62}},"mean_latency":0.198819,"stddev_latency":0.420481,"min_latency":0.0,"max_latency":3.031039,"distr_latency":{"25.0000":8.7e-05,"50.0000":0.000295,"60.0000":0.000375,"70.0000":0.004255,"75.0000":0.005247,"80.0000":0.293631,"85.0000":0.767487,"90.0000":0.927231,"95.0000":1.145855,"96.0000":1.291263,"97.0000":1.411071,"98.0000":1.564671,"99.0000":1.696767,"99.9000":1.835007,"99.9900":2.963455,"99.9990":3.031039,"99.9999":3.031039,"100.0000":3.031039},"allocations":{"total_heap":14037472,"minor_heap":300205,"major_heap":13737470,"promoted_words":203,"promoted_pct":0.07},"domain_alloc_stats":{"0":{"total":14037472,"minor":300205,"promoted":203,"major":13737470,"promoted_pct":0.07}},"collections":{"minor":1963,"major":981,"forced_major":0,"compactions":0}}
{"version":1,"wall_time":4.04,"cpu_time":4.04,"gc_time":2.97,"gc_overhead":73.49,"max_rss_kb":172928,"domain_stats":{"0":{"wall_time":4.04,"gc_time":2.97,"gc_overhead":73.49}},"mean_latency":0.198538,"stddev_latency":0.418676,"min_latency":0.0,"max_latency":3.106815,"distr_latency":{"25.0000":8.7e-05,"50.0000":0.000295,"60.0000":0.000375,"70.0000":0.004207,"75.0000":0.005223,"80.0000":0.294143,"85.0000":0.772095,"90.0000":0.926719,"95.0000":1.139711,"96.0000":1.281023,"97.0000":1.407999,"98.0000":1.571839,"99.0000":1.700863,"99.9000":1.822719,"99.9900":2.301951,"99.9990":3.106815,"99.9999":3.106815,"100.0000":3.106815},"allocations":{"total_heap":14037472,"minor_heap":300205,"major_heap":13737470,"promoted_words":203,"promoted_pct":0.07},"domain_alloc_stats":{"0":{"total":14037472,"minor":300205,"promoted":203,"major":13737470,"promoted_pct":0.07}},"collections":{"minor":1963,"major":981,"forced_major":0,"compactions":0}}
{"version":1,"wall_time":4.02,"cpu_time":4.02,"gc_time":2.96,"gc_overhead":73.56,"max_rss_kb":173572,"domain_stats":{"0":{"wall_time":4.02,"gc_time":2.96,"gc_overhead":73.56}},"mean_latency":0.198057,"stddev_latency":0.417643,"min_latency":0.0,"max_latency":3.088383,"distr_latency":{"25.0000":8.7e-05,"50.0000":0.000295,"60.0000":0.000335,"70.0000":0.004143,"75.0000":0.005167,"80.0000":0.293631,"85.0000":0.772095,"90.0000":0.927743,"95.0000":1.137663,"96.0000":1.282047,"97.0000":1.403903,"98.0000":1.558527,"99.0000":1.695743,"99.9000":1.815551,"99.9900":2.541567,"99.9990":3.088383,"99.9999":3.088383,"100.0000":3.088383},"allocations":{"total_heap":14037472,"minor_heap":300205,"major_heap":13737470,"promoted_words":203,"promoted_pct":0.07},"domain_alloc_stats":{"0":{"total":14037472,"minor":300205,"promoted":203,"major":13737470,"promoted_pct":0.07}},"collections":{"minor":1963,"major":981,"forced_major":0,"compactions":0}}
{"version":1,"wall_time":4.03,"cpu_time":4.03,"gc_time":2.98,"gc_overhead":73.93,"max_rss_kb":173176,"domain_stats":{"0":{"wall_time":4.03,"gc_time":2.98,"gc_overhead":73.93}},"mean_latency":0.199429,"stddev_latency":0.422421,"min_latency":0.0,"max_latency":3.031039,"distr_latency":{"25.0000":8.7e-05,"50.0000":0.000295,"60.0000":0.000343,"70.0000":0.004303,"75.0000":0.005311,"80.0000":0.293631,"85.0000":0.767999,"90.0000":0.925695,"95.0000":1.146879,"96.0000":1.296383,"97.0000":1.419263,"98.0000":1.581055,"99.0000":1.701887,"99.9000":2.091007,"99.9900":2.940927,"99.9990":3.031039,"99.9999":3.031039,"100.0000":3.031039},"allocations":{"total_heap":14037472,"minor_heap":300205,"major_heap":13737470,"promoted_words":203,"promoted_pct":0.07},"domain_alloc_stats":{"0":{"total":14037472,"minor":300205,"promoted":203,"major":13737470,"promoted_pct":0.07}},"collections":{"minor":1963,"major":981,"forced_major":0,"compactions":0}}
{"version":1,"wall_time":4.02,"cpu_time":4.02,"gc_time":2.95,"gc_overhead":73.39,"max_rss_kb":172672,"domain_stats":{"0":{"wall_time":4.02,"gc_time":2.95,"gc_overhead":73.39}},"mean_latency":0.197338,"stddev_latency":0.415893,"min_latency":0.0,"max_latency":2.932735,"distr_latency":{"25.0000":8.7e-05,"50.0000":0.000295,"60.0000":0.000375,"70.0000":0.004215,"75.0000":0.005167,"80.0000":0.295423,"85.0000":0.765439,"90.0000":0.923647,"95.0000":1.133567,"96.0000":1.279999,"97.0000":1.396735,"98.0000":1.552383,