{"version":1,"wall_time":8.41,"cpu_time":18.63,"gc_time":3.55,"gc_overhead":19.04,"max_rss_kb":2109064,"domain_stats":{"0":{"wall_time":8.41,"gc_time":1.0,"gc_overhead":11.93},"1":{"wall_time":3.4,"gc_time":0.87,"gc_overhead":25.64},"2":{"wall_time":3.42,"gc_time":0.75,"gc_overhead":21.8},"3":{"wall_time":3.4,"gc_time":0.93,"gc_overhead":27.23}},"mean_latency":0.093894,"stddev_latency":0.401366,"min_latency":0.0,"max_latency":42.139647,"distr_latency":{"25.0000":0.000431,"50.0000":0.011215,"60.0000":0.066239,"70.0000":0.098495,"75.0000":0.120063,"80.0000":0.141567,"85.0000":0.161663,"90.0000":0.200191,"95.0000":0.337151,"96.0000":0.394751,"97.0000":0.479231,"98.0000":0.611327,"99.0000":0.919039,"99.9000":2.238463,"99.9900":12.320767,"99.9990":42.139647,"99.9999":42.139647,"100.0000":42.139647},"allocations":{"total_heap":3498663060,"minor_heap":3562581460,"major_heap":190621822,"promoted_words":254540222,"promoted_pct":7.14},"domain_alloc_stats":{"0":{"total":967483287,"minor":977378849,"promoted":77733923,"major":67838361,"promoted_pct":7.95},"1":{"total":832788872,"minor":852805750,"promoted":57589653,"major":37572775,"promoted_pct":6.75},"2":{"total":837847725,"minor":857980738,"promoted":58784169,"major":38651156,"promoted_pct":6.85},"3":{"total":860543176,"minor":874416123,"promoted":60432477,"major":46559530,"promoted_pct":6.91}},"collections":{"minor":4750,"major":64,"forced_major":0,"compactions":0}}
{"version":1,"wall_time":8.26,"cpu_time":18.77,"gc_time":3.17,"gc_overhead":16.9,"max_rss_kb":2144112,"domain_stats":{"0":{"wall_time":8.26,"gc_time":0.93,"gc_overhead":11.26},"1":{"wall_time":3.51,"gc_time":0.85,"gc_overhead":24.1},"2":{"wall_time":3.5,"gc_time":0.71,"gc_overhead":20.39},"3":{"wall_time":3.5,"gc_time":0.68,"gc_overhead":19.52}},"mean_latency":0.090544,"stddev_latency":0.315574,"min_latency":0.0,"max_latency":33.488895,"distr_latency":{"25.0000":0.000423,"50.0000":0.005207,"60.0000":0.064319,"70.0000":0.100479,"75.0000":0.124607,"80.0000":0.145919,"85.0000":0.167039,"90.0000":0.201343,"95.0000":0.312575,"96.0000":0.372991,"97.0000":0.449023,"98.0000":0.598015,"99.0000":0.855551,"99.9000":2.230271,"99.9900":11.952127,"99.9990":33.488895,"99.9999":33.488895,"100.0000":33.488895},"allocations":{"total_heap":3291995745,"minor_heap":3360378827,"major_heap":171649062,"promoted_words":240032144,"promoted_pct":7.14},"domain_alloc_stats":{"0":{"total":910871905,"minor":916562322,"promoted":74752066,"major":69061649,"promoted_pct":8.16},"1":{"total":767392992,"minor":794733145,"promoted":55067691,"major":27727538,"promoted_pct":6.93},"2":{"total":809828711,"minor":822232153,"promoted":55154010,"major":42750568,"promoted_pct":6.71},"3":{"total":803902137,"minor":826851207,"promoted":55058377,"major":32109307,"promoted_pct":6.66}},"collections":{"minor":4395,"major":59,"forced_major":0,"compactions":0}}
{"version":1,"wall_time":8.45,"cpu_time":18.73,"gc_time":3.54,"gc_overhead":18.89,"max_rss_kb":2092936,"domain_stats":{"0":{"wall_time":8.45,"gc_time":1.08,"gc_overhead":12.77},"1":{"wall_time":3.44,"gc_time":0.85,"gc_overhead":24.82},"2":{"wall_time":3.43,"gc_time":0.85,"gc_overhead":24.87},"3":{"wall_time":3.43,"gc_time":0.75,"gc_overhead":22.03}},"mean_latency":0.092377,"stddev_latency":0.329468,"min_latency":0.0,"max_latency":45.088767,"distr_latency":{"25.0000":0.000431,"50.0000":0.017935,"60.0000":0.066559,"70.0000":0.099583,"75.0000":0.123455,"80.0000":0.143231,"85.0000":0.164607,"90.0000":0.205055,"95.0000":0.328703,"96.0000":0.389887,"97.0000":0.469759,"98.0000":0.606207,"99.0000":0.887807,"99.9000":2.119679,"99.9900":11.649023,"99.9990":45.088767,"99.9999":45.088767,"100.0000":45.088767},"allocations":{"total_heap":3547958553,"minor_heap":3610159431,"major_heap":194049213,"promoted_words":256250091,"promoted_pct":7.1},"domain_alloc_stats":{"0":{"total":978590682,"minor":978123785,"promoted":78609305,"major":79076202,"promoted_pct":8.04},"1":{"total":867792694,"minor":886666276,"promoted":58739709,"major":39866127,"promoted_pct":6.62},"2":{"total":845808495,"minor":868153931,"promoted":60580869,"major":38235433,"promoted_pct":6.98},"3":{"total":855766682,"minor":877215439,"promoted":58320208,"major":36871451,"promoted_pct":6.65}},"collections":{"minor":4818,"major":63,"forced_major":0,"compactions":0}}
{"version":1,"wall_time":8.52,"cpu_time":18.65,"gc_time":3.6,"gc_overhead":19.3,"max_rss_kb":2158280,"domain_stats":{"0":{"wall_time":8.52,"gc_time":1.03,"gc_overhead":12.15},"1":{"wall_time":3.39,"gc_time":0.84,"gc_overhead":24.79},"2":{"wall_time":3.38,"gc_time":0.9,"gc_overhead":26.73},"3":{"wall_time":3.38,"gc_time":0.82,"gc_overhead":24.39}},"mean_latency":0.090882,"stddev_latency":0.349392,"min_latency":0.0,"max_latency":43.220991,"distr_latency":{"25.0000":0.000447,"50.0000":0.026543,"60.0000":0.065663,"70.0000":0.094527,"75.0000":0.119359,"80.0000":0.141951,"85.0000":0.163455,"90.0000":0.202367,"95.0000":0.302079,"96.0000":0.355839,"97.0000":0.449791,"98.0000":0.601087,"99.0000":0.861695,"99.9000":2.232319,"99.9900":12.025855,"99.9990":43.220991,"99.9999":43.220991,"100.0000":43.220991},"allocations":{"total_heap":3681399087,"minor_heap":3746732674,"major_heap":195190635,"promoted_words":260524222,"promoted_pct":6.95},"domain_alloc_stats":{"0":{"total":1008635382,"minor":1023842084,"promoted":79237214,"major":64030512,"promoted_pct":7.74},"1":{"total":904565570,"minor":922422215,"promoted":59855979,"major":41999334,"promoted_pct":6.49},"2":{"total":883635781,"minor":893488080,"promoted":61611732,"major":51759433,"promoted_pct":6.9},"3":{"total":884562354,"minor":906980295,"promoted":59819297,"major":37401356,"promoted_pct":6.6}},"collections":{"minor":4994,"major":64,"forced_major":0,"compactions":0}}
{"version":1,"wall_time":8.43,"cpu_time":18.66,"gc_time":3.47,"gc_overhead":18.62,"max_rss_kb":2181276,"domain_stats":{"0":{"wall_time":8.43,"gc_time":1.03,"gc_overhead":12.28},"1":{"wall_time":3.4,"gc_time":0.81,"gc_overhead":23.67},"2":{"wall_time":3.42,"gc_time":0.84,"gc_overhead":24.5},"3":{"wall_time":3.4,"gc_time":0.79,"gc_overhead":23.34}},"mean_latency":0.09408,"stddev_latency":0.283348,"min_latency":0.0,"max_latency":27.836415,"distr_latency":{"25.0000":0.000447,"50.0000":0.016031,"60.0000":0.069183,"70.0000":0.106943,"75.0000":0.126655,"80.0000":0.147327,"85.0000":0.171007,"90.0000":0.207103,"95.0000":0.323071,"96.0000":0.381183,"97.0000":0.476159,"98.0000":0.623103,"99.0000":0.907775,"99.9000":2.142207,"99.9900":11.812863,"99.9990":27.836415,"99.9999":27.836415,"100.0000":27.836415},"allocations":{"total_heap":3445338161,"minor_heap":3512092376,"major_heap":186066565,"promoted_words":252820780,"promoted_pct":7.2},"domain_alloc_stats":{"0":{"total":954168036,"minor":955253061,"promoted":77571005,"major":76485980,"promoted_pct":8.12},"1":{"total":855187800,"minor":869964430,"promoted":60106831,"major":45330201,"promoted_pct":6.91},"2":{"total":818633501,"minor":847377694,"promoted":57538014,"major":28793821,"promoted_pct":6.79},"3":{"total":817348824,"minor":839497191,"promoted":57604930,"major":35456563,"promoted_pct":6.86}},"collections":{"minor":4651,"major":64,"forced_major":0,"compactions":0}}
{"version":1,"wall_time":8.39,"cpu_time":18.45,"gc_time":3.54,"gc_overhead":19.16,"max_rss_kb":2194080,"domain_stats":{"0":{"wall_time":8.39,"gc_time":1.0,"gc_overhead":11.96},"1":{"wall_time":3.35,"gc_time":0.79,"gc_overhead":23.46},"2":{"wall_time":3.36,"gc_time":0.73,"gc_overhead":21.61},"3":{"wall_time":3.35,"gc_time":1.02,"gc_overhead":30.41}},"mean_latency":0.086729,"stddev_latency":0.319013,"min_latency":0.0,"max_latency":44.990463,"distr_latency":{"25.0000":0.000447,"50.0000":0.026575,"60.0000":0.062783,"70.0000":0.091391,"75.0000":0.113279,"80.0000":0.135935,"85.0000":0.158463,"90.0000":0.192127,"95.0000":0.293631,"96.0000":0.346623,"97.0000":0.424959,"98.0000":0.550399,"99.0000":0.835583,"99.9000":2.027519,"99.9900":11.534335,"99.9990":44.990463,"99.9999":44.990463,"100.0000":44.990463},