{"version":1,"wall_time":4.18,"cpu_time":4.18,"gc_time":0.2,"gc_overhead":4.88,"max_rss_kb":23276,"domain_stats":{"0":{"wall_time":4.18,"gc_time":0.2,"gc_overhead":4.88}},"mean_latency":0.016002,"stddev_latency":0.012626,"min_latency":0.0,"max_latency":0.095231,"distr_latency":{"25.0000":0.002407,"50.0000":0.016543,"60.0000":0.019471,"70.0000":0.022271,"75.0000":0.023887,"80.0000":0.025871,"85.0000":0.027695,"90.0000":0.030143,"95.0000":0.036383,"96.0000":0.037375,"97.0000":0.039071,"98.0000":0.042559,"99.0000":0.048927,"99.9000":0.081791,"99.9900":0.094463,"99.9990":0.095231,"99.9999":0.095231,"100.0000":0.095231},"allocations":{"total_heap":1736389493,"minor_heap":1630317832,"major_heap":169643113,"promoted_words":63571452,"promoted_pct":3.9},"domain_alloc_stats":{"0":{"total":1736389493,"minor":1630317832,"promoted":63571452,"major":169643113,"promoted_pct":3.9}},"collections":{"minor":7430,"major":2337,"forced_major":0,"compactions":0}}
{"version":1,"wall_time":4.17,"cpu_time":4.17,"gc_time":0.2,"gc_overhead":4.7,"max_rss_kb":23596,"domain_stats":{"0":{"wall_time":4.17,"gc_time":0.2,"gc_overhead":4.7}},"mean_latency":0.015349,"stddev_latency":0.012166,"min_latency":0.0,"max_latency":0.094975,"distr_latency":{"25.0000":0.002295,"50.0000":0.016095,"60.0000":0.018703,"70.0000":0.021247,"75.0000":0.023039,"80.0000":0.024719,"85.0000":0.026639,"90.0000":0.029135,"95.0000":0.034495,"96.0000":0.035295,"97.0000":0.036895,"98.0000":0.041055,"99.0000":0.047839,"99.9000":0.080703,"99.9900":0.093951,"99.9990":0.094975,"99.9999":0.094975,"100.0000":0.094975},"allocations":{"total_heap":1736389493,"minor_heap":1630317832,"major_heap":169643113,"promoted_words":63571452,"promoted_pct":3.9},"domain_alloc_stats":{"0":{"total":1736389493,"minor":1630317832,"promoted":63571452,"major":169643113,"promoted_pct":3.9}},"collections":{"minor":7430,"major":2337,"forced_major":0,"compactions":0}}
{"version":1,"wall_time":4.18,"cpu_time":4.18,"gc_time":0.2,"gc_overhead":4.8,"max_rss_kb":23112,"domain_stats":{"0":{"wall_time":4.18,"gc_time":0.2,"gc_overhead":4.8}},"mean_latency":0.015729,"stddev_latency":0.012427,"min_latency":0.0,"max_latency":0.094015,"distr_latency":{"25.0000":0.002343,"50.0000":0.016375,"60.0000":0.019183,"70.0000":0.021983,"75.0000":0.023615,"80.0000":0.025487,"85.0000":0.027311,"90.0000":0.029871,"95.0000":0.034911,"96.0000":0.035807,"97.0000":0.037439,"98.0000":0.041471,"99.0000":0.048831,"99.9000":0.082047,"99.9900":0.093439,"99.9990":0.094015,"99.9999":0.094015,"100.0000":0.094015},"allocations":{"total_heap":1736389493,"minor_heap":1630317832,"major_heap":169643113,"promoted_words":63571452,"promoted_pct":3.9},"domain_alloc_stats":{"0":{"total":1736389493,"minor":1630317832,"promoted":63571452,"major":169643113,"promoted_pct":3.9}},"collections":{"minor":7430,"major":2337,"forced_major":0,"compactions":0}}
{"version":1,"wall_time":4.18,"cpu_time":4.18,"gc_time":0.2,"gc_overhead":4.71,"max_rss_kb":23348,"domain_stats":{"0":{"wall_time":4.18,"gc_time":0.2,"gc_overhead":4.71}},"mean_latency":0.015439,"stddev_latency":0.012202,"min_latency":0.0,"max_latency":0.095359,"distr_latency":{"25.0000":0.002351,"50.0000":0.016151,"60.0000":0.018895,"70.0000":0.021551,"75.0000":0.023135,"80.0000":0.024847,"85.0000":0.026703,"90.0000":0.029263,"95.0000":0.034655,"96.0000":0.035423,"97.0000":0.036799,"98.0000":0.040831,"99.0000":0.047903,"99.9000":0.079999,"99.9900":0.094911,"99.9990":0.095359,"99.9999":0.095359,"100.0000":0.095359},"allocations":{"total_heap":1736389493,"minor_heap":1630317832,"major_heap":169643113,"promoted_words":63571452,"promoted_pct":3.9},"domain_alloc_stats":{"0":{"total":1736389493,"minor":1630317832,"promoted":63571452,"major":169643113,"promoted_pct":3.9}},"collections":{"minor":7430,"major":2337,"forced_major":0,"compactions":0}}
{"version":1,"wall_time":4.18,"cpu_time":4.18,"gc_time":0.2,"gc_overhead":4.68,"max_rss_kb":23324,"domain_stats":{"0":{"wall_time":4.18,"gc_time":0.2,"gc_overhead":4.68}},"mean_latency":0.015333,"stddev_latency":0.012147,"min_latency":0.0,"max_latency":0.101503,"distr_latency":{"25.0000":0.002335,"50.0000":0.016063,"60.0000":0.018591,"70.0000":0.021183,"75.0000":0.022911,"80.0000":0.024735,"85.0000":0.026575,"90.0000":0.029055,"95.0000":0.034463,"96.0000":0.035359,"97.0000":0.036767,"98.0000":0.040511,"99.0000":0.048031,"99.9000":0.081919,"99.9900":0.095935,"99.9990":0.101503,"99.9999":0.101503,"100.0000":0.101503},"allocations":{"total_heap":1736389493,"minor_heap":1630317832,"major_heap":169643113,"promoted_words":63571452,"promoted_pct":3.9},"domain_alloc_stats":{"0":{"total":1736389493,"minor":1630317832,"promoted":63571452,"major":169643113,"promoted_pct":3.9}},"collections":{"minor":7430,"major":2337,"forced_major":0,"compactions":0}}
{"version":1,"wall_time":4.16,"cpu_time":4.16,"gc_time":0.2,"gc_overhead":4.79,"max_rss_kb":23348,"domain_stats":{"0":{"wall_time":4.16,"gc_time":0.2,"gc_overhead":4.79}},"mean_latency":0.01561,"stddev_latency":0.01235,"min_latency":0.0,"max_latency":0.093887,"distr_latency":{"25.0000":0.002303,"50.0000":0.016271,"60.0000":0.019103,"70.0000":0.021855,"75.0000":0.023375,"80.0000":0.025215,"85.0000":0.027055,"90.0000":0.029535,"95.0000":0.034783,"96.0000":0.035551,"97.0000":0.036799,"98.0000":0.041631,"99.0000":0.047871,"99.9000":0.082751,"99.9900":0.093823,"99.9990":0.093887,"99.9999":0.093887,"100.0000":0.093887},"allocations":{"total_heap":1736389493,"minor_heap":1630317832,"major_heap":169643113,"promoted_words":63571452,"promoted_pct":3.9},"domain_alloc_stats":{"0":{"total":1736389493,"minor":1630317832,"promoted":63571452,"major":169643113,"promoted_pct":3.9}},"collections":{"minor":7430,"major":2337,"forced_major":0,"compactions":0}}
{"version":1,"wall_time":4.17,"cpu_time":4.17,"gc_time":0.2,"gc_overhead":4.7,"max_rss_kb":23688,"domain_stats":{"0":{"wall_time":4.17,"gc_time":0.2,"gc_overhead":4.7}},"mean_latency":0.015338,"stddev_latency":0.012201,"min_latency":0.0,"max_latency":0.095423,"distr_latency":{"25.0000":0.002295,"50.0000":0.016031,"60.0000":0.018655,"70.0000":0.021231,"75.0000":0.023023,"80.0000":0.024767,"85.0000":0.026687,"90.0000":0.029071,"95.0000":0.034495,"96.0000":0.035391,"97.0000":0.036831,"98.0000":0.040543,"99.0000":0.048223,"99.9000":0.082751,"99.9900":0.095103,"99.9990":0.095423,"99.9999":0.095423,"100.0000":0.095423},"allocations":{"total_heap":1736389493,"minor_heap":1630317832,"major_heap":169643113,"promoted_words":63571452,"promoted_pct":3.9},"domain_alloc_stats":{"0":{"total":1736389493,"minor":1630317832,"promoted":63571452,"major":169643113,"promoted_pct":3.9}},"collections":{"minor":7430,"major":2337,"forced_major":0,"compactions":0}}
{"version":1,"wall_time":4.19,"cpu_time":4.19,"gc_time":0.2,"gc_overhead":4.76,"max_rss_kb":23424,"domain_stats":{"0":{"wall_time":4.19,"gc_time":0.2,"gc_overhead":4.76}},"mean_latency":0.015628,"stddev_latency":0.012391,"min_latency":0.0,"max_latency":0.097151,"distr_latency":{"25.0000":0.002263,"50.0000":0.016287,"60.0000":0.019119,"70.0000":0.021935,"75.0000":0.023423,"80.0000":0.025215,"85.0000":0.027071,"90.0000":0.029583,"95.0000":0.034911,"96.0000":0.035647,"97.0000":0.037151,"98.0000":0.041439,"99.0000":0.047871,"99.9000":0.083199,"99.9900":0.094207,"99.9990":0.097151,"99.9999":0.097151,"100.0000":0.097151},"allocations":{"total_heap":1736389493,"minor_heap":1630317832,"major_heap":169643113,"promoted_words":63571452,"promoted_pct":3.9},"domain_alloc_stats":{"0":{"total":1736389493,"minor":1630317832,"promoted":63571452,"major":169643113,"promoted_pct":3.9}},"collections":{"minor":7430,"major":2337,"forced_major":0,"compactions":0}}
{"version":1,"wall_time":4.19,"cpu_time":4.19,"gc_time":0.2,"gc_overhead":4.78,"max_rss_kb":23464,"domain_stats":{"0":{"wall_time":4.19,"gc_time":0.2,"gc_overhead":4.78}},"mean_latency":0.015705,"stddev_latency":0.012488,"min_latency":0.0,"max_latency":0.095487,"distr_latency":{"25.0000":0.002391,"50.0000":0.016255,"60.0000":0.019007,"70.0000":0.021743,