{"version":1,"wall_time":12.3,"cpu_time":12.3,"gc_time":2.02,"gc_overhead":16.46,"max_rss_kb":816876,"domain_stats":{"0":{"wall_time":12.3,"gc_time":2.02,"gc_overhead":16.46}},"mean_latency":0.110034,"stddev_latency":0.15978,"min_latency":0.0,"max_latency":2.635775,"distr_latency":{"25.0000":0.028367,"50.0000":0.055711,"60.0000":0.073983,"70.0000":0.098303,"75.0000":0.117311,"80.0000":0.143359,"85.0000":0.190719,"90.0000":0.281087,"95.0000":0.417023,"96.0000":0.460287,"97.0000":0.526335,"98.0000":0.626175,"99.0000":0.802815,"99.9000":1.393663,"99.9900":2.287615,"99.9990":2.635775,"99.9999":2.635775,"100.0000":2.635775},"allocations":{"total_heap":2410205846,"minor_heap":2361501635,"major_heap":434687565,"promoted_words":385983354,"promoted_pct":16.34},"domain_alloc_stats":{"0":{"total":2410205846,"minor":2361501635,"promoted":385983354,"major":434687565,"promoted_pct":16.34}},"collections":{"minor":9048,"major":40,"forced_major":0,"compactions":0}}
{"version":1,"wall_time":12.44,"cpu_time":12.44,"gc_time":2.04,"gc_overhead":16.36,"max_rss_kb":820720,"domain_stats":{"0":{"wall_time":12.44,"gc_time":2.04,"gc_overhead":16.36}},"mean_latency":0.11063,"stddev_latency":0.160609,"min_latency":0.0,"max_latency":2.625535,"distr_latency":{"25.0000":0.028063,"50.0000":0.055871,"60.0000":0.074495,"70.0000":0.099135,"75.0000":0.118975,"80.0000":0.144767,"85.0000":0.191999,"90.0000":0.283647,"95.0000":0.418815,"96.0000":0.464127,"97.0000":0.529919,"98.0000":0.629759,"99.0000":0.812543,"99.9000":1.380351,"99.9900":2.297855,"99.9990":2.625535,"99.9999":2.625535,"100.0000":2.625535},"allocations":{"total_heap":2410205846,"minor_heap":2361501635,"major_heap":434687565,"promoted_words":385983354,"promoted_pct":16.34},"domain_alloc_stats":{"0":{"total":2410205846,"minor":2361501635,"promoted":385983354,"major":434687565,"promoted_pct":16.34}},"collections":{"minor":9048,"major":40,"forced_major":0,"compactions":0}}
{"version":1,"wall_time":12.56,"cpu_time":12.56,"gc_time":2.04,"gc_overhead":16.22,"max_rss_kb":816796,"domain_stats":{"0":{"wall_time":12.56,"gc_time":2.04,"gc_overhead":16.22}},"mean_latency":0.110702,"stddev_latency":0.160806,"min_latency":0.0,"max_latency":2.627583,"distr_latency":{"25.0000":0.028143,"50.0000":0.055999,"60.0000":0.074303,"70.0000":0.099263,"75.0000":0.118527,"80.0000":0.144639,"85.0000":0.191615,"90.0000":0.282623,"95.0000":0.420607,"96.0000":0.465663,"97.0000":0.530943,"98.0000":0.634879,"99.0000":0.802303,"99.9000":1.407999,"99.9900":2.308095,"99.9990":2.627583,"99.9999":2.627583,"100.0000":2.627583},"allocations":{"total_heap":2410205846,"minor_heap":2361501635,"major_heap":434687565,"promoted_words":385983354,"promoted_pct":16.34},"domain_alloc_stats":{"0":{"total":2410205846,"minor":2361501635,"promoted":385983354,"major":434687565,"promoted_pct":16.34}},"collections":{"minor":9048,"major":40,"forced_major":0,"compactions":0}}
{"version":1,"wall_time":12.36,"cpu_time":12.36,"gc_time":2.03,"gc_overhead":16.45,"max_rss_kb":816836,"domain_stats":{"0":{"wall_time":12.36,"gc_time":2.03,"gc_overhead":16.45}},"mean_latency":0.11042,"stddev_latency":0.160571,"min_latency":0.0,"max_latency":2.613247,"distr_latency":{"25.0000":0.028191,"50.0000":0.055711,"60.0000":0.074239,"70.0000":0.098687,"75.0000":0.117887,"80.0000":0.143871,"85.0000":0.190719,"90.0000":0.281343,"95.0000":0.418815,"96.0000":0.465919,"97.0000":0.530431,"98.0000":0.630783,"99.0000":0.803839,"99.9000":1.409023,"99.9900":2.312191,"99.9990":2.613247,"99.9999":2.613247,"100.0000":2.613247},"allocations":{"total_heap":2410205846,"minor_heap":2361501635,"major_heap":434687565,"promoted_words":385983354,"promoted_pct":16.34},"domain_alloc_stats":{"0":{"total":2410205846,"minor":2361501635,"promoted":385983354,"major":434687565,"promoted_pct":16.34}},"collections":{"minor":9048,"major":40,"forced_major":0,"compactions":0}}
{"version":1,"wall_time":12.36,"cpu_time":12.36,"gc_time":2.03,"gc_overhead":16.41,"max_rss_kb":816808,"domain_stats":{"0":{"wall_time":12.36,"gc_time":2.03,"gc_overhead":16.41}},"mean_latency":0.110262,"stddev_latency":0.160234,"min_latency":0.0,"max_latency":2.641919,"distr_latency":{"25.0000":0.028351,"50.0000":0.055711,"60.0000":0.074175,"70.0000":0.098495,"75.0000":0.117887,"80.0000":0.142975,"85.0000":0.190335,"90.0000":0.280063,"95.0000":0.418815,"96.0000":0.465407,"97.0000":0.529407,"98.0000":0.632831,"99.0000":0.807935,"99.9000":1.398783,"99.9900":2.295807,"99.9990":2.641919,"99.9999":2.641919,"100.0000":2.641919},"allocations":{"total_heap":2410205846,"minor_heap":2361501635,"major_heap":434687565,"promoted_words":385983354,"promoted_pct":16.34},"domain_alloc_stats":{"0":{"total":2410205846,"minor":2361501635,"promoted":385983354,"major":434687565,"promoted_pct":16.34}},"collections":{"minor":9048,"major":40,"forced_major":0,"compactions":0}}
{"version":1,"wall_time":12.44,"cpu_time":12.44,"gc_time":2.05,"gc_overhead":16.5,"max_rss_kb":821996,"domain_stats":{"0":{"wall_time":12.44,"gc_time":2.05,"gc_overhead":16.5}},"mean_latency":0.111509,"stddev_latency":0.161443,"min_latency":0.0,"max_latency":2.631679,"distr_latency":{"25.0000":0.028255,"50.0000":0.056607,"60.0000":0.075199,"70.0000":0.100671,"75.0000":0.119487,"80.0000":0.145023,"85.0000":0.191487,"90.0000":0.280831,"95.0000":0.424959,"96.0000":0.472831,"97.0000":0.543231,"98.0000":0.636927,"99.0000":0.806399,"99.9000":1.389567,"99.9900":2.289663,"99.9990":2.631679,"99.9999":2.631679,"100.0000":2.631679},"allocations":{"total_heap":2410205846,"minor_heap":2361501635,"major_heap":434687565,"promoted_words":385983354,"promoted_pct":16.34},"domain_alloc_stats":{"0":{"total":2410205846,"minor":2361501635,"promoted":385983354,"major":434687565,"promoted_pct":16.34}},"collections":{"minor":9048,"major":40,"forced_major":0,"compactions":0}}
{"version":1,"wall_time":12.4,"cpu_time":12.4,"gc_time":2.02,"gc_overhead":16.32,"max_rss_kb":816764,"domain_stats":{"0":{"wall_time":12.4,"gc_time":2.02,"gc_overhead":16.32}},"mean_latency":0.110003,"stddev_latency":0.159794,"min_latency":0.0,"max_latency":2.617343,"distr_latency":{"25.0000":0.028175,"50.0000":0.055679,"60.0000":0.073983,"70.0000":0.098111,"75.0000":0.117567,"80.0000":0.143487,"85.0000":0.190079,"90.0000":0.280063,"95.0000":0.417791,"96.0000":0.462847,"97.0000":0.527871,"98.0000":0.626175,"99.0000":0.802815,"99.9000":1.397759,"99.9900":2.293759,"99.9990":2.617343,"99.9999":2.617343,"100.0000":2.617343},"allocations":{"total_heap":2410205846,"minor_heap":2361501635,"major_heap":434687565,"promoted_words":385983354,"promoted_pct":16.34},"domain_alloc_stats":{"0":{"total":2410205846,"minor":2361501635,"promoted":385983354,"major":434687565,"promoted_pct":16.34}},"collections":{"minor":9048,"major":40,"forced_major":0,"compactions":0}}
{"version":1,"wall_time":12.33,"cpu_time":12.33,"gc_time":2.03,"gc_overhead":16.42,"max_rss_kb":815080,"domain_stats":{"0":{"wall_time":12.33,"gc_time":2.03,"gc_overhead":16.42}},"mean_latency":0.110048,"stddev_latency":0.160162,"min_latency":0.0,"max_latency":2.676735,"distr_latency":{"25.0000":0.028127,"50.0000":0.055615,"60.0000":0.073791,"70.0000":0.098367,"75.0000":0.117631,"80.0000":0.143231,"85.0000":0.190335,"90.0000":0.281087,"95.0000":0.415487,"96.0000":0.462335,"97.0000":0.527359,"98.0000":0.626687,"99.0000":0.800255,"99.9000":1.414143,"99.9900":2.322431,"99.9990":2.676735,"99.9999":2.676735,"100.0000":2.676735},"allocations":{"total_heap":2410205846,"minor_heap":2361501635,"major_heap":434687565,"promoted_words":385983354,"promoted_pct":16.34},"domain_alloc_stats":{"0":{"total":2410205846,"minor":2361501635,"promoted":385983354,"major":434687565,"promoted_pct":16.34}},"collections":{"minor":9048,"major":40,"forced_major":0,"compactions":0}}
{"version":1,"wall_time":12.3,"cpu_time":12.3,"gc_time":2.04,"gc_overhead":16.57,"max_rss_kb":816748,"domain_stats":{"0":{"wall_time":12.3,"gc_time":2.04,"gc_overhead":16.57}},"mean_latency":0.110777,"stddev_latency":0.16142,"min_latency":0.0,"max_latency":2.623487,