{"version":1,"wall_time":17.11,"cpu_time":17.11,"gc_time":16.06,"gc_overhead":93.9,"max_rss_kb":1110796,"domain_stats":{"0":{"wall_time":17.11,"gc_time":16.06,"gc_overhead":93.9}},"mean_latency":1.22559,"stddev_latency":2.154932,"min_latency":0.0,"max_latency":35.094527,"distr_latency":{"25.0000":0.001895,"50.0000":0.092031,"60.0000":0.186111,"70.0000":0.765439,"75.0000":1.522687,"80.0000":2.461695,"85.0000":3.465215,"90.0000":4.710399,"95.0000":6.459391,"96.0000":6.803455,"97.0000":7.135231,"98.0000":7.487487,"99.0000":7.909375,"99.9000":11.460607,"99.9900":31.506431,"99.9990":35.094527,"99.9999":35.094527,"100.0000":35.094527},"allocations":{"total_heap":1717111595,"minor_heap":1716164055,"major_heap":280247303,"promoted_words":279299763,"promoted_pct":16.27},"domain_alloc_stats":{"0":{"total":1717111595,"minor":1716164055,"promoted":279299763,"major":280247303,"promoted_pct":16.27}},"collections":{"minor":6562,"major":25,"forced_major":0,"compactions":0}}
{"version":1,"wall_time":17.25,"cpu_time":17.25,"gc_time":16.19,"gc_overhead":93.86,"max_rss_kb":1110884,"domain_stats":{"0":{"wall_time":17.25,"gc_time":16.19,"gc_overhead":93.86}},"mean_latency":1.234923,"stddev_latency":2.176294,"min_latency":0.0,"max_latency":34.832383,"distr_latency":{"25.0000":0.001911,"50.0000":0.092671,"60.0000":0.186367,"70.0000":0.752639,"75.0000":1.535999,"80.0000":2.465791,"85.0000":3.473407,"90.0000":4.775935,"95.0000":6.549503,"96.0000":6.889471,"97.0000":7.237631,"98.0000":7.593983,"99.0000":7.958527,"99.9000":11.468799,"99.9900":31.997951,"99.9990":34.832383,"99.9999":34.832383,"100.0000":34.832383},"allocations":{"total_heap":1717111595,"minor_heap":1716164055,"major_heap":280247303,"promoted_words":279299763,"promoted_pct":16.27},"domain_alloc_stats":{"0":{"total":1717111595,"minor":1716164055,"promoted":279299763,"major":280247303,"promoted_pct":16.27}},"collections":{"minor":6562,"major":25,"forced_major":0,"compactions":0}}
{"version":1,"wall_time":17.28,"cpu_time":17.28,"gc_time":16.24,"gc_overhead":93.97,"max_rss_kb":1110852,"domain_stats":{"0":{"wall_time":17.28,"gc_time":16.24,"gc_overhead":93.97}},"mean_latency":1.238699,"stddev_latency":2.180401,"min_latency":0.0,"max_latency":35.520511,"distr_latency":{"25.0000":0.001991,"50.0000":0.092607,"60.0000":0.186367,"70.0000":0.770047,"75.0000":1.537023,"80.0000":2.484223,"85.0000":3.502079,"90.0000":4.780031,"95.0000":6.553599,"96.0000":6.881279,"97.0000":7.254015,"98.0000":7.602175,"99.0000":7.950335,"99.9000":11.444223,"99.9900":33.079295,"99.9990":35.520511,"99.9999":35.520511,"100.0000":35.520511},"allocations":{"total_heap":1717111595,"minor_heap":1716164055,"major_heap":280247303,"promoted_words":279299763,"promoted_pct":16.27},"domain_alloc_stats":{"0":{"total":1717111595,"minor":1716164055,"promoted":279299763,"major":280247303,"promoted_pct":16.27}},"collections":{"minor":6562,"major":25,"forced_major":0,"compactions":0}}
{"version":1,"wall_time":17.42,"cpu_time":17.42,"gc_time":16.37,"gc_overhead":93.97,"max_rss_kb":1110748,"domain_stats":{"0":{"wall_time":17.42,"gc_time":16.37,"gc_overhead":93.97}},"mean_latency":1.248802,"stddev_latency":2.202218,"min_latency":0.0,"max_latency":34.734079,"distr_latency":{"25.0000":0.001943,"50.0000":0.092543,"60.0000":0.184319,"70.0000":0.762879,"75.0000":1.545215,"80.0000":2.494463,"85.0000":3.522559,"90.0000":4.841471,"95.0000":6.615039,"96.0000":6.959103,"97.0000":7.323647,"98.0000":7.679999,"99.0000":8.032255,"99.9000":11.460607,"99.9900":30.801919,"99.9990":34.734079,"99.9999":34.734079,"100.0000":34.734079},"allocations":{"total_heap":1717111595,"minor_heap":1716164055,"major_heap":280247303,"promoted_words":279299763,"promoted_pct":16.27},"domain_alloc_stats":{"0":{"total":1717111595,"minor":1716164055,"promoted":279299763,"major":280247303,"promoted_pct":16.27}},"collections":{"minor":6562,"major":25,"forced_major":0,"compactions":0}}
{"version":1,"wall_time":17.01,"cpu_time":17.01,"gc_time":15.97,"gc_overhead":93.86,"max_rss_kb":1110788,"domain_stats":{"0":{"wall_time":17.01,"gc_time":15.97,"gc_overhead":93.86}},"mean_latency":1.218107,"stddev_latency":2.136487,"min_latency":0.0,"max_latency":34.209791,"distr_latency":{"25.0000":0.001863,"50.0000":0.093055,"60.0000":0.190079,"70.0000":0.763391,"75.0000":1.527807,"80.0000":2.459647,"85.0000":3.467263,"90.0000":4.636671,"95.0000":6.361087,"96.0000":6.770687,"97.0000":7.122943,"98.0000":7.471103,"99.0000":7.892991,"99.9000":11.493375,"99.9900":31.031295,"99.9990":34.209791,"99.9999":34.209791,"100.0000":34.209791},"allocations":{"total_heap":1717111595,"minor_heap":1716164055,"major_heap":280247303,"promoted_words":279299763,"promoted_pct":16.27},"domain_alloc_stats":{"0":{"total":1717111595,"minor":1716164055,"promoted":279299763,"major":280247303,"promoted_pct":16.27}},"collections":{"minor":6562,"major":25,"forced_major":0,"compactions":0}}
{"version":1,"wall_time":17.11,"cpu_time":17.11,"gc_time":16.02,"gc_overhead":93.66,"max_rss_kb":1106728,"domain_stats":{"0":{"wall_time":17.11,"gc_time":16.02,"gc_overhead":93.66}},"mean_latency":1.222539,"stddev_latency":2.151871,"min_latency":0.0,"max_latency":35.520511,"distr_latency":{"25.0000":0.001871,"50.0000":0.093183,"60.0000":0.187519,"70.0000":0.762367,"75.0000":1.530879,"80.0000":2.476031,"85.0000":3.477503,"90.0000":4.632575,"95.0000":6.381567,"96.0000":6.836223,"97.0000":7.274495,"98.0000":7.651327,"99.0000":8.122367,"99.9000":11.436031,"99.9900":31.064063,"99.9990":35.520511,"99.9999":35.520511,"100.0000":35.520511},"allocations":{"total_heap":1717111595,"minor_heap":1716164055,"major_heap":280247303,"promoted_words":279299763,"promoted_pct":16.27},"domain_alloc_stats":{"0":{"total":1717111595,"minor":1716164055,"promoted":279299763,"major":280247303,"promoted_pct":16.27}},"collections":{"minor":6562,"major":25,"forced_major":0,"compactions":0}}
{"version":1,"wall_time":17.06,"cpu_time":17.06,"gc_time":16.02,"gc_overhead":93.91,"max_rss_kb":1110912,"domain_stats":{"0":{"wall_time":17.06,"gc_time":16.02,"gc_overhead":93.91}},"mean_latency":1.222186,"stddev_latency":2.146311,"min_latency":0.0,"max_latency":34.570239,"distr_latency":{"25.0000":0.001823,"50.0000":0.094207,"60.0000":0.190847,"70.0000":0.761343,"75.0000":1.531903,"80.0000":2.459647,"85.0000":3.459071,"90.0000":4.694015,"95.0000":6.430719,"96.0000":6.766591,"97.0000":7.118847,"98.0000":7.446527,"99.0000":7.876607,"99.9000":11.395071,"99.9900":32.227327,"99.9990":34.570239,"99.9999":34.570239,"100.0000":34.570239},"allocations":{"total_heap":1717111595,"minor_heap":1716164055,"major_heap":280247303,"promoted_words":279299763,"promoted_pct":16.27},"domain_alloc_stats":{"0":{"total":1717111595,"minor":1716164055,"promoted":279299763,"major":280247303,"promoted_pct":16.27}},"collections":{"minor":6562,"major":25,"forced_major":0,"compactions":0}}
{"version":1,"wall_time":17.34,"cpu_time":17.34,"gc_time":16.28,"gc_overhead":93.91,"max_rss_kb":1106772,"domain_stats":{"0":{"wall_time":17.34,"gc_time":16.28,"gc_overhead":93.91}},"mean_latency":1.242394,"stddev_latency":2.18137,"min_latency":0.0,"max_latency":34.570239,"distr_latency":{"25.0000":0.001967,"50.0000":0.092031,"60.0000":0.188287,"70.0000":0.778751,"75.0000":1.552383,"80.0000":2.492415,"85.0000":3.512319,"90.0000":4.792319,"95.0000":6.565887,"96.0000":6.909951,"97.0000":7.258111,"98.0000":7.606271,"99.0000":7.962623,"99.9000":11.452415,"99.9900":30.998527,"99.9990":34.570239,"99.9999":34.570239,"100.0000":34.570239},"allocations":{"total_heap":1717111595,"minor_heap":1716164055,"major_heap":280247303,"promoted_words":279299763,"promoted_pct":16.27},"domain_alloc_stats":{"0":{"total":1717111595,"minor":1716164055,"promoted":279299763,"major":280247303,"promoted_pct":16.27}},"collections":{"minor":6562,"major":25,"forced_major":0,"compactions":0}}
{"version":1,"wall_time":17.36,"cpu_time":17.36,"gc_time":16.31,"gc_overhead":93.92,"max_rss_kb":1110884,"domain_stats":{"0":{"wall_time":17.36,"gc_time":16.31,"gc_overhead":93.92}},