{"version":1,"wall_time":3.23,"cpu_time":3.23,"gc_time":1.33,"gc_overhead":41.21,"max_rss_kb":127996,"domain_stats":{"0":{"wall_time":3.23,"gc_time":1.33,"gc_overhead":41.21}},"mean_latency":0.004702,"stddev_latency":0.01008,"min_latency":0.0,"max_latency":0.064415,"distr_latency":{"25.0000":0.000263,"50.0000":0.000271,"60.0000":0.000271,"70.0000":0.001151,"75.0000":0.001487,"80.0000":0.004343,"85.0000":0.011151,"90.0000":0.012703,"95.0000":0.033503,"96.0000":0.035167,"97.0000":0.037119,"98.0000":0.037247,"99.0000":0.037407,"99.9000":0.046655,"99.9900":0.051103,"99.9990":0.055935,"99.9999":0.064415,"100.0000":0.064415},"allocations":{"total_heap":69977525,"minor_heap":68780730,"major_heap":1426360,"promoted_words":229565,"promoted_pct":0.33},"domain_alloc_stats":{"0":{"total":69977525,"minor":68780730,"promoted":229565,"major":1426360,"promoted_pct":0.33}},"collections":{"minor":53693,"major":26846,"forced_major":0,"compactions":0}}
{"version":1,"wall_time":3.36,"cpu_time":3.36,"gc_time":1.44,"gc_overhead":42.77,"max_rss_kb":126752,"domain_stats":{"0":{"wall_time":3.36,"gc_time":1.44,"gc_overhead":42.77}},"mean_latency":0.005088,"stddev_latency":0.01122,"min_latency":0.0,"max_latency":0.090303,"distr_latency":{"25.0000":0.000263,"50.0000":0.000271,"60.0000":0.000287,"70.0000":0.001111,"75.0000":0.001463,"80.0000":0.004367,"85.0000":0.010991,"90.0000":0.012023,"95.0000":0.037503,"96.0000":0.037631,"97.0000":0.038047,"98.0000":0.040447,"99.0000":0.040927,"99.9000":0.044639,"99.9900":0.051455,"99.9990":0.062687,"99.9999":0.090303,"100.0000":0.090303},"allocations":{"total_heap":69977525,"minor_heap":68780730,"major_heap":1426360,"promoted_words":229565,"promoted_pct":0.33},"domain_alloc_stats":{"0":{"total":69977525,"minor":68780730,"promoted":229565,"major":1426360,"promoted_pct":0.33}},"collections":{"minor":53693,"major":26846,"forced_major":0,"compactions":0}}
{"version":1,"wall_time":3.16,"cpu_time":3.16,"gc_time":1.25,"gc_overhead":39.69,"max_rss_kb":126624,"domain_stats":{"0":{"wall_time":3.16,"gc_time":1.25,"gc_overhead":39.69}},"mean_latency":0.004435,"stddev_latency":0.009302,"min_latency":0.0,"max_latency":0.067711,"distr_latency":{"25.0000":0.000263,"50.0000":0.000271,"60.0000":0.000271,"70.0000":0.001143,"75.0000":0.001487,"80.0000":0.004823,"85.0000":0.010983,"90.0000":0.012007,"95.0000":0.030671,"96.0000":0.030783,"97.0000":0.030879,"98.0000":0.031503,"99.0000":0.038687,"99.9000":0.041791,"99.9900":0.045695,"99.9990":0.056671,"99.9999":0.067711,"100.0000":0.067711},"allocations":{"total_heap":69977525,"minor_heap":68780730,"major_heap":1426360,"promoted_words":229565,"promoted_pct":0.33},"domain_alloc_stats":{"0":{"total":69977525,"minor":68780730,"promoted":229565,"major":1426360,"promoted_pct":0.33}},"collections":{"minor":53693,"major":26846,"forced_major":0,"compactions":0}}
{"version":1,"wall_time":3.29,"cpu_time":3.29,"gc_time":1.4,"gc_overhead":42.44,"max_rss_kb":129224,"domain_stats":{"0":{"wall_time":3.29,"gc_time":1.4,"gc_overhead":42.44}},"mean_latency":0.004936,"stddev_latency":0.010779,"min_latency":0.0,"max_latency":0.072639,"distr_latency":{"25.0000":0.000271,"50.0000":0.000271,"60.0000":0.000287,"70.0000":0.001143,"75.0000":0.001415,"80.0000":0.004255,"85.0000":0.011055,"90.0000":0.012103,"95.0000":0.037247,"96.0000":0.037311,"97.0000":0.037407,"98.0000":0.037631,"99.0000":0.038271,"99.9000":0.041535,"99.9900":0.043903,"99.9990":0.052287,"99.9999":0.072639,"100.0000":0.072639},"allocations":{"total_heap":69977525,"minor_heap":68780730,"major_heap":1426360,"promoted_words":229565,"promoted_pct":0.33},"domain_alloc_stats":{"0":{"total":69977525,"minor":68780730,"promoted":229565,"major":1426360,"promoted_pct":0.33}},"collections":{"minor":53693,"major":26846,"forced_major":0,"compactions":0}}
{"version":1,"wall_time":3.44,"cpu_time":3.44,"gc_time":1.52,"gc_overhead":44.19,"max_rss_kb":127708,"domain_stats":{"0":{"wall_time":3.44,"gc_time":1.52,"gc_overhead":44.19}},"mean_latency":0.005372,"stddev_latency":0.011919,"min_latency":0.0,"max_latency":0.103167,"distr_latency":{"25.0000":0.000263,"50.0000":0.000271,"60.0000":0.000271,"70.0000":0.001071,"75.0000":0.001455,"80.0000":0.004223,"85.0000":0.011711,"90.0000":0.012671,"95.0000":0.040831,"96.0000":0.040895,"97.0000":0.040991,"98.0000":0.041119,"99.0000":0.041599,"99.9000":0.046335,"99.9900":0.050175,"99.9990":0.061535,"99.9999":0.103167,"100.0000":0.103167},"allocations":{"total_heap":69977525,"minor_heap":68780730,"major_heap":1426360,"promoted_words":229565,"promoted_pct":0.33},"domain_alloc_stats":{"0":{"total":69977525,"minor":68780730,"promoted":229565,"major":1426360,"promoted_pct":0.33}},"collections":{"minor":53693,"major":26846,"forced_major":0,"compactions":0}}
{"version":1,"wall_time":3.35,"cpu_time":3.35,"gc_time":1.45,"gc_overhead":43.34,"max_rss_kb":127180,"domain_stats":{"0":{"wall_time":3.35,"gc_time":1.45,"gc_overhead":43.34}},"mean_latency":0.00513,"stddev_latency":0.011334,"min_latency":0.0,"max_latency":0.075327,"distr_latency":{"25.0000":0.000263,"50.0000":0.000271,"60.0000":0.000271,"70.0000":0.001143,"75.0000":0.001447,"80.0000":0.004247,"85.0000":0.011031,"90.0000":0.012031,"95.0000":0.037471,"96.0000":0.038047,"97.0000":0.040511,"98.0000":0.040831,"99.0000":0.041023,"99.9000":0.043071,"99.9900":0.044927,"99.9990":0.055679,"99.9999":0.075327,"100.0000":0.075327},"allocations":{"total_heap":69977525,"minor_heap":68780730,"major_heap":1426360,"promoted_words":229565,"promoted_pct":0.33},"domain_alloc_stats":{"0":{"total":69977525,"minor":68780730,"promoted":229565,"major":1426360,"promoted_pct":0.33}},"collections":{"minor":53693,"major":26846,"forced_major":0,"compactions":0}}
{"version":1,"wall_time":3.38,"cpu_time":3.38,"gc_time":1.45,"gc_overhead":43.01,"max_rss_kb":129624,"domain_stats":{"0":{"wall_time":3.38,"gc_time":1.45,"gc_overhead":43.01}},"mean_latency":0.005137,"stddev_latency":0.011532,"min_latency":0.0,"max_latency":0.071103,"distr_latency":{"25.0000":0.000263,"50.0000":0.000271,"60.0000":0.000271,"70.0000":0.001111,"75.0000":0.001463,"80.0000":0.004335,"85.0000":0.010551,"90.0000":0.011775,"95.0000":0.040767,"96.0000":0.040895,"97.0000":0.040991,"98.0000":0.041119,"99.0000":0.041599,"99.9000":0.048991,"99.9900":0.051007,"99.9990":0.057215,"99.9999":0.071103,"100.0000":0.071103},"allocations":{"total_heap":69977525,"minor_heap":68780730,"major_heap":1426360,"promoted_words":229565,"promoted_pct":0.33},"domain_alloc_stats":{"0":{"total":69977525,"minor":68780730,"promoted":229565,"major":1426360,"promoted_pct":0.33}},"collections":{"minor":53693,"major":26846,"forced_major":0,"compactions":0}}
{"version":1,"wall_time":3.4,"cpu_time":3.4,"gc_time":1.51,"gc_overhead":44.39,"max_rss_kb":128692,"domain_stats":{"0":{"wall_time":3.4,"gc_time":1.51,"gc_overhead":44.39}},"mean_latency":0.005343,"stddev_latency":0.011884,"min_latency":0.0,"max_latency":0.102143,"distr_latency":{"25.0000":0.000263,"50.0000":0.000271,"60.0000":0.000271,"70.0000":0.001127,"75.0000":0.001415,"80.0000":0.004215,"85.0000":0.011263,"90.0000":0.012743,"95.0000":0.040863,"96.0000":0.040927,"97.0000":0.040991,"98.0000":0.041087,"99.0000":0.041663,"99.9000":0.044191,"99.9900":0.046431,"99.9990":0.055391,"99.9999":0.102143,"100.0000":0.102143},"allocations":{"total_heap":69977525,"minor_heap":68780730,"major_heap":1426360,"promoted_words":229565,"promoted_pct":0.33},"domain_alloc_stats":{"0":{"total":69977525,"minor":68780730,"promoted":229565,"major":1426360,"promoted_pct":0.33}},"collections":{"minor":53693,"major":26846,"forced_major":0,"compactions":0}}
{"version":1,"wall_time":3.29,"cpu_time":3.29,"gc_time":1.38,"gc_overhead":41.78,"max_rss_kb":129200,"domain_stats":{"0":{"wall_time":3.29,"gc_time":1.38,"gc_overhead":41.78}},"mean_latency":0.004862,"stddev_latency":0.010771,"min_latency":0.0,"max_latency":0.070975,"distr_latency":{"25.0000":0.000263,"50.0000":0.000271,"60.0000":0.000287,"70.0000":0.001087,"75.0000":0.001431,"80.0000":0.004207,"85.0000":0.010511,