{"version":1,"wall_time":1.76,"cpu_time":1.76,"gc_time":0.04,"gc_overhead":2.25,"max_rss_kb":16752,"domain_stats":{"0":{"wall_time":1.76,"gc_time":0.04,"gc_overhead":2.25}},"mean_latency":0.005522,"stddev_latency":0.008109,"min_latency":0.0,"max_latency":0.087935,"distr_latency":{"25.0000":0.000855,"50.0000":0.001807,"60.0000":0.002703,"70.0000":0.004935,"75.0000":0.005975,"80.0000":0.009231,"85.0000":0.012327,"90.0000":0.017711,"95.0000":0.024543,"96.0000":0.027999,"97.0000":0.029663,"98.0000":0.030591,"99.0000":0.032399,"99.9000":0.044351,"99.9900":0.046815,"99.9990":0.087935,"99.9999":0.087935,"100.0000":0.087935},"allocations":{"total_heap":587099412,"minor_heap":389708199,"major_heap":197987073,"promoted_words":595860,"promoted_pct":0.15},"domain_alloc_stats":{"0":{"total":587099412,"minor":389708199,"promoted":595860,"major":197987073,"promoted_pct":0.15}},"collections":{"minor":2223,"major":1067,"forced_major":0,"compactions":0}}
{"version":1,"wall_time":1.77,"cpu_time":1.77,"gc_time":0.04,"gc_overhead":2.43,"max_rss_kb":16756,"domain_stats":{"0":{"wall_time":1.77,"gc_time":0.04,"gc_overhead":2.43}},"mean_latency":0.005976,"stddev_latency":0.009274,"min_latency":0.0,"max_latency":0.083711,"distr_latency":{"25.0000":0.000847,"50.0000":0.001791,"60.0000":0.002663,"70.0000":0.004831,"75.0000":0.005871,"80.0000":0.008935,"85.0000":0.014431,"90.0000":0.019039,"95.0000":0.028527,"96.0000":0.030399,"97.0000":0.033183,"98.0000":0.038879,"99.0000":0.042111,"99.9000":0.044415,"99.9900":0.047391,"99.9990":0.083711,"99.9999":0.083711,"100.0000":0.083711},"allocations":{"total_heap":587099412,"minor_heap":389708199,"major_heap":197987073,"promoted_words":595860,"promoted_pct":0.15},"domain_alloc_stats":{"0":{"total":587099412,"minor":389708199,"promoted":595860,"major":197987073,"promoted_pct":0.15}},"collections":{"minor":2223,"major":1067,"forced_major":0,"compactions":0}}
{"version":1,"wall_time":1.76,"cpu_time":1.76,"gc_time":0.04,"gc_overhead":2.22,"max_rss_kb":16764,"domain_stats":{"0":{"wall_time":1.76,"gc_time":0.04,"gc_overhead":2.22}},"mean_latency":0.005434,"stddev_latency":0.007967,"min_latency":0.0,"max_latency":0.098687,"distr_latency":{"25.0000":0.000847,"50.0000":0.001791,"60.0000":0.002663,"70.0000":0.004935,"75.0000":0.005967,"80.0000":0.008727,"85.0000":0.012407,"90.0000":0.017263,"95.0000":0.023967,"96.0000":0.027263,"97.0000":0.029023,"98.0000":0.030271,"99.0000":0.033663,"99.9000":0.042975,"99.9900":0.044767,"99.9990":0.098687,"99.9999":0.098687,"100.0000":0.098687},"allocations":{"total_heap":587099412,"minor_heap":389708199,"major_heap":197987073,"promoted_words":595860,"promoted_pct":0.15},"domain_alloc_stats":{"0":{"total":587099412,"minor":389708199,"promoted":595860,"major":197987073,"promoted_pct":0.15}},"collections":{"minor":2223,"major":1067,"forced_major":0,"compactions":0}}
{"version":1,"wall_time":1.77,"cpu_time":1.77,"gc_time":0.05,"gc_overhead":2.57,"max_rss_kb":16796,"domain_stats":{"0":{"wall_time":1.77,"gc_time":0.05,"gc_overhead":2.57}},"mean_latency":0.006328,"stddev_latency":0.009937,"min_latency":0.0,"max_latency":0.082559,"distr_latency":{"25.0000":0.000855,"50.0000":0.001791,"60.0000":0.002687,"70.0000":0.004887,"75.0000":0.005903,"80.0000":0.009663,"85.0000":0.015775,"90.0000":0.020511,"95.0000":0.030783,"96.0000":0.033823,"97.0000":0.036063,"98.0000":0.041727,"99.0000":0.043103,"99.9000":0.045599,"99.9900":0.058367,"99.9990":0.082559,"99.9999":0.082559,"100.0000":0.082559},"allocations":{"total_heap":587099412,"minor_heap":389708199,"major_heap":197987073,"promoted_words":595860,"promoted_pct":0.15},"domain_alloc_stats":{"0":{"total":587099412,"minor":389708199,"promoted":595860,"major":197987073,"promoted_pct":0.15}},"collections":{"minor":2223,"major":1067,"forced_major":0,"compactions":0}}
{"version":1,"wall_time":1.78,"cpu_time":1.78,"gc_time":0.05,"gc_overhead":2.57,"max_rss_kb":16924,"domain_stats":{"0":{"wall_time":1.78,"gc_time":0.05,"gc_overhead":2.57}},"mean_latency":0.006363,"stddev_latency":0.009953,"min_latency":0.0,"max_latency":0.099711,"distr_latency":{"25.0000":0.000855,"50.0000":0.001823,"60.0000":0.002727,"70.0000":0.004935,"75.0000":0.006007,"80.0000":0.009487,"85.0000":0.015855,"90.0000":0.021055,"95.0000":0.030975,"96.0000":0.034367,"97.0000":0.036415,"98.0000":0.040703,"99.0000":0.042751,"99.9000":0.044959,"99.9900":0.058111,"99.9990":0.099711,"99.9999":0.099711,"100.0000":0.099711},"allocations":{"total_heap":587099412,"minor_heap":389708199,"major_heap":197987073,"promoted_words":595860,"promoted_pct":0.15},"domain_alloc_stats":{"0":{"total":587099412,"minor":389708199,"promoted":595860,"major":197987073,"promoted_pct":0.15}},"collections":{"minor":2223,"major":1067,"forced_major":0,"compactions":0}}
{"version":1,"wall_time":1.76,"cpu_time":1.76,"gc_time":0.04,"gc_overhead":2.28,"max_rss_kb":16700,"domain_stats":{"0":{"wall_time":1.76,"gc_time":0.04,"gc_overhead":2.28}},"mean_latency":0.005587,"stddev_latency":0.008224,"min_latency":0.0,"max_latency":0.096511,"distr_latency":{"25.0000":0.000847,"50.0000":0.001807,"60.0000":0.002711,"70.0000":0.004911,"75.0000":0.005935,"80.0000":0.009535,"85.0000":0.012815,"90.0000":0.018015,"95.0000":0.024943,"96.0000":0.028255,"97.0000":0.029951,"98.0000":0.031039,"99.0000":0.033951,"99.9000":0.044159,"99.9900":0.045791,"99.9990":0.096511,"99.9999":0.096511,"100.0000":0.096511},"allocations":{"total_heap":587099412,"minor_heap":389708199,"major_heap":197987073,"promoted_words":595860,"promoted_pct":0.15},"domain_alloc_stats":{"0":{"total":587099412,"minor":389708199,"promoted":595860,"major":197987073,"promoted_pct":0.15}},"collections":{"minor":2223,"major":1067,"forced_major":0,"compactions":0}}
{"version":1,"wall_time":1.77,"cpu_time":1.77,"gc_time":0.04,"gc_overhead":2.49,"max_rss_kb":16964,"domain_stats":{"0":{"wall_time":1.77,"gc_time":0.04,"gc_overhead":2.49}},"mean_latency":0.00615,"stddev_latency":0.009639,"min_latency":0.0,"max_latency":0.128255,"distr_latency":{"25.0000":0.000831,"50.0000":0.001775,"60.0000":0.002671,"70.0000":0.004911,"75.0000":0.005927,"80.0000":0.009111,"85.0000":0.015231,"90.0000":0.019855,"95.0000":0.028671,"96.0000":0.032111,"97.0000":0.035071,"98.0000":0.040575,"99.0000":0.042559,"99.9000":0.044191,"99.9900":0.051295,"99.9990":0.128255,"99.9999":0.128255,"100.0000":0.128255},"allocations":{"total_heap":587099412,"minor_heap":389708199,"major_heap":197987073,"promoted_words":595860,"promoted_pct":0.15},"domain_alloc_stats":{"0":{"total":587099412,"minor":389708199,"promoted":595860,"major":197987073,"promoted_pct":0.15}},"collections":{"minor":2223,"major":1067,"forced_major":0,"compactions":0}}
{"version":1,"wall_time":1.76,"cpu_time":1.76,"gc_time":0.05,"gc_overhead":2.65,"max_rss_kb":16740,"domain_stats":{"0":{"wall_time":1.76,"gc_time":0.05,"gc_overhead":2.65}},"mean_latency":0.006505,"stddev_latency":0.010317,"min_latency":0.0,"max_latency":0.079679,"distr_latency":{"25.0000":0.000831,"50.0000":0.001775,"60.0000":0.002647,"70.0000":0.004927,"75.0000":0.005935,"80.0000":0.009647,"85.0000":0.016375,"90.0000":0.021775,"95.0000":0.032703,"96.0000":0.035519,"97.0000":0.040607,"98.0000":0.042335,"99.0000":0.043231,"99.9000":0.045599,"99.9900":0.058719,"99.9990":0.079679,"99.9999":0.079679,"100.0000":0.079679},"allocations":{"total_heap":587099412,"minor_heap":389708199,"major_heap":197987073,"promoted_words":595860,"promoted_pct":0.15},"domain_alloc_stats":{"0":{"total":587099412,"minor":389708199,"promoted":595860,"major":197987073,"promoted_pct":0.15}},"collections":{"minor":2223,"major":1067,"forced_major":0,"compactions":0}}
{"version":1,"wall_time":1.77,"cpu_time":1.77,"gc_time":0.04,"gc_overhead":2.38,"max_rss_kb":16564,"domain_stats":{"0":{"wall_time":1.77,"gc_time":0.04,"gc_overhead":2.38}},"mean_latency":0.005873,"stddev_latency":0.009057,"min_latency":0.0,"max_latency":0.114047,"distr_latency":{"25.0000":0.000855,"50.0000":0.001831,"60.0000":0.002743,"70.0000":0.004871,"75.0000":0.005903,