{"version":1,"wall_time":15.03,"cpu_time":15.03,"gc_time":1.3,"gc_overhead":8.68,"max_rss_kb":93392,"domain_stats":{"0":{"wall_time":15.03,"gc_time":1.3,"gc_overhead":8.68}},"mean_latency":0.016869,"stddev_latency":0.020928,"min_latency":0.0,"max_latency":0.603135,"distr_latency":{"25.0000":0.003583,"50.0000":0.011287,"60.0000":0.014487,"70.0000":0.017935,"75.0000":0.021039,"80.0000":0.024223,"85.0000":0.029599,"90.0000":0.041151,"95.0000":0.058911,"96.0000":0.064831,"97.0000":0.071807,"98.0000":0.081215,"99.0000":0.097215,"99.9000":0.183935,"99.9900":0.246271,"99.9990":0.391167,"99.9999":0.603135,"100.0000":0.603135},"allocations":{"total_heap":10129102031,"minor_heap":10128551333,"major_heap":188749302,"promoted_words":188198604,"promoted_pct":1.86},"domain_alloc_stats":{"0":{"total":10129102031,"minor":10128551333,"promoted":188198604,"major":188749302,"promoted_pct":1.86}},"collections":{"minor":38707,"major":134,"forced_major":0,"compactions":0}}
{"version":1,"wall_time":15.02,"cpu_time":15.02,"gc_time":1.31,"gc_overhead":8.71,"max_rss_kb":93728,"domain_stats":{"0":{"wall_time":15.02,"gc_time":1.31,"gc_overhead":8.71}},"mean_latency":0.016755,"stddev_latency":0.020744,"min_latency":0.0,"max_latency":0.552447,"distr_latency":{"25.0000":0.003511,"50.0000":0.011207,"60.0000":0.014407,"70.0000":0.017839,"75.0000":0.020895,"80.0000":0.024063,"85.0000":0.029439,"90.0000":0.040895,"95.0000":0.058559,"96.0000":0.064415,"97.0000":0.071487,"98.0000":0.081023,"99.0000":0.096703,"99.9000":0.179967,"99.9900":0.243583,"99.9990":0.368127,"99.9999":0.552447,"100.0000":0.552447},"allocations":{"total_heap":10240385645,"minor_heap":10239830562,"major_heap":190704699,"promoted_words":190149616,"promoted_pct":1.86},"domain_alloc_stats":{"0":{"total":10240385645,"minor":10239830562,"promoted":190149616,"major":190704699,"promoted_pct":1.86}},"collections":{"minor":39132,"major":135,"forced_major":0,"compactions":0}}
{"version":1,"wall_time":15.02,"cpu_time":15.02,"gc_time":1.29,"gc_overhead":8.62,"max_rss_kb":93392,"domain_stats":{"0":{"wall_time":15.02,"gc_time":1.29,"gc_overhead":8.62}},"mean_latency":0.016714,"stddev_latency":0.020713,"min_latency":0.0,"max_latency":0.602111,"distr_latency":{"25.0000":0.003495,"50.0000":0.011175,"60.0000":0.014383,"70.0000":0.017791,"75.0000":0.020879,"80.0000":0.024031,"85.0000":0.029375,"90.0000":0.040767,"95.0000":0.058431,"96.0000":0.064287,"97.0000":0.071039,"98.0000":0.080703,"99.0000":0.096319,"99.9000":0.180991,"99.9900":0.232831,"99.9990":0.366335,"99.9999":0.602111,"100.0000":0.602111},"allocations":{"total_heap":10154277102,"minor_heap":10153716940,"major_heap":189209687,"promoted_words":188649525,"promoted_pct":1.86},"domain_alloc_stats":{"0":{"total":10154277102,"minor":10153716940,"promoted":188649525,"major":189209687,"promoted_pct":1.86}},"collections":{"minor":38803,"major":134,"forced_major":0,"compactions":0}}
{"version":1,"wall_time":15.02,"cpu_time":15.02,"gc_time":1.3,"gc_overhead":8.63,"max_rss_kb":93292,"domain_stats":{"0":{"wall_time":15.02,"gc_time":1.3,"gc_overhead":8.63}},"mean_latency":0.016802,"stddev_latency":0.020811,"min_latency":0.0,"max_latency":0.544767,"distr_latency":{"25.0000":0.003543,"50.0000":0.011247,"60.0000":0.014423,"70.0000":0.017855,"75.0000":0.020959,"80.0000":0.024095,"85.0000":0.029455,"90.0000":0.040895,"95.0000":0.058655,"96.0000":0.064511,"97.0000":0.071551,"98.0000":0.081215,"99.0000":0.096895,"99.9000":0.182911,"99.9900":0.241023,"99.9990":0.418559,"99.9999":0.544767,"100.0000":0.544767},"allocations":{"total_heap":10111679089,"minor_heap":10111118876,"major_heap":188427652,"promoted_words":187867439,"promoted_pct":1.86},"domain_alloc_stats":{"0":{"total":10111679089,"minor":10111118876,"promoted":187867439,"major":188427652,"promoted_pct":1.86}},"collections":{"minor":38640,"major":133,"forced_major":0,"compactions":0}}
{"version":1,"wall_time":15.04,"cpu_time":15.04,"gc_time":1.3,"gc_overhead":8.62,"max_rss_kb":93072,"domain_stats":{"0":{"wall_time":15.04,"gc_time":1.3,"gc_overhead":8.62}},"mean_latency":0.016871,"stddev_latency":0.020908,"min_latency":0.0,"max_latency":0.552959,"distr_latency":{"25.0000":0.003543,"50.0000":0.011287,"60.0000":0.014487,"70.0000":0.017919,"75.0000":0.021039,"80.0000":0.024255,"85.0000":0.029663,"90.0000":0.041119,"95.0000":0.058975,"96.0000":0.064991,"97.0000":0.071999,"98.0000":0.081343,"99.0000":0.097535,"99.9000":0.181375,"99.9900":0.241919,"99.9990":0.396799,"99.9999":0.552959,"100.0000":0.552959},"allocations":{"total_heap":10072882245,"minor_heap":10072321867,"major_heap":187781630,"promoted_words":187221252,"promoted_pct":1.86},"domain_alloc_stats":{"0":{"total":10072882245,"minor":10072321867,"promoted":187221252,"major":187781630,"promoted_pct":1.86}},"collections":{"minor":38492,"major":133,"forced_major":0,"compactions":0}}
{"version":1,"wall_time":15.02,"cpu_time":15.02,"gc_time":1.29,"gc_overhead":8.62,"max_rss_kb":92964,"domain_stats":{"0":{"wall_time":15.02,"gc_time":1.29,"gc_overhead":8.62}},"mean_latency":0.016908,"stddev_latency":0.020871,"min_latency":0.0,"max_latency":0.569343,"distr_latency":{"25.0000":0.003527,"50.0000":0.011343,"60.0000":0.014655,"70.0000":0.018079,"75.0000":0.021183,"80.0000":0.024431,"85.0000":0.029679,"90.0000":0.040991,"95.0000":0.058943,"96.0000":0.064671,"97.0000":0.071743,"98.0000":0.081471,"99.0000":0.097087,"99.9000":0.181503,"99.9900":0.230143,"99.9990":0.388607,"99.9999":0.569343,"100.0000":0.569343},"allocations":{"total_heap":10033954167,"minor_heap":10033393819,"major_heap":187112992,"promoted_words":186552644,"promoted_pct":1.86},"domain_alloc_stats":{"0":{"total":10033954167,"minor":10033393819,"promoted":186552644,"major":187112992,"promoted_pct":1.86}},"collections":{"minor":38343,"major":132,"forced_major":0,"compactions":0}}
{"version":1,"wall_time":15.03,"cpu_time":15.03,"gc_time":1.3,"gc_overhead":8.67,"max_rss_kb":93428,"domain_stats":{"0":{"wall_time":15.03,"gc_time":1.3,"gc_overhead":8.67}},"mean_latency":0.016805,"stddev_latency":0.020875,"min_latency":0.0,"max_latency":0.590335,"distr_latency":{"25.0000":0.003527,"50.0000":0.011231,"60.0000":0.014423,"70.0000":0.017839,"75.0000":0.020927,"80.0000":0.024111,"85.0000":0.029439,"90.0000":0.040927,"95.0000":0.058847,"96.0000":0.064735,"97.0000":0.071679,"98.0000":0.081023,"99.0000":0.097023,"99.9000":0.185727,"99.9900":0.236671,"99.9990":0.358655,"99.9999":0.590335,"100.0000":0.590335},"allocations":{"total_heap":10167122375,"minor_heap":10166561877,"major_heap":189446766,"promoted_words":188886268,"promoted_pct":1.86},"domain_alloc_stats":{"0":{"total":10167122375,"minor":10166561877,"promoted":188886268,"major":189446766,"promoted_pct":1.86}},"collections":{"minor":38852,"major":134,"forced_major":0,"compactions":0}}
{"version":1,"wall_time":15.02,"cpu_time":15.02,"gc_time":1.28,"gc_overhead":8.49,"max_rss_kb":92512,"domain_stats":{"0":{"wall_time":15.02,"gc_time":1.28,"gc_overhead":8.49}},"mean_latency":0.016865,"stddev_latency":0.020895,"min_latency":0.0,"max_latency":0.571903,"distr_latency":{"25.0000":0.003567,"50.0000":0.011271,"60.0000":0.014527,"70.0000":0.017967,"75.0000":0.021055,"80.0000":0.024223,"85.0000":0.029631,"90.0000":0.040991,"95.0000":0.058783,"96.0000":0.064607,"97.0000":0.071743,"98.0000":0.081279,"99.0000":0.097279,"99.9000":0.182271,"99.9900":0.240639,"99.9990":0.420607,"99.9999":0.571903,"100.0000":0.571903},"allocations":{"total_heap":9914801580,"minor_heap":9914250361,"major_heap":184772502,"promoted_words":184221283,"promoted_pct":1.86},"domain_alloc_stats":{"0":{"total":9914801580,"minor":9914250361,"promoted":184221283,"major":184772502,"promoted_pct":1.86}},"collections":{"minor":37888,"major":131,"forced_major":0,"compactions":0}}
{"version":1,"wall_time":15.02,"cpu_time":15.02,"gc_time":1.3,"gc_overhead":8.66,"max_rss_kb":93564,"domain_stats":{"0":{"wall_time":15.02,"gc_time":1.3,"gc_overhead":8.66}},"mean_latency":0.016756,"stddev_latency":0.02064,"min_latency":0.0,"max_latency":0.533503,