{"version":1,"wall_time":4.68,"cpu_time":4.68,"gc_time":1.82,"gc_overhead":39.0,"max_rss_kb":1209272,"domain_stats":{"0":{"wall_time":4.68,"gc_time":1.82,"gc_overhead":39.0}},"mean_latency":0.082088,"stddev_latency":0.122532,"min_latency":0.0,"max_latency":5.357567,"distr_latency":{"25.0000":0.030335,"50.0000":0.064927,"60.0000":0.070911,"70.0000":0.093055,"75.0000":0.103935,"80.0000":0.108095,"85.0000":0.123455,"90.0000":0.147583,"95.0000":0.234495,"96.0000":0.270079,"97.0000":0.292095,"98.0000":0.410367,"99.0000":0.570879,"99.9000":1.166335,"99.9900":4.175871,"99.9990":5.357567,"99.9999":5.357567,"100.0000":5.357567},"allocations":{"total_heap":2914108637,"minor_heap":2901484605,"major_heap":388674903,"promoted_words":376050871,"promoted_pct":12.96},"domain_alloc_stats":{"0":{"total":2914108637,"minor":2901484605,"promoted":376050871,"major":388674903,"promoted_pct":12.96}},"collections":{"minor":11087,"major":31,"forced_major":0,"compactions":0}}
{"version":1,"wall_time":4.66,"cpu_time":4.66,"gc_time":1.82,"gc_overhead":39.04,"max_rss_kb":1209452,"domain_stats":{"0":{"wall_time":4.66,"gc_time":1.82,"gc_overhead":39.04}},"mean_latency":0.081844,"stddev_latency":0.12264,"min_latency":0.0,"max_latency":5.410815,"distr_latency":{"25.0000":0.030335,"50.0000":0.064703,"60.0000":0.070719,"70.0000":0.092799,"75.0000":0.103999,"80.0000":0.108031,"85.0000":0.122815,"90.0000":0.146687,"95.0000":0.232959,"96.0000":0.269311,"97.0000":0.287743,"98.0000":0.407551,"99.0000":0.573951,"99.9000":1.186815,"99.9900":4.206591,"99.9990":5.410815,"99.9999":5.410815,"100.0000":5.410815},"allocations":{"total_heap":2914108637,"minor_heap":2901484605,"major_heap":388674903,"promoted_words":376050871,"promoted_pct":12.96},"domain_alloc_stats":{"0":{"total":2914108637,"minor":2901484605,"promoted":376050871,"major":388674903,"promoted_pct":12.96}},"collections":{"minor":11087,"major":31,"forced_major":0,"compactions":0}}
{"version":1,"wall_time":4.7,"cpu_time":4.7,"gc_time":1.82,"gc_overhead":38.79,"max_rss_kb":1209112,"domain_stats":{"0":{"wall_time":4.7,"gc_time":1.82,"gc_overhead":38.79}},"mean_latency":0.082013,"stddev_latency":0.122785,"min_latency":0.0,"max_latency":5.402623,"distr_latency":{"25.0000":0.030143,"50.0000":0.064703,"60.0000":0.070719,"70.0000":0.092415,"75.0000":0.103935,"80.0000":0.107967,"85.0000":0.123903,"90.0000":0.148095,"95.0000":0.235391,"96.0000":0.269823,"97.0000":0.288767,"98.0000":0.410367,"99.0000":0.578047,"99.9000":1.172479,"99.9900":4.194303,"99.9990":5.402623,"99.9999":5.402623,"100.0000":5.402623},"allocations":{"total_heap":2914108637,"minor_heap":2901484605,"major_heap":388674903,"promoted_words":376050871,"promoted_pct":12.96},"domain_alloc_stats":{"0":{"total":2914108637,"minor":2901484605,"promoted":376050871,"major":388674903,"promoted_pct":12.96}},"collections":{"minor":11087,"major":31,"forced_major":0,"compactions":0}}
{"version":1,"wall_time":4.66,"cpu_time":4.66,"gc_time":1.81,"gc_overhead":38.91,"max_rss_kb":1209332,"domain_stats":{"0":{"wall_time":4.66,"gc_time":1.81,"gc_overhead":38.91}},"mean_latency":0.081662,"stddev_latency":0.122287,"min_latency":0.0,"max_latency":5.394431,"distr_latency":{"25.0000":0.030271,"50.0000":0.064479,"60.0000":0.070591,"70.0000":0.092543,"75.0000":0.103487,"80.0000":0.107711,"85.0000":0.122559,"90.0000":0.146815,"95.0000":0.231551,"96.0000":0.268287,"97.0000":0.286975,"98.0000":0.404991,"99.0000":0.572415,"99.9000":1.176575,"99.9900":4.167679,"99.9990":5.394431,"99.9999":5.394431,"100.0000":5.394431},"allocations":{"total_heap":2914108637,"minor_heap":2901484605,"major_heap":388674903,"promoted_words":376050871,"promoted_pct":12.96},"domain_alloc_stats":{"0":{"total":2914108637,"minor":2901484605,"promoted":376050871,"major":388674903,"promoted_pct":12.96}},"collections":{"minor":11087,"major":31,"forced_major":0,"compactions":0}}
{"version":1,"wall_time":4.69,"cpu_time":4.69,"gc_time":1.83,"gc_overhead":38.89,"max_rss_kb":1209116,"domain_stats":{"0":{"wall_time":4.69,"gc_time":1.83,"gc_overhead":38.89}},"mean_latency":0.082151,"stddev_latency":0.122401,"min_latency":0.0,"max_latency":5.345279,"distr_latency":{"25.0000":0.030815,"50.0000":0.064895,"60.0000":0.070911,"70.0000":0.093183,"75.0000":0.103935,"80.0000":0.108095,"85.0000":0.123327,"90.0000":0.148351,"95.0000":0.230783,"96.0000":0.270079,"97.0000":0.290303,"98.0000":0.408319,"99.0000":0.575487,"99.9000":1.180671,"99.9900":4.210687,"99.9990":5.345279,"99.9999":5.345279,"100.0000":5.345279},"allocations":{"total_heap":2914108637,"minor_heap":2901484605,"major_heap":388674903,"promoted_words":376050871,"promoted_pct":12.96},"domain_alloc_stats":{"0":{"total":2914108637,"minor":2901484605,"promoted":376050871,"major":388674903,"promoted_pct":12.96}},"collections":{"minor":11087,"major":31,"forced_major":0,"compactions":0}}
{"version":1,"wall_time":4.71,"cpu_time":4.71,"gc_time":1.82,"gc_overhead":38.55,"max_rss_kb":1209072,"domain_stats":{"0":{"wall_time":4.71,"gc_time":1.82,"gc_overhead":38.55}},"mean_latency":0.081794,"stddev_latency":0.122255,"min_latency":0.0,"max_latency":5.316607,"distr_latency":{"25.0000":0.030111,"50.0000":0.064607,"60.0000":0.070783,"70.0000":0.092735,"75.0000":0.103743,"80.0000":0.108031,"85.0000":0.122879,"90.0000":0.146943,"95.0000":0.232831,"96.0000":0.269823,"97.0000":0.289791,"98.0000":0.407295,"99.0000":0.573951,"99.9000":1.168383,"99.9900":4.186111,"99.9990":5.316607,"99.9999":5.316607,"100.0000":5.316607},"allocations":{"total_heap":2914108637,"minor_heap":2901484605,"major_heap":388674903,"promoted_words":376050871,"promoted_pct":12.96},"domain_alloc_stats":{"0":{"total":2914108637,"minor":2901484605,"promoted":376050871,"major":388674903,"promoted_pct":12.96}},"collections":{"minor":11087,"major":31,"forced_major":0,"compactions":0}}
{"version":1,"wall_time":4.66,"cpu_time":4.66,"gc_time":1.82,"gc_overhead":39.12,"max_rss_kb":1209232,"domain_stats":{"0":{"wall_time":4.66,"gc_time":1.82,"gc_overhead":39.12}},"mean_latency":0.082097,"stddev_latency":0.122578,"min_latency":0.0,"max_latency":5.451775,"distr_latency":{"25.0000":0.030975,"50.0000":0.064927,"60.0000":0.070719,"70.0000":0.092735,"75.0000":0.104191,"80.0000":0.108223,"85.0000":0.123007,"90.0000":0.147071,"95.0000":0.233599,"96.0000":0.268287,"97.0000":0.287743,"98.0000":0.408063,"99.0000":0.574463,"99.9000":1.177599,"99.9900":4.239359,"99.9990":5.451775,"99.9999":5.451775,"100.0000":5.451775},"allocations":{"total_heap":2914108637,"minor_heap":2901484605,"major_heap":388674903,"promoted_words":376050871,"promoted_pct":12.96},"domain_alloc_stats":{"0":{"total":2914108637,"minor":2901484605,"promoted":376050871,"major":388674903,"promoted_pct":12.96}},"collections":{"minor":11087,"major":31,"forced_major":0,"compactions":0}}
{"version":1,"wall_time":4.66,"cpu_time":4.66,"gc_time":1.83,"gc_overhead":39.16,"max_rss_kb":1209504,"domain_stats":{"0":{"wall_time":4.66,"gc_time":1.83,"gc_overhead":39.16}},"mean_latency":0.08213,"stddev_latency":0.12312,"min_latency":0.0,"max_latency":5.451775,"distr_latency":{"25.0000":0.030543,"50.0000":0.064671,"60.0000":0.070783,"70.0000":0.093439,"75.0000":0.104063,"80.0000":0.108223,"85.0000":0.124159,"90.0000":0.148223,"95.0000":0.233855,"96.0000":0.268799,"97.0000":0.291071,"98.0000":0.411391,"99.0000":0.571903,"99.9000":1.179647,"99.9900":4.247551,"99.9990":5.451775,"99.9999":5.451775,"100.0000":5.451775},"allocations":{"total_heap":2914108637,"minor_heap":2901484605,"major_heap":388674903,"promoted_words":376050871,"promoted_pct":12.96},"domain_alloc_stats":{"0":{"total":2914108637,"minor":2901484605,"promoted":376050871,"major":388674903,"promoted_pct":12.96}},"collections":{"minor":11087,"major":31,"forced_major":0,"compactions":0}}
{"version":1,"wall_time":4.7,"cpu_time":4.7,"gc_time":1.83,"gc_overhead":38.98,"max_rss_kb":1209168,"domain_stats":{"0":{"wall_time":4.7,"gc_time":1.83,"gc_overhead":38.98}},"mean_latency":0.082368,"stddev_latency":0.122425,"min_latency":0.0,"max_latency":5.353471,