{"version":1,"wall_time":2.53,"cpu_time":2.53,"gc_time":0.51,"gc_overhead":20.08,"max_rss_kb":249548,"domain_stats":{"0":{"wall_time":2.53,"gc_time":0.51,"gc_overhead":20.08}},"mean_latency":0.164981,"stddev_latency":0.263079,"min_latency":0.0,"max_latency":2.795519,"distr_latency":{"25.0000":0.024623,"50.0000":0.067391,"60.0000":0.104255,"70.0000":0.149375,"75.0000":0.175615,"80.0000":0.219775,"85.0000":0.328703,"90.0000":0.427263,"95.0000":0.690687,"96.0000":0.745471,"97.0000":0.827391,"98.0000":0.965119,"99.0000":1.309695,"99.9000":2.222079,"99.9900":2.795519,"99.9990":2.795519,"99.9999":2.795519,"100.0000":2.795519},"allocations":{"total_heap":388847315,"minor_heap":368248444,"major_heap":90437209,"promoted_words":69838338,"promoted_pct":18.97},"domain_alloc_stats":{"0":{"total":388847315,"minor":368248444,"promoted":69838338,"major":90437209,"promoted_pct":18.97}},"collections":{"minor":1432,"major":30,"forced_major":0,"compactions":0}}
{"version":1,"wall_time":2.51,"cpu_time":2.51,"gc_time":0.5,"gc_overhead":20.01,"max_rss_kb":249688,"domain_stats":{"0":{"wall_time":2.51,"gc_time":0.5,"gc_overhead":20.01}},"mean_latency":0.163298,"stddev_latency":0.25898,"min_latency":0.0,"max_latency":2.805759,"distr_latency":{"25.0000":0.024895,"50.0000":0.067455,"60.0000":0.102591,"70.0000":0.147583,"75.0000":0.173439,"80.0000":0.215679,"85.0000":0.327679,"90.0000":0.428543,"95.0000":0.684031,"96.0000":0.741887,"97.0000":0.804863,"98.0000":0.921087,"99.0000":1.281023,"99.9000":2.183167,"99.9900":2.805759,"99.9990":2.805759,"99.9999":2.805759,"100.0000":2.805759},"allocations":{"total_heap":388847315,"minor_heap":368248444,"major_heap":90437209,"promoted_words":69838338,"promoted_pct":18.97},"domain_alloc_stats":{"0":{"total":388847315,"minor":368248444,"promoted":69838338,"major":90437209,"promoted_pct":18.97}},"collections":{"minor":1432,"major":30,"forced_major":0,"compactions":0}}
{"version":1,"wall_time":2.53,"cpu_time":2.53,"gc_time":0.51,"gc_overhead":20.2,"max_rss_kb":249620,"domain_stats":{"0":{"wall_time":2.53,"gc_time":0.51,"gc_overhead":20.2}},"mean_latency":0.165843,"stddev_latency":0.263551,"min_latency":0.0,"max_latency":2.772991,"distr_latency":{"25.0000":0.025103,"50.0000":0.068287,"60.0000":0.103935,"70.0000":0.148735,"75.0000":0.175999,"80.0000":0.219135,"85.0000":0.331007,"90.0000":0.436479,"95.0000":0.697855,"96.0000":0.758271,"97.0000":0.834559,"98.0000":0.934911,"99.0000":1.303551,"99.9000":2.220031,"99.9900":2.772991,"99.9990":2.772991,"99.9999":2.772991,"100.0000":2.772991},"allocations":{"total_heap":388847315,"minor_heap":368248444,"major_heap":90437209,"promoted_words":69838338,"promoted_pct":18.97},"domain_alloc_stats":{"0":{"total":388847315,"minor":368248444,"promoted":69838338,"major":90437209,"promoted_pct":18.97}},"collections":{"minor":1432,"major":30,"forced_major":0,"compactions":0}}
{"version":1,"wall_time":2.52,"cpu_time":2.52,"gc_time":0.51,"gc_overhead":20.25,"max_rss_kb":249552,"domain_stats":{"0":{"wall_time":2.52,"gc_time":0.51,"gc_overhead":20.25}},"mean_latency":0.16574,"stddev_latency":0.262632,"min_latency":0.0,"max_latency":2.732031,"distr_latency":{"25.0000":0.025439,"50.0000":0.068479,"60.0000":0.103999,"70.0000":0.147071,"75.0000":0.174591,"80.0000":0.216959,"85.0000":0.336639,"90.0000":0.432127,"95.0000":0.691199,"96.0000":0.763391,"97.0000":0.833535,"98.0000":0.949247,"99.0000":1.303551,"99.9000":2.222079,"99.9900":2.732031,"99.9990":2.732031,"99.9999":2.732031,"100.0000":2.732031},"allocations":{"total_heap":388847315,"minor_heap":368248444,"major_heap":90437209,"promoted_words":69838338,"promoted_pct":18.97},"domain_alloc_stats":{"0":{"total":388847315,"minor":368248444,"promoted":69838338,"major":90437209,"promoted_pct":18.97}},"collections":{"minor":1432,"major":30,"forced_major":0,"compactions":0}}
{"version":1,"wall_time":2.51,"cpu_time":2.51,"gc_time":0.51,"gc_overhead":20.15,"max_rss_kb":249564,"domain_stats":{"0":{"wall_time":2.51,"gc_time":0.51,"gc_overhead":20.15}},"mean_latency":0.16438,"stddev_latency":0.26207,"min_latency":0.0,"max_latency":2.775039,"distr_latency":{"25.0000":0.024991,"50.0000":0.067327,"60.0000":0.102399,"70.0000":0.146431,"75.0000":0.174847,"80.0000":0.217599,"85.0000":0.331519,"90.0000":0.427519,"95.0000":0.686591,"96.0000":0.747007,"97.0000":0.824319,"98.0000":0.936447,"99.0000":1.317887,"99.9000":2.217983,"99.9900":2.775039,"99.9990":2.775039,"99.9999":2.775039,"100.0000":2.775039},"allocations":{"total_heap":388847315,"minor_heap":368248444,"major_heap":90437209,"promoted_words":69838338,"promoted_pct":18.97},"domain_alloc_stats":{"0":{"total":388847315,"minor":368248444,"promoted":69838338,"major":90437209,"promoted_pct":18.97}},"collections":{"minor":1432,"major":30,"forced_major":0,"compactions":0}}
{"version":1,"wall_time":2.52,"cpu_time":2.52,"gc_time":0.5,"gc_overhead":19.88,"max_rss_kb":249672,"domain_stats":{"0":{"wall_time":2.52,"gc_time":0.5,"gc_overhead":19.88}},"mean_latency":0.162495,"stddev_latency":0.257755,"min_latency":0.0,"max_latency":2.742271,"distr_latency":{"25.0000":0.024959,"50.0000":0.067071,"60.0000":0.102335,"70.0000":0.146431,"75.0000":0.171775,"80.0000":0.214783,"85.0000":0.327167,"90.0000":0.425983,"95.0000":0.679423,"96.0000":0.742911,"97.0000":0.806911,"98.0000":0.924159,"99.0000":1.272831,"99.9000":2.185215,"99.9900":2.742271,"99.9990":2.742271,"99.9999":2.742271,"100.0000":2.742271},"allocations":{"total_heap":388847315,"minor_heap":368248444,"major_heap":90437209,"promoted_words":69838338,"promoted_pct":18.97},"domain_alloc_stats":{"0":{"total":388847315,"minor":368248444,"promoted":69838338,"major":90437209,"promoted_pct":18.97}},"collections":{"minor":1432,"major":30,"forced_major":0,"compactions":0}}
{"version":1,"wall_time":2.52,"cpu_time":2.52,"gc_time":0.51,"gc_overhead":20.1,"max_rss_kb":249740,"domain_stats":{"0":{"wall_time":2.52,"gc_time":0.51,"gc_overhead":20.1}},"mean_latency":0.164625,"stddev_latency":0.262806,"min_latency":0.0,"max_latency":2.793471,"distr_latency":{"25.0000":0.024655,"50.0000":0.067071,"60.0000":0.103551,"70.0000":0.148607,"75.0000":0.173311,"80.0000":0.218239,"85.0000":0.327167,"90.0000":0.427775,"95.0000":0.692223,"96.0000":0.742911,"97.0000":0.829951,"98.0000":0.941567,"99.0000":1.306623,"99.9000":2.215935,"99.9900":2.793471,"99.9990":2.793471,"99.9999":2.793471,"100.0000":2.793471},"allocations":{"total_heap":388847315,"minor_heap":368248444,"major_heap":90437209,"promoted_words":69838338,"promoted_pct":18.97},"domain_alloc_stats":{"0":{"total":388847315,"minor":368248444,"promoted":69838338,"major":90437209,"promoted_pct":18.97}},"collections":{"minor":1432,"major":30,"forced_major":0,"compactions":0}}
{"version":1,"wall_time":2.52,"cpu_time":2.52,"gc_time":0.51,"gc_overhead":20.12,"max_rss_kb":249508,"domain_stats":{"0":{"wall_time":2.52,"gc_time":0.51,"gc_overhead":20.12}},"mean_latency":0.164549,"stddev_latency":0.261957,"min_latency":0.0,"max_latency":2.795519,"distr_latency":{"25.0000":0.024831,"50.0000":0.066815,"60.0000":0.103807,"70.0000":0.147967,"75.0000":0.176255,"80.0000":0.219135,"85.0000":0.327935,"90.0000":0.428799,"95.0000":0.686591,"96.0000":0.749055,"97.0000":0.827391,"98.0000":0.940031,"99.0000":1.300479,"99.9000":2.209791,"99.9900":2.795519,"99.9990":2.795519,"99.9999":2.795519,"100.0000":2.795519},"allocations":{"total_heap":388847315,"minor_heap":368248444,"major_heap":90437209,"promoted_words":69838338,"promoted_pct":18.97},"domain_alloc_stats":{"0":{"total":388847315,"minor":368248444,"promoted":69838338,"major":90437209,"promoted_pct":18.97}},"collections":{"minor":1432,"major":30,"forced_major":0,"compactions":0}}
{"version":1,"wall_time":2.5,"cpu_time":2.5,"gc_time":0.5,"gc_overhead":20.01,"max_rss_kb":249708,"domain_stats":{"0":{"wall_time":2.5,"gc_time":0.5,"gc_overhead":20.01}},"mean_latency":0.162681,"stddev_latency":0.258375,"min_latency":0.0,"max_latency":2.813951,"distr_latency":{"25.0000":0.024639,"50.0000":0.066751,"60.0000":0.102335,"70.0000":0.146175,