{"version":1,"wall_time":2.78,"cpu_time":2.78,"gc_time":2.76,"gc_overhead":99.07,"max_rss_kb":111532,"domain_stats":{"0":{"wall_time":2.78,"gc_time":2.76,"gc_overhead":99.07}},"mean_latency":0.229883,"stddev_latency":0.367725,"min_latency":0.0,"max_latency":3.102719,"distr_latency":{"25.0000":0.000287,"50.0000":0.000295,"60.0000":0.010303,"70.0000":0.177791,"75.0000":0.455679,"80.0000":0.728063,"85.0000":0.890879,"90.0000":0.897535,"95.0000":0.903167,"96.0000":0.904703,"97.0000":0.905727,"98.0000":0.907775,"99.0000":0.911871,"99.9000":1.545215,"99.9900":2.762751,"99.9990":3.102719,"99.9999":3.102719,"100.0000":3.102719},"allocations":{"total_heap":14037840,"minor_heap":300573,"major_heap":13737835,"promoted_words":568,"promoted_pct":0.19},"domain_alloc_stats":{"0":{"total":14037840,"minor":300573,"promoted":568,"major":13737835,"promoted_pct":0.19}},"collections":{"minor":981,"major":981,"forced_major":0,"compactions":0}}
{"version":1,"wall_time":2.8,"cpu_time":2.8,"gc_time":2.77,"gc_overhead":99.07,"max_rss_kb":111364,"domain_stats":{"0":{"wall_time":2.8,"gc_time":2.77,"gc_overhead":99.07}},"mean_latency":0.231162,"stddev_latency":0.370635,"min_latency":0.0,"max_latency":3.796991,"distr_latency":{"25.0000":0.000287,"50.0000":0.000295,"60.0000":0.010303,"70.0000":0.179711,"75.0000":0.456191,"80.0000":0.734207,"85.0000":0.887807,"90.0000":0.896511,"95.0000":0.903167,"96.0000":0.904191,"97.0000":0.905215,"98.0000":0.907263,"99.0000":0.913407,"99.9000":1.547263,"99.9900":2.787327,"99.9990":3.796991,"99.9999":3.796991,"100.0000":3.796991},"allocations":{"total_heap":14037840,"minor_heap":300573,"major_heap":13737835,"promoted_words":568,"promoted_pct":0.19},"domain_alloc_stats":{"0":{"total":14037840,"minor":300573,"promoted":568,"major":13737835,"promoted_pct":0.19}},"collections":{"minor":981,"major":981,"forced_major":0,"compactions":0}}
{"version":1,"wall_time":2.78,"cpu_time":2.78,"gc_time":2.76,"gc_overhead":99.08,"max_rss_kb":111508,"domain_stats":{"0":{"wall_time":2.78,"gc_time":2.76,"gc_overhead":99.08}},"mean_latency":0.229975,"stddev_latency":0.367646,"min_latency":0.0,"max_latency":3.213311,"distr_latency":{"25.0000":0.000287,"50.0000":0.000295,"60.0000":0.010351,"70.0000":0.178047,"75.0000":0.454399,"80.0000":0.732159,"85.0000":0.891391,"90.0000":0.899071,"95.0000":0.905215,"96.0000":0.906239,"97.0000":0.907775,"98.0000":0.909823,"99.0000":0.913407,"99.9000":1.543167,"99.9900":2.777087,"99.9990":3.213311,"99.9999":3.213311,"100.0000":3.213311},"allocations":{"total_heap":14037840,"minor_heap":300573,"major_heap":13737835,"promoted_words":568,"promoted_pct":0.19},"domain_alloc_stats":{"0":{"total":14037840,"minor":300573,"promoted":568,"major":13737835,"promoted_pct":0.19}},"collections":{"minor":981,"major":981,"forced_major":0,"compactions":0}}
{"version":1,"wall_time":2.77,"cpu_time":2.77,"gc_time":2.75,"gc_overhead":99.06,"max_rss_kb":111432,"domain_stats":{"0":{"wall_time":2.77,"gc_time":2.75,"gc_overhead":99.06}},"mean_latency":0.228993,"stddev_latency":0.365737,"min_latency":0.0,"max_latency":4.206591,"distr_latency":{"25.0000":0.000287,"50.0000":0.000295,"60.0000":0.010255,"70.0000":0.179583,"75.0000":0.455167,"80.0000":0.730111,"85.0000":0.891391,"90.0000":0.898559,"95.0000":0.904191,"96.0000":0.905215,"97.0000":0.906751,"98.0000":0.908799,"99.0000":0.911871,"99.9000":1.444863,"99.9900":3.104767,"99.9990":4.206591,"99.9999":4.206591,"100.0000":4.206591},"allocations":{"total_heap":14037840,"minor_heap":300573,"major_heap":13737835,"promoted_words":568,"promoted_pct":0.19},"domain_alloc_stats":{"0":{"total":14037840,"minor":300573,"promoted":568,"major":13737835,"promoted_pct":0.19}},"collections":{"minor":981,"major":981,"forced_major":0,"compactions":0}}
{"version":1,"wall_time":2.81,"cpu_time":2.81,"gc_time":2.79,"gc_overhead":99.06,"max_rss_kb":111360,"domain_stats":{"0":{"wall_time":2.81,"gc_time":2.79,"gc_overhead":99.06}},"mean_latency":0.232286,"stddev_latency":0.372835,"min_latency":0.0,"max_latency":3.227647,"distr_latency":{"25.0000":0.000287,"50.0000":0.000295,"60.0000":0.010215,"70.0000":0.179071,"75.0000":0.460799,"80.0000":0.736255,"85.0000":0.890879,"90.0000":0.898047,"95.0000":0.903679,"96.0000":0.905215,"97.0000":0.906239,"98.0000":0.908287,"99.0000":0.924159,"99.9000":1.546239,"99.9900":3.067903,"99.9990":3.227647,"99.9999":3.227647,"100.0000":3.227647},"allocations":{"total_heap":14037840,"minor_heap":300573,"major_heap":13737835,"promoted_words":568,"promoted_pct":0.19},"domain_alloc_stats":{"0":{"total":14037840,"minor":300573,"promoted":568,"major":13737835,"promoted_pct":0.19}},"collections":{"minor":981,"major":981,"forced_major":0,"compactions":0}}
{"version":1,"wall_time":2.79,"cpu_time":2.79,"gc_time":2.76,"gc_overhead":99.06,"max_rss_kb":111464,"domain_stats":{"0":{"wall_time":2.79,"gc_time":2.76,"gc_overhead":99.06}},"mean_latency":0.230116,"stddev_latency":0.368757,"min_latency":0.0,"max_latency":4.247551,"distr_latency":{"25.0000":0.000287,"50.0000":0.000295,"60.0000":0.010111,"70.0000":0.179199,"75.0000":0.455423,"80.0000":0.729599,"85.0000":0.890367,"90.0000":0.898047,"95.0000":0.903679,"96.0000":0.905215,"97.0000":0.906751,"98.0000":0.908287,"99.0000":0.911871,"99.9000":1.547263,"99.9900":2.758655,"99.9990":4.247551,"99.9999":4.247551,"100.0000":4.247551},"allocations":{"total_heap":14037840,"minor_heap":300573,"major_heap":13737835,"promoted_words":568,"promoted_pct":0.19},"domain_alloc_stats":{"0":{"total":14037840,"minor":300573,"promoted":568,"major":13737835,"promoted_pct":0.19}},"collections":{"minor":981,"major":981,"forced_major":0,"compactions":0}}
{"version":1,"wall_time":2.81,"cpu_time":2.81,"gc_time":2.79,"gc_overhead":99.09,"max_rss_kb":111428,"domain_stats":{"0":{"wall_time":2.81,"gc_time":2.79,"gc_overhead":99.09}},"mean_latency":0.232523,"stddev_latency":0.373101,"min_latency":0.0,"max_latency":3.268607,"distr_latency":{"25.0000":0.000287,"50.0000":0.000295,"60.0000":0.010487,"70.0000":0.182527,"75.0000":0.464895,"80.0000":0.739839,"85.0000":0.888831,"90.0000":0.894975,"95.0000":0.900607,"96.0000":0.902655,"97.0000":0.904191,"98.0000":0.907775,"99.0000":0.944127,"99.9000":1.547263,"99.9900":2.764799,"99.9990":3.268607,"99.9999":3.268607,"100.0000":3.268607},"allocations":{"total_heap":14037840,"minor_heap":300573,"major_heap":13737835,"promoted_words":568,"promoted_pct":0.19},"domain_alloc_stats":{"0":{"total":14037840,"minor":300573,"promoted":568,"major":13737835,"promoted_pct":0.19}},"collections":{"minor":981,"major":981,"forced_major":0,"compactions":0}}
{"version":1,"wall_time":2.77,"cpu_time":2.77,"gc_time":2.75,"gc_overhead":99.05,"max_rss_kb":111428,"domain_stats":{"0":{"wall_time":2.77,"gc_time":2.75,"gc_overhead":99.05}},"mean_latency":0.228881,"stddev_latency":0.365229,"min_latency":0.0,"max_latency":3.115007,"distr_latency":{"25.0000":0.000287,"50.0000":0.000295,"60.0000":0.010167,"70.0000":0.179455,"75.0000":0.452607,"80.0000":0.729599,"85.0000":0.890367,"90.0000":0.897535,"95.0000":0.903167,"96.0000":0.904191,"97.0000":0.905727,"98.0000":0.907775,"99.0000":0.910335,"99.9000":1.541119,"99.9900":2.750463,"99.9990":3.115007,"99.9999":3.115007,"100.0000":3.115007},"allocations":{"total_heap":14037840,"minor_heap":300573,"major_heap":13737835,"promoted_words":568,"promoted_pct":0.19},"domain_alloc_stats":{"0":{"total":14037840,"minor":300573,"promoted":568,"major":13737835,"promoted_pct":0.19}},"collections":{"minor":981,"major":981,"forced_major":0,"compactions":0}}
{"version":1,"wall_time":2.79,"cpu_time":2.79,"gc_time":2.76,"gc_overhead":99.03,"max_rss_kb":111520,"domain_stats":{"0":{"wall_time":2.79,"gc_time":2.76,"gc_overhead":99.03}},"mean_latency":0.229996,"stddev_latency":0.368509,"min_latency":0.0,"max_latency":4.562943,"distr_latency":{"25.0000":0.000287,"50.0000":0.000295,"60.0000":0.010343,"70.0000":0.179711,"75.0000":0.452351,"80.0000":0.729599,"85.0000":0.891903,"90.0000":0.899071,"95.0000":0.904703,"96.0000":0.906239,"97.0000":0.907263,"98.0000":0.909311,