{"version":1,"wall_time":11.59,"cpu_time":11.59,"gc_time":2.01,"gc_overhead":17.3,"max_rss_kb":830236,"domain_stats":{"0":{"wall_time":11.59,"gc_time":2.01,"gc_overhead":17.3}},"mean_latency":0.118032,"stddev_latency":0.173178,"min_latency":0.0,"max_latency":3.452927,"distr_latency":{"25.0000":0.030415,"50.0000":0.058751,"60.0000":0.077631,"70.0000":0.103359,"75.0000":0.125695,"80.0000":0.154623,"85.0000":0.209151,"90.0000":0.312575,"95.0000":0.450559,"96.0000":0.486399,"97.0000":0.545279,"98.0000":0.637439,"99.0000":0.818175,"99.9000":1.575935,"99.9900":2.908159,"99.9990":3.452927,"99.9999":3.452927,"100.0000":3.452927},"allocations":{"total_heap":2223814336,"minor_heap":2175110125,"major_heap":424722668,"promoted_words":376018457,"promoted_pct":17.29},"domain_alloc_stats":{"0":{"total":2223814336,"minor":2175110125,"promoted":376018457,"major":424722668,"promoted_pct":17.29}},"collections":{"minor":8340,"major":41,"forced_major":0,"compactions":0}}
{"version":1,"wall_time":11.73,"cpu_time":11.73,"gc_time":2.0,"gc_overhead":17.09,"max_rss_kb":835324,"domain_stats":{"0":{"wall_time":11.73,"gc_time":2.0,"gc_overhead":17.09}},"mean_latency":0.117984,"stddev_latency":0.17318,"min_latency":0.0,"max_latency":3.424255,"distr_latency":{"25.0000":0.030271,"50.0000":0.058495,"60.0000":0.077631,"70.0000":0.103871,"75.0000":0.125439,"80.0000":0.155647,"85.0000":0.209023,"90.0000":0.312319,"95.0000":0.448767,"96.0000":0.485375,"97.0000":0.543743,"98.0000":0.637951,"99.0000":0.818687,"99.9000":1.591295,"99.9900":2.846719,"99.9990":3.424255,"99.9999":3.424255,"100.0000":3.424255},"allocations":{"total_heap":2223814336,"minor_heap":2175110125,"major_heap":424722668,"promoted_words":376018457,"promoted_pct":17.29},"domain_alloc_stats":{"0":{"total":2223814336,"minor":2175110125,"promoted":376018457,"major":424722668,"promoted_pct":17.29}},"collections":{"minor":8340,"major":41,"forced_major":0,"compactions":0}}
{"version":1,"wall_time":11.7,"cpu_time":11.7,"gc_time":2.01,"gc_overhead":17.15,"max_rss_kb":830252,"domain_stats":{"0":{"wall_time":11.7,"gc_time":2.01,"gc_overhead":17.15}},"mean_latency":0.118099,"stddev_latency":0.172973,"min_latency":0.0,"max_latency":3.463167,"distr_latency":{"25.0000":0.030447,"50.0000":0.059295,"60.0000":0.078143,"70.0000":0.104255,"75.0000":0.126463,"80.0000":0.155775,"85.0000":0.207487,"90.0000":0.312575,"95.0000":0.450047,"96.0000":0.485119,"97.0000":0.549375,"98.0000":0.645119,"99.0000":0.804351,"99.9000":1.575935,"99.9900":2.902015,"99.9990":3.463167,"99.9999":3.463167,"100.0000":3.463167},"allocations":{"total_heap":2223814336,"minor_heap":2175110125,"major_heap":424722668,"promoted_words":376018457,"promoted_pct":17.29},"domain_alloc_stats":{"0":{"total":2223814336,"minor":2175110125,"promoted":376018457,"major":424722668,"promoted_pct":17.29}},"collections":{"minor":8340,"major":41,"forced_major":0,"compactions":0}}
{"version":1,"wall_time":11.67,"cpu_time":11.67,"gc_time":2.0,"gc_overhead":17.18,"max_rss_kb":830204,"domain_stats":{"0":{"wall_time":11.67,"gc_time":2.0,"gc_overhead":17.18}},"mean_latency":0.118009,"stddev_latency":0.172874,"min_latency":0.0,"max_latency":3.438591,"distr_latency":{"25.0000":0.030543,"50.0000":0.059071,"60.0000":0.077887,"70.0000":0.103999,"75.0000":0.125759,"80.0000":0.155391,"85.0000":0.207615,"90.0000":0.313343,"95.0000":0.450303,"96.0000":0.486399,"97.0000":0.537087,"98.0000":0.635903,"99.0000":0.807423,"99.9000":1.570815,"99.9900":2.846719,"99.9990":3.438591,"99.9999":3.438591,"100.0000":3.438591},"allocations":{"total_heap":2223814336,"minor_heap":2175110125,"major_heap":424722668,"promoted_words":376018457,"promoted_pct":17.29},"domain_alloc_stats":{"0":{"total":2223814336,"minor":2175110125,"promoted":376018457,"major":424722668,"promoted_pct":17.29}},"collections":{"minor":8340,"major":41,"forced_major":0,"compactions":0}}
{"version":1,"wall_time":11.65,"cpu_time":11.65,"gc_time":2.01,"gc_overhead":17.25,"max_rss_kb":831692,"domain_stats":{"0":{"wall_time":11.65,"gc_time":2.01,"gc_overhead":17.25}},"mean_latency":0.118222,"stddev_latency":0.173384,"min_latency":0.0,"max_latency":3.411967,"distr_latency":{"25.0000":0.030415,"50.0000":0.058975,"60.0000":0.077759,"70.0000":0.103295,"75.0000":0.125567,"80.0000":0.154751,"85.0000":0.207999,"90.0000":0.313599,"95.0000":0.454399,"96.0000":0.489215,"97.0000":0.546815,"98.0000":0.642047,"99.0000":0.811519,"99.9000":1.599487,"99.9900":2.852863,"99.9990":3.411967,"99.9999":3.411967,"100.0000":3.411967},"allocations":{"total_heap":2223814336,"minor_heap":2175110125,"major_heap":424722668,"promoted_words":376018457,"promoted_pct":17.29},"domain_alloc_stats":{"0":{"total":2223814336,"minor":2175110125,"promoted":376018457,"major":424722668,"promoted_pct":17.29}},"collections":{"minor":8340,"major":41,"forced_major":0,"compactions":0}}
{"version":1,"wall_time":11.7,"cpu_time":11.7,"gc_time":2.01,"gc_overhead":17.2,"max_rss_kb":830184,"domain_stats":{"0":{"wall_time":11.7,"gc_time":2.01,"gc_overhead":17.2}},"mean_latency":0.11846,"stddev_latency":0.171991,"min_latency":0.0,"max_latency":3.424255,"distr_latency":{"25.0000":0.030831,"50.0000":0.059999,"60.0000":0.079167,"70.0000":0.105535,"75.0000":0.126847,"80.0000":0.156543,"85.0000":0.209791,"90.0000":0.312831,"95.0000":0.450815,"96.0000":0.485631,"97.0000":0.541183,"98.0000":0.636927,"99.0000":0.800767,"99.9000":1.562623,"99.9900":2.848767,"99.9990":3.424255,"99.9999":3.424255,"100.0000":3.424255},"allocations":{"total_heap":2223814336,"minor_heap":2175110125,"major_heap":424722668,"promoted_words":376018457,"promoted_pct":17.29},"domain_alloc_stats":{"0":{"total":2223814336,"minor":2175110125,"promoted":376018457,"major":424722668,"promoted_pct":17.29}},"collections":{"minor":8340,"major":41,"forced_major":0,"compactions":0}}
{"version":1,"wall_time":11.67,"cpu_time":11.67,"gc_time":2.0,"gc_overhead":17.11,"max_rss_kb":830180,"domain_stats":{"0":{"wall_time":11.67,"gc_time":2.0,"gc_overhead":17.11}},"mean_latency":0.117488,"stddev_latency":0.17228,"min_latency":0.0,"max_latency":3.405823,"distr_latency":{"25.0000":0.030287,"50.0000":0.058687,"60.0000":0.077375,"70.0000":0.103487,"75.0000":0.125183,"80.0000":0.153855,"85.0000":0.205951,"90.0000":0.311807,"95.0000":0.449279,"96.0000":0.486911,"97.0000":0.541183,"98.0000":0.637439,"99.0000":0.796671,"99.9000":1.575935,"99.9900":2.875391,"99.9990":3.405823,"99.9999":3.405823,"100.0000":3.405823},"allocations":{"total_heap":2223814336,"minor_heap":2175110125,"major_heap":424722668,"promoted_words":376018457,"promoted_pct":17.29},"domain_alloc_stats":{"0":{"total":2223814336,"minor":2175110125,"promoted":376018457,"major":424722668,"promoted_pct":17.29}},"collections":{"minor":8340,"major":41,"forced_major":0,"compactions":0}}
{"version":1,"wall_time":11.66,"cpu_time":11.66,"gc_time":2.0,"gc_overhead":17.17,"max_rss_kb":830252,"domain_stats":{"0":{"wall_time":11.66,"gc_time":2.0,"gc_overhead":17.17}},"mean_latency":0.117822,"stddev_latency":0.173402,"min_latency":0.0,"max_latency":3.481599,"distr_latency":{"25.0000":0.030351,"50.0000":0.058751,"60.0000":0.077823,"70.0000":0.103743,"75.0000":0.125375,"80.0000":0.155007,"85.0000":0.207231,"90.0000":0.312575,"95.0000":0.449791,"96.0000":0.483071,"97.0000":0.542207,"98.0000":0.637951,"99.0000":0.816127,"99.9000":1.612799,"99.9900":2.885631,"99.9990":3.481599,"99.9999":3.481599,"100.0000":3.481599},"allocations":{"total_heap":2223814336,"minor_heap":2175110125,"major_heap":424722668,"promoted_words":376018457,"promoted_pct":17.29},"domain_alloc_stats":{"0":{"total":2223814336,"minor":2175110125,"promoted":376018457,"major":424722668,"promoted_pct":17.29}},"collections":{"minor":8340,"major":41,"forced_major":0,"compactions":0}}
{"version":1,"wall_time":11.68,"cpu_time":11.68,"gc_time":2.0,"gc_overhead":17.11,"max_rss_kb":830244,"domain_stats":{"0":{"wall_time":11.68,"gc_time":2.0,"gc_overhead":17.11}},"mean_latency":0.117677,"stddev_latency":0.172131,"min_latency":0.0,"max_latency":3.405823,