{"version":1,"wall_time":5.02,"cpu_time":5.02,"gc_time":0.23,"gc_overhead":4.58,"max_rss_kb":112656,"domain_stats":{"0":{"wall_time":5.02,"gc_time":0.23,"gc_overhead":4.58}},"mean_latency":0.011608,"stddev_latency":0.032419,"min_latency":0.0,"max_latency":0.715263,"distr_latency":{"25.0000":0.001463,"50.0000":0.003495,"60.0000":0.004063,"70.0000":0.004927,"75.0000":0.005751,"80.0000":0.008855,"85.0000":0.012327,"90.0000":0.022991,"95.0000":0.050591,"96.0000":0.060863,"97.0000":0.072063,"98.0000":0.117311,"99.0000":0.156415,"99.9000":0.363007,"99.9900":0.479999,"99.9990":0.715263,"99.9999":0.715263,"100.0000":0.715263},"allocations":{"total_heap":2593881651,"minor_heap":2589298988,"major_heap":41459580,"promoted_words":36876917,"promoted_pct":1.42},"domain_alloc_stats":{"0":{"total":2593881651,"minor":2589298988,"promoted":36876917,"major":41459580,"promoted_pct":1.42}},"collections":{"minor":9916,"major":77,"forced_major":0,"compactions":0}}
{"version":1,"wall_time":4.99,"cpu_time":4.99,"gc_time":0.23,"gc_overhead":4.53,"max_rss_kb":95036,"domain_stats":{"0":{"wall_time":4.99,"gc_time":0.23,"gc_overhead":4.53}},"mean_latency":0.01142,"stddev_latency":0.028654,"min_latency":0.0,"max_latency":0.726527,"distr_latency":{"25.0000":0.001543,"50.0000":0.003567,"60.0000":0.004207,"70.0000":0.005071,"75.0000":0.006151,"80.0000":0.008871,"85.0000":0.011663,"90.0000":0.031263,"95.0000":0.050367,"96.0000":0.055263,"97.0000":0.070271,"98.0000":0.112383,"99.0000":0.152191,"99.9000":0.312319,"99.9900":0.455167,"99.9990":0.726527,"99.9999":0.726527,"100.0000":0.726527},"allocations":{"total_heap":2593880169,"minor_heap":2589297506,"major_heap":41500989,"promoted_words":36918326,"promoted_pct":1.43},"domain_alloc_stats":{"0":{"total":2593880169,"minor":2589297506,"promoted":36918326,"major":41500989,"promoted_pct":1.43}},"collections":{"minor":9918,"major":79,"forced_major":0,"compactions":0}}
{"version":1,"wall_time":4.99,"cpu_time":4.99,"gc_time":0.23,"gc_overhead":4.53,"max_rss_kb":89424,"domain_stats":{"0":{"wall_time":4.99,"gc_time":0.23,"gc_overhead":4.53}},"mean_latency":0.01142,"stddev_latency":0.034818,"min_latency":0.0,"max_latency":2.068479,"distr_latency":{"25.0000":0.001503,"50.0000":0.003463,"60.0000":0.003967,"70.0000":0.004783,"75.0000":0.005463,"80.0000":0.007391,"85.0000":0.010631,"90.0000":0.027679,"95.0000":0.050527,"96.0000":0.059071,"97.0000":0.072511,"98.0000":0.114879,"99.0000":0.153727,"99.9000":0.350975,"99.9900":0.968191,"99.9990":2.068479,"99.9999":2.068479,"100.0000":2.068479},"allocations":{"total_heap":2593882431,"minor_heap":2589299768,"major_heap":41479036,"promoted_words":36896373,"promoted_pct":1.42},"domain_alloc_stats":{"0":{"total":2593882431,"minor":2589299768,"promoted":36896373,"major":41479036,"promoted_pct":1.42}},"collections":{"minor":9919,"major":81,"forced_major":0,"compactions":0}}
{"version":1,"wall_time":5.0,"cpu_time":5.0,"gc_time":0.23,"gc_overhead":4.54,"max_rss_kb":89360,"domain_stats":{"0":{"wall_time":5.0,"gc_time":0.23,"gc_overhead":4.54}},"mean_latency":0.011479,"stddev_latency":0.03496,"min_latency":0.0,"max_latency":2.069503,"distr_latency":{"25.0000":0.001503,"50.0000":0.003471,"60.0000":0.004007,"70.0000":0.004815,"75.0000":0.005511,"80.0000":0.007431,"85.0000":0.010631,"90.0000":0.027215,"95.0000":0.051391,"96.0000":0.059871,"97.0000":0.073087,"98.0000":0.112255,"99.0000":0.153471,"99.9000":0.344319,"99.9900":0.976895,"99.9990":2.069503,"99.9999":2.069503,"100.0000":2.069503},"allocations":{"total_heap":2593882431,"minor_heap":2589299768,"major_heap":41480087,"promoted_words":36897424,"promoted_pct":1.42},"domain_alloc_stats":{"0":{"total":2593882431,"minor":2589299768,"promoted":36897424,"major":41480087,"promoted_pct":1.42}},"collections":{"minor":9919,"major":81,"forced_major":0,"compactions":0}}
{"version":1,"wall_time":5.0,"cpu_time":5.0,"gc_time":0.23,"gc_overhead":4.53,"max_rss_kb":95212,"domain_stats":{"0":{"wall_time":5.0,"gc_time":0.23,"gc_overhead":4.53}},"mean_latency":0.011437,"stddev_latency":0.030002,"min_latency":0.0,"max_latency":1.381375,"distr_latency":{"25.0000":0.001551,"50.0000":0.003567,"60.0000":0.004231,"70.0000":0.005127,"75.0000":0.006175,"80.0000":0.008903,"85.0000":0.011751,"90.0000":0.030735,"95.0000":0.049855,"96.0000":0.054431,"97.0000":0.070463,"98.0000":0.110719,"99.0000":0.152703,"99.9000":0.313087,"99.9900":0.651263,"99.9990":1.381375,"99.9999":1.381375,"100.0000":1.381375},"allocations":{"total_heap":2593880169,"minor_heap":2589297506,"major_heap":41502325,"promoted_words":36919662,"promoted_pct":1.43},"domain_alloc_stats":{"0":{"total":2593880169,"minor":2589297506,"promoted":36919662,"major":41502325,"promoted_pct":1.43}},"collections":{"minor":9918,"major":79,"forced_major":0,"compactions":0}}
{"version":1,"wall_time":5.0,"cpu_time":5.0,"gc_time":0.24,"gc_overhead":4.73,"max_rss_kb":112760,"domain_stats":{"0":{"wall_time":5.0,"gc_time":0.24,"gc_overhead":4.73}},"mean_latency":0.01197,"stddev_latency":0.0329,"min_latency":0.0,"max_latency":0.783871,"distr_latency":{"25.0000":0.001495,"50.0000":0.003663,"60.0000":0.004303,"70.0000":0.005247,"75.0000":0.006263,"80.0000":0.009591,"85.0000":0.012975,"90.0000":0.027695,"95.0000":0.052447,"96.0000":0.061759,"97.0000":0.072575,"98.0000":0.108543,"99.0000":0.153471,"99.9000":0.358911,"99.9900":0.716287,"99.9990":0.783871,"99.9999":0.783871,"100.0000":0.783871},"allocations":{"total_heap":2593882086,"minor_heap":2589299423,"major_heap":41516571,"promoted_words":36933908,"promoted_pct":1.43},"domain_alloc_stats":{"0":{"total":2593882086,"minor":2589299423,"promoted":36933908,"major":41516571,"promoted_pct":1.43}},"collections":{"minor":9916,"major":77,"forced_major":0,"compactions":0}}
{"version":1,"wall_time":5.06,"cpu_time":5.06,"gc_time":0.23,"gc_overhead":4.5,"max_rss_kb":95832,"domain_stats":{"0":{"wall_time":5.06,"gc_time":0.23,"gc_overhead":4.5}},"mean_latency":0.011503,"stddev_latency":0.033231,"min_latency":0.0,"max_latency":2.050047,"distr_latency":{"25.0000":0.001567,"50.0000":0.003583,"60.0000":0.004231,"70.0000":0.005191,"75.0000":0.006367,"80.0000":0.009071,"85.0000":0.012095,"90.0000":0.030239,"95.0000":0.049759,"96.0000":0.053631,"97.0000":0.069951,"98.0000":0.108095,"99.0000":0.152831,"99.9000":0.320767,"99.9900":0.749567,"99.9990":2.050047,"99.9999":2.050047,"100.0000":2.050047},"allocations":{"total_heap":2593880169,"minor_heap":2589297506,"major_heap":41512572,"promoted_words":36929909,"promoted_pct":1.43},"domain_alloc_stats":{"0":{"total":2593880169,"minor":2589297506,"promoted":36929909,"major":41512572,"promoted_pct":1.43}},"collections":{"minor":9918,"major":79,"forced_major":0,"compactions":0}}
{"version":1,"wall_time":4.98,"cpu_time":4.98,"gc_time":0.23,"gc_overhead":4.67,"max_rss_kb":112564,"domain_stats":{"0":{"wall_time":4.98,"gc_time":0.23,"gc_overhead":4.67}},"mean_latency":0.011737,"stddev_latency":0.032733,"min_latency":0.0,"max_latency":0.754175,"distr_latency":{"25.0000":0.001463,"50.0000":0.003543,"60.0000":0.004087,"70.0000":0.004935,"75.0000":0.005767,"80.0000":0.008895,"85.0000":0.012463,"90.0000":0.023183,"95.0000":0.051615,"96.0000":0.061983,"97.0000":0.073023,"98.0000":0.118335,"99.0000":0.159231,"99.9000":0.352511,"99.9900":0.495871,"99.9990":0.754175,"99.9999":0.754175,"100.0000":0.754175},"allocations":{"total_heap":2593881651,"minor_heap":2589298988,"major_heap":41460671,"promoted_words":36878008,"promoted_pct":1.42},"domain_alloc_stats":{"0":{"total":2593881651,"minor":2589298988,"promoted":36878008,"major":41460671,"promoted_pct":1.42}},"collections":{"minor":9916,"major":77,"forced_major":0,"compactions":0}}
{"version":1,"wall_time":5.03,"cpu_time":5.03,"gc_time":0.24,"gc_overhead":4.72,"max_rss_kb":113932,"domain_stats":{"0":{"wall_time":5.03,"gc_time":0.24,"gc_overhead":4.72}},"mean_latency":0.01198,"stddev_latency":0.034134,"min_latency":0.0,"max_latency":0.735231,"distr_latency":{"25.0000":0.001487,"50.0000":0.003607,"60.0000":0.004263,"70.0000":0.005327,