{"version":1,"wall_time":3.17,"cpu_time":3.17,"gc_time":0.92,"gc_overhead":29.02,"max_rss_kb":381928,"domain_stats":{"0":{"wall_time":3.17,"gc_time":0.92,"gc_overhead":29.02}},"mean_latency":0.101765,"stddev_latency":0.192007,"min_latency":0.0,"max_latency":6.631423,"distr_latency":{"25.0000":0.010495,"50.0000":0.038655,"60.0000":0.063231,"70.0000":0.093055,"75.0000":0.117759,"80.0000":0.150271,"85.0000":0.197247,"90.0000":0.257535,"95.0000":0.378111,"96.0000":0.432383,"97.0000":0.527359,"98.0000":0.650239,"99.0000":0.885247,"99.9000":2.453503,"99.9900":3.870719,"99.9990":6.631423,"99.9999":6.631423,"100.0000":6.631423},"allocations":{"total_heap":606152197,"minor_heap":583779480,"major_heap":163601722,"promoted_words":141229005,"promoted_pct":24.19},"domain_alloc_stats":{"0":{"total":606152197,"minor":583779480,"promoted":141229005,"major":163601722,"promoted_pct":24.19}},"collections":{"minor":4494,"major":29,"forced_major":0,"compactions":0}}
{"version":1,"wall_time":3.19,"cpu_time":3.19,"gc_time":0.92,"gc_overhead":28.75,"max_rss_kb":381860,"domain_stats":{"0":{"wall_time":3.19,"gc_time":0.92,"gc_overhead":28.75}},"mean_latency":0.101243,"stddev_latency":0.190611,"min_latency":0.0,"max_latency":6.455295,"distr_latency":{"25.0000":0.010431,"50.0000":0.038559,"60.0000":0.062815,"70.0000":0.092031,"75.0000":0.117119,"80.0000":0.149503,"85.0000":0.196607,"90.0000":0.257023,"95.0000":0.375039,"96.0000":0.422911,"97.0000":0.521215,"98.0000":0.647679,"99.0000":0.869887,"99.9000":2.424831,"99.9900":3.823615,"99.9990":6.455295,"99.9999":6.455295,"100.0000":6.455295},"allocations":{"total_heap":606152197,"minor_heap":583779480,"major_heap":163601722,"promoted_words":141229005,"promoted_pct":24.19},"domain_alloc_stats":{"0":{"total":606152197,"minor":583779480,"promoted":141229005,"major":163601722,"promoted_pct":24.19}},"collections":{"minor":4494,"major":29,"forced_major":0,"compactions":0}}
{"version":1,"wall_time":3.17,"cpu_time":3.17,"gc_time":0.92,"gc_overhead":29.06,"max_rss_kb":381964,"domain_stats":{"0":{"wall_time":3.17,"gc_time":0.92,"gc_overhead":29.06}},"mean_latency":0.101857,"stddev_latency":0.192283,"min_latency":0.0,"max_latency":6.733823,"distr_latency":{"25.0000":0.010583,"50.0000":0.039327,"60.0000":0.063391,"70.0000":0.093631,"75.0000":0.117695,"80.0000":0.149119,"85.0000":0.197631,"90.0000":0.258431,"95.0000":0.379135,"96.0000":0.430335,"97.0000":0.523007,"98.0000":0.644607,"99.0000":0.878591,"99.9000":2.449407,"99.9900":3.854335,"99.9990":6.733823,"99.9999":6.733823,"100.0000":6.733823},"allocations":{"total_heap":606152197,"minor_heap":583779480,"major_heap":163601722,"promoted_words":141229005,"promoted_pct":24.19},"domain_alloc_stats":{"0":{"total":606152197,"minor":583779480,"promoted":141229005,"major":163601722,"promoted_pct":24.19}},"collections":{"minor":4494,"major":29,"forced_major":0,"compactions":0}}
