{"version":1,"wall_time":3.29,"cpu_time":3.29,"gc_time":0.69,"gc_overhead":20.97,"max_rss_kb":516212,"domain_stats":{"0":{"wall_time":3.29,"gc_time":0.69,"gc_overhead":20.97}},"mean_latency":0.103269,"stddev_latency":0.136869,"min_latency":0.0,"max_latency":1.285119,"distr_latency":{"25.0000":0.023055,"50.0000":0.052927,"60.0000":0.070335,"70.0000":0.100223,"75.0000":0.133887,"80.0000":0.155007,"85.0000":0.202367,"90.0000":0.251007,"95.0000":0.373759,"96.0000":0.384255,"97.0000":0.450815,"98.0000":0.550399,"99.0000":0.757247,"99.9000":0.949247,"99.9900":1.062911,"99.9990":1.285119,"99.9999":1.285119,"100.0000":1.285119},"allocations":{"total_heap":434161475,"minor_heap":418174213,"major_heap":153838567,"promoted_words":137851305,"promoted_pct":32.97},"domain_alloc_stats":{"0":{"total":434161475,"minor":418174213,"promoted":137851305,"major":153838567,"promoted_pct":32.97}},"collections":{"minor":3233,"major":26,"forced_major":0,"compactions":0}}
{"version":1,"wall_time":3.31,"cpu_time":3.31,"gc_time":0.7,"gc_overhead":21.23,"max_rss_kb":514616,"domain_stats":{"0":{"wall_time":3.31,"gc_time":0.7,"gc_overhead":21.23}},"mean_latency":0.105036,"stddev_latency":0.138138,"min_latency":0.0,"max_latency":1.294335,"distr_latency":{"25.0000":0.022799,"50.0000":0.054719,"60.0000":0.072511,"70.0000":0.101311,"75.0000":0.134783,"80.0000":0.161279,"85.0000":0.205951,"90.0000":0.255743,"95.0000":0.380415,"96.0000":0.393727,"97.0000":0.458239,"98.0000":0.550911,"99.0000":0.756223,"99.9000":0.954879,"99.9900":1.059839,"99.9990":1.294335,"99.9999":1.294335,"100.0000":1.294335},"allocations":{"total_heap":434161475,"minor_heap":418174213,"major_heap":153838567,"promoted_words":137851305,"promoted_pct":32.97},"domain_alloc_stats":{"0":{"total":434161475,"minor":418174213,"promoted":137851305,"major":153838567,"promoted_pct":32.97}},"collections":{"minor":3233,"major":26,"forced_major":0,"compactions":0}}
{"version":1,"wall_time":3.3,"cpu_time":3.3,"gc_time":0.69,"gc_overhead":20.98,"max_rss_kb":515824,"domain_stats":{"0":{"wall_time":3.3,"gc_time":0.69,"gc_overhead":20.98}},"mean_latency":0.103456,"stddev_latency":0.137413,"min_latency":0.0,"max_latency":1.312767,"distr_latency":{"25.0000":0.022639,"50.0000":0.053151,"60.0000":0.070783,"70.0000":0.100415,"75.0000":0.134655,"80.0000":0.156543,"85.0000":0.201471,"90.0000":0.251775,"95.0000":0.374271,"96.0000":0.382207,"97.0000":0.434943,"98.0000":0.549887,"99.0000":0.766463,"99.9000":0.947199,"99.9900":1.050623,"99.9990":1.312767,"99.9999":1.312767,"100.0000":1.312767},"allocations":{"total_heap":434161475,"minor_heap":418174213,"major_heap":153838567,"promoted_words":137851305,"promoted_pct":32.97},"domain_alloc_stats":{"0":{"total":434161475,"minor":418174213,"promoted":137851305,"major":153838567,"promoted_pct":32.97}},"collections":{"minor":3233,"major":26,"forced_major":0,"compactions":0}}
