{"version":1,"wall_time":3.01,"cpu_time":3.01,"gc_time":2.75,"gc_overhead":91.13,"max_rss_kb":111772,"domain_stats":{"0":{"wall_time":3.01,"gc_time":2.75,"gc_overhead":91.13}},"mean_latency":0.22847,"stddev_latency":0.367047,"min_latency":0.0,"max_latency":3.307519,"distr_latency":{"25.0000":0.000287,"50.0000":0.000335,"60.0000":0.008503,"70.0000":0.173055,"75.0000":0.449535,"80.0000":0.728575,"85.0000":0.890879,"90.0000":0.898047,"95.0000":0.903679,"96.0000":0.904703,"97.0000":0.905727,"98.0000":0.907263,"99.0000":0.910335,"99.9000":1.548287,"99.9900":2.848767,"99.9990":3.307519,"99.9999":3.307519,"100.0000":3.307519},"allocations":{"total_heap":13497900,"minor_heap":120651,"major_heap":13377796,"promoted_words":547,"promoted_pct":0.45},"domain_alloc_stats":{"0":{"total":13497900,"minor":120651,"promoted":547,"major":13377796,"promoted_pct":0.45}},"collections":{"minor":984,"major":984,"forced_major":0,"compactions":0}}
{"version":1,"wall_time":2.98,"cpu_time":2.98,"gc_time":2.71,"gc_overhead":91.05,"max_rss_kb":111752,"domain_stats":{"0":{"wall_time":2.98,"gc_time":2.71,"gc_overhead":91.05}},"mean_latency":0.225352,"stddev_latency":0.361983,"min_latency":0.0,"max_latency":3.115007,"distr_latency":{"25.0000":0.000287,"50.0000":0.000327,"60.0000":0.006655,"70.0000":0.175999,"75.0000":0.443903,"80.0000":0.717311,"85.0000":0.877567,"90.0000":0.887295,"95.0000":0.895487,"96.0000":0.897023,"97.0000":0.899071,"98.0000":0.901631,"99.0000":0.905215,"99.9000":1.541119,"99.9900":2.768895,"99.9990":3.115007,"99.9999":3.115007,"100.0000":3.115007},"allocations":{"total_heap":13497900,"minor_heap":120651,"major_heap":13377796,"promoted_words":547,"promoted_pct":0.45},"domain_alloc_stats":{"0":{"total":13497900,"minor":120651,"promoted":547,"major":13377796,"promoted_pct":0.45}},"collections":{"minor":984,"major":984,"forced_major":0,"compactions":0}}
{"version":1,"wall_time":2.98,"cpu_time":2.98,"gc_time":2.72,"gc_overhead":91.08,"max_rss_kb":111824,"domain_stats":{"0":{"wall_time":2.98,"gc_time":2.72,"gc_overhead":91.08}},"mean_latency":0.226096,"stddev_latency":0.362769,"min_latency":0.0,"max_latency":2.936831,"distr_latency":{"25.0000":0.000287,"50.0000":0.000327,"60.0000":0.006567,"70.0000":0.174847,"75.0000":0.454399,"80.0000":0.727039,"85.0000":0.873471,"90.0000":0.881663,"95.0000":0.889343,"96.0000":0.890879,"97.0000":0.893439,"98.0000":0.895487,"99.0000":0.900095,"99.9000":1.545215,"99.9900":2.736127,"99.9990":2.936831,"99.9999":2.936831,"100.0000":2.936831},"allocations":{"total_heap":13497900,"minor_heap":120651,"major_heap":13377796,"promoted_words":547,"promoted_pct":0.45},"domain_alloc_stats":{"0":{"total":13497900,"minor":120651,"promoted":547,"major":13377796,"promoted_pct":0.45}},"collections":{"minor":984,"major":984,"forced_major":0,"compactions":0}}
