{"version":1,"wall_time":1.66,"cpu_time":1.66,"gc_time":0.45,"gc_overhead":27.13,"max_rss_kb":383948,"domain_stats":{"0":{"wall_time":1.66,"gc_time":0.45,"gc_overhead":27.13}},"mean_latency":0.554464,"stddev_latency":1.080949,"min_latency":0.0,"max_latency":8.347647,"distr_latency":{"25.0000":0.054911,"50.0000":0.085311,"60.0000":0.125503,"70.0000":0.230655,"75.0000":0.320511,"80.0000":0.743423,"85.0000":1.371135,"90.0000":1.852415,"95.0000":3.096575,"96.0000":3.459071,"97.0000":3.756031,"98.0000":4.145151,"99.0000":5.017599,"99.9000":6.664191,"99.9900":8.347647,"99.9990":8.347647,"99.9999":8.347647,"100.0000":8.347647},"allocations":{"total_heap":850179248,"minor_heap":846443960,"major_heap":67901456,"promoted_words":64166168,"promoted_pct":7.58},"domain_alloc_stats":{"0":{"total":850179248,"minor":846443960,"promoted":64166168,"major":67901456,"promoted_pct":7.58}},"collections":{"minor":410,"major":11,"forced_major":0,"compactions":0}}
{"version":1,"wall_time":1.66,"cpu_time":1.66,"gc_time":0.45,"gc_overhead":27.15,"max_rss_kb":384776,"domain_stats":{"0":{"wall_time":1.66,"gc_time":0.45,"gc_overhead":27.15}},"mean_latency":0.554937,"stddev_latency":1.076822,"min_latency":0.0,"max_latency":8.396799,"distr_latency":{"25.0000":0.055071,"50.0000":0.086911,"60.0000":0.126271,"70.0000":0.236159,"75.0000":0.325375,"80.0000":0.739327,"85.0000":1.401855,"90.0000":1.853439,"95.0000":3.031039,"96.0000":3.432447,"97.0000":3.608575,"98.0000":4.247551,"99.0000":5.009407,"99.9000":6.701055,"99.9900":8.396799,"99.9990":8.396799,"99.9999":8.396799,"100.0000":8.396799},"allocations":{"total_heap":850179248,"minor_heap":846443960,"major_heap":67901456,"promoted_words":64166168,"promoted_pct":7.58},"domain_alloc_stats":{"0":{"total":850179248,"minor":846443960,"promoted":64166168,"major":67901456,"promoted_pct":7.58}},"collections":{"minor":410,"major":11,"forced_major":0,"compactions":0}}
{"version":1,"wall_time":1.66,"cpu_time":1.66,"gc_time":0.45,"gc_overhead":27.03,"max_rss_kb":384524,"domain_stats":{"0":{"wall_time":1.66,"gc_time":0.45,"gc_overhead":27.03}},"mean_latency":0.55225,"stddev_latency":1.071422,"min_latency":0.0,"max_latency":8.413183,"distr_latency":{"25.0000":0.054751,"50.0000":0.086143,"60.0000":0.128831,"70.0000":0.230655,"75.0000":0.320767,"80.0000":0.740863,"85.0000":1.380351,"90.0000":1.847295,"95.0000":3.002367,"96.0000":3.450879,"97.0000":3.686399,"98.0000":4.087807,"99.0000":4.976639,"99.9000":6.651903,"99.9900":8.413183,"99.9990":8.413183,"99.9999":8.413183,"100.0000":8.413183},"allocations":{"total_heap":850179248,"minor_heap":846443960,"major_heap":67901456,"promoted_words":64166168,"promoted_pct":7.58},"domain_alloc_stats":{"0":{"total":850179248,"minor":846443960,"promoted":64166168,"major":67901456,"promoted_pct":7.58}},"collections":{"minor":410,"major":11,"forced_major":0,"compactions":0}}
