{"version":1,"wall_time":3.07,"cpu_time":3.07,"gc_time":1.05,"gc_overhead":34.18,"max_rss_kb":1056528,"domain_stats":{"0":{"wall_time":3.07,"gc_time":1.05,"gc_overhead":34.18}},"mean_latency":0.953387,"stddev_latency":0.832427,"min_latency":0.0,"max_latency":12.156927,"distr_latency":{"25.0000":0.316415,"50.0000":0.918527,"60.0000":0.987135,"70.0000":1.108991,"75.0000":1.196031,"80.0000":1.304575,"85.0000":1.433599,"90.0000":1.581055,"95.0000":2.024447,"96.0000":2.301951,"97.0000":2.699263,"98.0000":3.043327,"99.0000":4.159487,"99.9000":7.876607,"99.9900":12.156927,"99.9990":12.156927,"99.9999":12.156927,"100.0000":12.156927},"allocations":{"total_heap":1148521915,"minor_heap":1145293807,"major_heap":141205026,"promoted_words":137976918,"promoted_pct":12.05},"domain_alloc_stats":{"0":{"total":1148521915,"minor":1145293807,"promoted":137976918,"major":141205026,"promoted_pct":12.05}},"collections":{"minor":556,"major":16,"forced_major":0,"compactions":0}}
{"version":1,"wall_time":3.07,"cpu_time":3.07,"gc_time":1.05,"gc_overhead":34.14,"max_rss_kb":1056440,"domain_stats":{"0":{"wall_time":3.07,"gc_time":1.05,"gc_overhead":34.14}},"mean_latency":0.953042,"stddev_latency":0.831142,"min_latency":0.0,"max_latency":12.148735,"distr_latency":{"25.0000":0.318975,"50.0000":0.915967,"60.0000":0.988671,"70.0000":1.100799,"75.0000":1.185791,"80.0000":1.284095,"85.0000":1.432575,"90.0000":1.567743,"95.0000":2.064383,"96.0000":2.357247,"97.0000":2.711551,"98.0000":3.158015,"99.0000":4.296703,"99.9000":7.913471,"99.9900":12.148735,"99.9990":12.148735,"99.9999":12.148735,"100.0000":12.148735},"allocations":{"total_heap":1148521915,"minor_heap":1145293807,"major_heap":141205026,"promoted_words":137976918,"promoted_pct":12.05},"domain_alloc_stats":{"0":{"total":1148521915,"minor":1145293807,"promoted":137976918,"major":141205026,"promoted_pct":12.05}},"collections":{"minor":556,"major":16,"forced_major":0,"compactions":0}}
{"version":1,"wall_time":3.05,"cpu_time":3.05,"gc_time":1.04,"gc_overhead":34.09,"max_rss_kb":1061852,"domain_stats":{"0":{"wall_time":3.05,"gc_time":1.04,"gc_overhead":34.09}},"mean_latency":0.946867,"stddev_latency":0.827295,"min_latency":0.0,"max_latency":12.345343,"distr_latency":{"25.0000":0.313599,"50.0000":0.919551,"60.0000":0.986111,"70.0000":1.084415,"75.0000":1.172479,"80.0000":1.277951,"85.0000":1.418239,"90.0000":1.543167,"95.0000":1.996799,"96.0000":2.295807,"97.0000":2.674687,"98.0000":3.092479,"99.0000":4.243455,"99.9000":8.003583,"99.9900":12.345343,"99.9990":12.345343,"99.9999":12.345343,"100.0000":12.345343},"allocations":{"total_heap":1148521915,"minor_heap":1145293807,"major_heap":141205026,"promoted_words":137976918,"promoted_pct":12.05},"domain_alloc_stats":{"0":{"total":1148521915,"minor":1145293807,"promoted":137976918,"major":141205026,"promoted_pct":12.05}},"collections":{"minor":556,"major":16,"forced_major":0,"compactions":0}}
