{"version":1,"wall_time":1.81,"cpu_time":1.81,"gc_time":0.21,"gc_overhead":11.35,"max_rss_kb":54100,"domain_stats":{"0":{"wall_time":1.81,"gc_time":0.21,"gc_overhead":11.35}},"mean_latency":0.007352,"stddev_latency":0.005439,"min_latency":0.0,"max_latency":0.084223,"distr_latency":{"25.0000":3.1e-05,"50.0000":0.009495,"60.0000":0.010183,"70.0000":0.010887,"75.0000":0.011031,"80.0000":0.011351,"85.0000":0.011847,"90.0000":0.012535,"95.0000":0.014327,"96.0000":0.014895,"97.0000":0.015415,"98.0000":0.016071,"99.0000":0.016943,"99.9000":0.020415,"99.9900":0.030703,"99.9990":0.084223,"99.9999":0.084223,"100.0000":0.084223},"allocations":{"total_heap":3993945990,"minor_heap":4706127,"major_heap":3989275332,"promoted_words":35469,"promoted_pct":0.75},"domain_alloc_stats":{"0":{"total":3993945990,"minor":4706127,"promoted":35469,"major":3989275332,"promoted_pct":0.75}},"collections":{"minor":18661,"major":18660,"forced_major":0,"compactions":0}}
{"version":1,"wall_time":1.79,"cpu_time":1.79,"gc_time":0.18,"gc_overhead":10.15,"max_rss_kb":54224,"domain_stats":{"0":{"wall_time":1.79,"gc_time":0.18,"gc_overhead":10.15}},"mean_latency":0.00649,"stddev_latency":0.00486,"min_latency":0.0,"max_latency":0.074751,"distr_latency":{"25.0000":3.1e-05,"50.0000":0.008271,"60.0000":0.008911,"70.0000":0.009711,"75.0000":0.009871,"80.0000":0.010055,"85.0000":0.010647,"90.0000":0.011247,"95.0000":0.013055,"96.0000":0.013631,"97.0000":0.014175,"98.0000":0.014855,"99.0000":0.015823,"99.9000":0.018943,"99.9900":0.022783,"99.9990":0.074751,"99.9999":0.074751,"100.0000":0.074751},"allocations":{"total_heap":3993945990,"minor_heap":4706127,"major_heap":3989275332,"promoted_words":35469,"promoted_pct":0.75},"domain_alloc_stats":{"0":{"total":3993945990,"minor":4706127,"promoted":35469,"major":3989275332,"promoted_pct":0.75}},"collections":{"minor":18661,"major":18660,"forced_major":0,"compactions":0}}
{"version":1,"wall_time":1.8,"cpu_time":1.8,"gc_time":0.19,"gc_overhead":10.82,"max_rss_kb":53992,"domain_stats":{"0":{"wall_time":1.8,"gc_time":0.19,"gc_overhead":10.82}},"mean_latency":0.006964,"stddev_latency":0.005158,"min_latency":0.0,"max_latency":0.071999,"distr_latency":{"25.0000":3.1e-05,"50.0000":0.008871,"60.0000":0.009575,"70.0000":0.010223,"75.0000":0.010407,"80.0000":0.010903,"85.0000":0.011271,"90.0000":0.012063,"95.0000":0.013855,"96.0000":0.014271,"97.0000":0.014767,"98.0000":0.015343,"99.0000":0.016191,"99.9000":0.019023,"99.9900":0.024271,"99.9990":0.071999,"99.9999":0.071999,"100.0000":0.071999},"allocations":{"total_heap":3993945990,"minor_heap":4706127,"major_heap":3989275332,"promoted_words":35469,"promoted_pct":0.75},"domain_alloc_stats":{"0":{"total":3993945990,"minor":4706127,"promoted":35469,"major":3989275332,"promoted_pct":0.75}},"collections":{"minor":18661,"major":18660,"forced_major":0,"compactions":0}}
