{"version":1,"wall_time":8.28,"cpu_time":8.28,"gc_time":2.94,"gc_overhead":35.56,"max_rss_kb":762364,"domain_stats":{"0":{"wall_time":8.28,"gc_time":2.94,"gc_overhead":35.56}},"mean_latency":0.058206,"stddev_latency":0.164436,"min_latency":0.0,"max_latency":19.824639,"distr_latency":{"25.0000":0.000687,"50.0000":0.001431,"60.0000":0.010271,"70.0000":0.036703,"75.0000":0.062751,"80.0000":0.095871,"85.0000":0.129663,"90.0000":0.179583,"95.0000":0.282623,"96.0000":0.332287,"97.0000":0.395007,"98.0000":0.468223,"99.0000":0.594431,"99.9000":0.999423,"99.9900":2.906111,"99.9990":8.536063,"99.9999":19.824639,"100.0000":19.824639},"allocations":{"total_heap":3290136932,"minor_heap":3152382360,"major_heap":479384155,"promoted_words":341629583,"promoted_pct":10.84},"domain_alloc_stats":{"0":{"total":3290136932,"minor":3152382360,"promoted":341629583,"major":479384155,"promoted_pct":10.84}},"collections":{"minor":24107,"major":78,"forced_major":0,"compactions":0}}
{"version":1,"wall_time":8.22,"cpu_time":8.22,"gc_time":2.93,"gc_overhead":35.68,"max_rss_kb":762048,"domain_stats":{"0":{"wall_time":8.22,"gc_time":2.93,"gc_overhead":35.68}},"mean_latency":0.057961,"stddev_latency":0.164111,"min_latency":0.0,"max_latency":19.841023,"distr_latency":{"25.0000":0.000687,"50.0000":0.001447,"60.0000":0.010255,"70.0000":0.036703,"75.0000":0.062783,"80.0000":0.095871,"85.0000":0.128895,"90.0000":0.178047,"95.0000":0.279807,"96.0000":0.329727,"97.0000":0.394751,"98.0000":0.466431,"99.0000":0.592895,"99.9000":1.000959,"99.9900":2.920447,"99.9990":8.527871,"99.9999":19.841023,"100.0000":19.841023},"allocations":{"total_heap":3290136932,"minor_heap":3152382360,"major_heap":479384155,"promoted_words":341629583,"promoted_pct":10.84},"domain_alloc_stats":{"0":{"total":3290136932,"minor":3152382360,"promoted":341629583,"major":479384155,"promoted_pct":10.84}},"collections":{"minor":24107,"major":78,"forced_major":0,"compactions":0}}
{"version":1,"wall_time":8.28,"cpu_time":8.28,"gc_time":2.93,"gc_overhead":35.43,"max_rss_kb":762404,"domain_stats":{"0":{"wall_time":8.28,"gc_time":2.93,"gc_overhead":35.43}},"mean_latency":0.058008,"stddev_latency":0.164296,"min_latency":0.0,"max_latency":19.824639,"distr_latency":{"25.0000":0.000703,"50.0000":0.001463,"60.0000":0.010255,"70.0000":0.036703,"75.0000":0.063231,"80.0000":0.095935,"85.0000":0.129599,"90.0000":0.178559,"95.0000":0.279295,"96.0000":0.329215,"97.0000":0.394495,"98.0000":0.464895,"99.0000":0.590335,"99.9000":1.004031,"99.9900":3.297279,"99.9990":8.495103,"99.9999":19.824639,"100.0000":19.824639},"allocations":{"total_heap":3290136932,"minor_heap":3152382360,"major_heap":479384155,"promoted_words":341629583,"promoted_pct":10.84},"domain_alloc_stats":{"0":{"total":3290136932,"minor":3152382360,"promoted":341629583,"major":479384155,"promoted_pct":10.84}},"collections":{"minor":24107,"major":78,"forced_major":0,"compactions":0}}
