{"version":1,"wall_time":4.11,"cpu_time":4.11,"gc_time":0.13,"gc_overhead":3.27,"max_rss_kb":23240,"domain_stats":{"0":{"wall_time":4.11,"gc_time":0.13,"gc_overhead":3.27}},"mean_latency":0.021014,"stddev_latency":0.014745,"min_latency":0.0,"max_latency":0.121215,"distr_latency":{"25.0000":0.012231,"50.0000":0.019599,"60.0000":0.023007,"70.0000":0.026991,"75.0000":0.028831,"80.0000":0.030463,"85.0000":0.031983,"90.0000":0.035007,"95.0000":0.041887,"96.0000":0.047583,"97.0000":0.057599,"98.0000":0.068479,"99.0000":0.076991,"99.9000":0.093631,"99.9900":0.097087,"99.9990":0.121215,"99.9999":0.121215,"100.0000":0.121215},"allocations":{"total_heap":1736361076,"minor_heap":1630306153,"major_heap":146152457,"promoted_words":40097534,"promoted_pct":2.46},"domain_alloc_stats":{"0":{"total":1736361076,"minor":1630306153,"promoted":40097534,"major":146152457,"promoted_pct":2.46}},"collections":{"minor":3969,"major":1689,"forced_major":0,"compactions":0}}
{"version":1,"wall_time":4.04,"cpu_time":4.04,"gc_time":0.13,"gc_overhead":3.29,"max_rss_kb":23172,"domain_stats":{"0":{"wall_time":4.04,"gc_time":0.13,"gc_overhead":3.29}},"mean_latency":0.020781,"stddev_latency":0.014576,"min_latency":0.0,"max_latency":0.095615,"distr_latency":{"25.0000":0.012183,"50.0000":0.019327,"60.0000":0.022607,"70.0000":0.026575,"75.0000":0.028399,"80.0000":0.030127,"85.0000":0.032015,"90.0000":0.034879,"95.0000":0.041887,"96.0000":0.048031,"97.0000":0.057663,"98.0000":0.068287,"99.0000":0.075647,"99.9000":0.091263,"99.9900":0.093439,"99.9990":0.095615,"99.9999":0.095615,"100.0000":0.095615},"allocations":{"total_heap":1736361076,"minor_heap":1630306153,"major_heap":146152457,"promoted_words":40097534,"promoted_pct":2.46},"domain_alloc_stats":{"0":{"total":1736361076,"minor":1630306153,"promoted":40097534,"major":146152457,"promoted_pct":2.46}},"collections":{"minor":3969,"major":1689,"forced_major":0,"compactions":0}}
{"version":1,"wall_time":4.01,"cpu_time":4.01,"gc_time":0.13,"gc_overhead":3.31,"max_rss_kb":23520,"domain_stats":{"0":{"wall_time":4.01,"gc_time":0.13,"gc_overhead":3.31}},"mean_latency":0.020714,"stddev_latency":0.014622,"min_latency":0.0,"max_latency":0.103551,"distr_latency":{"25.0000":0.012303,"50.0000":0.019167,"60.0000":0.022543,"70.0000":0.026399,"75.0000":0.028175,"80.0000":0.029791,"85.0000":0.031887,"90.0000":0.034847,"95.0000":0.041887,"96.0000":0.047999,"97.0000":0.058111,"98.0000":0.068479,"99.0000":0.076223,"99.9000":0.092735,"99.9900":0.096831,"99.9990":0.103551,"99.9999":0.103551,"100.0000":0.103551},"allocations":{"total_heap":1736361076,"minor_heap":1630306153,"major_heap":146152457,"promoted_words":40097534,"promoted_pct":2.46},"domain_alloc_stats":{"0":{"total":1736361076,"minor":1630306153,"promoted":40097534,"major":146152457,"promoted_pct":2.46}},"collections":{"minor":3969,"major":1689,"forced_major":0,"compactions":0}}
