{"version":1,"wall_time":7.1,"cpu_time":7.1,"gc_time":1.26,"gc_overhead":17.78,"max_rss_kb":33988,"domain_stats":{"0":{"wall_time":7.1,"gc_time":1.26,"gc_overhead":17.78}},"mean_latency":0.232484,"stddev_latency":0.016126,"min_latency":0.09,"max_latency":0.308991,"distr_latency":{"25.0000":0.222847,"50.0000":0.232447,"60.0000":0.236031,"70.0000":0.240383,"75.0000":0.243071,"80.0000":0.245887,"85.0000":0.249855,"90.0000":0.254719,"95.0000":0.260223,"96.0000":0.261503,"97.0000":0.262655,"98.0000":0.264703,"99.0000":0.266751,"99.9000":0.274431,"99.9900":0.290559,"99.9990":0.308991,"99.9999":0.308991,"100.0000":0.308991},"allocations":{"total_heap":6638486151,"minor_heap":5690608376,"major_heap":996374105,"promoted_words":48496330,"promoted_pct":0.85},"domain_alloc_stats":{"0":{"total":6638486151,"minor":5690608376,"promoted":48496330,"major":996374105,"promoted_pct":0.85}},"collections":{"minor":5428,"major":5427,"forced_major":0,"compactions":0}}
{"version":1,"wall_time":7.16,"cpu_time":7.16,"gc_time":1.25,"gc_overhead":17.46,"max_rss_kb":33940,"domain_stats":{"0":{"wall_time":7.16,"gc_time":1.25,"gc_overhead":17.46}},"mean_latency":0.23017,"stddev_latency":0.015331,"min_latency":0.11,"max_latency":0.320255,"distr_latency":{"25.0000":0.221439,"50.0000":0.229375,"60.0000":0.232831,"70.0000":0.236799,"75.0000":0.240127,"80.0000":0.243071,"85.0000":0.247295,"90.0000":0.251135,"95.0000":0.257407,"96.0000":0.258431,"97.0000":0.259711,"98.0000":0.260991,"99.0000":0.262911,"99.9000":0.276991,"99.9900":0.290559,"99.9990":0.320255,"99.9999":0.320255,"100.0000":0.320255},"allocations":{"total_heap":6638486151,"minor_heap":5690608376,"major_heap":996374105,"promoted_words":48496330,"promoted_pct":0.85},"domain_alloc_stats":{"0":{"total":6638486151,"minor":5690608376,"promoted":48496330,"major":996374105,"promoted_pct":0.85}},"collections":{"minor":5428,"major":5427,"forced_major":0,"compactions":0}}
{"version":1,"wall_time":7.09,"cpu_time":7.09,"gc_time":1.25,"gc_overhead":17.58,"max_rss_kb":33916,"domain_stats":{"0":{"wall_time":7.09,"gc_time":1.25,"gc_overhead":17.58}},"mean_latency":0.229791,"stddev_latency":0.015462,"min_latency":0.11,"max_latency":0.351743,"distr_latency":{"25.0000":0.220799,"50.0000":0.229247,"60.0000":0.232447,"70.0000":0.236927,"75.0000":0.239615,"80.0000":0.242559,"85.0000":0.246655,"90.0000":0.250879,"95.0000":0.256639,"96.0000":0.257663,"97.0000":0.258943,"98.0000":0.260479,"99.0000":0.263167,"99.9000":0.278271,"99.9900":0.331007,"99.9990":0.351743,"99.9999":0.351743,"100.0000":0.351743},"allocations":{"total_heap":6638486151,"minor_heap":5690608376,"major_heap":996374105,"promoted_words":48496330,"promoted_pct":0.85},"domain_alloc_stats":{"0":{"total":6638486151,"minor":5690608376,"promoted":48496330,"major":996374105,"promoted_pct":0.85}},"collections":{"minor":5428,"major":5427,"forced_major":0,"compactions":0}}
