{"version":1,"wall_time":2.71,"cpu_time":2.71,"gc_time":1.3,"gc_overhead":47.73,"max_rss_kb":318576,"domain_stats":{"0":{"wall_time":2.71,"gc_time":1.3,"gc_overhead":47.73}},"mean_latency":1.150542,"stddev_latency":1.692148,"min_latency":0.0,"max_latency":10.715135,"distr_latency":{"25.0000":0.211327,"50.0000":0.671743,"60.0000":0.817151,"70.0000":0.990719,"75.0000":1.139711,"80.0000":1.431551,"85.0000":1.785855,"90.0000":3.221503,"95.0000":5.087231,"96.0000":5.246975,"97.0000":5.758975,"98.0000":7.069695,"99.0000":8.847359,"99.9000":10.362879,"99.9900":10.715135,"99.9990":10.715135,"99.9999":10.715135,"100.0000":10.715135},"allocations":{"total_heap":279331347,"minor_heap":265953081,"major_heap":115841571,"promoted_words":102463305,"promoted_pct":38.53},"domain_alloc_stats":{"0":{"total":279331347,"minor":265953081,"promoted":102463305,"major":115841571,"promoted_pct":38.53}},"collections":{"minor":544,"major":48,"forced_major":0,"compactions":0}}
{"version":1,"wall_time":2.73,"cpu_time":2.73,"gc_time":1.31,"gc_overhead":47.8,"max_rss_kb":318376,"domain_stats":{"0":{"wall_time":2.73,"gc_time":1.31,"gc_overhead":47.8}},"mean_latency":1.160861,"stddev_latency":1.718435,"min_latency":0.0,"max_latency":11.001855,"distr_latency":{"25.0000":0.210559,"50.0000":0.674303,"60.0000":0.824319,"70.0000":0.993791,"75.0000":1.156095,"80.0000":1.431551,"85.0000":1.784831,"90.0000":3.268607,"95.0000":5.136383,"96.0000":5.337087,"97.0000":5.943295,"98.0000":7.106559,"99.0000":9.084927,"99.9000":10.682367,"99.9900":11.001855,"99.9990":11.001855,"99.9999":11.001855,"100.0000":11.001855},"allocations":{"total_heap":279331347,"minor_heap":265953081,"major_heap":115841571,"promoted_words":102463305,"promoted_pct":38.53},"domain_alloc_stats":{"0":{"total":279331347,"minor":265953081,"promoted":102463305,"major":115841571,"promoted_pct":38.53}},"collections":{"minor":544,"major":48,"forced_major":0,"compactions":0}}
{"version":1,"wall_time":2.72,"cpu_time":2.72,"gc_time":1.3,"gc_overhead":47.74,"max_rss_kb":318556,"domain_stats":{"0":{"wall_time":2.72,"gc_time":1.3,"gc_overhead":47.74}},"mean_latency":1.154159,"stddev_latency":1.703846,"min_latency":0.0,"max_latency":10.772479,"distr_latency":{"25.0000":0.212095,"50.0000":0.672255,"60.0000":0.808959,"70.0000":0.986111,"75.0000":1.140735,"80.0000":1.435647,"85.0000":1.802239,"90.0000":3.223551,"95.0000":5.124095,"96.0000":5.275647,"97.0000":5.799935,"98.0000":7.118847,"99.0000":8.830975,"99.9000":10.493951,"99.9900":10.772479,"99.9990":10.772479,"99.9999":10.772479,"100.0000":10.772479},"allocations":{"total_heap":279331347,"minor_heap":265953081,"major_heap":115841571,"promoted_words":102463305,"promoted_pct":38.53},"domain_alloc_stats":{"0":{"total":279331347,"minor":265953081,"promoted":102463305,"major":115841571,"promoted_pct":38.53}},"collections":{"minor":544,"major":48,"forced_major":0,"compactions":0}}
