{"version":1,"wall_time":4.66,"cpu_time":4.66,"gc_time":1.82,"gc_overhead":39.13,"max_rss_kb":1073776,"domain_stats":{"0":{"wall_time":4.66,"gc_time":1.82,"gc_overhead":39.13}},"mean_latency":0.163774,"stddev_latency":0.351289,"min_latency":0.0,"max_latency":12.894207,"distr_latency":{"25.0000":0.043423,"50.0000":0.141311,"60.0000":0.148351,"70.0000":0.189823,"75.0000":0.202367,"80.0000":0.208767,"85.0000":0.219263,"90.0000":0.242175,"95.0000":0.400383,"96.0000":0.480255,"97.0000":0.576511,"98.0000":0.778239,"99.0000":1.000447,"99.9000":4.984831,"99.9900":12.287999,"99.9990":12.894207,"99.9999":12.894207,"100.0000":12.894207},"allocations":{"total_heap":2913858219,"minor_heap":2901258310,"major_heap":376920679,"promoted_words":364320770,"promoted_pct":12.56},"domain_alloc_stats":{"0":{"total":2913858219,"minor":2901258310,"promoted":364320770,"major":376920679,"promoted_pct":12.56}},"collections":{"minor":5550,"major":23,"forced_major":0,"compactions":0}}
{"version":1,"wall_time":4.62,"cpu_time":4.62,"gc_time":1.81,"gc_overhead":39.16,"max_rss_kb":1073704,"domain_stats":{"0":{"wall_time":4.62,"gc_time":1.81,"gc_overhead":39.16}},"mean_latency":0.162548,"stddev_latency":0.351489,"min_latency":0.0,"max_latency":13.025279,"distr_latency":{"25.0000":0.043295,"50.0000":0.138239,"60.0000":0.145535,"70.0000":0.189439,"75.0000":0.200447,"80.0000":0.206335,"85.0000":0.217727,"90.0000":0.242431,"95.0000":0.397567,"96.0000":0.475903,"97.0000":0.567295,"98.0000":0.758271,"99.0000":1.004543,"99.9000":4.984831,"99.9900":12.337151,"99.9990":13.025279,"99.9999":13.025279,"100.0000":13.025279},"allocations":{"total_heap":2913858219,"minor_heap":2901258310,"major_heap":376920679,"promoted_words":364320770,"promoted_pct":12.56},"domain_alloc_stats":{"0":{"total":2913858219,"minor":2901258310,"promoted":364320770,"major":376920679,"promoted_pct":12.56}},"collections":{"minor":5550,"major":23,"forced_major":0,"compactions":0}}
{"version":1,"wall_time":4.64,"cpu_time":4.64,"gc_time":1.82,"gc_overhead":39.09,"max_rss_kb":1073736,"domain_stats":{"0":{"wall_time":4.64,"gc_time":1.82,"gc_overhead":39.09}},"mean_latency":0.163234,"stddev_latency":0.352358,"min_latency":0.0,"max_latency":13.189119,"distr_latency":{"25.0000":0.043231,"50.0000":0.138495,"60.0000":0.145791,"70.0000":0.191743,"75.0000":0.201471,"80.0000":0.207487,"85.0000":0.219007,"90.0000":0.243583,"95.0000":0.397823,"96.0000":0.484095,"97.0000":0.571903,"98.0000":0.778751,"99.0000":1.011711,"99.9000":4.972543,"99.9900":12.263423,"99.9990":13.189119,"99.9999":13.189119,"100.0000":13.189119},"allocations":{"total_heap":2913858219,"minor_heap":2901258310,"major_heap":376920679,"promoted_words":364320770,"promoted_pct":12.56},"domain_alloc_stats":{"0":{"total":2913858219,"minor":2901258310,"promoted":364320770,"major":376920679,"promoted_pct":12.56}},"collections":{"minor":5550,"major":23,"forced_major":0,"compactions":0}}
