{"version":1,"wall_time":4.21,"cpu_time":4.21,"gc_time":2.98,"gc_overhead":70.67,"max_rss_kb":199368,"domain_stats":{"0":{"wall_time":4.21,"gc_time":2.98,"gc_overhead":70.67}},"mean_latency":0.248139,"stddev_latency":0.389518,"min_latency":0.0,"max_latency":4.481023,"distr_latency":{"25.0000":0.000287,"50.0000":0.000367,"60.0000":0.010127,"70.0000":0.255743,"75.0000":0.503551,"80.0000":0.781823,"85.0000":0.928255,"90.0000":0.936447,"95.0000":0.946687,"96.0000":0.949247,"97.0000":0.952319,"98.0000":0.957951,"99.0000":0.971263,"99.9000":1.550335,"99.9900":2.824191,"99.9990":4.481023,"99.9999":4.481023,"100.0000":4.481023},"allocations":{"total_heap":14037842,"minor_heap":300575,"major_heap":13737835,"promoted_words":568,"promoted_pct":0.19},"domain_alloc_stats":{"0":{"total":14037842,"minor":300575,"promoted":568,"major":13737835,"promoted_pct":0.19}},"collections":{"minor":981,"major":981,"forced_major":0,"compactions":0}}
{"version":1,"wall_time":4.23,"cpu_time":4.23,"gc_time":2.98,"gc_overhead":70.61,"max_rss_kb":199560,"domain_stats":{"0":{"wall_time":4.23,"gc_time":2.98,"gc_overhead":70.61}},"mean_latency":0.248768,"stddev_latency":0.390196,"min_latency":0.0,"max_latency":2.902015,"distr_latency":{"25.0000":0.000287,"50.0000":0.000383,"60.0000":0.009911,"70.0000":0.260863,"75.0000":0.507135,"80.0000":0.782335,"85.0000":0.925183,"90.0000":0.932351,"95.0000":0.941055,"96.0000":0.943615,"97.0000":0.947199,"98.0000":0.952831,"99.0000":1.017855,"99.9000":1.551359,"99.9900":2.740223,"99.9990":2.902015,"99.9999":2.902015,"100.0000":2.902015},"allocations":{"total_heap":14037842,"minor_heap":300575,"major_heap":13737835,"promoted_words":568,"promoted_pct":0.19},"domain_alloc_stats":{"0":{"total":14037842,"minor":300575,"promoted":568,"major":13737835,"promoted_pct":0.19}},"collections":{"minor":981,"major":981,"forced_major":0,"compactions":0}}
{"version":1,"wall_time":4.2,"cpu_time":4.2,"gc_time":2.94,"gc_overhead":70.01,"max_rss_kb":199024,"domain_stats":{"0":{"wall_time":4.2,"gc_time":2.94,"gc_overhead":70.01}},"mean_latency":0.245103,"stddev_latency":0.38316,"min_latency":0.0,"max_latency":3.110911,"distr_latency":{"25.0000":0.000287,"50.0000":0.000375,"60.0000":0.009887,"70.0000":0.262015,"75.0000":0.507647,"80.0000":0.781311,"85.0000":0.912895,"90.0000":0.922623,"95.0000":0.933375,"96.0000":0.937471,"97.0000":0.942591,"98.0000":0.949759,"99.0000":0.964607,"99.9000":1.550335,"99.9900":2.836479,"99.9990":3.110911,"99.9999":3.110911,"100.0000":3.110911},"allocations":{"total_heap":14037842,"minor_heap":300575,"major_heap":13737835,"promoted_words":568,"promoted_pct":0.19},"domain_alloc_stats":{"0":{"total":14037842,"minor":300575,"promoted":568,"major":13737835,"promoted_pct":0.19}},"collections":{"minor":981,"major":981,"forced_major":0,"compactions":0}}
