{"version":1,"wall_time":6.05,"cpu_time":6.05,"gc_time":4.77,"gc_overhead":78.81,"max_rss_kb":84508,"domain_stats":{"0":{"wall_time":6.05,"gc_time":4.77,"gc_overhead":78.81}},"mean_latency":0.977656,"stddev_latency":0.551689,"min_latency":0.0,"max_latency":2.275327,"distr_latency":{"25.0000":0.352255,"50.0000":1.318911,"60.0000":1.327103,"70.0000":1.335295,"75.0000":1.339391,"80.0000":1.345535,"85.0000":1.351679,"90.0000":1.359871,"95.0000":1.374207,"96.0000":1.381375,"97.0000":1.390591,"98.0000":1.423359,"99.0000":1.616895,"99.9000":2.236415,"99.9900":2.275327,"99.9990":2.275327,"99.9999":2.275327,"100.0000":2.275327},"allocations":{"total_heap":659665474,"minor_heap":625164752,"major_heap":84475690,"promoted_words":49974968,"promoted_pct":7.99},"domain_alloc_stats":{"0":{"total":659665474,"minor":625164752,"promoted":49974968,"major":84475690,"promoted_pct":7.99}},"collections":{"minor":7306,"major":3452,"forced_major":1116,"compactions":0}}
{"version":1,"wall_time":5.93,"cpu_time":5.93,"gc_time":4.65,"gc_overhead":78.42,"max_rss_kb":84196,"domain_stats":{"0":{"wall_time":5.93,"gc_time":4.65,"gc_overhead":78.42}},"mean_latency":0.953842,"stddev_latency":0.538011,"min_latency":0.0,"max_latency":2.236415,"distr_latency":{"25.0000":0.352767,"50.0000":1.284095,"60.0000":1.293311,"70.0000":1.302527,"75.0000":1.307647,"80.0000":1.313791,"85.0000":1.319935,"90.0000":1.329151,"95.0000":1.341439,"96.0000":1.347583,"97.0000":1.358847,"98.0000":1.400831,"99.0000":1.595391,"99.9000":2.195455,"99.9900":2.236415,"99.9990":2.236415,"99.9999":2.236415,"100.0000":2.236415},"allocations":{"total_heap":659665488,"minor_heap":625164766,"major_heap":84475698,"promoted_words":49974976,"promoted_pct":7.99},"domain_alloc_stats":{"0":{"total":659665488,"minor":625164766,"promoted":49974976,"major":84475698,"promoted_pct":7.99}},"collections":{"minor":7306,"major":3452,"forced_major":1116,"compactions":0}}
{"version":1,"wall_time":6.02,"cpu_time":6.02,"gc_time":4.74,"gc_overhead":78.76,"max_rss_kb":84260,"domain_stats":{"0":{"wall_time":6.02,"gc_time":4.74,"gc_overhead":78.76}},"mean_latency":0.972174,"stddev_latency":0.547588,"min_latency":0.0,"max_latency":2.351103,"distr_latency":{"25.0000":0.363007,"50.0000":1.309695,"60.0000":1.318911,"70.0000":1.328127,"75.0000":1.331199,"80.0000":1.336319,"85.0000":1.342463,"90.0000":1.351679,"95.0000":1.366015,"96.0000":1.372159,"97.0000":1.383423,"98.0000":1.418239,"99.0000":1.609727,"99.9000":2.222079,"99.9900":2.351103,"99.9990":2.351103,"99.9999":2.351103,"100.0000":2.351103},"allocations":{"total_heap":659665486,"minor_heap":625164764,"major_heap":84475799,"promoted_words":49975077,"promoted_pct":7.99},"domain_alloc_stats":{"0":{"total":659665486,"minor":625164764,"promoted":49975077,"major":84475799,"promoted_pct":7.99}},"collections":{"minor":7306,"major":3452,"forced_major":1116,"compactions":0}}
