{"version":1,"wall_time":4.84,"cpu_time":4.84,"gc_time":1.97,"gc_overhead":40.71,"max_rss_kb":1061204,"domain_stats":{"0":{"wall_time":4.84,"gc_time":1.97,"gc_overhead":40.71}},"mean_latency":0.353652,"stddev_latency":0.607788,"min_latency":0.0,"max_latency":13.778943,"distr_latency":{"25.0000":0.104511,"50.0000":0.273663,"60.0000":0.290047,"70.0000":0.398079,"75.0000":0.424191,"80.0000":0.463359,"85.0000":0.495359,"90.0000":0.543231,"95.0000":0.972799,"96.0000":1.128447,"97.0000":1.335295,"98.0000":1.781759,"99.0000":2.461695,"99.9000":9.404415,"99.9900":13.574143,"99.9990":13.778943,"99.9999":13.778943,"100.0000":13.778943},"allocations":{"total_heap":2913259454,"minor_heap":2900717101,"major_heap":369407951,"promoted_words":356865598,"promoted_pct":12.3},"domain_alloc_stats":{"0":{"total":2913259454,"minor":2900717101,"promoted":356865598,"major":369407951,"promoted_pct":12.3}},"collections":{"minor":2784,"major":26,"forced_major":0,"compactions":0}}
{"version":1,"wall_time":4.83,"cpu_time":4.83,"gc_time":1.97,"gc_overhead":40.83,"max_rss_kb":1061416,"domain_stats":{"0":{"wall_time":4.83,"gc_time":1.97,"gc_overhead":40.83}},"mean_latency":0.354334,"stddev_latency":0.613583,"min_latency":0.0,"max_latency":14.131199,"distr_latency":{"25.0000":0.106175,"50.0000":0.270335,"60.0000":0.287487,"70.0000":0.396031,"75.0000":0.423679,"80.0000":0.465663,"85.0000":0.496639,"90.0000":0.546815,"95.0000":0.958463,"96.0000":1.096703,"97.0000":1.345535,"98.0000":1.772543,"99.0000":2.490367,"99.9000":9.412607,"99.9900":13.770751,"99.9990":14.131199,"99.9999":14.131199,"100.0000":14.131199},"allocations":{"total_heap":2913259454,"minor_heap":2900717101,"major_heap":369407951,"promoted_words":356865598,"promoted_pct":12.3},"domain_alloc_stats":{"0":{"total":2913259454,"minor":2900717101,"promoted":356865598,"major":369407951,"promoted_pct":12.3}},"collections":{"minor":2784,"major":26,"forced_major":0,"compactions":0}}
{"version":1,"wall_time":4.78,"cpu_time":4.78,"gc_time":1.96,"gc_overhead":40.93,"max_rss_kb":1041560,"domain_stats":{"0":{"wall_time":4.78,"gc_time":1.96,"gc_overhead":40.93}},"mean_latency":0.351554,"stddev_latency":0.610139,"min_latency":0.0,"max_latency":13.901823,"distr_latency":{"25.0000":0.104575,"50.0000":0.270591,"60.0000":0.287487,"70.0000":0.396031,"75.0000":0.421375,"80.0000":0.457471,"85.0000":0.488447,"90.0000":0.540671,"95.0000":0.955903,"96.0000":1.103871,"97.0000":1.319935,"98.0000":1.724415,"99.0000":2.463743,"99.9000":9.355263,"99.9900":13.737983,"99.9990":13.901823,"99.9999":13.901823,"100.0000":13.901823},"allocations":{"total_heap":2913259454,"minor_heap":2900717101,"major_heap":369407951,"promoted_words":356865598,"promoted_pct":12.3},"domain_alloc_stats":{"0":{"total":2913259454,"minor":2900717101,"promoted":356865598,"major":369407951,"promoted_pct":12.3}},"collections":{"minor":2784,"major":26,"forced_major":0,"compactions":0}}
