{"version":1,"wall_time":8.94,"cpu_time":8.94,"gc_time":2.98,"gc_overhead":33.36,"max_rss_kb":48308,"domain_stats":{"0":{"wall_time":8.94,"gc_time":2.98,"gc_overhead":33.36}},"mean_latency":0.054293,"stddev_latency":0.068408,"min_latency":0.0,"max_latency":0.318975,"distr_latency":{"25.0000":0.011943,"50.0000":0.022479,"60.0000":0.024255,"70.0000":0.037087,"75.0000":0.085247,"80.0000":0.110591,"85.0000":0.134655,"90.0000":0.195455,"95.0000":0.214527,"96.0000":0.215807,"97.0000":0.217087,"98.0000":0.218495,"99.0000":0.220799,"99.9000":0.227583,"99.9900":0.236031,"99.9990":0.257279,"99.9999":0.318975,"100.0000":0.318975},"allocations":{"total_heap":6639138812,"minor_heap":5691139402,"major_heap":1200483513,"promoted_words":252484103,"promoted_pct":4.44},"domain_alloc_stats":{"0":{"total":6639138812,"minor":5691139402,"promoted":252484103,"major":1200483513,"promoted_pct":4.44}},"collections":{"minor":27819,"major":11269,"forced_major":0,"compactions":0}}
{"version":1,"wall_time":8.91,"cpu_time":8.91,"gc_time":3.03,"gc_overhead":33.99,"max_rss_kb":48604,"domain_stats":{"0":{"wall_time":8.91,"gc_time":3.03,"gc_overhead":33.99}},"mean_latency":0.055152,"stddev_latency":0.069305,"min_latency":0.0,"max_latency":0.321279,"distr_latency":{"25.0000":0.012415,"50.0000":0.021631,"60.0000":0.024719,"70.0000":0.037631,"75.0000":0.087487,"80.0000":0.112831,"85.0000":0.135807,"90.0000":0.199039,"95.0000":0.216063,"96.0000":0.218111,"97.0000":0.219903,"98.0000":0.221951,"99.0000":0.224511,"99.9000":0.230015,"99.9900":0.239231,"99.9990":0.312319,"99.9999":0.321279,"100.0000":0.321279},"allocations":{"total_heap":6639138812,"minor_heap":5691139402,"major_heap":1200483513,"promoted_words":252484103,"promoted_pct":4.44},"domain_alloc_stats":{"0":{"total":6639138812,"minor":5691139402,"promoted":252484103,"major":1200483513,"promoted_pct":4.44}},"collections":{"minor":27819,"major":11269,"forced_major":0,"compactions":0}}
{"version":1,"wall_time":9.0,"cpu_time":9.0,"gc_time":3.04,"gc_overhead":33.76,"max_rss_kb":48404,"domain_stats":{"0":{"wall_time":9.0,"gc_time":3.04,"gc_overhead":33.76}},"mean_latency":0.055305,"stddev_latency":0.070063,"min_latency":0.0,"max_latency":0.250367,"distr_latency":{"25.0000":0.012183,"50.0000":0.022383,"60.0000":0.024383,"70.0000":0.037567,"75.0000":0.087103,"80.0000":0.113023,"85.0000":0.137599,"90.0000":0.200575,"95.0000":0.219647,"96.0000":0.220671,"97.0000":0.221823,"98.0000":0.222847,"99.0000":0.224639,"99.9000":0.229375,"99.9900":0.235519,"99.9990":0.243967,"99.9999":0.250367,"100.0000":0.250367},"allocations":{"total_heap":6639138812,"minor_heap":5691139402,"major_heap":1200483513,"promoted_words":252484103,"promoted_pct":4.44},"domain_alloc_stats":{"0":{"total":6639138812,"minor":5691139402,"promoted":252484103,"major":1200483513,"promoted_pct":4.44}},"collections":{"minor":27819,"major":11269,"forced_major":0,"compactions":0}}
