{"version":1,"wall_time":3.29,"cpu_time":3.29,"gc_time":0.66,"gc_overhead":19.93,"max_rss_kb":382680,"domain_stats":{"0":{"wall_time":3.29,"gc_time":0.66,"gc_overhead":19.93}},"mean_latency":1.593938,"stddev_latency":2.304848,"min_latency":0.0,"max_latency":13.746175,"distr_latency":{"25.0000":0.072575,"50.0000":0.562687,"60.0000":1.169407,"70.0000":1.752063,"75.0000":2.191359,"80.0000":2.922495,"85.0000":3.467263,"90.0000":4.308991,"95.0000":6.004735,"96.0000":7.557119,"97.0000":8.503295,"98.0000":9.773055,"99.0000":10.764287,"99.9000":13.746175,"99.9900":13.746175,"99.9990":13.746175,"99.9999":13.746175,"100.0000":13.746175},"allocations":{"total_heap":433382266,"minor_heap":417472041,"major_heap":95921984,"promoted_words":80011759,"promoted_pct":19.17},"domain_alloc_stats":{"0":{"total":433382266,"minor":417472041,"promoted":80011759,"major":95921984,"promoted_pct":19.17}},"collections":{"minor":213,"major":25,"forced_major":0,"compactions":0}}
{"version":1,"wall_time":3.29,"cpu_time":3.29,"gc_time":0.66,"gc_overhead":19.94,"max_rss_kb":382812,"domain_stats":{"0":{"wall_time":3.29,"gc_time":0.66,"gc_overhead":19.94}},"mean_latency":1.596942,"stddev_latency":2.310197,"min_latency":0.0,"max_latency":13.647871,"distr_latency":{"25.0000":0.072767,"50.0000":0.567807,"60.0000":1.175551,"70.0000":1.756159,"75.0000":2.187263,"80.0000":2.840575,"85.0000":3.461119,"90.0000":4.452351,"95.0000":6.356991,"96.0000":7.057407,"97.0000":8.359935,"98.0000":9.732095,"99.0000":10.690559,"99.9000":13.647871,"99.9900":13.647871,"99.9990":13.647871,"99.9999":13.647871,"100.0000":13.647871},"allocations":{"total_heap":433382266,"minor_heap":417472041,"major_heap":95921984,"promoted_words":80011759,"promoted_pct":19.17},"domain_alloc_stats":{"0":{"total":433382266,"minor":417472041,"promoted":80011759,"major":95921984,"promoted_pct":19.17}},"collections":{"minor":213,"major":25,"forced_major":0,"compactions":0}}
{"version":1,"wall_time":3.28,"cpu_time":3.28,"gc_time":0.65,"gc_overhead":19.71,"max_rss_kb":382580,"domain_stats":{"0":{"wall_time":3.28,"gc_time":0.65,"gc_overhead":19.71}},"mean_latency":1.571018,"stddev_latency":2.27633,"min_latency":0.0,"max_latency":13.516799,"distr_latency":{"25.0000":0.073471,"50.0000":0.556543,"60.0000":1.166335,"70.0000":1.735679,"75.0000":2.158591,"80.0000":2.908159,"85.0000":3.387391,"90.0000":4.268031,"95.0000":5.853183,"96.0000":7.405567,"97.0000":8.421375,"98.0000":9.658367,"99.0000":10.616831,"99.9000":13.516799,"99.9900":13.516799,"99.9990":13.516799,"99.9999":13.516799,"100.0000":13.516799},"allocations":{"total_heap":433382266,"minor_heap":417472041,"major_heap":95921984,"promoted_words":80011759,"promoted_pct":19.17},"domain_alloc_stats":{"0":{"total":433382266,"minor":417472041,"promoted":80011759,"major":95921984,"promoted_pct":19.17}},"collections":{"minor":213,"major":25,"forced_major":0,"compactions":0}}
