{"version":1,"wall_time":3.21,"cpu_time":3.21,"gc_time":2.94,"gc_overhead":91.64,"max_rss_kb":111936,"domain_stats":{"0":{"wall_time":3.21,"gc_time":2.94,"gc_overhead":91.64}},"mean_latency":0.244481,"stddev_latency":0.390763,"min_latency":0.0,"max_latency":3.139583,"distr_latency":{"25.0000":0.000287,"50.0000":0.000335,"60.0000":0.006655,"70.0000":0.207743,"75.0000":0.481279,"80.0000":0.762367,"85.0000":0.947711,"90.0000":0.955903,"95.0000":0.962559,"96.0000":0.964095,"97.0000":0.965631,"98.0000":0.967679,"99.0000":0.971263,"99.9000":1.654783,"99.9900":2.824191,"99.9990":3.139583,"99.9999":3.139583,"100.0000":3.139583},"allocations":{"total_heap":13497940,"minor_heap":120691,"major_heap":13377796,"promoted_words":547,"promoted_pct":0.45},"domain_alloc_stats":{"0":{"total":13497940,"minor":120691,"promoted":547,"major":13377796,"promoted_pct":0.45}},"collections":{"minor":1053,"major":1053,"forced_major":0,"compactions":0}}
{"version":1,"wall_time":3.24,"cpu_time":3.24,"gc_time":2.98,"gc_overhead":91.77,"max_rss_kb":112000,"domain_stats":{"0":{"wall_time":3.24,"gc_time":2.98,"gc_overhead":91.77}},"mean_latency":0.2476,"stddev_latency":0.398662,"min_latency":0.0,"max_latency":3.143679,"distr_latency":{"25.0000":0.000287,"50.0000":0.000311,"60.0000":0.006575,"70.0000":0.209151,"75.0000":0.487935,"80.0000":0.764927,"85.0000":0.942079,"90.0000":0.950783,"95.0000":0.957951,"96.0000":0.959487,"97.0000":0.961535,"98.0000":0.965119,"99.0000":1.158143,"99.9000":1.661951,"99.9900":2.820095,"99.9990":3.143679,"99.9999":3.143679,"100.0000":3.143679},"allocations":{"total_heap":13497940,"minor_heap":120691,"major_heap":13377796,"promoted_words":547,"promoted_pct":0.45},"domain_alloc_stats":{"0":{"total":13497940,"minor":120691,"promoted":547,"major":13377796,"promoted_pct":0.45}},"collections":{"minor":1053,"major":1053,"forced_major":0,"compactions":0}}
{"version":1,"wall_time":3.19,"cpu_time":3.19,"gc_time":2.92,"gc_overhead":91.6,"max_rss_kb":111800,"domain_stats":{"0":{"wall_time":3.19,"gc_time":2.92,"gc_overhead":91.6}},"mean_latency":0.242936,"stddev_latency":0.388578,"min_latency":0.0,"max_latency":3.086335,"distr_latency":{"25.0000":0.000287,"50.0000":0.000327,"60.0000":0.007063,"70.0000":0.203135,"75.0000":0.479487,"80.0000":0.754175,"85.0000":0.937471,"90.0000":0.948735,"95.0000":0.956415,"96.0000":0.958463,"97.0000":0.960511,"98.0000":0.963071,"99.0000":0.972287,"99.9000":1.646591,"99.9900":2.750463,"99.9990":3.086335,"99.9999":3.086335,"100.0000":3.086335},"allocations":{"total_heap":13497940,"minor_heap":120691,"major_heap":13377796,"promoted_words":547,"promoted_pct":0.45},"domain_alloc_stats":{"0":{"total":13497940,"minor":120691,"promoted":547,"major":13377796,"promoted_pct":0.45}},"collections":{"minor":1053,"major":1053,"forced_major":0,"compactions":0}}
