{"version":1,"wall_time":3.46,"cpu_time":3.46,"gc_time":1.73,"gc_overhead":49.85,"max_rss_kb":269452,"domain_stats":{"0":{"wall_time":3.46,"gc_time":1.73,"gc_overhead":49.85}},"mean_latency":0.004994,"stddev_latency":0.003593,"min_latency":0.0,"max_latency":0.071743,"distr_latency":{"25.0000":3.1e-05,"50.0000":0.006935,"60.0000":0.007047,"70.0000":0.007183,"75.0000":0.007503,"80.0000":0.007647,"85.0000":0.007775,"90.0000":0.007943,"95.0000":0.008735,"96.0000":0.009047,"97.0000":0.009391,"98.0000":0.009927,"99.0000":0.010807,"99.9000":0.013927,"99.9900":0.019807,"99.9990":0.027471,"99.9999":0.071743,"100.0000":0.071743},"allocations":{"total_heap":3994335698,"minor_heap":4706222,"major_heap":3989960172,"promoted_words":330696,"promoted_pct":7.03},"domain_alloc_stats":{"0":{"total":3994335698,"minor":4706222,"promoted":330696,"major":3989960172,"promoted_pct":7.03}},"collections":{"minor":230414,"major":230394,"forced_major":0,"compactions":0}}
{"version":1,"wall_time":3.65,"cpu_time":3.65,"gc_time":1.91,"gc_overhead":52.31,"max_rss_kb":269300,"domain_stats":{"0":{"wall_time":3.65,"gc_time":1.91,"gc_overhead":52.31}},"mean_latency":0.005531,"stddev_latency":0.003996,"min_latency":0.0,"max_latency":0.095615,"distr_latency":{"25.0000":3.1e-05,"50.0000":0.007615,"60.0000":0.007975,"70.0000":0.008127,"75.0000":0.008223,"80.0000":0.008375,"85.0000":0.008575,"90.0000":0.008927,"95.0000":0.009607,"96.0000":0.009951,"97.0000":0.010335,"98.0000":0.010967,"99.0000":0.012047,"99.9000":0.015671,"99.9900":0.022511,"99.9990":0.056191,"99.9999":0.095615,"100.0000":0.095615},"allocations":{"total_heap":3994335698,"minor_heap":4706222,"major_heap":3989960172,"promoted_words":330696,"promoted_pct":7.03},"domain_alloc_stats":{"0":{"total":3994335698,"minor":4706222,"promoted":330696,"major":3989960172,"promoted_pct":7.03}},"collections":{"minor":230414,"major":230394,"forced_major":0,"compactions":0}}
{"version":1,"wall_time":3.52,"cpu_time":3.52,"gc_time":1.79,"gc_overhead":50.89,"max_rss_kb":269364,"domain_stats":{"0":{"wall_time":3.52,"gc_time":1.79,"gc_overhead":50.89}},"mean_latency":0.005187,"stddev_latency":0.00373,"min_latency":0.0,"max_latency":0.073343,"distr_latency":{"25.0000":3.1e-05,"50.0000":0.007271,"60.0000":0.007383,"70.0000":0.007503,"75.0000":0.007663,"80.0000":0.007927,"85.0000":0.008071,"90.0000":0.008255,"95.0000":0.009023,"96.0000":0.009335,"97.0000":0.009735,"98.0000":0.010295,"99.0000":0.011143,"99.9000":0.014135,"99.9900":0.017599,"99.9990":0.033631,"99.9999":0.073343,"100.0000":0.073343},"allocations":{"total_heap":3994335698,"minor_heap":4706222,"major_heap":3989960172,"promoted_words":330696,"promoted_pct":7.03},"domain_alloc_stats":{"0":{"total":3994335698,"minor":4706222,"promoted":330696,"major":3989960172,"promoted_pct":7.03}},"collections":{"minor":230414,"major":230394,"forced_major":0,"compactions":0}}
