{"version":1,"wall_time":5.96,"cpu_time":5.96,"gc_time":4.13,"gc_overhead":69.36,"max_rss_kb":166456,"domain_stats":{"0":{"wall_time":5.96,"gc_time":4.13,"gc_overhead":69.36}},"mean_latency":0.272973,"stddev_latency":0.593818,"min_latency":0.0,"max_latency":3.477503,"distr_latency":{"25.0000":4.7e-05,"50.0000":0.000335,"60.0000":0.000463,"70.0000":0.005567,"75.0000":0.010071,"80.0000":0.319231,"85.0000":0.921087,"90.0000":1.269759,"95.0000":1.674239,"96.0000":1.856511,"97.0000":2.041855,"98.0000":2.230271,"99.0000":2.420735,"99.9000":2.809855,"99.9900":3.233791,"99.9990":3.477503,"99.9999":3.477503,"100.0000":3.477503},"allocations":{"total_heap":14037986,"minor_heap":300719,"major_heap":13737868,"promoted_words":601,"promoted_pct":0.2},"domain_alloc_stats":{"0":{"total":14037986,"minor":300719,"promoted":601,"major":13737868,"promoted_pct":0.2}},"collections":{"minor":2099,"major":1049,"forced_major":0,"compactions":0}}
{"version":1,"wall_time":5.17,"cpu_time":5.17,"gc_time":3.32,"gc_overhead":64.21,"max_rss_kb":166588,"domain_stats":{"0":{"wall_time":5.17,"gc_time":3.32,"gc_overhead":64.21}},"mean_latency":0.219375,"stddev_latency":0.471177,"min_latency":0.0,"max_latency":3.131391,"distr_latency":{"25.0000":5.5e-05,"50.0000":0.000335,"60.0000":0.000471,"70.0000":0.005511,"75.0000":0.010695,"80.0000":0.286207,"85.0000":0.784895,"90.0000":1.006591,"95.0000":1.348607,"96.0000":1.474559,"97.0000":1.607679,"98.0000":1.750015,"99.0000":1.898495,"99.9000":2.330623,"99.9900":2.775039,"99.9990":3.131391,"99.9999":3.131391,"100.0000":3.131391},"allocations":{"total_heap":14037986,"minor_heap":300719,"major_heap":13737868,"promoted_words":601,"promoted_pct":0.2},"domain_alloc_stats":{"0":{"total":14037986,"minor":300719,"promoted":601,"major":13737868,"promoted_pct":0.2}},"collections":{"minor":2099,"major":1049,"forced_major":0,"compactions":0}}
{"version":1,"wall_time":5.21,"cpu_time":5.21,"gc_time":3.39,"gc_overhead":65.06,"max_rss_kb":166472,"domain_stats":{"0":{"wall_time":5.21,"gc_time":3.39,"gc_overhead":65.06}},"mean_latency":0.223656,"stddev_latency":0.482034,"min_latency":0.0,"max_latency":3.295231,"distr_latency":{"25.0000":4.7e-05,"50.0000":0.000327,"60.0000":0.000455,"70.0000":0.005591,"75.0000":0.010103,"80.0000":0.289023,"85.0000":0.798207,"90.0000":1.004031,"95.0000":1.401855,"96.0000":1.520639,"97.0000":1.648639,"98.0000":1.768447,"99.0000":1.908735,"99.9000":2.527231,"99.9900":2.752511,"99.9990":3.295231,"99.9999":3.295231,"100.0000":3.295231},"allocations":{"total_heap":14037986,"minor_heap":300719,"major_heap":13737868,"promoted_words":601,"promoted_pct":0.2},"domain_alloc_stats":{"0":{"total":14037986,"minor":300719,"promoted":601,"major":13737868,"promoted_pct":0.2}},"collections":{"minor":2099,"major":1049,"forced_major":0,"compactions":0}}
