{"version":1,"wall_time":6.31,"cpu_time":6.31,"gc_time":4.99,"gc_overhead":79.15,"max_rss_kb":68612,"domain_stats":{"0":{"wall_time":6.31,"gc_time":4.99,"gc_overhead":79.15}},"mean_latency":0.366026,"stddev_latency":0.527468,"min_latency":0.0,"max_latency":2.308095,"distr_latency":{"25.0000":0.003767,"50.0000":0.070335,"60.0000":0.093439,"70.0000":0.302591,"75.0000":0.744447,"80.0000":1.232895,"85.0000":1.260543,"90.0000":1.277951,"95.0000":1.298431,"96.0000":1.303551,"97.0000":1.310719,"98.0000":1.319935,"99.0000":1.334271,"99.9000":2.001919,"99.9900":2.164735,"99.9990":2.308095,"99.9999":2.308095,"100.0000":2.308095},"allocations":{"total_heap":659662527,"minor_heap":625165153,"major_heap":101543089,"promoted_words":67045715,"promoted_pct":10.72},"domain_alloc_stats":{"0":{"total":659662527,"minor":625165153,"promoted":67045715,"major":101543089,"promoted_pct":10.72}},"collections":{"minor":11600,"major":3748,"forced_major":1116,"compactions":0}}
{"version":1,"wall_time":6.23,"cpu_time":6.23,"gc_time":4.95,"gc_overhead":79.49,"max_rss_kb":67708,"domain_stats":{"0":{"wall_time":6.23,"gc_time":4.95,"gc_overhead":79.49}},"mean_latency":0.363196,"stddev_latency":0.524892,"min_latency":0.0,"max_latency":2.430975,"distr_latency":{"25.0000":0.003711,"50.0000":0.069183,"60.0000":0.091327,"70.0000":0.298239,"75.0000":0.737279,"80.0000":1.217535,"85.0000":1.251327,"90.0000":1.273855,"95.0000":1.295359,"96.0000":1.301503,"97.0000":1.308671,"98.0000":1.316863,"99.0000":1.334271,"99.9000":2.020351,"99.9900":2.406399,"99.9990":2.430975,"99.9999":2.430975,"100.0000":2.430975},"allocations":{"total_heap":659662527,"minor_heap":625165153,"major_heap":101543206,"promoted_words":67045832,"promoted_pct":10.72},"domain_alloc_stats":{"0":{"total":659662527,"minor":625165153,"promoted":67045832,"major":101543206,"promoted_pct":10.72}},"collections":{"minor":11600,"major":3748,"forced_major":1116,"compactions":0}}
{"version":1,"wall_time":6.26,"cpu_time":6.26,"gc_time":4.99,"gc_overhead":79.79,"max_rss_kb":67752,"domain_stats":{"0":{"wall_time":6.26,"gc_time":4.99,"gc_overhead":79.79}},"mean_latency":0.366174,"stddev_latency":0.528726,"min_latency":0.0,"max_latency":2.443263,"distr_latency":{"25.0000":0.003735,"50.0000":0.068991,"60.0000":0.091455,"70.0000":0.303359,"75.0000":0.738815,"80.0000":1.240063,"85.0000":1.262591,"90.0000":1.277951,"95.0000":1.296383,"96.0000":1.300479,"97.0000":1.306623,"98.0000":1.314815,"99.0000":1.329151,"99.9000":2.028543,"99.9900":2.185215,"99.9990":2.443263,"99.9999":2.443263,"100.0000":2.443263},"allocations":{"total_heap":659662523,"minor_heap":625165149,"major_heap":101543120,"promoted_words":67045746,"promoted_pct":10.72},"domain_alloc_stats":{"0":{"total":659662523,"minor":625165149,"promoted":67045746,"major":101543120,"promoted_pct":10.72}},"collections":{"minor":11600,"major":3748,"forced_major":1116,"compactions":0}}
