{"version":1,"wall_time":2.89,"cpu_time":2.89,"gc_time":2.57,"gc_overhead":88.86,"max_rss_kb":206276,"domain_stats":{"0":{"wall_time":2.89,"gc_time":2.57,"gc_overhead":88.86}},"mean_latency":0.214451,"stddev_latency":0.336388,"min_latency":0.0,"max_latency":3.024895,"distr_latency":{"25.0000":0.000287,"50.0000":0.000295,"60.0000":0.005911,"70.0000":0.232319,"75.0000":0.430335,"80.0000":0.693247,"85.0000":0.814591,"90.0000":0.819711,"95.0000":0.824319,"96.0000":0.825855,"97.0000":0.827391,"98.0000":0.829439,"99.0000":0.835071,"99.9000":1.412095,"99.9900":1.417215,"99.9990":3.024895,"99.9999":3.024895,"100.0000":3.024895},"allocations":{"total_heap":14037841,"minor_heap":300574,"major_heap":13737835,"promoted_words":568,"promoted_pct":0.19},"domain_alloc_stats":{"0":{"total":14037841,"minor":300574,"promoted":568,"major":13737835,"promoted_pct":0.19}},"collections":{"minor":899,"major":899,"forced_major":0,"compactions":0}}
{"version":1,"wall_time":2.93,"cpu_time":2.93,"gc_time":2.61,"gc_overhead":88.86,"max_rss_kb":206356,"domain_stats":{"0":{"wall_time":2.93,"gc_time":2.61,"gc_overhead":88.86}},"mean_latency":0.217434,"stddev_latency":0.342261,"min_latency":0.0,"max_latency":4.259839,"distr_latency":{"25.0000":0.000287,"50.0000":0.000295,"60.0000":0.005215,"70.0000":0.239231,"75.0000":0.434431,"80.0000":0.701951,"85.0000":0.819199,"90.0000":0.824319,"95.0000":0.829951,"96.0000":0.831487,"97.0000":0.833535,"98.0000":0.837631,"99.0000":0.901631,"99.9000":1.413119,"99.9900":1.419263,"99.9990":4.259839,"99.9999":4.259839,"100.0000":4.259839},"allocations":{"total_heap":14037841,"minor_heap":300574,"major_heap":13737835,"promoted_words":568,"promoted_pct":0.19},"domain_alloc_stats":{"0":{"total":14037841,"minor":300574,"promoted":568,"major":13737835,"promoted_pct":0.19}},"collections":{"minor":899,"major":899,"forced_major":0,"compactions":0}}
{"version":1,"wall_time":2.91,"cpu_time":2.91,"gc_time":2.59,"gc_overhead":88.95,"max_rss_kb":206188,"domain_stats":{"0":{"wall_time":2.91,"gc_time":2.59,"gc_overhead":88.95}},"mean_latency":0.215769,"stddev_latency":0.341288,"min_latency":0.0,"max_latency":4.833279,"distr_latency":{"25.0000":0.000287,"50.0000":0.000295,"60.0000":0.005103,"70.0000":0.218623,"75.0000":0.424191,"80.0000":0.695807,"85.0000":0.816639,"90.0000":0.821247,"95.0000":0.826367,"96.0000":0.827903,"97.0000":0.829439,"98.0000":0.831999,"99.0000":0.847871,"99.9000":1.412095,"99.9900":1.417215,"99.9990":4.833279,"99.9999":4.833279,"100.0000":4.833279},"allocations":{"total_heap":14037841,"minor_heap":300574,"major_heap":13737835,"promoted_words":568,"promoted_pct":0.19},"domain_alloc_stats":{"0":{"total":14037841,"minor":300574,"promoted":568,"major":13737835,"promoted_pct":0.19}},"collections":{"minor":899,"major":899,"forced_major":0,"compactions":0}}
