{"version":1,"wall_time":2.97,"cpu_time":2.97,"gc_time":0.94,"gc_overhead":31.84,"max_rss_kb":1076364,"domain_stats":{"0":{"wall_time":2.97,"gc_time":0.94,"gc_overhead":31.84}},"mean_latency":0.215748,"stddev_latency":0.194168,"min_latency":0.0,"max_latency":2.764799,"distr_latency":{"25.0000":0.070463,"50.0000":0.214015,"60.0000":0.226943,"70.0000":0.250751,"75.0000":0.271359,"80.0000":0.296447,"85.0000":0.334079,"90.0000":0.368639,"95.0000":0.455167,"96.0000":0.484607,"97.0000":0.568831,"98.0000":0.717823,"99.0000":0.997375,"99.9000":2.682879,"99.9900":2.764799,"99.9990":2.764799,"99.9999":2.764799,"100.0000":2.764799},"allocations":{"total_heap":1149827603,"minor_heap":1146599495,"major_heap":143965689,"promoted_words":140737581,"promoted_pct":12.27},"domain_alloc_stats":{"0":{"total":1149827603,"minor":1146599495,"promoted":140737581,"major":143965689,"promoted_pct":12.27}},"collections":{"minor":2196,"major":15,"forced_major":0,"compactions":0}}
{"version":1,"wall_time":2.99,"cpu_time":2.99,"gc_time":0.95,"gc_overhead":31.8,"max_rss_kb":1064660,"domain_stats":{"0":{"wall_time":2.99,"gc_time":0.95,"gc_overhead":31.8}},"mean_latency":0.217199,"stddev_latency":0.194655,"min_latency":0.0,"max_latency":2.742271,"distr_latency":{"25.0000":0.068543,"50.0000":0.217471,"60.0000":0.229631,"70.0000":0.251903,"75.0000":0.273663,"80.0000":0.302591,"85.0000":0.338175,"90.0000":0.372479,"95.0000":0.456191,"96.0000":0.492799,"97.0000":0.570879,"98.0000":0.714239,"99.0000":0.992767,"99.9000":2.654207,"99.9900":2.742271,"99.9990":2.742271,"99.9999":2.742271,"100.0000":2.742271},"allocations":{"total_heap":1149827601,"minor_heap":1146599493,"major_heap":143965689,"promoted_words":140737581,"promoted_pct":12.27},"domain_alloc_stats":{"0":{"total":1149827601,"minor":1146599493,"promoted":140737581,"major":143965689,"promoted_pct":12.27}},"collections":{"minor":2196,"major":15,"forced_major":0,"compactions":0}}
{"version":1,"wall_time":2.97,"cpu_time":2.97,"gc_time":0.94,"gc_overhead":31.73,"max_rss_kb":1075396,"domain_stats":{"0":{"wall_time":2.97,"gc_time":0.94,"gc_overhead":31.73}},"mean_latency":0.215141,"stddev_latency":0.190094,"min_latency":0.0,"max_latency":2.713599,"distr_latency":{"25.0000":0.068863,"50.0000":0.216959,"60.0000":0.229247,"70.0000":0.250367,"75.0000":0.270591,"80.0000":0.298239,"85.0000":0.331519,"90.0000":0.366847,"95.0000":0.444927,"96.0000":0.480511,"97.0000":0.554495,"98.0000":0.711679,"99.0000":0.976895,"99.9000":2.594815,"99.9900":2.713599,"99.9990":2.713599,"99.9999":2.713599,"100.0000":2.713599},"allocations":{"total_heap":1149827601,"minor_heap":1146599493,"major_heap":143965689,"promoted_words":140737581,"promoted_pct":12.27},"domain_alloc_stats":{"0":{"total":1149827601,"minor":1146599493,"promoted":140737581,"major":143965689,"promoted_pct":12.27}},"collections":{"minor":2196,"major":15,"forced_major":0,"compactions":0}}
