{"version":1,"wall_time":5.56,"cpu_time":5.56,"gc_time":2.68,"gc_overhead":48.12,"max_rss_kb":908220,"domain_stats":{"0":{"wall_time":5.56,"gc_time":2.68,"gc_overhead":48.12}},"mean_latency":0.060238,"stddev_latency":0.182101,"min_latency":0.0,"max_latency":13.729791,"distr_latency":{"25.0000":0.020735,"50.0000":0.040415,"60.0000":0.043199,"70.0000":0.057247,"75.0000":0.062463,"80.0000":0.086911,"85.0000":0.096191,"90.0000":0.110527,"95.0000":0.139647,"96.0000":0.154111,"97.0000":0.193279,"98.0000":0.234367,"99.0000":0.406015,"99.9000":1.939455,"99.9900":8.503295,"99.9990":13.729791,"99.9999":13.729791,"100.0000":13.729791},"allocations":{"total_heap":2913727364,"minor_heap":2901150267,"major_heap":409166417,"promoted_words":396589320,"promoted_pct":13.67},"domain_alloc_stats":{"0":{"total":2913727364,"minor":2901150267,"promoted":396589320,"major":409166417,"promoted_pct":13.67}},"collections":{"minor":22167,"major":45,"forced_major":0,"compactions":0}}
{"version":1,"wall_time":5.57,"cpu_time":5.57,"gc_time":2.68,"gc_overhead":48.08,"max_rss_kb":904288,"domain_stats":{"0":{"wall_time":5.57,"gc_time":2.68,"gc_overhead":48.08}},"mean_latency":0.060267,"stddev_latency":0.18098,"min_latency":0.0,"max_latency":13.582335,"distr_latency":{"25.0000":0.020815,"50.0000":0.040543,"60.0000":0.043359,"70.0000":0.057567,"75.0000":0.062719,"80.0000":0.086591,"85.0000":0.095743,"90.0000":0.110655,"95.0000":0.139647,"96.0000":0.153855,"97.0000":0.193535,"98.0000":0.235519,"99.0000":0.406783,"99.9000":1.917951,"99.9900":8.462335,"99.9990":13.582335,"99.9999":13.582335,"100.0000":13.582335},"allocations":{"total_heap":2913727364,"minor_heap":2901150267,"major_heap":409166417,"promoted_words":396589320,"promoted_pct":13.67},"domain_alloc_stats":{"0":{"total":2913727364,"minor":2901150267,"promoted":396589320,"major":409166417,"promoted_pct":13.67}},"collections":{"minor":22167,"major":45,"forced_major":0,"compactions":0}}
{"version":1,"wall_time":5.6,"cpu_time":5.6,"gc_time":2.69,"gc_overhead":48.09,"max_rss_kb":895412,"domain_stats":{"0":{"wall_time":5.6,"gc_time":2.69,"gc_overhead":48.09}},"mean_latency":0.060556,"stddev_latency":0.18257,"min_latency":0.0,"max_latency":13.680639,"distr_latency":{"25.0000":0.020623,"50.0000":0.040479,"60.0000":0.043391,"70.0000":0.057215,"75.0000":0.062303,"80.0000":0.087999,"85.0000":0.097471,"90.0000":0.111807,"95.0000":0.140543,"96.0000":0.155263,"97.0000":0.194303,"98.0000":0.237439,"99.0000":0.411647,"99.9000":1.937407,"99.9900":8.511487,"99.9990":13.680639,"99.9999":13.680639,"100.0000":13.680639},"allocations":{"total_heap":2913727364,"minor_heap":2901150267,"major_heap":409166417,"promoted_words":396589320,"promoted_pct":13.67},"domain_alloc_stats":{"0":{"total":2913727364,"minor":2901150267,"promoted":396589320,"major":409166417,"promoted_pct":13.67}},"collections":{"minor":22167,"major":45,"forced_major":0,"compactions":0}}
