{"version":1,"wall_time":12.71,"cpu_time":12.71,"gc_time":2.31,"gc_overhead":18.2,"max_rss_kb":1130484,"domain_stats":{"0":{"wall_time":12.71,"gc_time":2.31,"gc_overhead":18.2}},"mean_latency":0.062996,"stddev_latency":0.064239,"min_latency":0.0,"max_latency":0.770559,"distr_latency":{"25.0000":0.021279,"50.0000":0.043423,"60.0000":0.055231,"70.0000":0.070463,"75.0000":0.080703,"80.0000":0.093183,"85.0000":0.111423,"90.0000":0.148735,"95.0000":0.185855,"96.0000":0.210175,"97.0000":0.231551,"98.0000":0.265727,"99.0000":0.318207,"99.9000":0.468479,"99.9900":0.625663,"99.9990":0.770559,"99.9999":0.770559,"100.0000":0.770559},"allocations":{"total_heap":2410365561,"minor_heap":2361661350,"major_heap":587380315,"promoted_words":538676104,"promoted_pct":22.81},"domain_alloc_stats":{"0":{"total":2410365561,"minor":2361661350,"promoted":538676104,"major":587380315,"promoted_pct":22.81}},"collections":{"minor":18066,"major":34,"forced_major":0,"compactions":0}}
{"version":1,"wall_time":12.64,"cpu_time":12.64,"gc_time":2.3,"gc_overhead":18.17,"max_rss_kb":1130576,"domain_stats":{"0":{"wall_time":12.64,"gc_time":2.3,"gc_overhead":18.17}},"mean_latency":0.062547,"stddev_latency":0.064152,"min_latency":0.0,"max_latency":0.756223,"distr_latency":{"25.0000":0.020751,"50.0000":0.042911,"60.0000":0.054655,"70.0000":0.069951,"75.0000":0.080191,"80.0000":0.092607,"85.0000":0.110911,"90.0000":0.147327,"95.0000":0.185599,"96.0000":0.209535,"97.0000":0.231039,"98.0000":0.264703,"99.0000":0.315647,"99.9000":0.471807,"99.9900":0.619519,"99.9990":0.756223,"99.9999":0.756223,"100.0000":0.756223},"allocations":{"total_heap":2410365561,"minor_heap":2361661350,"major_heap":587380315,"promoted_words":538676104,"promoted_pct":22.81},"domain_alloc_stats":{"0":{"total":2410365561,"minor":2361661350,"promoted":538676104,"major":587380315,"promoted_pct":22.81}},"collections":{"minor":18066,"major":34,"forced_major":0,"compactions":0}}
{"version":1,"wall_time":12.71,"cpu_time":12.71,"gc_time":2.42,"gc_overhead":19.03,"max_rss_kb":1130448,"domain_stats":{"0":{"wall_time":12.71,"gc_time":2.42,"gc_overhead":19.03}},"mean_latency":0.065883,"stddev_latency":0.067074,"min_latency":0.0,"max_latency":0.746495,"distr_latency":{"25.0000":0.021135,"50.0000":0.044671,"60.0000":0.057919,"70.0000":0.074687,"75.0000":0.085759,"80.0000":0.100223,"85.0000":0.120127,"90.0000":0.157183,"95.0000":0.197503,"96.0000":0.221823,"97.0000":0.242431,"98.0000":0.274175,"99.0000":0.319487,"99.9000":0.480511,"99.9900":0.629247,"99.9990":0.746495,"99.9999":0.746495,"100.0000":0.746495},"allocations":{"total_heap":2410365561,"minor_heap":2361661350,"major_heap":587380315,"promoted_words":538676104,"promoted_pct":22.81},"domain_alloc_stats":{"0":{"total":2410365561,"minor":2361661350,"promoted":538676104,"major":587380315,"promoted_pct":22.81}},"collections":{"minor":18066,"major":34,"forced_major":0,"compactions":0}}
