{"version":1,"wall_time":3.05,"cpu_time":3.05,"gc_time":2.77,"gc_overhead":90.92,"max_rss_kb":199448,"domain_stats":{"0":{"wall_time":3.05,"gc_time":2.77,"gc_overhead":90.92}},"mean_latency":0.230967,"stddev_latency":0.3621,"min_latency":0.0,"max_latency":3.127295,"distr_latency":{"25.0000":0.000287,"50.0000":0.000295,"60.0000":0.010087,"70.0000":0.230911,"75.0000":0.467455,"80.0000":0.737791,"85.0000":0.880127,"90.0000":0.888319,"95.0000":0.894975,"96.0000":0.897023,"97.0000":0.899071,"98.0000":0.901631,"99.0000":0.906751,"99.9000":1.545215,"99.9900":2.793471,"99.9990":3.127295,"99.9999":3.127295,"100.0000":3.127295},"allocations":{"total_heap":14037842,"minor_heap":300575,"major_heap":13737835,"promoted_words":568,"promoted_pct":0.19},"domain_alloc_stats":{"0":{"total":14037842,"minor":300575,"promoted":568,"major":13737835,"promoted_pct":0.19}},"collections":{"minor":981,"major":981,"forced_major":0,"compactions":0}}
{"version":1,"wall_time":3.09,"cpu_time":3.09,"gc_time":2.81,"gc_overhead":90.96,"max_rss_kb":199416,"domain_stats":{"0":{"wall_time":3.09,"gc_time":2.81,"gc_overhead":90.96}},"mean_latency":0.234047,"stddev_latency":0.367767,"min_latency":0.0,"max_latency":3.024895,"distr_latency":{"25.0000":0.000287,"50.0000":0.000295,"60.0000":0.009823,"70.0000":0.231551,"75.0000":0.468479,"80.0000":0.743423,"85.0000":0.891903,"90.0000":0.897535,"95.0000":0.903167,"96.0000":0.904191,"97.0000":0.906239,"98.0000":0.908287,"99.0000":0.914943,"99.9000":1.542143,"99.9900":2.795519,"99.9990":3.024895,"99.9999":3.024895,"100.0000":3.024895},"allocations":{"total_heap":14037842,"minor_heap":300575,"major_heap":13737835,"promoted_words":568,"promoted_pct":0.19},"domain_alloc_stats":{"0":{"total":14037842,"minor":300575,"promoted":568,"major":13737835,"promoted_pct":0.19}},"collections":{"minor":981,"major":981,"forced_major":0,"compactions":0}}
{"version":1,"wall_time":3.09,"cpu_time":3.09,"gc_time":2.81,"gc_overhead":91.01,"max_rss_kb":199224,"domain_stats":{"0":{"wall_time":3.09,"gc_time":2.81,"gc_overhead":91.01}},"mean_latency":0.23414,"stddev_latency":0.368624,"min_latency":0.0,"max_latency":3.129343,"distr_latency":{"25.0000":0.000287,"50.0000":0.000295,"60.0000":0.010095,"70.0000":0.231039,"75.0000":0.465407,"80.0000":0.746495,"85.0000":0.890367,"90.0000":0.895999,"95.0000":0.901119,"96.0000":0.902655,"97.0000":0.904703,"98.0000":0.906751,"99.0000":0.911871,"99.9000":1.545215,"99.9900":2.799615,"99.9990":3.129343,"99.9999":3.129343,"100.0000":3.129343},"allocations":{"total_heap":14037842,"minor_heap":300575,"major_heap":13737835,"promoted_words":568,"promoted_pct":0.19},"domain_alloc_stats":{"0":{"total":14037842,"minor":300575,"promoted":568,"major":13737835,"promoted_pct":0.19}},"collections":{"minor":981,"major":981,"forced_major":0,"compactions":0}}
