{"version":1,"wall_time":9.81,"cpu_time":9.81,"gc_time":3.78,"gc_overhead":38.51,"max_rss_kb":45248,"domain_stats":{"0":{"wall_time":9.81,"gc_time":3.78,"gc_overhead":38.51}},"mean_latency":0.173924,"stddev_latency":0.073141,"min_latency":0.0,"max_latency":0.280831,"distr_latency":{"25.0000":0.130623,"50.0000":0.207231,"60.0000":0.212735,"70.0000":0.219135,"75.0000":0.222719,"80.0000":0.226303,"85.0000":0.229887,"90.0000":0.233599,"95.0000":0.237951,"96.0000":0.238975,"97.0000":0.240511,"98.0000":0.242175,"99.0000":0.244607,"99.9000":0.251263,"99.9900":0.260351,"99.9990":0.280831,"99.9999":0.280831,"100.0000":0.280831},"allocations":{"total_heap":6639195730,"minor_heap":5691255537,"major_heap":1117835229,"promoted_words":169895036,"promoted_pct":2.99},"domain_alloc_stats":{"0":{"total":6639195730,"minor":5691255537,"promoted":169895036,"major":1117835229,"promoted_pct":2.99}},"collections":{"minor":19505,"major":17297,"forced_major":0,"compactions":0}}
{"version":1,"wall_time":9.72,"cpu_time":9.72,"gc_time":3.7,"gc_overhead":38.03,"max_rss_kb":45020,"domain_stats":{"0":{"wall_time":9.72,"gc_time":3.7,"gc_overhead":38.03}},"mean_latency":0.170322,"stddev_latency":0.071819,"min_latency":0.0,"max_latency":0.293375,"distr_latency":{"25.0000":0.129151,"50.0000":0.202367,"60.0000":0.208511,"70.0000":0.215551,"75.0000":0.218879,"80.0000":0.222207,"85.0000":0.225663,"90.0000":0.229503,"95.0000":0.234111,"96.0000":0.235391,"97.0000":0.237055,"98.0000":0.238975,"99.0000":0.241663,"99.9000":0.249855,"99.9900":0.256511,"99.9990":0.293375,"99.9999":0.293375,"100.0000":0.293375},"allocations":{"total_heap":6639195730,"minor_heap":5691255537,"major_heap":1117835229,"promoted_words":169895036,"promoted_pct":2.99},"domain_alloc_stats":{"0":{"total":6639195730,"minor":5691255537,"promoted":169895036,"major":1117835229,"promoted_pct":2.99}},"collections":{"minor":19505,"major":17297,"forced_major":0,"compactions":0}}
{"version":1,"wall_time":9.74,"cpu_time":9.74,"gc_time":3.76,"gc_overhead":38.62,"max_rss_kb":45452,"domain_stats":{"0":{"wall_time":9.74,"gc_time":3.76,"gc_overhead":38.62}},"mean_latency":0.173176,"stddev_latency":0.072881,"min_latency":0.0,"max_latency":0.355071,"distr_latency":{"25.0000":0.129791,"50.0000":0.205951,"60.0000":0.211711,"70.0000":0.218239,"75.0000":0.221823,"80.0000":0.225407,"85.0000":0.229247,"90.0000":0.232959,"95.0000":0.237567,"96.0000":0.238847,"97.0000":0.240511,"98.0000":0.242431,"99.0000":0.245375,"99.9000":0.254719,"99.9900":0.334335,"99.9990":0.355071,"99.9999":0.355071,"100.0000":0.355071},"allocations":{"total_heap":6639195730,"minor_heap":5691255537,"major_heap":1117835229,"promoted_words":169895036,"promoted_pct":2.99},"domain_alloc_stats":{"0":{"total":6639195730,"minor":5691255537,"promoted":169895036,"major":1117835229,"promoted_pct":2.99}},"collections":{"minor":19505,"major":17297,"forced_major":0,"compactions":0}}
