{"version":1,"wall_time":3.5,"cpu_time":3.5,"gc_time":3.23,"gc_overhead":92.33,"max_rss_kb":112060,"domain_stats":{"0":{"wall_time":3.5,"gc_time":3.23,"gc_overhead":92.33}},"mean_latency":0.268344,"stddev_latency":0.424462,"min_latency":0.0,"max_latency":3.258367,"distr_latency":{"25.0000":0.000287,"50.0000":0.000335,"60.0000":0.008527,"70.0000":0.255615,"75.0000":0.532479,"80.0000":0.804863,"85.0000":1.038847,"90.0000":1.050623,"95.0000":1.057791,"96.0000":1.059839,"97.0000":1.061887,"98.0000":1.063935,"99.0000":1.068031,"99.9000":1.811455,"99.9900":2.783231,"99.9990":3.258367,"99.9999":3.258367,"100.0000":3.258367},"allocations":{"total_heap":13497877,"minor_heap":120631,"major_heap":13377793,"promoted_words":547,"promoted_pct":0.45},"domain_alloc_stats":{"0":{"total":13497877,"minor":120631,"promoted":547,"major":13377793,"promoted_pct":0.45}},"collections":{"minor":1162,"major":1162,"forced_major":0,"compactions":0}}
{"version":1,"wall_time":3.48,"cpu_time":3.48,"gc_time":3.21,"gc_overhead":92.28,"max_rss_kb":111996,"domain_stats":{"0":{"wall_time":3.48,"gc_time":3.21,"gc_overhead":92.28}},"mean_latency":0.267139,"stddev_latency":0.423293,"min_latency":0.0,"max_latency":3.188735,"distr_latency":{"25.0000":0.000287,"50.0000":0.000327,"60.0000":0.008767,"70.0000":0.253183,"75.0000":0.524287,"80.0000":0.800255,"85.0000":1.037311,"90.0000":1.047551,"95.0000":1.054719,"96.0000":1.055743,"97.0000":1.057791,"98.0000":1.059839,"99.0000":1.065983,"99.9000":1.820671,"99.9900":2.830335,"99.9990":3.188735,"99.9999":3.188735,"100.0000":3.188735},"allocations":{"total_heap":13497877,"minor_heap":120631,"major_heap":13377793,"promoted_words":547,"promoted_pct":0.45},"domain_alloc_stats":{"0":{"total":13497877,"minor":120631,"promoted":547,"major":13377793,"promoted_pct":0.45}},"collections":{"minor":1162,"major":1162,"forced_major":0,"compactions":0}}
{"version":1,"wall_time":3.49,"cpu_time":3.49,"gc_time":3.22,"gc_overhead":92.32,"max_rss_kb":111996,"domain_stats":{"0":{"wall_time":3.49,"gc_time":3.22,"gc_overhead":92.32}},"mean_latency":0.26809,"stddev_latency":0.423966,"min_latency":0.0,"max_latency":3.039231,"distr_latency":{"25.0000":0.000287,"50.0000":0.000311,"60.0000":0.008967,"70.0000":0.257407,"75.0000":0.535551,"80.0000":0.807423,"85.0000":1.032191,"90.0000":1.043967,"95.0000":1.051647,"96.0000":1.053695,"97.0000":1.055743,"98.0000":1.058815,"99.0000":1.063935,"99.9000":1.822719,"99.9900":2.801663,"99.9990":3.039231,"99.9999":3.039231,"100.0000":3.039231},"allocations":{"total_heap":13497877,"minor_heap":120631,"major_heap":13377793,"promoted_words":547,"promoted_pct":0.45},"domain_alloc_stats":{"0":{"total":13497877,"minor":120631,"promoted":547,"major":13377793,"promoted_pct":0.45}},"collections":{"minor":1162,"major":1162,"forced_major":0,"compactions":0}}
