{"version":1,"wall_time":4.8,"cpu_time":4.8,"gc_time":3.51,"gc_overhead":73.25,"max_rss_kb":187268,"domain_stats":{"0":{"wall_time":4.8,"gc_time":3.51,"gc_overhead":73.25}},"mean_latency":0.292883,"stddev_latency":0.449577,"min_latency":0.0,"max_latency":3.129343,"distr_latency":{"25.0000":0.000287,"50.0000":0.000407,"60.0000":0.011767,"70.0000":0.324095,"75.0000":0.588287,"80.0000":0.867327,"85.0000":1.084415,"90.0000":1.095679,"95.0000":1.105919,"96.0000":1.107967,"97.0000":1.112063,"98.0000":1.118207,"99.0000":1.220607,"99.9000":1.826815,"99.9900":2.869247,"99.9990":3.129343,"99.9999":3.129343,"100.0000":3.129343},"allocations":{"total_heap":14037791,"minor_heap":300524,"major_heap":13737835,"promoted_words":568,"promoted_pct":0.19},"domain_alloc_stats":{"0":{"total":14037791,"minor":300524,"promoted":568,"major":13737835,"promoted_pct":0.19}},"collections":{"minor":1158,"major":1158,"forced_major":0,"compactions":0}}
{"version":1,"wall_time":4.81,"cpu_time":4.81,"gc_time":3.52,"gc_overhead":73.25,"max_rss_kb":187524,"domain_stats":{"0":{"wall_time":4.81,"gc_time":3.52,"gc_overhead":73.25}},"mean_latency":0.293442,"stddev_latency":0.452011,"min_latency":0.0,"max_latency":3.592191,"distr_latency":{"25.0000":0.000287,"50.0000":0.000407,"60.0000":0.011895,"70.0000":0.320255,"75.0000":0.589311,"80.0000":0.873471,"85.0000":1.085439,"90.0000":1.094655,"95.0000":1.103871,"96.0000":1.106943,"97.0000":1.111039,"98.0000":1.116159,"99.0000":1.278975,"99.9000":1.827839,"99.9900":3.284991,"99.9990":3.592191,"99.9999":3.592191,"100.0000":3.592191},"allocations":{"total_heap":14037791,"minor_heap":300524,"major_heap":13737835,"promoted_words":568,"promoted_pct":0.19},"domain_alloc_stats":{"0":{"total":14037791,"minor":300524,"promoted":568,"major":13737835,"promoted_pct":0.19}},"collections":{"minor":1158,"major":1158,"forced_major":0,"compactions":0}}
{"version":1,"wall_time":4.77,"cpu_time":4.77,"gc_time":3.49,"gc_overhead":73.13,"max_rss_kb":187920,"domain_stats":{"0":{"wall_time":4.77,"gc_time":3.49,"gc_overhead":73.13}},"mean_latency":0.290689,"stddev_latency":0.44516,"min_latency":0.0,"max_latency":4.292607,"distr_latency":{"25.0000":0.000287,"50.0000":0.000415,"60.0000":0.011863,"70.0000":0.325119,"75.0000":0.587263,"80.0000":0.866815,"85.0000":1.086463,"90.0000":1.096703,"95.0000":1.106943,"96.0000":1.108991,"97.0000":1.113087,"98.0000":1.116159,"99.0000":1.124351,"99.9000":1.820671,"99.9900":3.223551,"99.9990":4.292607,"99.9999":4.292607,"100.0000":4.292607},"allocations":{"total_heap":14037791,"minor_heap":300524,"major_heap":13737835,"promoted_words":568,"promoted_pct":0.19},"domain_alloc_stats":{"0":{"total":14037791,"minor":300524,"promoted":568,"major":13737835,"promoted_pct":0.19}},"collections":{"minor":1158,"major":1158,"forced_major":0,"compactions":0}}
