{"version":1,"wall_time":4.0,"cpu_time":4.0,"gc_time":2.82,"gc_overhead":70.56,"max_rss_kb":178816,"domain_stats":{"0":{"wall_time":4.0,"gc_time":2.82,"gc_overhead":70.56}},"mean_latency":0.191943,"stddev_latency":0.396515,"min_latency":0.0,"max_latency":3.717119,"distr_latency":{"25.0000":0.000111,"50.0000":0.000295,"60.0000":0.000343,"70.0000":0.003471,"75.0000":0.008823,"80.0000":0.292607,"85.0000":0.818175,"90.0000":0.845311,"95.0000":1.080319,"96.0000":1.188863,"97.0000":1.302527,"98.0000":1.440767,"99.0000":1.579007,"99.9000":1.969151,"99.9900":2.275327,"99.9990":3.717119,"99.9999":3.717119,"100.0000":3.717119},"allocations":{"total_heap":14037937,"minor_heap":300670,"major_heap":13737868,"promoted_words":601,"promoted_pct":0.2},"domain_alloc_stats":{"0":{"total":14037937,"minor":300670,"promoted":601,"major":13737868,"promoted_pct":0.2}},"collections":{"minor":1799,"major":899,"forced_major":0,"compactions":0}}
{"version":1,"wall_time":4.01,"cpu_time":4.01,"gc_time":2.82,"gc_overhead":70.32,"max_rss_kb":178668,"domain_stats":{"0":{"wall_time":4.01,"gc_time":2.82,"gc_overhead":70.32}},"mean_latency":0.191869,"stddev_latency":0.396691,"min_latency":0.0,"max_latency":4.083711,"distr_latency":{"25.0000":8.7e-05,"50.0000":0.000295,"60.0000":0.000335,"70.0000":0.003375,"75.0000":0.009415,"80.0000":0.292351,"85.0000":0.818175,"90.0000":0.848383,"95.0000":1.079295,"96.0000":1.183743,"97.0000":1.297407,"98.0000":1.435647,"99.0000":1.580031,"99.9000":1.955839,"99.9900":2.529279,"99.9990":4.083711,"99.9999":4.083711,"100.0000":4.083711},"allocations":{"total_heap":14037937,"minor_heap":300670,"major_heap":13737868,"promoted_words":601,"promoted_pct":0.2},"domain_alloc_stats":{"0":{"total":14037937,"minor":300670,"promoted":601,"major":13737868,"promoted_pct":0.2}},"collections":{"minor":1799,"major":899,"forced_major":0,"compactions":0}}
{"version":1,"wall_time":4.19,"cpu_time":4.19,"gc_time":3.01,"gc_overhead":71.82,"max_rss_kb":179088,"domain_stats":{"0":{"wall_time":4.19,"gc_time":3.01,"gc_overhead":71.82}},"mean_latency":0.204792,"stddev_latency":0.431807,"min_latency":0.0,"max_latency":2.936831,"distr_latency":{"25.0000":9.5e-05,"50.0000":0.000295,"60.0000":0.000335,"70.0000":0.003407,"75.0000":0.009055,"80.0000":0.287231,"85.0000":0.818175,"90.0000":0.852479,"95.0000":1.229823,"96.0000":1.339391,"97.0000":1.419263,"98.0000":1.526783,"99.0000":1.678335,"99.9000":2.439167,"99.9900":2.801663,"99.9990":2.936831,"99.9999":2.936831,"100.0000":2.936831},"allocations":{"total_heap":14037937,"minor_heap":300670,"major_heap":13737868,"promoted_words":601,"promoted_pct":0.2},"domain_alloc_stats":{"0":{"total":14037937,"minor":300670,"promoted":601,"major":13737868,"promoted_pct":0.2}},"collections":{"minor":1799,"major":899,"forced_major":0,"compactions":0}}
