{"version":1,"wall_time":4.59,"cpu_time":4.59,"gc_time":1.74,"gc_overhead":37.81,"max_rss_kb":1331868,"domain_stats":{"0":{"wall_time":4.59,"gc_time":1.74,"gc_overhead":37.81}},"mean_latency":0.078168,"stddev_latency":0.112578,"min_latency":0.0,"max_latency":3.895295,"distr_latency":{"25.0000":0.027103,"50.0000":0.065119,"60.0000":0.072063,"70.0000":0.097151,"75.0000":0.103679,"80.0000":0.106687,"85.0000":0.111871,"90.0000":0.134015,"95.0000":0.210815,"96.0000":0.260991,"97.0000":0.285183,"98.0000":0.398079,"99.0000":0.505087,"99.9000":1.060863,"99.9900":3.557375,"99.9990":3.895295,"99.9999":3.895295,"100.0000":3.895295},"allocations":{"total_heap":2913922118,"minor_heap":2901300050,"major_heap":388771092,"promoted_words":376149024,"promoted_pct":12.96},"domain_alloc_stats":{"0":{"total":2913922118,"minor":2901300050,"promoted":376149024,"major":388771092,"promoted_pct":12.96}},"collections":{"minor":11084,"major":27,"forced_major":0,"compactions":0}}
{"version":1,"wall_time":4.64,"cpu_time":4.64,"gc_time":1.75,"gc_overhead":37.72,"max_rss_kb":1351776,"domain_stats":{"0":{"wall_time":4.64,"gc_time":1.75,"gc_overhead":37.72}},"mean_latency":0.078872,"stddev_latency":0.112729,"min_latency":0.0,"max_latency":3.784703,"distr_latency":{"25.0000":0.027791,"50.0000":0.064831,"60.0000":0.071999,"70.0000":0.097215,"75.0000":0.103551,"80.0000":0.107071,"85.0000":0.112767,"90.0000":0.135551,"95.0000":0.217087,"96.0000":0.265727,"97.0000":0.289279,"98.0000":0.401663,"99.0000":0.505087,"99.9000":1.063935,"99.9900":3.540991,"99.9990":3.784703,"99.9999":3.784703,"100.0000":3.784703},"allocations":{"total_heap":2913922118,"minor_heap":2901300050,"major_heap":388771092,"promoted_words":376149024,"promoted_pct":12.96},"domain_alloc_stats":{"0":{"total":2913922118,"minor":2901300050,"promoted":376149024,"major":388771092,"promoted_pct":12.96}},"collections":{"minor":11084,"major":27,"forced_major":0,"compactions":0}}
{"version":1,"wall_time":4.6,"cpu_time":4.6,"gc_time":1.74,"gc_overhead":37.76,"max_rss_kb":1325556,"domain_stats":{"0":{"wall_time":4.6,"gc_time":1.74,"gc_overhead":37.76}},"mean_latency":0.078277,"stddev_latency":0.1118,"min_latency":0.0,"max_latency":3.684351,"distr_latency":{"25.0000":0.027263,"50.0000":0.064575,"60.0000":0.071231,"70.0000":0.096895,"75.0000":0.103359,"80.0000":0.106495,"85.0000":0.112447,"90.0000":0.134527,"95.0000":0.214655,"96.0000":0.263935,"97.0000":0.288255,"98.0000":0.395007,"99.0000":0.502783,"99.9000":1.050623,"99.9900":3.536895,"99.9990":3.684351,"99.9999":3.684351,"100.0000":3.684351},"allocations":{"total_heap":2913922118,"minor_heap":2901300050,"major_heap":388771092,"promoted_words":376149024,"promoted_pct":12.96},"domain_alloc_stats":{"0":{"total":2913922118,"minor":2901300050,"promoted":376149024,"major":388771092,"promoted_pct":12.96}},"collections":{"minor":11084,"major":27,"forced_major":0,"compactions":0}}
