{"version":1,"wall_time":6.43,"cpu_time":6.43,"gc_time":5.15,"gc_overhead":80.11,"max_rss_kb":73072,"domain_stats":{"0":{"wall_time":6.43,"gc_time":5.15,"gc_overhead":80.11}},"mean_latency":0.813663,"stddev_latency":0.640182,"min_latency":0.0,"max_latency":2.351103,"distr_latency":{"25.0000":0.054719,"50.0000":1.261567,"60.0000":1.378303,"70.0000":1.393663,"75.0000":1.399807,"80.0000":1.405951,"85.0000":1.414143,"90.0000":1.421311,"95.0000":1.436671,"96.0000":1.440767,"97.0000":1.446911,"98.0000":1.457151,"99.0000":1.530879,"99.9000":2.234367,"99.9900":2.301951,"99.9990":2.351103,"99.9999":2.351103,"100.0000":2.351103},"allocations":{"total_heap":659662521,"minor_heap":625165147,"major_heap":93792299,"promoted_words":59294925,"promoted_pct":9.48},"domain_alloc_stats":{"0":{"total":659662521,"minor":625165147,"promoted":59294925,"major":93792299,"promoted_pct":9.48}},"collections":{"minor":8023,"major":3550,"forced_major":1116,"compactions":0}}
{"version":1,"wall_time":6.33,"cpu_time":6.33,"gc_time":5.05,"gc_overhead":79.88,"max_rss_kb":73084,"domain_stats":{"0":{"wall_time":6.33,"gc_time":5.05,"gc_overhead":79.88}},"mean_latency":0.79885,"stddev_latency":0.627468,"min_latency":0.0,"max_latency":2.258943,"distr_latency":{"25.0000":0.054143,"50.0000":1.260543,"60.0000":1.349631,"70.0000":1.363967,"75.0000":1.370111,"80.0000":1.377279,"85.0000":1.385471,"90.0000":1.395711,"95.0000":1.413119,"96.0000":1.418239,"97.0000":1.425407,"98.0000":1.438719,"99.0000":1.487871,"99.9000":2.187263,"99.9900":2.230271,"99.9990":2.258943,"99.9999":2.258943,"100.0000":2.258943},"allocations":{"total_heap":659662527,"minor_heap":625165153,"major_heap":93792307,"promoted_words":59294933,"promoted_pct":9.48},"domain_alloc_stats":{"0":{"total":659662527,"minor":625165153,"promoted":59294933,"major":93792307,"promoted_pct":9.48}},"collections":{"minor":8023,"major":3550,"forced_major":1116,"compactions":0}}
{"version":1,"wall_time":6.37,"cpu_time":6.37,"gc_time":5.11,"gc_overhead":80.1,"max_rss_kb":72896,"domain_stats":{"0":{"wall_time":6.37,"gc_time":5.11,"gc_overhead":80.1}},"mean_latency":0.806894,"stddev_latency":0.632358,"min_latency":0.0,"max_latency":2.250751,"distr_latency":{"25.0000":0.055775,"50.0000":1.270783,"60.0000":1.361919,"70.0000":1.377279,"75.0000":1.383423,"80.0000":1.389567,"85.0000":1.396735,"90.0000":1.404927,"95.0000":1.420287,"96.0000":1.424383,"97.0000":1.429503,"98.0000":1.441791,"99.0000":1.510399,"99.9000":2.217983,"99.9900":2.246655,"99.9990":2.250751,"99.9999":2.250751,"100.0000":2.250751},"allocations":{"total_heap":659662535,"minor_heap":625165161,"major_heap":93792307,"promoted_words":59294933,"promoted_pct":9.48},"domain_alloc_stats":{"0":{"total":659662535,"minor":625165161,"promoted":59294933,"major":93792307,"promoted_pct":9.48}},"collections":{"minor":8023,"major":3550,"forced_major":1116,"compactions":0}}
