{"version":1,"wall_time":1.98,"cpu_time":1.98,"gc_time":0.59,"gc_overhead":30.0,"max_rss_kb":630644,"domain_stats":{"0":{"wall_time":1.98,"gc_time":0.59,"gc_overhead":30.0}},"mean_latency":0.136893,"stddev_latency":0.147525,"min_latency":0.0,"max_latency":1.271807,"distr_latency":{"25.0000":0.034399,"50.0000":0.074559,"60.0000":0.110911,"70.0000":0.164991,"75.0000":0.207487,"80.0000":0.227967,"85.0000":0.281343,"90.0000":0.357631,"95.0000":0.419327,"96.0000":0.446207,"97.0000":0.468223,"98.0000":0.543231,"99.0000":0.738303,"99.9000":0.876031,"99.9900":1.271807,"99.9990":1.271807,"99.9999":1.271807,"100.0000":1.271807},"allocations":{"total_heap":279402077,"minor_heap":265932730,"major_heap":125782031,"promoted_words":112312684,"promoted_pct":42.23},"domain_alloc_stats":{"0":{"total":279402077,"minor":265932730,"promoted":112312684,"major":125782031,"promoted_pct":42.23}},"collections":{"minor":2076,"major":21,"forced_major":0,"compactions":0}}
{"version":1,"wall_time":1.98,"cpu_time":1.98,"gc_time":0.59,"gc_overhead":29.89,"max_rss_kb":630592,"domain_stats":{"0":{"wall_time":1.98,"gc_time":0.59,"gc_overhead":29.89}},"mean_latency":0.136111,"stddev_latency":0.147542,"min_latency":0.0,"max_latency":1.277951,"distr_latency":{"25.0000":0.033887,"50.0000":0.073855,"60.0000":0.108479,"70.0000":0.161279,"75.0000":0.206335,"80.0000":0.226559,"85.0000":0.272127,"90.0000":0.358399,"95.0000":0.397823,"96.0000":0.438015,"97.0000":0.466175,"98.0000":0.559103,"99.0000":0.742911,"99.9000":0.898559,"99.9900":1.277951,"99.9990":1.277951,"99.9999":1.277951,"100.0000":1.277951},"allocations":{"total_heap":279402077,"minor_heap":265932730,"major_heap":125782031,"promoted_words":112312684,"promoted_pct":42.23},"domain_alloc_stats":{"0":{"total":279402077,"minor":265932730,"promoted":112312684,"major":125782031,"promoted_pct":42.23}},"collections":{"minor":2076,"major":21,"forced_major":0,"compactions":0}}
{"version":1,"wall_time":1.99,"cpu_time":1.99,"gc_time":0.6,"gc_overhead":30.05,"max_rss_kb":628932,"domain_stats":{"0":{"wall_time":1.99,"gc_time":0.6,"gc_overhead":30.05}},"mean_latency":0.137725,"stddev_latency":0.149118,"min_latency":0.0,"max_latency":1.436671,"distr_latency":{"25.0000":0.033951,"50.0000":0.074303,"60.0000":0.110207,"70.0000":0.164863,"75.0000":0.208895,"80.0000":0.231679,"85.0000":0.283135,"90.0000":0.361215,"95.0000":0.404223,"96.0000":0.442367,"97.0000":0.468479,"98.0000":0.552959,"99.0000":0.752127,"99.9000":0.893951,"99.9900":1.436671,"99.9990":1.436671,"99.9999":1.436671,"100.0000":1.436671},"allocations":{"total_heap":279402077,"minor_heap":265932730,"major_heap":125782031,"promoted_words":112312684,"promoted_pct":42.23},"domain_alloc_stats":{"0":{"total":279402077,"minor":265932730,"promoted":112312684,"major":125782031,"promoted_pct":42.23}},"collections":{"minor":2076,"major":21,"forced_major":0,"compactions":0}}
