{"version":1,"wall_time":4.41,"cpu_time":4.41,"gc_time":1.57,"gc_overhead":35.66,"max_rss_kb":1461360,"domain_stats":{"0":{"wall_time":4.41,"gc_time":1.57,"gc_overhead":35.66}},"mean_latency":0.141617,"stddev_latency":0.179264,"min_latency":0.0,"max_latency":4.325375,"distr_latency":{"25.0000":0.046623,"50.0000":0.123967,"60.0000":0.135295,"70.0000":0.182783,"75.0000":0.191999,"80.0000":0.196223,"85.0000":0.204543,"90.0000":0.231807,"95.0000":0.394495,"96.0000":0.458495,"97.0000":0.553983,"98.0000":0.674303,"99.0000":0.899071,"99.9000":1.702911,"99.9900":3.880959,"99.9990":4.325375,"99.9999":4.325375,"100.0000":4.325375},"allocations":{"total_heap":2913887222,"minor_heap":2901234651,"major_heap":376841302,"promoted_words":364188731,"promoted_pct":12.55},"domain_alloc_stats":{"0":{"total":2913887222,"minor":2901234651,"promoted":364188731,"major":376841302,"promoted_pct":12.55}},"collections":{"minor":5547,"major":22,"forced_major":0,"compactions":0}}
{"version":1,"wall_time":4.48,"cpu_time":4.48,"gc_time":1.58,"gc_overhead":35.33,"max_rss_kb":1474820,"domain_stats":{"0":{"wall_time":4.48,"gc_time":1.58,"gc_overhead":35.33}},"mean_latency":0.142418,"stddev_latency":0.180228,"min_latency":0.0,"max_latency":4.313087,"distr_latency":{"25.0000":0.046911,"50.0000":0.124479,"60.0000":0.135551,"70.0000":0.182143,"75.0000":0.192767,"80.0000":0.197375,"85.0000":0.205951,"90.0000":0.230399,"95.0000":0.397311,"96.0000":0.461311,"97.0000":0.550911,"98.0000":0.671231,"99.0000":0.906239,"99.9000":1.720319,"99.9900":3.874815,"99.9990":4.313087,"99.9999":4.313087,"100.0000":4.313087},"allocations":{"total_heap":2913887222,"minor_heap":2901234651,"major_heap":376841302,"promoted_words":364188731,"promoted_pct":12.55},"domain_alloc_stats":{"0":{"total":2913887222,"minor":2901234651,"promoted":364188731,"major":376841302,"promoted_pct":12.55}},"collections":{"minor":5547,"major":22,"forced_major":0,"compactions":0}}
{"version":1,"wall_time":4.4,"cpu_time":4.4,"gc_time":1.57,"gc_overhead":35.64,"max_rss_kb":1467524,"domain_stats":{"0":{"wall_time":4.4,"gc_time":1.57,"gc_overhead":35.64}},"mean_latency":0.141209,"stddev_latency":0.179334,"min_latency":0.0,"max_latency":4.497407,"distr_latency":{"25.0000":0.046527,"50.0000":0.123391,"60.0000":0.134911,"70.0000":0.181631,"75.0000":0.191743,"80.0000":0.196479,"85.0000":0.204543,"90.0000":0.229759,"95.0000":0.396287,"96.0000":0.459519,"97.0000":0.547327,"98.0000":0.680447,"99.0000":0.878591,"99.9000":1.711103,"99.9900":3.874815,"99.9990":4.497407,"99.9999":4.497407,"100.0000":4.497407},"allocations":{"total_heap":2913887222,"minor_heap":2901234651,"major_heap":376841302,"promoted_words":364188731,"promoted_pct":12.55},"domain_alloc_stats":{"0":{"total":2913887222,"minor":2901234651,"promoted":364188731,"major":376841302,"promoted_pct":12.55}},"collections":{"minor":5547,"major":22,"forced_major":0,"compactions":0}}
