{"version":1,"wall_time":16.39,"cpu_time":16.39,"gc_time":10.31,"gc_overhead":62.92,"max_rss_kb":103904,"domain_stats":{"0":{"wall_time":16.39,"gc_time":10.31,"gc_overhead":62.92}},"mean_latency":0.092814,"stddev_latency":0.085067,"min_latency":0.0,"max_latency":1.020927,"distr_latency":{"25.0000":0.016815,"50.0000":0.043359,"60.0000":0.160383,"70.0000":0.175487,"75.0000":0.181759,"80.0000":0.186367,"85.0000":0.193151,"90.0000":0.206847,"95.0000":0.214143,"96.0000":0.215295,"97.0000":0.216575,"98.0000":0.218239,"99.0000":0.220543,"99.9000":0.228351,"99.9900":0.261503,"99.9990":0.377087,"99.9999":1.020927,"100.0000":1.020927},"allocations":{"total_heap":6639263443,"minor_heap":5691263520,"major_heap":1492773876,"promoted_words":544773953,"promoted_pct":9.57},"domain_alloc_stats":{"0":{"total":6639263443,"minor":5691263520,"promoted":544773953,"major":1492773876,"promoted_pct":9.57}},"collections":{"minor":72226,"major":50003,"forced_major":0,"compactions":0}}
{"version":1,"wall_time":16.35,"cpu_time":16.35,"gc_time":10.3,"gc_overhead":62.99,"max_rss_kb":103596,"domain_stats":{"0":{"wall_time":16.35,"gc_time":10.3,"gc_overhead":62.99}},"mean_latency":0.092698,"stddev_latency":0.085371,"min_latency":0.0,"max_latency":0.344063,"distr_latency":{"25.0000":0.016687,"50.0000":0.044895,"60.0000":0.163711,"70.0000":0.175487,"75.0000":0.182143,"80.0000":0.186751,"85.0000":0.193791,"90.0000":0.207615,"95.0000":0.214783,"96.0000":0.215679,"97.0000":0.216959,"98.0000":0.218367,"99.0000":0.220671,"99.9000":0.227711,"99.9900":0.264447,"99.9990":0.343295,"99.9999":0.344063,"100.0000":0.344063},"allocations":{"total_heap":6639263443,"minor_heap":5691263520,"major_heap":1492773876,"promoted_words":544773953,"promoted_pct":9.57},"domain_alloc_stats":{"0":{"total":6639263443,"minor":5691263520,"promoted":544773953,"major":1492773876,"promoted_pct":9.57}},"collections":{"minor":72226,"major":50003,"forced_major":0,"compactions":0}}
{"version":1,"wall_time":16.13,"cpu_time":16.13,"gc_time":10.12,"gc_overhead":62.73,"max_rss_kb":103704,"domain_stats":{"0":{"wall_time":16.13,"gc_time":10.12,"gc_overhead":62.73}},"mean_latency":0.091055,"stddev_latency":0.08405,"min_latency":0.0,"max_latency":0.373759,"distr_latency":{"25.0000":0.016247,"50.0000":0.043551,"60.0000":0.161535,"70.0000":0.172927,"75.0000":0.178687,"80.0000":0.183551,"85.0000":0.189951,"90.0000":0.204159,"95.0000":0.211455,"96.0000":0.212607,"97.0000":0.213631,"98.0000":0.215039,"99.0000":0.217087,"99.9000":0.223231,"99.9900":0.269823,"99.9990":0.372735,"99.9999":0.373759,"100.0000":0.373759},"allocations":{"total_heap":6639263443,"minor_heap":5691263520,"major_heap":1492773876,"promoted_words":544773953,"promoted_pct":9.57},"domain_alloc_stats":{"0":{"total":6639263443,"minor":5691263520,"promoted":544773953,"major":1492773876,"promoted_pct":9.57}},"collections":{"minor":72226,"major":50003,"forced_major":0,"compactions":0}}
