{"version":1,"wall_time":2.98,"cpu_time":2.98,"gc_time":0.89,"gc_overhead":29.76,"max_rss_kb":1094340,"domain_stats":{"0":{"wall_time":2.98,"gc_time":0.89,"gc_overhead":29.76}},"mean_latency":0.050639,"stddev_latency":0.035628,"min_latency":0.0,"max_latency":0.649727,"distr_latency":{"25.0000":0.015751,"50.0000":0.053919,"60.0000":0.059231,"70.0000":0.064895,"75.0000":0.068671,"80.0000":0.073599,"85.0000":0.079935,"90.0000":0.089983,"95.0000":0.103615,"96.0000":0.110655,"97.0000":0.123967,"98.0000":0.139263,"99.0000":0.164351,"99.9000":0.254463,"99.9900":0.356095,"99.9990":0.649727,"99.9999":0.649727,"100.0000":0.649727},"allocations":{"total_heap":1150004108,"minor_heap":1146907070,"major_heap":150851656,"promoted_words":147754618,"promoted_pct":12.88},"domain_alloc_stats":{"0":{"total":1150004108,"minor":1146907070,"promoted":147754618,"major":150851656,"promoted_pct":12.88}},"collections":{"minor":8759,"major":14,"forced_major":0,"compactions":0}}
{"version":1,"wall_time":2.98,"cpu_time":2.98,"gc_time":0.89,"gc_overhead":29.75,"max_rss_kb":1092052,"domain_stats":{"0":{"wall_time":2.98,"gc_time":0.89,"gc_overhead":29.75}},"mean_latency":0.050688,"stddev_latency":0.035623,"min_latency":0.0,"max_latency":0.680959,"distr_latency":{"25.0000":0.016263,"50.0000":0.053919,"60.0000":0.059199,"70.0000":0.064799,"75.0000":0.068543,"80.0000":0.073151,"85.0000":0.079359,"90.0000":0.089599,"95.0000":0.103039,"96.0000":0.110975,"97.0000":0.124351,"98.0000":0.139903,"99.0000":0.166015,"99.9000":0.254847,"99.9900":0.392447,"99.9990":0.680959,"99.9999":0.680959,"100.0000":0.680959},"allocations":{"total_heap":1150004108,"minor_heap":1146907070,"major_heap":150851656,"promoted_words":147754618,"promoted_pct":12.88},"domain_alloc_stats":{"0":{"total":1150004108,"minor":1146907070,"promoted":147754618,"major":150851656,"promoted_pct":12.88}},"collections":{"minor":8759,"major":14,"forced_major":0,"compactions":0}}
{"version":1,"wall_time":2.97,"cpu_time":2.97,"gc_time":0.88,"gc_overhead":29.62,"max_rss_kb":1098452,"domain_stats":{"0":{"wall_time":2.97,"gc_time":0.88,"gc_overhead":29.62}},"mean_latency":0.050266,"stddev_latency":0.03526,"min_latency":0.0,"max_latency":0.696319,"distr_latency":{"25.0000":0.016287,"50.0000":0.053215,"60.0000":0.058399,"70.0000":0.064031,"75.0000":0.067711,"80.0000":0.072383,"85.0000":0.078719,"90.0000":0.088511,"95.0000":0.102911,"96.0000":0.110975,"97.0000":0.124607,"98.0000":0.140415,"99.0000":0.165247,"99.9000":0.249471,"99.9900":0.339967,"99.9990":0.696319,"99.9999":0.696319,"100.0000":0.696319},"allocations":{"total_heap":1150004108,"minor_heap":1146907070,"major_heap":150851656,"promoted_words":147754618,"promoted_pct":12.88},"domain_alloc_stats":{"0":{"total":1150004108,"minor":1146907070,"promoted":147754618,"major":150851656,"promoted_pct":12.88}},"collections":{"minor":8759,"major":14,"forced_major":0,"compactions":0}}
