{"version":1,"wall_time":3.01,"cpu_time":3.01,"gc_time":0.95,"gc_overhead":31.46,"max_rss_kb":1079504,"domain_stats":{"0":{"wall_time":3.01,"gc_time":0.95,"gc_overhead":31.46}},"mean_latency":0.10813,"stddev_latency":0.084819,"min_latency":0.0,"max_latency":1.126399,"distr_latency":{"25.0000":0.037471,"50.0000":0.108031,"60.0000":0.115647,"70.0000":0.127871,"75.0000":0.138623,"80.0000":0.152447,"85.0000":0.170367,"90.0000":0.191231,"95.0000":0.229631,"96.0000":0.246143,"97.0000":0.279039,"98.0000":0.321279,"99.0000":0.382463,"99.9000":0.905727,"99.9900":1.071103,"99.9990":1.126399,"99.9999":1.126399,"100.0000":1.126399},"allocations":{"total_heap":1149951737,"minor_heap":1146723629,"major_heap":146424677,"promoted_words":143196569,"promoted_pct":12.49},"domain_alloc_stats":{"0":{"total":1149951737,"minor":1146723629,"promoted":143196569,"major":146424677,"promoted_pct":12.49}},"collections":{"minor":4383,"major":15,"forced_major":0,"compactions":0}}
{"version":1,"wall_time":3.01,"cpu_time":3.01,"gc_time":0.96,"gc_overhead":31.87,"max_rss_kb":1077880,"domain_stats":{"0":{"wall_time":3.01,"gc_time":0.96,"gc_overhead":31.87}},"mean_latency":0.109553,"stddev_latency":0.084973,"min_latency":0.0,"max_latency":1.104895,"distr_latency":{"25.0000":0.037695,"50.0000":0.110271,"60.0000":0.118399,"70.0000":0.130367,"75.0000":0.140543,"80.0000":0.153855,"85.0000":0.172287,"90.0000":0.193279,"95.0000":0.229503,"96.0000":0.245759,"97.0000":0.282111,"98.0000":0.323327,"99.0000":0.383999,"99.9000":0.901631,"99.9900":1.037823,"99.9990":1.104895,"99.9999":1.104895,"100.0000":1.104895},"allocations":{"total_heap":1149951737,"minor_heap":1146723629,"major_heap":146424677,"promoted_words":143196569,"promoted_pct":12.49},"domain_alloc_stats":{"0":{"total":1149951737,"minor":1146723629,"promoted":143196569,"major":146424677,"promoted_pct":12.49}},"collections":{"minor":4383,"major":15,"forced_major":0,"compactions":0}}
{"version":1,"wall_time":3.03,"cpu_time":3.03,"gc_time":0.96,"gc_overhead":31.8,"max_rss_kb":1107156,"domain_stats":{"0":{"wall_time":3.03,"gc_time":0.96,"gc_overhead":31.8}},"mean_latency":0.109863,"stddev_latency":0.085153,"min_latency":0.0,"max_latency":1.116159,"distr_latency":{"25.0000":0.038431,"50.0000":0.110143,"60.0000":0.118527,"70.0000":0.130623,"75.0000":0.141567,"80.0000":0.154623,"85.0000":0.172415,"90.0000":0.193535,"95.0000":0.231039,"96.0000":0.246143,"97.0000":0.279039,"98.0000":0.322047,"99.0000":0.386559,"99.9000":0.923647,"99.9900":1.052671,"99.9990":1.116159,"99.9999":1.116159,"100.0000":1.116159},"allocations":{"total_heap":1149951737,"minor_heap":1146723629,"major_heap":146424677,"promoted_words":143196569,"promoted_pct":12.49},"domain_alloc_stats":{"0":{"total":1149951737,"minor":1146723629,"promoted":143196569,"major":146424677,"promoted_pct":12.49}},"collections":{"minor":4383,"major":15,"forced_major":0,"compactions":0}}
