{"version":1,"wall_time":4.06,"cpu_time":4.06,"gc_time":1.4,"gc_overhead":34.34,"max_rss_kb":296272,"domain_stats":{"0":{"wall_time":4.06,"gc_time":1.4,"gc_overhead":34.34}},"mean_latency":0.208389,"stddev_latency":0.359527,"min_latency":0.0,"max_latency":3.039231,"distr_latency":{"25.0000":0.042975,"50.0000":0.078847,"60.0000":0.139903,"70.0000":0.192895,"75.0000":0.231935,"80.0000":0.264959,"85.0000":0.317439,"90.0000":0.394239,"95.0000":0.956927,"96.0000":1.046527,"97.0000":1.301503,"98.0000":1.801215,"99.0000":1.986559,"99.9000":2.617343,"99.9900":2.766847,"99.9990":3.039231,"99.9999":3.039231,"100.0000":3.039231},"allocations":{"total_heap":434143772,"minor_heap":418156510,"major_heap":154004500,"promoted_words":138017238,"promoted_pct":33.01},"domain_alloc_stats":{"0":{"total":434143772,"minor":418156510,"promoted":138017238,"major":154004500,"promoted_pct":33.01}},"collections":{"minor":3260,"major":80,"forced_major":0,"compactions":0}}
{"version":1,"wall_time":4.04,"cpu_time":4.04,"gc_time":1.38,"gc_overhead":34.21,"max_rss_kb":296424,"domain_stats":{"0":{"wall_time":4.04,"gc_time":1.38,"gc_overhead":34.21}},"mean_latency":0.206633,"stddev_latency":0.355718,"min_latency":0.0,"max_latency":2.756607,"distr_latency":{"25.0000":0.043039,"50.0000":0.078399,"60.0000":0.137599,"70.0000":0.190847,"75.0000":0.231295,"80.0000":0.263935,"85.0000":0.316159,"90.0000":0.387839,"95.0000":0.951295,"96.0000":1.030143,"97.0000":1.295359,"98.0000":1.773567,"99.0000":1.955839,"99.9000":2.578431,"99.9900":2.693119,"99.9990":2.756607,"99.9999":2.756607,"100.0000":2.756607},"allocations":{"total_heap":434161439,"minor_heap":418174177,"major_heap":154102689,"promoted_words":138115427,"promoted_pct":33.03},"domain_alloc_stats":{"0":{"total":434161439,"minor":418174177,"promoted":138115427,"major":154102689,"promoted_pct":33.03}},"collections":{"minor":3260,"major":80,"forced_major":0,"compactions":0}}
{"version":1,"wall_time":4.07,"cpu_time":4.07,"gc_time":1.39,"gc_overhead":34.1,"max_rss_kb":296164,"domain_stats":{"0":{"wall_time":4.07,"gc_time":1.39,"gc_overhead":34.1}},"mean_latency":0.207422,"stddev_latency":0.356684,"min_latency":0.0,"max_latency":2.715647,"distr_latency":{"25.0000":0.043039,"50.0000":0.078463,"60.0000":0.141055,"70.0000":0.191231,"75.0000":0.232575,"80.0000":0.264959,"85.0000":0.315647,"90.0000":0.388607,"95.0000":0.955391,"96.0000":1.036287,"97.0000":1.298431,"98.0000":1.786879,"99.0000":1.964031,"99.9000":2.576383,"99.9900":2.707455,"99.9990":2.715647,"99.9999":2.715647,"100.0000":2.715647},"allocations":{"total_heap":434156804,"minor_heap":418169542,"major_heap":154221376,"promoted_words":138234114,"promoted_pct":33.06},"domain_alloc_stats":{"0":{"total":434156804,"minor":418169542,"promoted":138234114,"major":154221376,"promoted_pct":33.06}},"collections":{"minor":3260,"major":80,"forced_major":0,"compactions":0}}
