{"version":1,"wall_time":4.22,"cpu_time":4.22,"gc_time":0.16,"gc_overhead":3.74,"max_rss_kb":24972,"domain_stats":{"0":{"wall_time":4.22,"gc_time":0.16,"gc_overhead":3.74}},"mean_latency":0.012512,"stddev_latency":0.010464,"min_latency":0.0,"max_latency":0.123135,"distr_latency":{"25.0000":0.002943,"50.0000":0.010791,"60.0000":0.013375,"70.0000":0.016527,"75.0000":0.018319,"80.0000":0.020047,"85.0000":0.023471,"90.0000":0.027823,"95.0000":0.033471,"96.0000":0.034207,"97.0000":0.035231,"98.0000":0.037279,"99.0000":0.040703,"99.9000":0.061951,"99.9900":0.079167,"99.9990":0.123135,"99.9999":0.123135,"100.0000":0.123135},"allocations":{"total_heap":1736391238,"minor_heap":1630319577,"major_heap":166751874,"promoted_words":60680213,"promoted_pct":3.72},"domain_alloc_stats":{"0":{"total":1736391238,"minor":1630319577,"promoted":60680213,"major":166751874,"promoted_pct":3.72}},"collections":{"minor":6944,"major":1412,"forced_major":0,"compactions":0}}
{"version":1,"wall_time":4.2,"cpu_time":4.2,"gc_time":0.16,"gc_overhead":3.72,"max_rss_kb":24868,"domain_stats":{"0":{"wall_time":4.2,"gc_time":0.16,"gc_overhead":3.72}},"mean_latency":0.012393,"stddev_latency":0.010347,"min_latency":0.0,"max_latency":0.106239,"distr_latency":{"25.0000":0.002983,"50.0000":0.010751,"60.0000":0.013255,"70.0000":0.016479,"75.0000":0.018303,"80.0000":0.020031,"85.0000":0.023055,"90.0000":0.027151,"95.0000":0.033311,"96.0000":0.034015,"97.0000":0.034751,"98.0000":0.036479,"99.0000":0.040159,"99.9000":0.065727,"99.9900":0.097343,"99.9990":0.106239,"99.9999":0.106239,"100.0000":0.106239},"allocations":{"total_heap":1736391238,"minor_heap":1630319577,"major_heap":166751874,"promoted_words":60680213,"promoted_pct":3.72},"domain_alloc_stats":{"0":{"total":1736391238,"minor":1630319577,"promoted":60680213,"major":166751874,"promoted_pct":3.72}},"collections":{"minor":6944,"major":1412,"forced_major":0,"compactions":0}}
{"version":1,"wall_time":4.22,"cpu_time":4.22,"gc_time":0.16,"gc_overhead":3.75,"max_rss_kb":25072,"domain_stats":{"0":{"wall_time":4.22,"gc_time":0.16,"gc_overhead":3.75}},"mean_latency":0.012517,"stddev_latency":0.010387,"min_latency":0.0,"max_latency":0.103679,"distr_latency":{"25.0000":0.003103,"50.0000":0.010831,"60.0000":0.013423,"70.0000":0.016495,"75.0000":0.018399,"80.0000":0.020111,"85.0000":0.023311,"90.0000":0.027503,"95.0000":0.033279,"96.0000":0.033951,"97.0000":0.035007,"98.0000":0.037087,"99.0000":0.040703,"99.9000":0.063199,"99.9900":0.078783,"99.9990":0.103679,"99.9999":0.103679,"100.0000":0.103679},"allocations":{"total_heap":1736391238,"minor_heap":1630319577,"major_heap":166751874,"promoted_words":60680213,"promoted_pct":3.72},"domain_alloc_stats":{"0":{"total":1736391238,"minor":1630319577,"promoted":60680213,"major":166751874,"promoted_pct":3.72}},"collections":{"minor":6944,"major":1412,"forced_major":0,"compactions":0}}
