{"version":1,"wall_time":3.2,"cpu_time":3.2,"gc_time":0.56,"gc_overhead":17.41,"max_rss_kb":424648,"domain_stats":{"0":{"wall_time":3.2,"gc_time":0.56,"gc_overhead":17.41}},"mean_latency":0.662924,"stddev_latency":1.06589,"min_latency":0.0,"max_latency":9.084927,"distr_latency":{"25.0000":0.046303,"50.0000":0.178943,"60.0000":0.477695,"70.0000":0.660479,"75.0000":0.839167,"80.0000":1.198079,"85.0000":1.420287,"90.0000":1.862655,"95.0000":2.545663,"96.0000":2.764799,"97.0000":3.143679,"98.0000":3.682303,"99.0000":5.488639,"99.9000":8.175615,"99.9900":9.084927,"99.9990":9.084927,"99.9999":9.084927,"100.0000":9.084927},"allocations":{"total_heap":433382255,"minor_heap":417472030,"major_heap":108517770,"promoted_words":92607545,"promoted_pct":22.18},"domain_alloc_stats":{"0":{"total":433382255,"minor":417472030,"promoted":92607545,"major":108517770,"promoted_pct":22.18}},"collections":{"minor":414,"major":21,"forced_major":0,"compactions":0}}
{"version":1,"wall_time":3.18,"cpu_time":3.18,"gc_time":0.55,"gc_overhead":17.4,"max_rss_kb":424548,"domain_stats":{"0":{"wall_time":3.18,"gc_time":0.55,"gc_overhead":17.4}},"mean_latency":0.658825,"stddev_latency":1.059336,"min_latency":0.0,"max_latency":9.142271,"distr_latency":{"25.0000":0.046143,"50.0000":0.174335,"60.0000":0.447743,"70.0000":0.642559,"75.0000":0.836095,"80.0000":1.198079,"85.0000":1.415167,"90.0000":1.853439,"95.0000":2.535423,"96.0000":2.738175,"97.0000":3.256319,"98.0000":3.749887,"99.0000":5.431295,"99.9000":8.355839,"99.9900":9.142271,"99.9990":9.142271,"99.9999":9.142271,"100.0000":9.142271},"allocations":{"total_heap":433382255,"minor_heap":417472030,"major_heap":108517770,"promoted_words":92607545,"promoted_pct":22.18},"domain_alloc_stats":{"0":{"total":433382255,"minor":417472030,"promoted":92607545,"major":108517770,"promoted_pct":22.18}},"collections":{"minor":414,"major":21,"forced_major":0,"compactions":0}}
{"version":1,"wall_time":3.18,"cpu_time":3.18,"gc_time":0.55,"gc_overhead":17.41,"max_rss_kb":424580,"domain_stats":{"0":{"wall_time":3.18,"gc_time":0.55,"gc_overhead":17.41}},"mean_latency":0.657744,"stddev_latency":1.054729,"min_latency":0.0,"max_latency":9.011199,"distr_latency":{"25.0000":0.046271,"50.0000":0.173055,"60.0000":0.451327,"70.0000":0.643583,"75.0000":0.844799,"80.0000":1.205247,"85.0000":1.416191,"90.0000":1.839103,"95.0000":2.545663,"96.0000":2.772991,"97.0000":3.246079,"98.0000":3.616767,"99.0000":5.406719,"99.9000":8.261631,"99.9900":9.011199,"99.9990":9.011199,"99.9999":9.011199,"100.0000":9.011199},"allocations":{"total_heap":433382255,"minor_heap":417472030,"major_heap":108517770,"promoted_words":92607545,"promoted_pct":22.18},"domain_alloc_stats":{"0":{"total":433382255,"minor":417472030,"promoted":92607545,"major":108517770,"promoted_pct":22.18}},"collections":{"minor":414,"major":21,"forced_major":0,"compactions":0}}
