{"version":1,"wall_time":1.74,"cpu_time":1.74,"gc_time":0.56,"gc_overhead":31.97,"max_rss_kb":309608,"domain_stats":{"0":{"wall_time":1.74,"gc_time":0.56,"gc_overhead":31.97}},"mean_latency":0.171302,"stddev_latency":0.331807,"min_latency":0.0,"max_latency":3.901439,"distr_latency":{"25.0000":0.019391,"50.0000":0.043039,"60.0000":0.054847,"70.0000":0.085183,"75.0000":0.129727,"80.0000":0.249983,"85.0000":0.335615,"90.0000":0.563199,"95.0000":0.773631,"96.0000":0.844287,"97.0000":0.968191,"98.0000":1.227775,"99.0000":1.756159,"99.9000":2.813951,"99.9900":3.901439,"99.9990":3.901439,"99.9999":3.901439,"100.0000":3.901439},"allocations":{"total_heap":850536233,"minor_heap":846770276,"major_heap":78721851,"promoted_words":74955894,"promoted_pct":8.85},"domain_alloc_stats":{"0":{"total":850536233,"minor":846770276,"promoted":74955894,"major":78721851,"promoted_pct":8.85}},"collections":{"minor":1628,"major":19,"forced_major":0,"compactions":0}}
{"version":1,"wall_time":1.75,"cpu_time":1.75,"gc_time":0.56,"gc_overhead":32.33,"max_rss_kb":309364,"domain_stats":{"0":{"wall_time":1.75,"gc_time":0.56,"gc_overhead":32.33}},"mean_latency":0.173355,"stddev_latency":0.333495,"min_latency":0.0,"max_latency":3.876863,"distr_latency":{"25.0000":0.019871,"50.0000":0.044031,"60.0000":0.056479,"70.0000":0.086143,"75.0000":0.132479,"80.0000":0.256895,"85.0000":0.340991,"90.0000":0.573439,"95.0000":0.791039,"96.0000":0.871423,"97.0000":0.991231,"98.0000":1.244159,"99.0000":1.698815,"99.9000":2.807807,"99.9900":3.876863,"99.9990":3.876863,"99.9999":3.876863,"100.0000":3.876863},"allocations":{"total_heap":850536233,"minor_heap":846770276,"major_heap":78721851,"promoted_words":74955894,"promoted_pct":8.85},"domain_alloc_stats":{"0":{"total":850536233,"minor":846770276,"promoted":74955894,"major":78721851,"promoted_pct":8.85}},"collections":{"minor":1628,"major":19,"forced_major":0,"compactions":0}}
{"version":1,"wall_time":1.74,"cpu_time":1.74,"gc_time":0.56,"gc_overhead":32.27,"max_rss_kb":309376,"domain_stats":{"0":{"wall_time":1.74,"gc_time":0.56,"gc_overhead":32.27}},"mean_latency":0.172712,"stddev_latency":0.333566,"min_latency":0.0,"max_latency":3.889151,"distr_latency":{"25.0000":0.019471,"50.0000":0.043071,"60.0000":0.055487,"70.0000":0.085759,"75.0000":0.129343,"80.0000":0.251263,"85.0000":0.347135,"90.0000":0.570879,"95.0000":0.793599,"96.0000":0.871423,"97.0000":0.987135,"98.0000":1.235967,"99.0000":1.708031,"99.9000":2.815999,"99.9900":3.889151,"99.9990":3.889151,"99.9999":3.889151,"100.0000":3.889151},"allocations":{"total_heap":850536233,"minor_heap":846770276,"major_heap":78721851,"promoted_words":74955894,"promoted_pct":8.85},"domain_alloc_stats":{"0":{"total":850536233,"minor":846770276,"promoted":74955894,"major":78721851,"promoted_pct":8.85}},"collections":{"minor":1628,"major":19,"forced_major":0,"compactions":0}}
