{"version":1,"wall_time":9.49,"cpu_time":9.49,"gc_time":3.7,"gc_overhead":38.96,"max_rss_kb":49704,"domain_stats":{"0":{"wall_time":9.49,"gc_time":3.7,"gc_overhead":38.96}},"mean_latency":0.077189,"stddev_latency":0.059795,"min_latency":0.0,"max_latency":0.262655,"distr_latency":{"25.0000":0.022991,"50.0000":0.066815,"60.0000":0.079487,"70.0000":0.126719,"75.0000":0.144895,"80.0000":0.150271,"85.0000":0.153471,"90.0000":0.160255,"95.0000":0.182271,"96.0000":0.185087,"97.0000":0.186495,"98.0000":0.187647,"99.0000":0.189439,"99.9000":0.196223,"99.9900":0.202879,"99.9990":0.262655,"99.9999":0.262655,"100.0000":0.262655},"allocations":{"total_heap":6639224203,"minor_heap":5691243175,"major_heap":1223070436,"promoted_words":275089408,"promoted_pct":4.83},"domain_alloc_stats":{"0":{"total":6639224203,"minor":5691243175,"promoted":275089408,"major":1223070436,"promoted_pct":4.83}},"collections":{"minor":29168,"major":14583,"forced_major":0,"compactions":0}}
{"version":1,"wall_time":9.49,"cpu_time":9.49,"gc_time":3.64,"gc_overhead":38.4,"max_rss_kb":49600,"domain_stats":{"0":{"wall_time":9.49,"gc_time":3.64,"gc_overhead":38.4}},"mean_latency":0.076011,"stddev_latency":0.057774,"min_latency":0.0,"max_latency":0.251391,"distr_latency":{"25.0000":0.022671,"50.0000":0.068159,"60.0000":0.080511,"70.0000":0.120447,"75.0000":0.139007,"80.0000":0.145023,"85.0000":0.149119,"90.0000":0.155647,"95.0000":0.177535,"96.0000":0.179455,"97.0000":0.181119,"98.0000":0.182655,"99.0000":0.184831,"99.9000":0.193919,"99.9900":0.200959,"99.9990":0.251391,"99.9999":0.251391,"100.0000":0.251391},"allocations":{"total_heap":6639224203,"minor_heap":5691243175,"major_heap":1223070436,"promoted_words":275089408,"promoted_pct":4.83},"domain_alloc_stats":{"0":{"total":6639224203,"minor":5691243175,"promoted":275089408,"major":1223070436,"promoted_pct":4.83}},"collections":{"minor":29168,"major":14583,"forced_major":0,"compactions":0}}
{"version":1,"wall_time":9.25,"cpu_time":9.25,"gc_time":3.5,"gc_overhead":37.83,"max_rss_kb":49380,"domain_stats":{"0":{"wall_time":9.25,"gc_time":3.5,"gc_overhead":37.83}},"mean_latency":0.073044,"stddev_latency":0.054671,"min_latency":0.0,"max_latency":0.249343,"distr_latency":{"25.0000":0.022991,"50.0000":0.065663,"60.0000":0.078207,"70.0000":0.115199,"75.0000":0.132223,"80.0000":0.137087,"85.0000":0.140415,"90.0000":0.147583,"95.0000":0.169855,"96.0000":0.171519,"97.0000":0.172799,"98.0000":0.174335,"99.0000":0.176255,"99.9000":0.184703,"99.9900":0.199679,"99.9990":0.249343,"99.9999":0.249343,"100.0000":0.249343},"allocations":{"total_heap":6639224203,"minor_heap":5691243175,"major_heap":1223070436,"promoted_words":275089408,"promoted_pct":4.83},"domain_alloc_stats":{"0":{"total":6639224203,"minor":5691243175,"promoted":275089408,"major":1223070436,"promoted_pct":4.83}},"collections":{"minor":29168,"major":14583,"forced_major":0,"compactions":0}}
