{"version":1,"wall_time":3.17,"cpu_time":3.17,"gc_time":1.01,"gc_overhead":31.78,"max_rss_kb":996812,"domain_stats":{"0":{"wall_time":3.17,"gc_time":1.01,"gc_overhead":31.78}},"mean_latency":0.791621,"stddev_latency":0.574147,"min_latency":0.0,"max_latency":5.210111,"distr_latency":{"25.0000":0.252287,"50.0000":0.795135,"60.0000":0.879615,"70.0000":0.980479,"75.0000":1.047039,"80.0000":1.156095,"85.0000":1.301503,"90.0000":1.478655,"95.0000":1.690623,"96.0000":1.808383,"97.0000":1.948671,"98.0000":2.158591,"99.0000":2.437119,"99.9000":4.198399,"99.9900":5.210111,"99.9990":5.210111,"99.9999":5.210111,"100.0000":5.210111},"allocations":{"total_heap":1327857929,"minor_heap":1324616416,"major_heap":145495787,"promoted_words":142254274,"promoted_pct":10.74},"domain_alloc_stats":{"0":{"total":1327857929,"minor":1324616416,"promoted":142254274,"major":145495787,"promoted_pct":10.74}},"collections":{"minor":638,"major":10,"forced_major":0,"compactions":0}}
{"version":1,"wall_time":3.17,"cpu_time":3.17,"gc_time":1.02,"gc_overhead":32.11,"max_rss_kb":991668,"domain_stats":{"0":{"wall_time":3.17,"gc_time":1.02,"gc_overhead":32.11}},"mean_latency":0.800901,"stddev_latency":0.57751,"min_latency":0.0,"max_latency":5.185535,"distr_latency":{"25.0000":0.255615,"50.0000":0.804863,"60.0000":0.890367,"70.0000":0.998911,"75.0000":1.074175,"80.0000":1.165311,"85.0000":1.313791,"90.0000":1.488895,"95.0000":1.668095,"96.0000":1.784831,"97.0000":1.943551,"98.0000":2.215935,"99.0000":2.486271,"99.9000":4.139007,"99.9900":5.185535,"99.9990":5.185535,"99.9999":5.185535,"100.0000":5.185535},"allocations":{"total_heap":1327857929,"minor_heap":1324616416,"major_heap":145495787,"promoted_words":142254274,"promoted_pct":10.74},"domain_alloc_stats":{"0":{"total":1327857929,"minor":1324616416,"promoted":142254274,"major":145495787,"promoted_pct":10.74}},"collections":{"minor":638,"major":10,"forced_major":0,"compactions":0}}
{"version":1,"wall_time":3.16,"cpu_time":3.16,"gc_time":1.0,"gc_overhead":31.54,"max_rss_kb":997032,"domain_stats":{"0":{"wall_time":3.16,"gc_time":1.0,"gc_overhead":31.54}},"mean_latency":0.785301,"stddev_latency":0.568013,"min_latency":0.0,"max_latency":5.197823,"distr_latency":{"25.0000":0.256511,"50.0000":0.797695,"60.0000":0.872959,"70.0000":0.978943,"75.0000":1.042943,"80.0000":1.126399,"85.0000":1.299455,"90.0000":1.441791,"95.0000":1.620991,"96.0000":1.773567,"97.0000":1.896447,"98.0000":2.154495,"99.0000":2.426879,"99.9000":4.509695,"99.9900":5.197823,"99.9990":5.197823,"99.9999":5.197823,"100.0000":5.197823},"allocations":{"total_heap":1327857929,"minor_heap":1324616416,"major_heap":145495787,"promoted_words":142254274,"promoted_pct":10.74},"domain_alloc_stats":{"0":{"total":1327857929,"minor":1324616416,"promoted":142254274,"major":145495787,"promoted_pct":10.74}},"collections":{"minor":638,"major":10,"forced_major":0,"compactions":0}}
