{"version":1,"wall_time":4.33,"cpu_time":4.33,"gc_time":2.99,"gc_overhead":68.99,"max_rss_kb":172948,"domain_stats":{"0":{"wall_time":4.33,"gc_time":2.99,"gc_overhead":68.99}},"mean_latency":0.201408,"stddev_latency":0.418468,"min_latency":0.0,"max_latency":3.106815,"distr_latency":{"25.0000":8.7e-05,"50.0000":0.000295,"60.0000":0.000335,"70.0000":0.003031,"75.0000":0.008575,"80.0000":0.349695,"85.0000":0.832511,"90.0000":0.879103,"95.0000":1.172479,"96.0000":1.262591,"97.0000":1.387519,"98.0000":1.503231,"99.0000":1.622015,"99.9000":2.042879,"99.9900":2.594815,"99.9990":3.106815,"99.9999":3.106815,"100.0000":3.106815},"allocations":{"total_heap":14037986,"minor_heap":300719,"major_heap":13737868,"promoted_words":601,"promoted_pct":0.2},"domain_alloc_stats":{"0":{"total":14037986,"minor":300719,"promoted":601,"major":13737868,"promoted_pct":0.2}},"collections":{"minor":1889,"major":944,"forced_major":0,"compactions":0}}
{"version":1,"wall_time":4.36,"cpu_time":4.36,"gc_time":3.0,"gc_overhead":68.84,"max_rss_kb":172728,"domain_stats":{"0":{"wall_time":4.36,"gc_time":3.0,"gc_overhead":68.84}},"mean_latency":0.202339,"stddev_latency":0.420886,"min_latency":0.0,"max_latency":3.336191,"distr_latency":{"25.0000":0.000103,"50.0000":0.000295,"60.0000":0.000335,"70.0000":0.003087,"75.0000":0.009047,"80.0000":0.352255,"85.0000":0.844799,"90.0000":0.879615,"95.0000":1.181695,"96.0000":1.277951,"97.0000":1.382399,"98.0000":1.506303,"99.0000":1.632255,"99.9000":2.103295,"99.9900":2.543615,"99.9990":3.336191,"99.9999":3.336191,"100.0000":3.336191},"allocations":{"total_heap":14037986,"minor_heap":300719,"major_heap":13737868,"promoted_words":601,"promoted_pct":0.2},"domain_alloc_stats":{"0":{"total":14037986,"minor":300719,"promoted":601,"major":13737868,"promoted_pct":0.2}},"collections":{"minor":1889,"major":944,"forced_major":0,"compactions":0}}
{"version":1,"wall_time":4.29,"cpu_time":4.29,"gc_time":2.95,"gc_overhead":68.68,"max_rss_kb":172460,"domain_stats":{"0":{"wall_time":4.29,"gc_time":2.95,"gc_overhead":68.68}},"mean_latency":0.198635,"stddev_latency":0.412725,"min_latency":0.0,"max_latency":3.037183,"distr_latency":{"25.0000":8.7e-05,"50.0000":0.000295,"60.0000":0.000335,"70.0000":0.003063,"75.0000":0.008487,"80.0000":0.351743,"85.0000":0.836095,"90.0000":0.866303,"95.0000":1.137663,"96.0000":1.228799,"97.0000":1.374207,"98.0000":1.498111,"99.0000":1.616895,"99.9000":2.041855,"99.9900":2.506751,"99.9990":3.037183,"99.9999":3.037183,"100.0000":3.037183},"allocations":{"total_heap":14037986,"minor_heap":300719,"major_heap":13737868,"promoted_words":601,"promoted_pct":0.2},"domain_alloc_stats":{"0":{"total":14037986,"minor":300719,"promoted":601,"major":13737868,"promoted_pct":0.2}},"collections":{"minor":1889,"major":944,"forced_major":0,"compactions":0}}
