{"version":1,"wall_time":3.37,"cpu_time":3.37,"gc_time":1.01,"gc_overhead":29.91,"max_rss_kb":390300,"domain_stats":{"0":{"wall_time":3.37,"gc_time":1.01,"gc_overhead":29.91}},"mean_latency":1.661364,"stddev_latency":2.242993,"min_latency":0.0,"max_latency":16.875519,"distr_latency":{"25.0000":0.237055,"50.0000":0.781311,"60.0000":1.193983,"70.0000":1.723391,"75.0000":2.222079,"80.0000":2.703359,"85.0000":3.518463,"90.0000":4.485119,"95.0000":5.869567,"96.0000":6.479871,"97.0000":7.090175,"98.0000":8.495103,"99.0000":11.108351,"99.9000":14.417919,"99.9900":16.875519,"99.9990":16.875519,"99.9999":16.875519,"100.0000":16.875519},"allocations":{"total_heap":606023713,"minor_heap":583650985,"major_heap":156397616,"promoted_words":134024888,"promoted_pct":22.96},"domain_alloc_stats":{"0":{"total":606023713,"minor":583650985,"promoted":134024888,"major":156397616,"promoted_pct":22.96}},"collections":{"minor":306,"major":24,"forced_major":0,"compactions":0}}
{"version":1,"wall_time":3.39,"cpu_time":3.39,"gc_time":1.02,"gc_overhead":30.02,"max_rss_kb":390276,"domain_stats":{"0":{"wall_time":3.39,"gc_time":1.02,"gc_overhead":30.02}},"mean_latency":1.67544,"stddev_latency":2.250389,"min_latency":0.0,"max_latency":16.662527,"distr_latency":{"25.0000":0.245375,"50.0000":0.785407,"60.0000":1.228799,"70.0000":1.759231,"75.0000":2.240511,"80.0000":2.727935,"85.0000":3.612671,"90.0000":4.603903,"95.0000":5.996543,"96.0000":6.631423,"97.0000":7.020543,"98.0000":8.404991,"99.0000":11.157503,"99.9000":14.221311,"99.9900":16.662527,"99.9990":16.662527,"99.9999":16.662527,"100.0000":16.662527},"allocations":{"total_heap":606023713,"minor_heap":583650985,"major_heap":156397616,"promoted_words":134024888,"promoted_pct":22.96},"domain_alloc_stats":{"0":{"total":606023713,"minor":583650985,"promoted":134024888,"major":156397616,"promoted_pct":22.96}},"collections":{"minor":306,"major":24,"forced_major":0,"compactions":0}}
{"version":1,"wall_time":3.4,"cpu_time":3.4,"gc_time":1.02,"gc_overhead":30.11,"max_rss_kb":390360,"domain_stats":{"0":{"wall_time":3.4,"gc_time":1.02,"gc_overhead":30.11}},"mean_latency":1.684278,"stddev_latency":2.275823,"min_latency":0.0,"max_latency":17.055743,"distr_latency":{"25.0000":0.239359,"50.0000":0.792063,"60.0000":1.199103,"70.0000":1.700863,"75.0000":2.185215,"80.0000":2.732031,"85.0000":3.721215,"90.0000":4.657151,"95.0000":6.131711,"96.0000":6.483967,"97.0000":7.254015,"98.0000":8.527871,"99.0000":11.051007,"99.9000":14.278655,"99.9900":17.055743,"99.9990":17.055743,"99.9999":17.055743,"100.0000":17.055743},"allocations":{"total_heap":606023713,"minor_heap":583650985,"major_heap":156397616,"promoted_words":134024888,"promoted_pct":22.96},"domain_alloc_stats":{"0":{"total":606023713,"minor":583650985,"promoted":134024888,"major":156397616,"promoted_pct":22.96}},"collections":{"minor":306,"major":24,"forced_major":0,"compactions":0}}
