{"version":1,"wall_time":12.38,"cpu_time":12.38,"gc_time":1.94,"gc_overhead":15.69,"max_rss_kb":463904,"domain_stats":{"0":{"wall_time":12.38,"gc_time":1.94,"gc_overhead":15.69}},"mean_latency":0.839946,"stddev_latency":1.877215,"min_latency":0.0,"max_latency":18.579455,"distr_latency":{"25.0000":0.068479,"50.0000":0.173439,"60.0000":0.250495,"70.0000":0.363263,"75.0000":0.431615,"80.0000":0.581631,"85.0000":1.004543,"90.0000":2.695167,"95.0000":5.312511,"96.0000":5.631999,"97.0000":6.279167,"98.0000":7.299071,"99.0000":8.642559,"99.9000":14.270463,"99.9900":18.579455,"99.9990":18.579455,"99.9999":18.579455,"100.0000":18.579455},"allocations":{"total_heap":2409794562,"minor_heap":2361327967,"major_heap":248888513,"promoted_words":200421918,"promoted_pct":8.49},"domain_alloc_stats":{"0":{"total":2409794562,"minor":2361327967,"promoted":200421918,"major":248888513,"promoted_pct":8.49}},"collections":{"minor":1152,"major":39,"forced_major":0,"compactions":0}}
{"version":1,"wall_time":12.33,"cpu_time":12.33,"gc_time":1.92,"gc_overhead":15.59,"max_rss_kb":463976,"domain_stats":{"0":{"wall_time":12.33,"gc_time":1.92,"gc_overhead":15.59}},"mean_latency":0.830923,"stddev_latency":1.861794,"min_latency":0.0,"max_latency":18.595839,"distr_latency":{"25.0000":0.067455,"50.0000":0.169727,"60.0000":0.252031,"70.0000":0.359935,"75.0000":0.432127,"80.0000":0.582655,"85.0000":0.999935,"90.0000":2.678783,"95.0000":5.206015,"96.0000":5.586943,"97.0000":6.266879,"98.0000":7.208959,"99.0000":8.552447,"99.9000":14.213119,"99.9900":18.595839,"99.9990":18.595839,"99.9999":18.595839,"100.0000":18.595839},"allocations":{"total_heap":2409794562,"minor_heap":2361327967,"major_heap":248888513,"promoted_words":200421918,"promoted_pct":8.49},"domain_alloc_stats":{"0":{"total":2409794562,"minor":2361327967,"promoted":200421918,"major":248888513,"promoted_pct":8.49}},"collections":{"minor":1152,"major":39,"forced_major":0,"compactions":0}}
{"version":1,"wall_time":12.41,"cpu_time":12.41,"gc_time":1.93,"gc_overhead":15.57,"max_rss_kb":463840,"domain_stats":{"0":{"wall_time":12.41,"gc_time":1.93,"gc_overhead":15.57}},"mean_latency":0.835848,"stddev_latency":1.874948,"min_latency":0.0,"max_latency":18.972671,"distr_latency":{"25.0000":0.067967,"50.0000":0.171007,"60.0000":0.250367,"70.0000":0.361215,"75.0000":0.431615,"80.0000":0.581631,"85.0000":1.003007,"90.0000":2.703359,"95.0000":5.201919,"96.0000":5.599231,"97.0000":6.266879,"98.0000":7.098367,"99.0000":8.683519,"99.9000":14.417919,"99.9900":18.972671,"99.9990":18.972671,"99.9999":18.972671,"100.0000":18.972671},"allocations":{"total_heap":2409794562,"minor_heap":2361327967,"major_heap":248888513,"promoted_words":200421918,"promoted_pct":8.49},"domain_alloc_stats":{"0":{"total":2409794562,"minor":2361327967,"promoted":200421918,"major":248888513,"promoted_pct":8.49}},"collections":{"minor":1152,"major":39,"forced_major":0,"compactions":0}}
