{"version":1,"wall_time":7.71,"cpu_time":7.71,"gc_time":2.48,"gc_overhead":32.13,"max_rss_kb":768156,"domain_stats":{"0":{"wall_time":7.71,"gc_time":2.48,"gc_overhead":32.13}},"mean_latency":0.099344,"stddev_latency":0.271591,"min_latency":0.0,"max_latency":29.999103,"distr_latency":{"25.0000":0.000695,"50.0000":0.001727,"60.0000":0.017215,"70.0000":0.083135,"75.0000":0.128383,"80.0000":0.178687,"85.0000":0.235647,"90.0000":0.317183,"95.0000":0.427519,"96.0000":0.494335,"97.0000":0.580095,"98.0000":0.735231,"99.0000":0.976383,"99.9000":1.530879,"99.9900":2.430975,"99.9990":29.999103,"99.9999":29.999103,"100.0000":29.999103},"allocations":{"total_heap":3290141408,"minor_heap":3152387188,"major_heap":462813434,"promoted_words":325059214,"promoted_pct":10.31},"domain_alloc_stats":{"0":{"total":3290141408,"minor":3152387188,"promoted":325059214,"major":462813434,"promoted_pct":10.31}},"collections":{"minor":12076,"major":64,"forced_major":0,"compactions":0}}
{"version":1,"wall_time":7.68,"cpu_time":7.68,"gc_time":2.49,"gc_overhead":32.42,"max_rss_kb":768636,"domain_stats":{"0":{"wall_time":7.68,"gc_time":2.49,"gc_overhead":32.42}},"mean_latency":0.09985,"stddev_latency":0.274334,"min_latency":0.0,"max_latency":30.343167,"distr_latency":{"25.0000":0.000703,"50.0000":0.001751,"60.0000":0.017055,"70.0000":0.082687,"75.0000":0.128063,"80.0000":0.177919,"85.0000":0.233983,"90.0000":0.319743,"95.0000":0.439295,"96.0000":0.503807,"97.0000":0.586751,"98.0000":0.744959,"99.0000":0.985599,"99.9000":1.522687,"99.9900":2.451455,"99.9990":30.343167,"99.9999":30.343167,"100.0000":30.343167},"allocations":{"total_heap":3290141408,"minor_heap":3152387188,"major_heap":462813434,"promoted_words":325059214,"promoted_pct":10.31},"domain_alloc_stats":{"0":{"total":3290141408,"minor":3152387188,"promoted":325059214,"major":462813434,"promoted_pct":10.31}},"collections":{"minor":12076,"major":64,"forced_major":0,"compactions":0}}
{"version":1,"wall_time":7.69,"cpu_time":7.69,"gc_time":2.47,"gc_overhead":32.13,"max_rss_kb":768548,"domain_stats":{"0":{"wall_time":7.69,"gc_time":2.47,"gc_overhead":32.13}},"mean_latency":0.099025,"stddev_latency":0.272681,"min_latency":0.0,"max_latency":30.359551,"distr_latency":{"25.0000":0.000687,"50.0000":0.001711,"60.0000":0.017167,"70.0000":0.083071,"75.0000":0.127871,"80.0000":0.177151,"85.0000":0.233215,"90.0000":0.317695,"95.0000":0.429055,"96.0000":0.497663,"97.0000":0.580095,"98.0000":0.734207,"99.0000":0.965119,"99.9000":1.516543,"99.9900":2.490367,"99.9990":30.359551,"99.9999":30.359551,"100.0000":30.359551},"allocations":{"total_heap":3290141408,"minor_heap":3152387188,"major_heap":462813434,"promoted_words":325059214,"promoted_pct":10.31},"domain_alloc_stats":{"0":{"total":3290141408,"minor":3152387188,"promoted":325059214,"major":462813434,"promoted_pct":10.31}},"collections":{"minor":12076,"major":64,"forced_major":0,"compactions":0}}
