{"version":1,"wall_time":3.07,"cpu_time":3.07,"gc_time":1.36,"gc_overhead":44.22,"max_rss_kb":181508,"domain_stats":{"0":{"wall_time":3.07,"gc_time":1.36,"gc_overhead":44.22}},"mean_latency":0.006794,"stddev_latency":0.004933,"min_latency":0.0,"max_latency":0.183551,"distr_latency":{"25.0000":3.1e-05,"50.0000":0.009295,"60.0000":0.009815,"70.0000":0.009975,"75.0000":0.010047,"80.0000":0.010167,"85.0000":0.010671,"90.0000":0.010927,"95.0000":0.012231,"96.0000":0.012751,"97.0000":0.013343,"98.0000":0.013991,"99.0000":0.015063,"99.9000":0.018191,"99.9900":0.023295,"99.9990":0.064895,"99.9999":0.183551,"100.0000":0.183551},"allocations":{"total_heap":3994359311,"minor_heap":4706222,"major_heap":3989907106,"promoted_words":254017,"promoted_pct":5.4},"domain_alloc_stats":{"0":{"total":3994359311,"minor":4706222,"promoted":254017,"major":3989907106,"promoted_pct":5.4}},"collections":{"minor":133391,"major":133381,"forced_major":0,"compactions":0}}
{"version":1,"wall_time":2.8,"cpu_time":2.8,"gc_time":1.07,"gc_overhead":38.18,"max_rss_kb":179864,"domain_stats":{"0":{"wall_time":2.8,"gc_time":1.07,"gc_overhead":38.18}},"mean_latency":0.005345,"stddev_latency":0.003897,"min_latency":0.0,"max_latency":0.067647,"distr_latency":{"25.0000":3.1e-05,"50.0000":0.007231,"60.0000":0.007623,"70.0000":0.007807,"75.0000":0.007927,"80.0000":0.008111,"85.0000":0.008407,"90.0000":0.008695,"95.0000":0.009791,"96.0000":0.010207,"97.0000":0.010815,"98.0000":0.011495,"99.0000":0.012423,"99.9000":0.015535,"99.9900":0.021023,"99.9990":0.028351,"99.9999":0.067647,"100.0000":0.067647},"allocations":{"total_heap":3994359311,"minor_heap":4706222,"major_heap":3989907106,"promoted_words":254017,"promoted_pct":5.4},"domain_alloc_stats":{"0":{"total":3994359311,"minor":4706222,"promoted":254017,"major":3989907106,"promoted_pct":5.4}},"collections":{"minor":133391,"major":133381,"forced_major":0,"compactions":0}}
{"version":1,"wall_time":2.81,"cpu_time":2.81,"gc_time":1.09,"gc_overhead":38.71,"max_rss_kb":179664,"domain_stats":{"0":{"wall_time":2.81,"gc_time":1.09,"gc_overhead":38.71}},"mean_latency":0.005431,"stddev_latency":0.003941,"min_latency":0.0,"max_latency":0.064063,"distr_latency":{"25.0000":3.1e-05,"50.0000":0.007455,"60.0000":0.007615,"70.0000":0.007847,"75.0000":0.008055,"80.0000":0.008207,"85.0000":0.008407,"90.0000":0.008695,"95.0000":0.009895,"96.0000":0.010311,"97.0000":0.010823,"98.0000":0.011423,"99.0000":0.012311,"99.9000":0.015455,"99.9900":0.019231,"99.9990":0.042815,"99.9999":0.064063,"100.0000":0.064063},"allocations":{"total_heap":3994359311,"minor_heap":4706222,"major_heap":3989907106,"promoted_words":254017,"promoted_pct":5.4},"domain_alloc_stats":{"0":{"total":3994359311,"minor":4706222,"promoted":254017,"major":3989907106,"promoted_pct":5.4}},"collections":{"minor":133391,"major":133381,"forced_major":0,"compactions":0}}
