{"version":1,"wall_time":4.25,"cpu_time":4.25,"gc_time":0.13,"gc_overhead":3.17,"max_rss_kb":23828,"domain_stats":{"0":{"wall_time":4.25,"gc_time":0.13,"gc_overhead":3.17}},"mean_latency":0.021407,"stddev_latency":0.015433,"min_latency":0.0,"max_latency":0.134527,"distr_latency":{"25.0000":0.011391,"50.0000":0.017071,"60.0000":0.020415,"70.0000":0.026271,"75.0000":0.029647,"80.0000":0.034143,"85.0000":0.038143,"90.0000":0.042303,"95.0000":0.050783,"96.0000":0.053215,"97.0000":0.056863,"98.0000":0.062815,"99.0000":0.065983,"99.9000":0.091775,"99.9900":0.107071,"99.9990":0.134527,"99.9999":0.134527,"100.0000":0.134527},"allocations":{"total_heap":1736210793,"minor_heap":1630118378,"major_heap":147712987,"promoted_words":41620572,"promoted_pct":2.55},"domain_alloc_stats":{"0":{"total":1736210793,"minor":1630118378,"promoted":41620572,"major":147712987,"promoted_pct":2.55}},"collections":{"minor":4077,"major":1912,"forced_major":0,"compactions":0}}
{"version":1,"wall_time":4.17,"cpu_time":4.17,"gc_time":0.14,"gc_overhead":3.29,"max_rss_kb":24116,"domain_stats":{"0":{"wall_time":4.17,"gc_time":0.14,"gc_overhead":3.29}},"mean_latency":0.021814,"stddev_latency":0.015631,"min_latency":0.0,"max_latency":0.168831,"distr_latency":{"25.0000":0.011831,"50.0000":0.017903,"60.0000":0.021695,"70.0000":0.027071,"75.0000":0.030159,"80.0000":0.034047,"85.0000":0.037791,"90.0000":0.042495,"95.0000":0.051519,"96.0000":0.054271,"97.0000":0.057599,"98.0000":0.064959,"99.0000":0.072959,"99.9000":0.092863,"99.9900":0.104127,"99.9990":0.168831,"99.9999":0.168831,"100.0000":0.168831},"allocations":{"total_heap":1736210793,"minor_heap":1630118378,"major_heap":147712987,"promoted_words":41620572,"promoted_pct":2.55},"domain_alloc_stats":{"0":{"total":1736210793,"minor":1630118378,"promoted":41620572,"major":147712987,"promoted_pct":2.55}},"collections":{"minor":4077,"major":1912,"forced_major":0,"compactions":0}}
{"version":1,"wall_time":4.19,"cpu_time":4.19,"gc_time":0.14,"gc_overhead":3.24,"max_rss_kb":23820,"domain_stats":{"0":{"wall_time":4.19,"gc_time":0.14,"gc_overhead":3.24}},"mean_latency":0.021603,"stddev_latency":0.015532,"min_latency":0.0,"max_latency":0.135807,"distr_latency":{"25.0000":0.011415,"50.0000":0.017151,"60.0000":0.020431,"70.0000":0.027103,"75.0000":0.030559,"80.0000":0.034719,"85.0000":0.038431,"90.0000":0.043519,"95.0000":0.051167,"96.0000":0.054207,"97.0000":0.057823,"98.0000":0.062591,"99.0000":0.064767,"99.9000":0.091775,"99.9900":0.104127,"99.9990":0.135807,"99.9999":0.135807,"100.0000":0.135807},"allocations":{"total_heap":1736210793,"minor_heap":1630118378,"major_heap":147712987,"promoted_words":41620572,"promoted_pct":2.55},"domain_alloc_stats":{"0":{"total":1736210793,"minor":1630118378,"promoted":41620572,"major":147712987,"promoted_pct":2.55}},"collections":{"minor":4077,"major":1912,"forced_major":0,"compactions":0}}
