{"version":1,"wall_time":3.49,"cpu_time":3.49,"gc_time":3.22,"gc_overhead":92.31,"max_rss_kb":111924,"domain_stats":{"0":{"wall_time":3.49,"gc_time":3.22,"gc_overhead":92.31}},"mean_latency":0.267519,"stddev_latency":0.42398,"min_latency":0.0,"max_latency":3.123199,"distr_latency":{"25.0000":0.000287,"50.0000":0.000311,"60.0000":0.006871,"70.0000":0.257791,"75.0000":0.533503,"80.0000":0.804863,"85.0000":1.022975,"90.0000":1.042431,"95.0000":1.057791,"96.0000":1.059839,"97.0000":1.063935,"98.0000":1.068031,"99.0000":1.075199,"99.9000":1.824767,"99.9900":2.826239,"99.9990":3.123199,"99.9999":3.123199,"100.0000":3.123199},"allocations":{"total_heap":13497877,"minor_heap":120631,"major_heap":13377793,"promoted_words":547,"promoted_pct":0.45},"domain_alloc_stats":{"0":{"total":13497877,"minor":120631,"promoted":547,"major":13377793,"promoted_pct":0.45}},"collections":{"minor":1162,"major":1162,"forced_major":0,"compactions":0}}
{"version":1,"wall_time":3.48,"cpu_time":3.48,"gc_time":3.21,"gc_overhead":92.3,"max_rss_kb":111984,"domain_stats":{"0":{"wall_time":3.48,"gc_time":3.21,"gc_overhead":92.3}},"mean_latency":0.267022,"stddev_latency":0.422892,"min_latency":0.0,"max_latency":3.235839,"distr_latency":{"25.0000":0.000287,"50.0000":0.000327,"60.0000":0.006903,"70.0000":0.255743,"75.0000":0.535039,"80.0000":0.804863,"85.0000":1.022463,"90.0000":1.034751,"95.0000":1.044479,"96.0000":1.047551,"97.0000":1.050623,"98.0000":1.054719,"99.0000":1.061887,"99.9000":1.823743,"99.9900":2.840575,"99.9990":3.235839,"99.9999":3.235839,"100.0000":3.235839},"allocations":{"total_heap":13497877,"minor_heap":120631,"major_heap":13377793,"promoted_words":547,"promoted_pct":0.45},"domain_alloc_stats":{"0":{"total":13497877,"minor":120631,"promoted":547,"major":13377793,"promoted_pct":0.45}},"collections":{"minor":1162,"major":1162,"forced_major":0,"compactions":0}}
{"version":1,"wall_time":3.48,"cpu_time":3.48,"gc_time":3.21,"gc_overhead":92.3,"max_rss_kb":112072,"domain_stats":{"0":{"wall_time":3.48,"gc_time":3.21,"gc_overhead":92.3}},"mean_latency":0.266909,"stddev_latency":0.422634,"min_latency":0.0,"max_latency":3.033087,"distr_latency":{"25.0000":0.000287,"50.0000":0.000311,"60.0000":0.008615,"70.0000":0.253055,"75.0000":0.529407,"80.0000":0.802815,"85.0000":1.029631,"90.0000":1.042431,"95.0000":1.050623,"96.0000":1.052671,"97.0000":1.054719,"98.0000":1.056767,"99.0000":1.063935,"99.9000":1.814527,"99.9900":2.826239,"99.9990":3.033087,"99.9999":3.033087,"100.0000":3.033087},"allocations":{"total_heap":13497877,"minor_heap":120631,"major_heap":13377793,"promoted_words":547,"promoted_pct":0.45},"domain_alloc_stats":{"0":{"total":13497877,"minor":120631,"promoted":547,"major":13377793,"promoted_pct":0.45}},"collections":{"minor":1162,"major":1162,"forced_major":0,"compactions":0}}
