{"version":1,"wall_time":3.93,"cpu_time":3.93,"gc_time":1.26,"gc_overhead":32.12,"max_rss_kb":302916,"domain_stats":{"0":{"wall_time":3.93,"gc_time":1.26,"gc_overhead":32.12}},"mean_latency":0.37281,"stddev_latency":0.690468,"min_latency":0.0,"max_latency":6.336511,"distr_latency":{"25.0000":0.049727,"50.0000":0.135295,"60.0000":0.243711,"70.0000":0.340735,"75.0000":0.410111,"80.0000":0.478975,"85.0000":0.570879,"90.0000":0.735743,"95.0000":1.821695,"96.0000":1.989631,"97.0000":2.303999,"98.0000":3.274751,"99.0000":3.860479,"99.9000":5.185535,"99.9900":6.336511,"99.9990":6.336511,"99.9999":6.336511,"100.0000":6.336511},"allocations":{"total_heap":434231787,"minor_heap":418244525,"major_heap":138346408,"promoted_words":122359146,"promoted_pct":29.26},"domain_alloc_stats":{"0":{"total":434231787,"minor":418244525,"promoted":122359146,"major":138346408,"promoted_pct":29.26}},"collections":{"minor":1650,"major":70,"forced_major":0,"compactions":0}}
{"version":1,"wall_time":3.93,"cpu_time":3.93,"gc_time":1.27,"gc_overhead":32.39,"max_rss_kb":302880,"domain_stats":{"0":{"wall_time":3.93,"gc_time":1.27,"gc_overhead":32.39}},"mean_latency":0.376188,"stddev_latency":0.691981,"min_latency":0.0,"max_latency":6.438911,"distr_latency":{"25.0000":0.050975,"50.0000":0.136319,"60.0000":0.245759,"70.0000":0.345087,"75.0000":0.414719,"80.0000":0.487423,"85.0000":0.579071,"90.0000":0.748031,"95.0000":1.797119,"96.0000":1.992703,"97.0000":2.299903,"98.0000":3.260415,"99.0000":3.897343,"99.9000":5.197823,"99.9900":6.438911,"99.9990":6.438911,"99.9999":6.438911,"100.0000":6.438911},"allocations":{"total_heap":434231787,"minor_heap":418244525,"major_heap":138346408,"promoted_words":122359146,"promoted_pct":29.26},"domain_alloc_stats":{"0":{"total":434231787,"minor":418244525,"promoted":122359146,"major":138346408,"promoted_pct":29.26}},"collections":{"minor":1650,"major":70,"forced_major":0,"compactions":0}}
{"version":1,"wall_time":3.9,"cpu_time":3.9,"gc_time":1.26,"gc_overhead":32.27,"max_rss_kb":302824,"domain_stats":{"0":{"wall_time":3.9,"gc_time":1.26,"gc_overhead":32.27}},"mean_latency":0.372219,"stddev_latency":0.683938,"min_latency":0.0,"max_latency":6.275071,"distr_latency":{"25.0000":0.050207,"50.0000":0.136191,"60.0000":0.243711,"70.0000":0.342271,"75.0000":0.409087,"80.0000":0.478975,"85.0000":0.570367,"90.0000":0.745983,"95.0000":1.773567,"96.0000":1.969151,"97.0000":2.293759,"98.0000":3.186687,"99.0000":3.866623,"99.9000":5.197823,"99.9900":6.275071,"99.9990":6.275071,"99.9999":6.275071,"100.0000":6.275071},"allocations":{"total_heap":434231787,"minor_heap":418244525,"major_heap":138346408,"promoted_words":122359146,"promoted_pct":29.26},"domain_alloc_stats":{"0":{"total":434231787,"minor":418244525,"promoted":122359146,"major":138346408,"promoted_pct":29.26}},"collections":{"minor":1650,"major":70,"forced_major":0,"compactions":0}}
