{"version":1,"wall_time":5.03,"cpu_time":5.03,"gc_time":3.2,"gc_overhead":63.57,"max_rss_kb":172904,"domain_stats":{"0":{"wall_time":5.03,"gc_time":3.2,"gc_overhead":63.57}},"mean_latency":0.213785,"stddev_latency":0.456523,"min_latency":0.0,"max_latency":3.448831,"distr_latency":{"25.0000":4.7e-05,"50.0000":0.000335,"60.0000":0.000455,"70.0000":0.005295,"75.0000":0.010415,"80.0000":0.297471,"85.0000":0.815615,"90.0000":0.947711,"95.0000":1.287167,"96.0000":1.416191,"97.0000":1.545215,"98.0000":1.667071,"99.0000":1.824767,"99.9000":2.455551,"99.9900":3.430399,"99.9990":3.448831,"99.9999":3.448831,"100.0000":3.448831},"allocations":{"total_heap":14038037,"minor_heap":300770,"major_heap":13737868,"promoted_words":601,"promoted_pct":0.2},"domain_alloc_stats":{"0":{"total":14038037,"minor":300770,"promoted":601,"major":13737868,"promoted_pct":0.2}},"collections":{"minor":1963,"major":981,"forced_major":0,"compactions":0}}
{"version":1,"wall_time":4.97,"cpu_time":4.97,"gc_time":3.1,"gc_overhead":62.51,"max_rss_kb":172580,"domain_stats":{"0":{"wall_time":4.97,"gc_time":3.1,"gc_overhead":62.51}},"mean_latency":0.207686,"stddev_latency":0.43873,"min_latency":0.0,"max_latency":3.004415,"distr_latency":{"25.0000":5.5e-05,"50.0000":0.000327,"60.0000":0.000455,"70.0000":0.005103,"75.0000":0.010247,"80.0000":0.297727,"85.0000":0.799743,"90.0000":0.942591,"95.0000":1.246207,"96.0000":1.355775,"97.0000":1.488895,"98.0000":1.613823,"99.0000":1.758207,"99.9000":2.082815,"99.9900":2.772991,"99.9990":3.004415,"99.9999":3.004415,"100.0000":3.004415},"allocations":{"total_heap":14038037,"minor_heap":300770,"major_heap":13737868,"promoted_words":601,"promoted_pct":0.2},"domain_alloc_stats":{"0":{"total":14038037,"minor":300770,"promoted":601,"major":13737868,"promoted_pct":0.2}},"collections":{"minor":1963,"major":981,"forced_major":0,"compactions":0}}
{"version":1,"wall_time":4.96,"cpu_time":4.96,"gc_time":3.08,"gc_overhead":62.15,"max_rss_kb":172640,"domain_stats":{"0":{"wall_time":4.96,"gc_time":3.08,"gc_overhead":62.15}},"mean_latency":0.206288,"stddev_latency":0.436466,"min_latency":0.0,"max_latency":3.094527,"distr_latency":{"25.0000":5.5e-05,"50.0000":0.000327,"60.0000":0.000463,"70.0000":0.005175,"75.0000":0.010631,"80.0000":0.291839,"85.0000":0.793087,"90.0000":0.932351,"95.0000":1.234943,"96.0000":1.351679,"97.0000":1.477631,"98.0000":1.606655,"99.0000":1.745919,"99.9000":2.152447,"99.9900":2.926591,"99.9990":3.094527,"99.9999":3.094527,"100.0000":3.094527},"allocations":{"total_heap":14038037,"minor_heap":300770,"major_heap":13737868,"promoted_words":601,"promoted_pct":0.2},"domain_alloc_stats":{"0":{"total":14038037,"minor":300770,"promoted":601,"major":13737868,"promoted_pct":0.2}},"collections":{"minor":1963,"major":981,"forced_major":0,"compactions":0}}
