{"version":1,"wall_time":6.19,"cpu_time":6.19,"gc_time":4.9,"gc_overhead":79.11,"max_rss_kb":74964,"domain_stats":{"0":{"wall_time":6.19,"gc_time":4.9,"gc_overhead":79.11}},"mean_latency":0.375148,"stddev_latency":0.566346,"min_latency":0.0,"max_latency":2.303999,"distr_latency":{"25.0000":0.002647,"50.0000":0.040703,"60.0000":0.075071,"70.0000":0.176383,"75.0000":1.192959,"80.0000":1.311743,"85.0000":1.323007,"90.0000":1.334271,"95.0000":1.349631,"96.0000":1.353727,"97.0000":1.358847,"98.0000":1.368063,"99.0000":1.393663,"99.9000":2.067455,"99.9900":2.244607,"99.9990":2.303999,"99.9999":2.303999,"100.0000":2.303999},"allocations":{"total_heap":659662131,"minor_heap":625164757,"major_heap":101293325,"promoted_words":66795951,"promoted_pct":10.68},"domain_alloc_stats":{"0":{"total":659662131,"minor":625164757,"promoted":66795951,"major":101293325,"promoted_pct":10.68}},"collections":{"minor":11341,"major":3546,"forced_major":1116,"compactions":0}}
{"version":1,"wall_time":6.2,"cpu_time":6.2,"gc_time":4.91,"gc_overhead":79.13,"max_rss_kb":74992,"domain_stats":{"0":{"wall_time":6.2,"gc_time":4.91,"gc_overhead":79.13}},"mean_latency":0.375957,"stddev_latency":0.567997,"min_latency":0.0,"max_latency":2.344959,"distr_latency":{"25.0000":0.002503,"50.0000":0.040831,"60.0000":0.075455,"70.0000":0.177407,"75.0000":1.198079,"80.0000":1.310719,"85.0000":1.328127,"90.0000":1.341439,"95.0000":1.356799,"96.0000":1.361919,"97.0000":1.367039,"98.0000":1.375231,"99.0000":1.397759,"99.9000":2.127871,"99.9900":2.254847,"99.9990":2.344959,"99.9999":2.344959,"100.0000":2.344959},"allocations":{"total_heap":659662127,"minor_heap":625164753,"major_heap":101293325,"promoted_words":66795951,"promoted_pct":10.68},"domain_alloc_stats":{"0":{"total":659662127,"minor":625164753,"promoted":66795951,"major":101293325,"promoted_pct":10.68}},"collections":{"minor":11341,"major":3546,"forced_major":1116,"compactions":0}}
{"version":1,"wall_time":6.18,"cpu_time":6.18,"gc_time":4.85,"gc_overhead":78.47,"max_rss_kb":75252,"domain_stats":{"0":{"wall_time":6.18,"gc_time":4.85,"gc_overhead":78.47}},"mean_latency":0.371311,"stddev_latency":0.560668,"min_latency":0.0,"max_latency":2.295807,"distr_latency":{"25.0000":0.002495,"50.0000":0.040383,"60.0000":0.075007,"70.0000":0.174207,"75.0000":1.173503,"80.0000":1.297407,"85.0000":1.311743,"90.0000":1.323007,"95.0000":1.337343,"96.0000":1.342463,"97.0000":1.348607,"98.0000":1.357823,"99.0000":1.377279,"99.9000":2.089983,"99.9900":2.232319,"99.9990":2.295807,"99.9999":2.295807,"100.0000":2.295807},"allocations":{"total_heap":659662131,"minor_heap":625164757,"major_heap":101293325,"promoted_words":66795951,"promoted_pct":10.68},"domain_alloc_stats":{"0":{"total":659662131,"minor":625164757,"promoted":66795951,"major":101293325,"promoted_pct":10.68}},"collections":{"minor":11341,"major":3546,"forced_major":1116,"compactions":0}}
