{"version":1,"wall_time":2.83,"cpu_time":2.83,"gc_time":1.42,"gc_overhead":50.02,"max_rss_kb":344212,"domain_stats":{"0":{"wall_time":2.83,"gc_time":1.42,"gc_overhead":50.02}},"mean_latency":0.324297,"stddev_latency":0.485249,"min_latency":0.0,"max_latency":3.723263,"distr_latency":{"25.0000":0.063391,"50.0000":0.170879,"60.0000":0.216319,"70.0000":0.263423,"75.0000":0.311551,"80.0000":0.382719,"85.0000":0.522495,"90.0000":0.922111,"95.0000":1.350655,"96.0000":1.630207,"97.0000":1.860607,"98.0000":2.010111,"99.0000":2.568191,"99.9000":3.325951,"99.9900":3.723263,"99.9990":3.723263,"99.9999":3.723263,"100.0000":3.723263},"allocations":{"total_heap":279405786,"minor_heap":265936439,"major_heap":125922616,"promoted_words":112453269,"promoted_pct":42.29},"domain_alloc_stats":{"0":{"total":279405786,"minor":265936439,"promoted":112453269,"major":125922616,"promoted_pct":42.29}},"collections":{"minor":2101,"major":70,"forced_major":0,"compactions":0}}
{"version":1,"wall_time":2.83,"cpu_time":2.83,"gc_time":1.42,"gc_overhead":50.09,"max_rss_kb":344152,"domain_stats":{"0":{"wall_time":2.83,"gc_time":1.42,"gc_overhead":50.09}},"mean_latency":0.324338,"stddev_latency":0.485165,"min_latency":0.0,"max_latency":3.659775,"distr_latency":{"25.0000":0.064319,"50.0000":0.171775,"60.0000":0.216575,"70.0000":0.265727,"75.0000":0.314623,"80.0000":0.382719,"85.0000":0.515583,"90.0000":0.930303,"95.0000":1.348607,"96.0000":1.628159,"97.0000":1.867775,"98.0000":1.997823,"99.0000":2.543615,"99.9000":3.426303,"99.9900":3.659775,"99.9990":3.659775,"99.9999":3.659775,"100.0000":3.659775},"allocations":{"total_heap":279405786,"minor_heap":265936439,"major_heap":125922616,"promoted_words":112453269,"promoted_pct":42.29},"domain_alloc_stats":{"0":{"total":279405786,"minor":265936439,"promoted":112453269,"major":125922616,"promoted_pct":42.29}},"collections":{"minor":2101,"major":70,"forced_major":0,"compactions":0}}
{"version":1,"wall_time":2.89,"cpu_time":2.89,"gc_time":1.47,"gc_overhead":50.86,"max_rss_kb":344016,"domain_stats":{"0":{"wall_time":2.89,"gc_time":1.47,"gc_overhead":50.86}},"mean_latency":0.336303,"stddev_latency":0.495203,"min_latency":0.0,"max_latency":3.782655,"distr_latency":{"25.0000":0.069887,"50.0000":0.185727,"60.0000":0.226815,"70.0000":0.286207,"75.0000":0.329215,"80.0000":0.399615,"85.0000":0.522495,"90.0000":0.948735,"95.0000":1.384447,"96.0000":1.675263,"97.0000":1.919999,"98.0000":2.036735,"99.0000":2.607103,"99.9000":3.436543,"99.9900":3.782655,"99.9990":3.782655,"99.9999":3.782655,"100.0000":3.782655},"allocations":{"total_heap":279405786,"minor_heap":265936439,"major_heap":125922616,"promoted_words":112453269,"promoted_pct":42.29},"domain_alloc_stats":{"0":{"total":279405786,"minor":265936439,"promoted":112453269,"major":125922616,"promoted_pct":42.29}},"collections":{"minor":2101,"major":70,"forced_major":0,"compactions":0}}
