{"version":1,"wall_time":7.57,"cpu_time":7.57,"gc_time":1.85,"gc_overhead":24.42,"max_rss_kb":35672,"domain_stats":{"0":{"wall_time":7.57,"gc_time":1.85,"gc_overhead":24.42}},"mean_latency":0.085174,"stddev_latency":0.054486,"min_latency":0.0,"max_latency":0.229375,"distr_latency":{"25.0000":0.023359,"50.0000":0.075839,"60.0000":0.087551,"70.0000":0.137855,"75.0000":0.143359,"80.0000":0.151807,"85.0000":0.155519,"90.0000":0.163199,"95.0000":0.167295,"96.0000":0.168959,"97.0000":0.170879,"98.0000":0.172543,"99.0000":0.174463,"99.9000":0.181375,"99.9900":0.195199,"99.9990":0.229375,"99.9999":0.229375,"100.0000":0.229375},"allocations":{"total_heap":6638949619,"minor_heap":5690968143,"major_heap":1075536805,"promoted_words":127555329,"promoted_pct":2.24},"domain_alloc_stats":{"0":{"total":6638949619,"minor":5690968143,"promoted":127555329,"major":1075536805,"promoted_pct":2.24}},"collections":{"minor":14474,"major":7236,"forced_major":0,"compactions":0}}
{"version":1,"wall_time":7.73,"cpu_time":7.73,"gc_time":1.92,"gc_overhead":24.88,"max_rss_kb":35324,"domain_stats":{"0":{"wall_time":7.73,"gc_time":1.92,"gc_overhead":24.88}},"mean_latency":0.08863,"stddev_latency":0.057196,"min_latency":0.0,"max_latency":0.222719,"distr_latency":{"25.0000":0.023231,"50.0000":0.078335,"60.0000":0.092351,"70.0000":0.145023,"75.0000":0.150015,"80.0000":0.159103,"85.0000":0.162431,"90.0000":0.170751,"95.0000":0.173823,"96.0000":0.174975,"97.0000":0.178047,"98.0000":0.179967,"99.0000":0.181375,"99.9000":0.188287,"99.9900":0.198143,"99.9990":0.222719,"99.9999":0.222719,"100.0000":0.222719},"allocations":{"total_heap":6638949619,"minor_heap":5690968143,"major_heap":1075536805,"promoted_words":127555329,"promoted_pct":2.24},"domain_alloc_stats":{"0":{"total":6638949619,"minor":5690968143,"promoted":127555329,"major":1075536805,"promoted_pct":2.24}},"collections":{"minor":14474,"major":7236,"forced_major":0,"compactions":0}}
{"version":1,"wall_time":7.74,"cpu_time":7.74,"gc_time":1.9,"gc_overhead":24.55,"max_rss_kb":35508,"domain_stats":{"0":{"wall_time":7.74,"gc_time":1.9,"gc_overhead":24.55}},"mean_latency":0.087528,"stddev_latency":0.057246,"min_latency":0.0,"max_latency":0.319999,"distr_latency":{"25.0000":0.023567,"50.0000":0.076543,"60.0000":0.087103,"70.0000":0.143999,"75.0000":0.149887,"80.0000":0.158335,"85.0000":0.162431,"90.0000":0.169727,"95.0000":0.173695,"96.0000":0.175359,"97.0000":0.177791,"98.0000":0.179583,"99.0000":0.181247,"99.9000":0.189951,"99.9900":0.242303,"99.9990":0.319999,"99.9999":0.319999,"100.0000":0.319999},"allocations":{"total_heap":6638949619,"minor_heap":5690968143,"major_heap":1075536805,"promoted_words":127555329,"promoted_pct":2.24},"domain_alloc_stats":{"0":{"total":6638949619,"minor":5690968143,"promoted":127555329,"major":1075536805,"promoted_pct":2.24}},"collections":{"minor":14474,"major":7236,"forced_major":0,"compactions":0}}
