{"version":1,"wall_time":6.89,"cpu_time":6.89,"gc_time":1.04,"gc_overhead":15.15,"max_rss_kb":33488,"domain_stats":{"0":{"wall_time":6.89,"gc_time":1.04,"gc_overhead":15.15}},"mean_latency":0.096174,"stddev_latency":0.058759,"min_latency":0.0,"max_latency":0.297727,"distr_latency":{"25.0000":0.025711,"50.0000":0.086975,"60.0000":0.099455,"70.0000":0.149631,"75.0000":0.155647,"80.0000":0.162303,"85.0000":0.171519,"90.0000":0.178175,"95.0000":0.182911,"96.0000":0.183935,"97.0000":0.184703,"98.0000":0.185855,"99.0000":0.187647,"99.9000":0.197759,"99.9900":0.209407,"99.9990":0.297727,"99.9999":0.297727,"100.0000":0.297727},"allocations":{"total_heap":6638553542,"minor_heap":5690591026,"major_heap":1012389543,"promoted_words":64427027,"promoted_pct":1.13},"domain_alloc_stats":{"0":{"total":6638553542,"minor":5690591026,"promoted":64427027,"major":1012389543,"promoted_pct":1.13}},"collections":{"minor":7237,"major":3618,"forced_major":0,"compactions":0}}
{"version":1,"wall_time":6.84,"cpu_time":6.84,"gc_time":1.01,"gc_overhead":14.78,"max_rss_kb":33484,"domain_stats":{"0":{"wall_time":6.84,"gc_time":1.01,"gc_overhead":14.78}},"mean_latency":0.093158,"stddev_latency":0.056418,"min_latency":0.0,"max_latency":0.373503,"distr_latency":{"25.0000":0.025551,"50.0000":0.084799,"60.0000":0.098239,"70.0000":0.142591,"75.0000":0.148863,"80.0000":0.155647,"85.0000":0.164735,"90.0000":0.170879,"95.0000":0.175871,"96.0000":0.176895,"97.0000":0.178047,"98.0000":0.179455,"99.0000":0.181503,"99.9000":0.196991,"99.9900":0.226303,"99.9990":0.373503,"99.9999":0.373503,"100.0000":0.373503},"allocations":{"total_heap":6638553542,"minor_heap":5690591026,"major_heap":1012389543,"promoted_words":64427027,"promoted_pct":1.13},"domain_alloc_stats":{"0":{"total":6638553542,"minor":5690591026,"promoted":64427027,"major":1012389543,"promoted_pct":1.13}},"collections":{"minor":7237,"major":3618,"forced_major":0,"compactions":0}}
{"version":1,"wall_time":6.9,"cpu_time":6.9,"gc_time":1.04,"gc_overhead":15.04,"max_rss_kb":33444,"domain_stats":{"0":{"wall_time":6.9,"gc_time":1.04,"gc_overhead":15.04}},"mean_latency":0.095525,"stddev_latency":0.057486,"min_latency":0.0,"max_latency":0.288255,"distr_latency":{"25.0000":0.026031,"50.0000":0.087807,"60.0000":0.100223,"70.0000":0.146559,"75.0000":0.153087,"80.0000":0.159743,"85.0000":0.168703,"90.0000":0.175359,"95.0000":0.179839,"96.0000":0.180479,"97.0000":0.181503,"98.0000":0.182655,"99.0000":0.184575,"99.9000":0.194047,"99.9900":0.203135,"99.9990":0.288255,"99.9999":0.288255,"100.0000":0.288255},"allocations":{"total_heap":6638553542,"minor_heap":5690591026,"major_heap":1012389543,"promoted_words":64427027,"promoted_pct":1.13},"domain_alloc_stats":{"0":{"total":6638553542,"minor":5690591026,"promoted":64427027,"major":1012389543,"promoted_pct":1.13}},"collections":{"minor":7237,"major":3618,"forced_major":0,"compactions":0}}
