{"version":1,"wall_time":3.52,"cpu_time":3.52,"gc_time":1.3,"gc_overhead":36.84,"max_rss_kb":997548,"domain_stats":{"0":{"wall_time":3.52,"gc_time":1.3,"gc_overhead":36.84}},"mean_latency":0.128226,"stddev_latency":0.119082,"min_latency":0.0,"max_latency":2.109439,"distr_latency":{"25.0000":0.052191,"50.0000":0.103551,"60.0000":0.117503,"70.0000":0.144895,"75.0000":0.164479,"80.0000":0.192383,"85.0000":0.217855,"90.0000":0.258047,"95.0000":0.324607,"96.0000":0.352511,"97.0000":0.381183,"98.0000":0.429823,"99.0000":0.501503,"99.9000":1.538047,"99.9900":2.035711,"99.9990":2.109439,"99.9999":2.109439,"100.0000":2.109439},"allocations":{"total_heap":1329097391,"minor_heap":1326043907,"major_heap":151524441,"promoted_words":148470957,"promoted_pct":11.2},"domain_alloc_stats":{"0":{"total":1329097391,"minor":1326043907,"promoted":148470957,"major":151524441,"promoted_pct":11.2}},"collections":{"minor":5068,"major":16,"forced_major":0,"compactions":0}}
{"version":1,"wall_time":3.53,"cpu_time":3.53,"gc_time":1.3,"gc_overhead":36.9,"max_rss_kb":988988,"domain_stats":{"0":{"wall_time":3.53,"gc_time":1.3,"gc_overhead":36.9}},"mean_latency":0.128661,"stddev_latency":0.120005,"min_latency":0.0,"max_latency":2.111487,"distr_latency":{"25.0000":0.050847,"50.0000":0.104063,"60.0000":0.117759,"70.0000":0.145919,"75.0000":0.166015,"80.0000":0.193919,"85.0000":0.219775,"90.0000":0.260607,"95.0000":0.328447,"96.0000":0.353535,"97.0000":0.383999,"98.0000":0.428799,"99.0000":0.501759,"99.9000":1.550335,"99.9900":2.032639,"99.9990":2.111487,"99.9999":2.111487,"100.0000":2.111487},"allocations":{"total_heap":1329097393,"minor_heap":1326043909,"major_heap":151524441,"promoted_words":148470957,"promoted_pct":11.2},"domain_alloc_stats":{"0":{"total":1329097393,"minor":1326043909,"promoted":148470957,"major":151524441,"promoted_pct":11.2}},"collections":{"minor":5068,"major":16,"forced_major":0,"compactions":0}}
{"version":1,"wall_time":3.54,"cpu_time":3.54,"gc_time":1.3,"gc_overhead":36.81,"max_rss_kb":988816,"domain_stats":{"0":{"wall_time":3.54,"gc_time":1.3,"gc_overhead":36.81}},"mean_latency":0.128692,"stddev_latency":0.119927,"min_latency":0.0,"max_latency":2.134015,"distr_latency":{"25.0000":0.051935,"50.0000":0.103935,"60.0000":0.117823,"70.0000":0.145919,"75.0000":0.164863,"80.0000":0.194303,"85.0000":0.218879,"90.0000":0.259327,"95.0000":0.326143,"96.0000":0.353535,"97.0000":0.382975,"98.0000":0.426239,"99.0000":0.504831,"99.9000":1.558527,"99.9900":2.039807,"99.9990":2.134015,"99.9999":2.134015,"100.0000":2.134015},"allocations":{"total_heap":1329097391,"minor_heap":1326043907,"major_heap":151524441,"promoted_words":148470957,"promoted_pct":11.2},"domain_alloc_stats":{"0":{"total":1329097391,"minor":1326043907,"promoted":148470957,"major":151524441,"promoted_pct":11.2}},"collections":{"minor":5068,"major":16,"forced_major":0,"compactions":0}}
