{"version":1,"wall_time":11.49,"cpu_time":11.49,"gc_time":1.18,"gc_overhead":10.24,"max_rss_kb":959836,"domain_stats":{"0":{"wall_time":11.49,"gc_time":1.18,"gc_overhead":10.24}},"mean_latency":0.254978,"stddev_latency":0.480308,"min_latency":0.0,"max_latency":5.005311,"distr_latency":{"25.0000":0.044735,"50.0000":0.088383,"60.0000":0.113855,"70.0000":0.146303,"75.0000":0.168959,"80.0000":0.212479,"85.0000":0.356351,"90.0000":0.672767,"95.0000":1.428479,"96.0000":1.558527,"97.0000":1.805311,"98.0000":1.976319,"99.0000":2.303999,"99.9000":3.153919,"99.9900":5.005311,"99.9990":5.005311,"99.9999":5.005311,"100.0000":5.005311},"allocations":{"total_heap":2410075177,"minor_heap":2361370966,"major_heap":291652516,"promoted_words":242948305,"promoted_pct":10.29},"domain_alloc_stats":{"0":{"total":2410075177,"minor":2361370966,"promoted":242948305,"major":291652516,"promoted_pct":10.29}},"collections":{"minor":2273,"major":20,"forced_major":0,"compactions":0}}
{"version":1,"wall_time":11.44,"cpu_time":11.44,"gc_time":1.19,"gc_overhead":10.37,"max_rss_kb":960696,"domain_stats":{"0":{"wall_time":11.44,"gc_time":1.19,"gc_overhead":10.37}},"mean_latency":0.25718,"stddev_latency":0.483,"min_latency":0.0,"max_latency":5.005311,"distr_latency":{"25.0000":0.045983,"50.0000":0.089791,"60.0000":0.115327,"70.0000":0.148223,"75.0000":0.170623,"80.0000":0.214271,"85.0000":0.356351,"90.0000":0.678911,"95.0000":1.434623,"96.0000":1.577983,"97.0000":1.790975,"98.0000":1.965055,"99.0000":2.326527,"99.9000":3.115007,"99.9900":5.005311,"99.9990":5.005311,"99.9999":5.005311,"100.0000":5.005311},"allocations":{"total_heap":2410075177,"minor_heap":2361370966,"major_heap":291652516,"promoted_words":242948305,"promoted_pct":10.29},"domain_alloc_stats":{"0":{"total":2410075177,"minor":2361370966,"promoted":242948305,"major":291652516,"promoted_pct":10.29}},"collections":{"minor":2273,"major":20,"forced_major":0,"compactions":0}}
{"version":1,"wall_time":11.57,"cpu_time":11.57,"gc_time":1.22,"gc_overhead":10.56,"max_rss_kb":959872,"domain_stats":{"0":{"wall_time":11.57,"gc_time":1.22,"gc_overhead":10.56}},"mean_latency":0.264892,"stddev_latency":0.501037,"min_latency":0.0,"max_latency":5.066751,"distr_latency":{"25.0000":0.046783,"50.0000":0.092159,"60.0000":0.117311,"70.0000":0.151551,"75.0000":0.174079,"80.0000":0.218879,"85.0000":0.361471,"90.0000":0.670719,"95.0000":1.517567,"96.0000":1.650687,"97.0000":1.875967,"98.0000":2.066431,"99.0000":2.394111,"99.9000":3.278847,"99.9900":5.066751,"99.9990":5.066751,"99.9999":5.066751,"100.0000":5.066751},"allocations":{"total_heap":2410075177,"minor_heap":2361370966,"major_heap":291652516,"promoted_words":242948305,"promoted_pct":10.29},"domain_alloc_stats":{"0":{"total":2410075177,"minor":2361370966,"promoted":242948305,"major":291652516,"promoted_pct":10.29}},"collections":{"minor":2273,"major":20,"forced_major":0,"compactions":0}}
