{"version":1,"wall_time":2.78,"cpu_time":2.78,"gc_time":2.76,"gc_overhead":99.06,"max_rss_kb":111472,"domain_stats":{"0":{"wall_time":2.78,"gc_time":2.76,"gc_overhead":99.06}},"mean_latency":0.229992,"stddev_latency":0.368041,"min_latency":0.0,"max_latency":3.088383,"distr_latency":{"25.0000":0.000287,"50.0000":0.000295,"60.0000":0.010367,"70.0000":0.179327,"75.0000":0.455935,"80.0000":0.729599,"85.0000":0.886271,"90.0000":0.893951,"95.0000":0.900095,"96.0000":0.901631,"97.0000":0.903167,"98.0000":0.905215,"99.0000":0.915455,"99.9000":1.546239,"99.9900":2.787327,"99.9990":3.088383,"99.9999":3.088383,"100.0000":3.088383},"allocations":{"total_heap":14037841,"minor_heap":300574,"major_heap":13737835,"promoted_words":568,"promoted_pct":0.19},"domain_alloc_stats":{"0":{"total":14037841,"minor":300574,"promoted":568,"major":13737835,"promoted_pct":0.19}},"collections":{"minor":981,"major":981,"forced_major":0,"compactions":0}}
{"version":1,"wall_time":2.74,"cpu_time":2.74,"gc_time":2.72,"gc_overhead":99.05,"max_rss_kb":111440,"domain_stats":{"0":{"wall_time":2.74,"gc_time":2.72,"gc_overhead":99.05}},"mean_latency":0.226676,"stddev_latency":0.363663,"min_latency":0.0,"max_latency":4.139007,"distr_latency":{"25.0000":0.000287,"50.0000":0.000295,"60.0000":0.010151,"70.0000":0.176895,"75.0000":0.449023,"80.0000":0.720383,"85.0000":0.874495,"90.0000":0.881151,"95.0000":0.886783,"96.0000":0.888319,"97.0000":0.889855,"98.0000":0.892415,"99.0000":0.898559,"99.9000":1.543167,"99.9900":3.037183,"99.9990":4.139007,"99.9999":4.139007,"100.0000":4.139007},"allocations":{"total_heap":14037841,"minor_heap":300574,"major_heap":13737835,"promoted_words":568,"promoted_pct":0.19},"domain_alloc_stats":{"0":{"total":14037841,"minor":300574,"promoted":568,"major":13737835,"promoted_pct":0.19}},"collections":{"minor":981,"major":981,"forced_major":0,"compactions":0}}
{"version":1,"wall_time":2.75,"cpu_time":2.75,"gc_time":2.73,"gc_overhead":99.04,"max_rss_kb":111432,"domain_stats":{"0":{"wall_time":2.75,"gc_time":2.73,"gc_overhead":99.04}},"mean_latency":0.227224,"stddev_latency":0.363792,"min_latency":0.0,"max_latency":3.239935,"distr_latency":{"25.0000":0.000287,"50.0000":0.000295,"60.0000":0.010495,"70.0000":0.177023,"75.0000":0.446719,"80.0000":0.718335,"85.0000":0.878079,"90.0000":0.887295,"95.0000":0.893951,"96.0000":0.895487,"97.0000":0.897535,"98.0000":0.900095,"99.0000":0.905727,"99.9000":1.545215,"99.9900":2.766847,"99.9990":3.239935,"99.9999":3.239935,"100.0000":3.239935},"allocations":{"total_heap":14037841,"minor_heap":300574,"major_heap":13737835,"promoted_words":568,"promoted_pct":0.19},"domain_alloc_stats":{"0":{"total":14037841,"minor":300574,"promoted":568,"major":13737835,"promoted_pct":0.19}},"collections":{"minor":981,"major":981,"forced_major":0,"compactions":0}}
