{"version":1,"wall_time":6.11,"cpu_time":6.11,"gc_time":3.15,"gc_overhead":51.53,"max_rss_kb":881192,"domain_stats":{"0":{"wall_time":6.11,"gc_time":3.15,"gc_overhead":51.53}},"mean_latency":0.141644,"stddev_latency":0.251129,"min_latency":0.0,"max_latency":8.081407,"distr_latency":{"25.0000":0.056383,"50.0000":0.075327,"60.0000":0.091007,"70.0000":0.106879,"75.0000":0.118911,"80.0000":0.174335,"85.0000":0.284159,"90.0000":0.315391,"95.0000":0.371711,"96.0000":0.426751,"97.0000":0.540671,"98.0000":0.723455,"99.0000":1.310719,"99.9000":2.521087,"99.9900":6.803455,"99.9990":8.081407,"99.9999":8.081407,"100.0000":8.081407},"allocations":{"total_heap":2913972327,"minor_heap":2901367693,"major_heap":388853984,"promoted_words":376249350,"promoted_pct":12.97},"domain_alloc_stats":{"0":{"total":2913972327,"minor":2901367693,"promoted":376249350,"major":388853984,"promoted_pct":12.97}},"collections":{"minor":11111,"major":72,"forced_major":0,"compactions":0}}
{"version":1,"wall_time":6.11,"cpu_time":6.11,"gc_time":3.15,"gc_overhead":51.66,"max_rss_kb":883120,"domain_stats":{"0":{"wall_time":6.11,"gc_time":3.15,"gc_overhead":51.66}},"mean_latency":0.141926,"stddev_latency":0.253055,"min_latency":0.0,"max_latency":8.179711,"distr_latency":{"25.0000":0.056223,"50.0000":0.075135,"60.0000":0.090943,"70.0000":0.107135,"75.0000":0.118911,"80.0000":0.175359,"85.0000":0.283391,"90.0000":0.315391,"95.0000":0.369919,"96.0000":0.424447,"97.0000":0.541183,"98.0000":0.723455,"99.0000":1.310719,"99.9000":2.521087,"99.9900":6.836223,"99.9990":8.179711,"99.9999":8.179711,"100.0000":8.179711},"allocations":{"total_heap":2913972327,"minor_heap":2901367693,"major_heap":388853984,"promoted_words":376249350,"promoted_pct":12.97},"domain_alloc_stats":{"0":{"total":2913972327,"minor":2901367693,"promoted":376249350,"major":388853984,"promoted_pct":12.97}},"collections":{"minor":11111,"major":72,"forced_major":0,"compactions":0}}
{"version":1,"wall_time":6.08,"cpu_time":6.08,"gc_time":3.18,"gc_overhead":52.24,"max_rss_kb":883332,"domain_stats":{"0":{"wall_time":6.08,"gc_time":3.18,"gc_overhead":52.24}},"mean_latency":0.142974,"stddev_latency":0.250868,"min_latency":0.0,"max_latency":8.007679,"distr_latency":{"25.0000":0.056607,"50.0000":0.077247,"60.0000":0.091583,"70.0000":0.109823,"75.0000":0.119935,"80.0000":0.175103,"85.0000":0.286463,"90.0000":0.317439,"95.0000":0.374015,"96.0000":0.429823,"97.0000":0.536063,"98.0000":0.718335,"99.0000":1.321983,"99.9000":2.519039,"99.9900":6.717439,"99.9990":8.007679,"99.9999":8.007679,"100.0000":8.007679},"allocations":{"total_heap":2913972327,"minor_heap":2901367693,"major_heap":388853984,"promoted_words":376249350,"promoted_pct":12.97},"domain_alloc_stats":{"0":{"total":2913972327,"minor":2901367693,"promoted":376249350,"major":388853984,"promoted_pct":12.97}},"collections":{"minor":11111,"major":72,"forced_major":0,"compactions":0}}
