{"version":1,"wall_time":5.94,"cpu_time":5.94,"gc_time":4.66,"gc_overhead":78.53,"max_rss_kb":76532,"domain_stats":{"0":{"wall_time":5.94,"gc_time":4.66,"gc_overhead":78.53}},"mean_latency":0.868061,"stddev_latency":0.551098,"min_latency":0.0,"max_latency":2.559999,"distr_latency":{"25.0000":0.154495,"50.0000":1.224703,"60.0000":1.242111,"70.0000":1.258495,"75.0000":1.265663,"80.0000":1.273855,"85.0000":1.283071,"90.0000":1.294335,"95.0000":1.313791,"96.0000":1.319935,"97.0000":1.332223,"98.0000":1.377279,"99.0000":1.549311,"99.9000":2.121727,"99.9900":2.248703,"99.9990":2.559999,"99.9999":2.559999,"100.0000":2.559999},"allocations":{"total_heap":659662529,"minor_heap":625165155,"major_heap":82974830,"promoted_words":48477456,"promoted_pct":7.75},"domain_alloc_stats":{"0":{"total":659662529,"minor":625165155,"promoted":48477456,"major":82974830,"promoted_pct":7.75}},"collections":{"minor":7484,"major":3565,"forced_major":1116,"compactions":0}}
{"version":1,"wall_time":5.98,"cpu_time":5.98,"gc_time":4.69,"gc_overhead":78.44,"max_rss_kb":76700,"domain_stats":{"0":{"wall_time":5.98,"gc_time":4.69,"gc_overhead":78.44}},"mean_latency":0.873809,"stddev_latency":0.553979,"min_latency":0.0,"max_latency":2.322431,"distr_latency":{"25.0000":0.158335,"50.0000":1.231871,"60.0000":1.249279,"70.0000":1.264639,"75.0000":1.272831,"80.0000":1.281023,"85.0000":1.290239,"90.0000":1.304575,"95.0000":1.326079,"96.0000":1.333247,"97.0000":1.346559,"98.0000":1.402879,"99.0000":1.557503,"99.9000":2.123775,"99.9900":2.260991,"99.9990":2.322431,"99.9999":2.322431,"100.0000":2.322431},"allocations":{"total_heap":659662531,"minor_heap":625165157,"major_heap":82974840,"promoted_words":48477466,"promoted_pct":7.75},"domain_alloc_stats":{"0":{"total":659662531,"minor":625165157,"promoted":48477466,"major":82974840,"promoted_pct":7.75}},"collections":{"minor":7484,"major":3565,"forced_major":1116,"compactions":0}}
{"version":1,"wall_time":6.02,"cpu_time":6.02,"gc_time":4.75,"gc_overhead":78.83,"max_rss_kb":76436,"domain_stats":{"0":{"wall_time":6.02,"gc_time":4.75,"gc_overhead":78.83}},"mean_latency":0.883384,"stddev_latency":0.561795,"min_latency":0.0,"max_latency":2.592767,"distr_latency":{"25.0000":0.154367,"50.0000":1.255423,"60.0000":1.271807,"70.0000":1.285119,"75.0000":1.291263,"80.0000":1.297407,"85.0000":1.305599,"90.0000":1.313791,"95.0000":1.329151,"96.0000":1.334271,"97.0000":1.343487,"98.0000":1.400831,"99.0000":1.572863,"99.9000":2.217983,"99.9900":2.574335,"99.9990":2.592767,"99.9999":2.592767,"100.0000":2.592767},"allocations":{"total_heap":659662527,"minor_heap":625165153,"major_heap":82974838,"promoted_words":48477464,"promoted_pct":7.75},"domain_alloc_stats":{"0":{"total":659662527,"minor":625165153,"promoted":48477464,"major":82974838,"promoted_pct":7.75}},"collections":{"minor":7484,"major":3565,"forced_major":1116,"compactions":0}}
