{"version":1,"wall_time":6.35,"cpu_time":6.35,"gc_time":3.46,"gc_overhead":54.53,"max_rss_kb":783092,"domain_stats":{"0":{"wall_time":6.35,"gc_time":3.46,"gc_overhead":54.53}},"mean_latency":0.62159,"stddev_latency":1.029887,"min_latency":0.0,"max_latency":22.855679,"distr_latency":{"25.0000":0.224639,"50.0000":0.289535,"60.0000":0.372223,"70.0000":0.468223,"75.0000":0.648703,"80.0000":1.142783,"85.0000":1.261567,"90.0000":1.332223,"95.0000":1.781759,"96.0000":2.018303,"97.0000":2.486271,"98.0000":3.538943,"99.0000":4.984831,"99.9000":11.780095,"99.9900":15.482879,"99.9990":22.855679,"99.9999":22.855679,"100.0000":22.855679},"allocations":{"total_heap":2912848042,"minor_heap":2900266239,"major_heap":369217699,"promoted_words":356635896,"promoted_pct":12.3},"domain_alloc_stats":{"0":{"total":2912848042,"minor":2900266239,"promoted":356635896,"major":369217699,"promoted_pct":12.3}},"collections":{"minor":2804,"major":63,"forced_major":0,"compactions":0}}
{"version":1,"wall_time":6.45,"cpu_time":6.45,"gc_time":3.45,"gc_overhead":53.56,"max_rss_kb":785120,"domain_stats":{"0":{"wall_time":6.45,"gc_time":3.45,"gc_overhead":53.56}},"mean_latency":0.619876,"stddev_latency":1.027793,"min_latency":0.0,"max_latency":22.986751,"distr_latency":{"25.0000":0.222719,"50.0000":0.289791,"60.0000":0.370943,"70.0000":0.467199,"75.0000":0.644607,"80.0000":1.127423,"85.0000":1.253375,"90.0000":1.329151,"95.0000":1.787903,"96.0000":1.983487,"97.0000":2.461695,"98.0000":3.473407,"99.0000":5.066751,"99.9000":11.821055,"99.9900":15.613951,"99.9990":22.986751,"99.9999":22.986751,"100.0000":22.986751},"allocations":{"total_heap":2912848042,"minor_heap":2900266239,"major_heap":369217699,"promoted_words":356635896,"promoted_pct":12.3},"domain_alloc_stats":{"0":{"total":2912848042,"minor":2900266239,"promoted":356635896,"major":369217699,"promoted_pct":12.3}},"collections":{"minor":2804,"major":63,"forced_major":0,"compactions":0}}
{"version":1,"wall_time":6.34,"cpu_time":6.34,"gc_time":3.45,"gc_overhead":54.4,"max_rss_kb":785156,"domain_stats":{"0":{"wall_time":6.34,"gc_time":3.45,"gc_overhead":54.4}},"mean_latency":0.619298,"stddev_latency":1.0257,"min_latency":0.0,"max_latency":22.872063,"distr_latency":{"25.0000":0.223487,"50.0000":0.290047,"60.0000":0.372991,"70.0000":0.468223,"75.0000":0.643071,"80.0000":1.120255,"85.0000":1.254399,"90.0000":1.326079,"95.0000":1.780735,"96.0000":2.000895,"97.0000":2.463743,"98.0000":3.485695,"99.0000":4.956159,"99.9000":11.804671,"99.9900":15.425535,"99.9990":22.872063,"99.9999":22.872063,"100.0000":22.872063},"allocations":{"total_heap":2912848042,"minor_heap":2900266239,"major_heap":369217699,"promoted_words":356635896,"promoted_pct":12.3},"domain_alloc_stats":{"0":{"total":2912848042,"minor":2900266239,"promoted":356635896,"major":369217699,"promoted_pct":12.3}},"collections":{"minor":2804,"major":63,"forced_major":0,"compactions":0}}
