{"version":1,"wall_time":3.96,"cpu_time":3.96,"gc_time":0.05,"gc_overhead":1.28,"max_rss_kb":35060,"domain_stats":{"0":{"wall_time":3.96,"gc_time":0.05,"gc_overhead":1.28}},"mean_latency":0.03139,"stddev_latency":0.023364,"min_latency":0.0,"max_latency":0.132223,"distr_latency":{"25.0000":0.017695,"50.0000":0.027455,"60.0000":0.029535,"70.0000":0.032927,"75.0000":0.034591,"80.0000":0.038015,"85.0000":0.043199,"90.0000":0.066367,"95.0000":0.082303,"96.0000":0.084863,"97.0000":0.086591,"98.0000":0.114879,"99.0000":0.128831,"99.9000":0.131199,"99.9900":0.132223,"99.9990":0.132223,"99.9999":0.132223,"100.0000":0.132223},"allocations":{"total_heap":1735788097,"minor_heap":1629750132,"major_heap":120045338,"promoted_words":14007373,"promoted_pct":0.86},"domain_alloc_stats":{"0":{"total":1735788097,"minor":1629750132,"promoted":14007373,"major":120045338,"promoted_pct":0.86}},"collections":{"minor":1019,"major":479,"forced_major":0,"compactions":0}}
{"version":1,"wall_time":3.95,"cpu_time":3.95,"gc_time":0.05,"gc_overhead":1.3,"max_rss_kb":35076,"domain_stats":{"0":{"wall_time":3.95,"gc_time":0.05,"gc_overhead":1.3}},"mean_latency":0.031865,"stddev_latency":0.02338,"min_latency":0.0,"max_latency":0.133375,"distr_latency":{"25.0000":0.017887,"50.0000":0.027807,"60.0000":0.030559,"70.0000":0.033759,"75.0000":0.034943,"80.0000":0.038591,"85.0000":0.043327,"90.0000":0.066175,"95.0000":0.084287,"96.0000":0.085567,"97.0000":0.089023,"98.0000":0.116031,"99.0000":0.128767,"99.9000":0.131199,"99.9900":0.133375,"99.9990":0.133375,"99.9999":0.133375,"100.0000":0.133375},"allocations":{"total_heap":1735788097,"minor_heap":1629750132,"major_heap":120045338,"promoted_words":14007373,"promoted_pct":0.86},"domain_alloc_stats":{"0":{"total":1735788097,"minor":1629750132,"promoted":14007373,"major":120045338,"promoted_pct":0.86}},"collections":{"minor":1019,"major":479,"forced_major":0,"compactions":0}}
{"version":1,"wall_time":3.98,"cpu_time":3.98,"gc_time":0.05,"gc_overhead":1.31,"max_rss_kb":35120,"domain_stats":{"0":{"wall_time":3.98,"gc_time":0.05,"gc_overhead":1.31}},"mean_latency":0.032178,"stddev_latency":0.023377,"min_latency":0.0,"max_latency":0.132607,"distr_latency":{"25.0000":0.017935,"50.0000":0.028463,"60.0000":0.030863,"70.0000":0.034143,"75.0000":0.035743,"80.0000":0.038751,"85.0000":0.045151,"90.0000":0.066751,"95.0000":0.083455,"96.0000":0.085759,"97.0000":0.087551,"98.0000":0.113791,"99.0000":0.130303,"99.9000":0.132479,"99.9900":0.132607,"99.9990":0.132607,"99.9999":0.132607,"100.0000":0.132607},"allocations":{"total_heap":1735788097,"minor_heap":1629750132,"major_heap":120045338,"promoted_words":14007373,"promoted_pct":0.86},"domain_alloc_stats":{"0":{"total":1735788097,"minor":1629750132,"promoted":14007373,"major":120045338,"promoted_pct":0.86}},"collections":{"minor":1019,"major":479,"forced_major":0,"compactions":0}}
