{"version":1,"wall_time":8.92,"cpu_time":8.92,"gc_time":3.72,"gc_overhead":41.72,"max_rss_kb":756872,"domain_stats":{"0":{"wall_time":8.92,"gc_time":3.72,"gc_overhead":41.72}},"mean_latency":0.301462,"stddev_latency":0.766939,"min_latency":0.0,"max_latency":50.298879,"distr_latency":{"25.0000":0.000751,"50.0000":0.001871,"60.0000":0.058623,"70.0000":0.281087,"75.0000":0.398335,"80.0000":0.473087,"85.0000":0.591359,"90.0000":0.751615,"95.0000":1.566719,"96.0000":1.814527,"97.0000":2.156543,"98.0000":2.590719,"99.0000":3.178495,"99.9000":4.644863,"99.9900":8.048639,"99.9990":50.298879,"99.9999":50.298879,"100.0000":50.298879},"allocations":{"total_heap":3290011928,"minor_heap":3152257943,"major_heap":452573353,"promoted_words":314819368,"promoted_pct":9.99},"domain_alloc_stats":{"0":{"total":3290011928,"minor":3152257943,"promoted":314819368,"major":452573353,"promoted_pct":9.99}},"collections":{"minor":6087,"major":117,"forced_major":0,"compactions":0}}
{"version":1,"wall_time":8.92,"cpu_time":8.92,"gc_time":3.7,"gc_overhead":41.51,"max_rss_kb":756960,"domain_stats":{"0":{"wall_time":8.92,"gc_time":3.7,"gc_overhead":41.51}},"mean_latency":0.299678,"stddev_latency":0.765531,"min_latency":0.0,"max_latency":50.528255,"distr_latency":{"25.0000":0.000751,"50.0000":0.001815,"60.0000":0.057791,"70.0000":0.280063,"75.0000":0.392447,"80.0000":0.469247,"85.0000":0.582655,"90.0000":0.746495,"95.0000":1.560575,"96.0000":1.805311,"97.0000":2.166783,"98.0000":2.568191,"99.0000":3.135487,"99.9000":4.698111,"99.9900":8.093695,"99.9990":50.528255,"99.9999":50.528255,"100.0000":50.528255},"allocations":{"total_heap":3290011928,"minor_heap":3152257943,"major_heap":452573353,"promoted_words":314819368,"promoted_pct":9.99},"domain_alloc_stats":{"0":{"total":3290011928,"minor":3152257943,"promoted":314819368,"major":452573353,"promoted_pct":9.99}},"collections":{"minor":6087,"major":117,"forced_major":0,"compactions":0}}
{"version":1,"wall_time":8.87,"cpu_time":8.87,"gc_time":3.69,"gc_overhead":41.57,"max_rss_kb":757620,"domain_stats":{"0":{"wall_time":8.87,"gc_time":3.69,"gc_overhead":41.57}},"mean_latency":0.298423,"stddev_latency":0.755677,"min_latency":0.0,"max_latency":49.315839,"distr_latency":{"25.0000":0.000743,"50.0000":0.001807,"60.0000":0.057759,"70.0000":0.279295,"75.0000":0.392703,"80.0000":0.471039,"85.0000":0.584191,"90.0000":0.745471,"95.0000":1.547263,"96.0000":1.813503,"97.0000":2.123775,"98.0000":2.545663,"99.0000":3.147775,"99.9000":4.550655,"99.9900":7.950335,"99.9990":49.315839,"99.9999":49.315839,"100.0000":49.315839},"allocations":{"total_heap":3290011928,"minor_heap":3152257943,"major_heap":452573353,"promoted_words":314819368,"promoted_pct":9.99},"domain_alloc_stats":{"0":{"total":3290011928,"minor":3152257943,"promoted":314819368,"major":452573353,"promoted_pct":9.99}},"collections":{"minor":6087,"major":117,"forced_major":0,"compactions":0}}
