{"version":1,"wall_time":3.37,"cpu_time":3.37,"gc_time":3.02,"gc_overhead":89.59,"max_rss_kb":192788,"domain_stats":{"0":{"wall_time":3.37,"gc_time":3.02,"gc_overhead":89.59}},"mean_latency":0.251976,"stddev_latency":0.391934,"min_latency":0.0,"max_latency":3.112959,"distr_latency":{"25.0000":0.000287,"50.0000":0.000303,"60.0000":0.010327,"70.0000":0.257919,"75.0000":0.491263,"80.0000":0.772607,"85.0000":0.947199,"90.0000":0.954367,"95.0000":0.960511,"96.0000":0.962047,"97.0000":0.964095,"98.0000":0.967167,"99.0000":0.992255,"99.9000":1.651711,"99.9900":2.777087,"99.9990":3.112959,"99.9999":3.112959,"100.0000":3.112959},"allocations":{"total_heap":14037941,"minor_heap":300674,"major_heap":13737835,"promoted_words":568,"promoted_pct":0.19},"domain_alloc_stats":{"0":{"total":14037941,"minor":300674,"promoted":568,"major":13737835,"promoted_pct":0.19}},"collections":{"minor":1050,"major":1050,"forced_major":0,"compactions":0}}
{"version":1,"wall_time":3.49,"cpu_time":3.49,"gc_time":3.14,"gc_overhead":89.99,"max_rss_kb":192852,"domain_stats":{"0":{"wall_time":3.49,"gc_time":3.14,"gc_overhead":89.99}},"mean_latency":0.262151,"stddev_latency":0.410876,"min_latency":0.0,"max_latency":3.055615,"distr_latency":{"25.0000":0.000287,"50.0000":0.000295,"60.0000":0.010271,"70.0000":0.259583,"75.0000":0.509183,"80.0000":0.795647,"85.0000":0.952831,"90.0000":0.959999,"95.0000":0.968703,"96.0000":0.973823,"97.0000":1.124351,"98.0000":1.219583,"99.0000":1.242111,"99.9000":1.655807,"99.9900":2.844671,"99.9990":3.055615,"99.9999":3.055615,"100.0000":3.055615},"allocations":{"total_heap":14037941,"minor_heap":300674,"major_heap":13737835,"promoted_words":568,"promoted_pct":0.19},"domain_alloc_stats":{"0":{"total":14037941,"minor":300674,"promoted":568,"major":13737835,"promoted_pct":0.19}},"collections":{"minor":1050,"major":1050,"forced_major":0,"compactions":0}}
{"version":1,"wall_time":3.36,"cpu_time":3.36,"gc_time":3.01,"gc_overhead":89.51,"max_rss_kb":192884,"domain_stats":{"0":{"wall_time":3.36,"gc_time":3.01,"gc_overhead":89.51}},"mean_latency":0.25106,"stddev_latency":0.389992,"min_latency":0.0,"max_latency":4.755455,"distr_latency":{"25.0000":0.000287,"50.0000":0.000295,"60.0000":0.010367,"70.0000":0.259071,"75.0000":0.493311,"80.0000":0.770047,"85.0000":0.949759,"90.0000":0.956927,"95.0000":0.963583,"96.0000":0.965119,"97.0000":0.967679,"98.0000":0.971775,"99.0000":0.981503,"99.9000":1.647615,"99.9900":2.791423,"99.9990":4.755455,"99.9999":4.755455,"100.0000":4.755455},"allocations":{"total_heap":14037941,"minor_heap":300674,"major_heap":13737835,"promoted_words":568,"promoted_pct":0.19},"domain_alloc_stats":{"0":{"total":14037941,"minor":300674,"promoted":568,"major":13737835,"promoted_pct":0.19}},"collections":{"minor":1050,"major":1050,"forced_major":0,"compactions":0}}
