{"version":1,"wall_time":7.67,"cpu_time":7.67,"gc_time":2.41,"gc_overhead":31.41,"max_rss_kb":764576,"domain_stats":{"0":{"wall_time":7.67,"gc_time":2.41,"gc_overhead":31.41}},"mean_latency":0.096463,"stddev_latency":0.204315,"min_latency":0.0,"max_latency":11.911167,"distr_latency":{"25.0000":0.000743,"50.0000":0.001847,"60.0000":0.015967,"70.0000":0.075263,"75.0000":0.114687,"80.0000":0.171391,"85.0000":0.236927,"90.0000":0.335103,"95.0000":0.446975,"96.0000":0.521471,"97.0000":0.586751,"98.0000":0.697343,"99.0000":0.839679,"99.9000":1.398783,"99.9900":3.080191,"99.9990":11.911167,"99.9999":11.911167,"100.0000":11.911167},"allocations":{"total_heap":3290141802,"minor_heap":3152387582,"major_heap":464633804,"promoted_words":326879584,"promoted_pct":10.37},"domain_alloc_stats":{"0":{"total":3290141802,"minor":3152387582,"promoted":326879584,"major":464633804,"promoted_pct":10.37}},"collections":{"minor":12072,"major":55,"forced_major":0,"compactions":0}}
{"version":1,"wall_time":7.68,"cpu_time":7.68,"gc_time":2.42,"gc_overhead":31.47,"max_rss_kb":764248,"domain_stats":{"0":{"wall_time":7.68,"gc_time":2.42,"gc_overhead":31.47}},"mean_latency":0.096794,"stddev_latency":0.205001,"min_latency":0.0,"max_latency":11.886591,"distr_latency":{"25.0000":0.000735,"50.0000":0.001847,"60.0000":0.015815,"70.0000":0.075135,"75.0000":0.114495,"80.0000":0.169983,"85.0000":0.238079,"90.0000":0.335871,"95.0000":0.448511,"96.0000":0.524799,"97.0000":0.596991,"98.0000":0.699391,"99.0000":0.842751,"99.9000":1.402879,"99.9900":3.178495,"99.9990":11.886591,"99.9999":11.886591,"100.0000":11.886591},"allocations":{"total_heap":3290141802,"minor_heap":3152387582,"major_heap":464633804,"promoted_words":326879584,"promoted_pct":10.37},"domain_alloc_stats":{"0":{"total":3290141802,"minor":3152387582,"promoted":326879584,"major":464633804,"promoted_pct":10.37}},"collections":{"minor":12072,"major":55,"forced_major":0,"compactions":0}}
{"version":1,"wall_time":7.71,"cpu_time":7.71,"gc_time":2.44,"gc_overhead":31.71,"max_rss_kb":763924,"domain_stats":{"0":{"wall_time":7.71,"gc_time":2.44,"gc_overhead":31.71}},"mean_latency":0.097914,"stddev_latency":0.207203,"min_latency":0.0,"max_latency":11.845631,"distr_latency":{"25.0000":0.000751,"50.0000":0.001895,"60.0000":0.015991,"70.0000":0.075839,"75.0000":0.115903,"80.0000":0.174975,"85.0000":0.241663,"90.0000":0.337919,"95.0000":0.453631,"96.0000":0.528895,"97.0000":0.602623,"98.0000":0.711167,"99.0000":0.864255,"99.9000":1.412095,"99.9900":3.323903,"99.9990":11.845631,"99.9999":11.845631,"100.0000":11.845631},"allocations":{"total_heap":3290141802,"minor_heap":3152387582,"major_heap":464633804,"promoted_words":326879584,"promoted_pct":10.37},"domain_alloc_stats":{"0":{"total":3290141802,"minor":3152387582,"promoted":326879584,"major":464633804,"promoted_pct":10.37}},"collections":{"minor":12072,"major":55,"forced_major":0,"compactions":0}}
