{"version":1,"wall_time":2.19,"cpu_time":2.19,"gc_time":0.78,"gc_overhead":35.42,"max_rss_kb":408524,"domain_stats":{"0":{"wall_time":2.19,"gc_time":0.78,"gc_overhead":35.42}},"mean_latency":0.701811,"stddev_latency":0.853825,"min_latency":0.0,"max_latency":6.832127,"distr_latency":{"25.0000":0.184191,"50.0000":0.458239,"60.0000":0.618495,"70.0000":0.744447,"75.0000":0.858623,"80.0000":0.980479,"85.0000":1.196031,"90.0000":1.528831,"95.0000":2.363391,"96.0000":2.746367,"97.0000":3.123199,"98.0000":3.706879,"99.0000":4.243455,"99.9000":6.180863,"99.9900":6.832127,"99.9990":6.832127,"99.9999":6.832127,"100.0000":6.832127},"allocations":{"total_heap":279331283,"minor_heap":265953017,"major_heap":116207464,"promoted_words":102829198,"promoted_pct":38.66},"domain_alloc_stats":{"0":{"total":279331283,"minor":265953017,"promoted":102829198,"major":116207464,"promoted_pct":38.66}},"collections":{"minor":531,"major":31,"forced_major":0,"compactions":0}}
{"version":1,"wall_time":2.2,"cpu_time":2.2,"gc_time":0.77,"gc_overhead":35.22,"max_rss_kb":407928,"domain_stats":{"0":{"wall_time":2.2,"gc_time":0.77,"gc_overhead":35.22}},"mean_latency":0.69943,"stddev_latency":0.849008,"min_latency":0.0,"max_latency":6.864895,"distr_latency":{"25.0000":0.185215,"50.0000":0.456959,"60.0000":0.616959,"70.0000":0.740351,"75.0000":0.856063,"80.0000":0.963071,"85.0000":1.204223,"90.0000":1.551359,"95.0000":2.344959,"96.0000":2.709503,"97.0000":3.053567,"98.0000":3.637247,"99.0000":4.280319,"99.9000":6.270975,"99.9900":6.864895,"99.9990":6.864895,"99.9999":6.864895,"100.0000":6.864895},"allocations":{"total_heap":279331283,"minor_heap":265953017,"major_heap":116207464,"promoted_words":102829198,"promoted_pct":38.66},"domain_alloc_stats":{"0":{"total":279331283,"minor":265953017,"promoted":102829198,"major":116207464,"promoted_pct":38.66}},"collections":{"minor":531,"major":31,"forced_major":0,"compactions":0}}
{"version":1,"wall_time":2.21,"cpu_time":2.21,"gc_time":0.78,"gc_overhead":35.27,"max_rss_kb":406816,"domain_stats":{"0":{"wall_time":2.21,"gc_time":0.78,"gc_overhead":35.27}},"mean_latency":0.70376,"stddev_latency":0.853949,"min_latency":0.0,"max_latency":6.893567,"distr_latency":{"25.0000":0.187391,"50.0000":0.454399,"60.0000":0.624127,"70.0000":0.746495,"75.0000":0.859135,"80.0000":0.991743,"85.0000":1.200127,"90.0000":1.571839,"95.0000":2.363391,"96.0000":2.719743,"97.0000":3.063807,"98.0000":3.614719,"99.0000":4.284415,"99.9000":6.238207,"99.9900":6.893567,"99.9990":6.893567,"99.9999":6.893567,"100.0000":6.893567},"allocations":{"total_heap":279331283,"minor_heap":265953017,"major_heap":116207464,"promoted_words":102829198,"promoted_pct":38.66},"domain_alloc_stats":{"0":{"total":279331283,"minor":265953017,"promoted":102829198,"major":116207464,"promoted_pct":38.66}},"collections":{"minor":531,"major":31,"forced_major":0,"compactions":0}}
