{"version":1,"wall_time":3.61,"cpu_time":3.61,"gc_time":1.22,"gc_overhead":33.75,"max_rss_kb":300080,"domain_stats":{"0":{"wall_time":3.61,"gc_time":1.22,"gc_overhead":33.75}},"mean_latency":2.0052,"stddev_latency":2.459126,"min_latency":0.0,"max_latency":16.441343,"distr_latency":{"25.0000":0.374527,"50.0000":1.101823,"60.0000":1.599487,"70.0000":2.295807,"75.0000":2.807807,"80.0000":3.211263,"85.0000":4.077567,"90.0000":5.042175,"95.0000":7.303167,"96.0000":7.712767,"97.0000":8.253439,"98.0000":9.904127,"99.0000":11.124735,"99.9000":14.426111,"99.9900":16.441343,"99.9990":16.441343,"99.9999":16.441343,"100.0000":16.441343},"allocations":{"total_heap":606023759,"minor_heap":583651031,"major_heap":156043354,"promoted_words":133670626,"promoted_pct":22.9},"domain_alloc_stats":{"0":{"total":606023759,"minor":583651031,"promoted":133670626,"major":156043354,"promoted_pct":22.9}},"collections":{"minor":310,"major":34,"forced_major":0,"compactions":0}}
{"version":1,"wall_time":3.59,"cpu_time":3.59,"gc_time":1.22,"gc_overhead":34.12,"max_rss_kb":300120,"domain_stats":{"0":{"wall_time":3.59,"gc_time":1.22,"gc_overhead":34.12}},"mean_latency":2.017331,"stddev_latency":2.479794,"min_latency":0.0,"max_latency":16.334847,"distr_latency":{"25.0000":0.378623,"50.0000":1.097727,"60.0000":1.608703,"70.0000":2.369535,"75.0000":2.813951,"80.0000":3.190783,"85.0000":4.091903,"90.0000":5.062655,"95.0000":7.327743,"96.0000":7.741439,"97.0000":8.318975,"98.0000":10.108927,"99.0000":11.288575,"99.9000":14.483455,"99.9900":16.334847,"99.9990":16.334847,"99.9999":16.334847,"100.0000":16.334847},"allocations":{"total_heap":606023759,"minor_heap":583651031,"major_heap":156043354,"promoted_words":133670626,"promoted_pct":22.9},"domain_alloc_stats":{"0":{"total":606023759,"minor":583651031,"promoted":133670626,"major":156043354,"promoted_pct":22.9}},"collections":{"minor":310,"major":34,"forced_major":0,"compactions":0}}
{"version":1,"wall_time":3.57,"cpu_time":3.57,"gc_time":1.21,"gc_overhead":33.94,"max_rss_kb":300044,"domain_stats":{"0":{"wall_time":3.57,"gc_time":1.21,"gc_overhead":33.94}},"mean_latency":1.996295,"stddev_latency":2.435109,"min_latency":0.0,"max_latency":16.007167,"distr_latency":{"25.0000":0.374783,"50.0000":1.111039,"60.0000":1.587199,"70.0000":2.357247,"75.0000":2.789375,"80.0000":3.203071,"85.0000":4.059135,"90.0000":5.058559,"95.0000":7.127039,"96.0000":7.688191,"97.0000":8.069119,"98.0000":9.560063,"99.0000":10.985471,"99.9000":14.737407,"99.9900":16.007167,"99.9990":16.007167,"99.9999":16.007167,"100.0000":16.007167},"allocations":{"total_heap":606023761,"minor_heap":583651033,"major_heap":156043354,"promoted_words":133670626,"promoted_pct":22.9},"domain_alloc_stats":{"0":{"total":606023761,"minor":583651033,"promoted":133670626,"major":156043354,"promoted_pct":22.9}},"collections":{"minor":310,"major":34,"forced_major":0,"compactions":0}}
