{"version":1,"wall_time":3.59,"cpu_time":3.59,"gc_time":1.16,"gc_overhead":32.28,"max_rss_kb":312876,"domain_stats":{"0":{"wall_time":3.59,"gc_time":1.16,"gc_overhead":32.28}},"mean_latency":0.919609,"stddev_latency":1.351266,"min_latency":0.0,"max_latency":12.509183,"distr_latency":{"25.0000":0.098431,"50.0000":0.432639,"60.0000":0.605183,"70.0000":0.938495,"75.0000":1.128447,"80.0000":1.502207,"85.0000":1.953791,"90.0000":2.506751,"95.0000":3.313663,"96.0000":3.788799,"97.0000":4.206591,"98.0000":5.279743,"99.0000":6.377471,"99.9000":11.517951,"99.9900":12.509183,"99.9990":12.509183,"99.9999":12.509183,"100.0000":12.509183},"allocations":{"total_heap":629520403,"minor_heap":606219839,"major_heap":165307868,"promoted_words":142007304,"promoted_pct":23.43},"domain_alloc_stats":{"0":{"total":629520403,"minor":606219839,"promoted":142007304,"major":165307868,"promoted_pct":23.43}},"collections":{"minor":609,"major":27,"forced_major":0,"compactions":0}}
{"version":1,"wall_time":3.6,"cpu_time":3.6,"gc_time":1.17,"gc_overhead":32.35,"max_rss_kb":312984,"domain_stats":{"0":{"wall_time":3.6,"gc_time":1.17,"gc_overhead":32.35}},"mean_latency":0.925105,"stddev_latency":1.360897,"min_latency":0.0,"max_latency":12.664831,"distr_latency":{"25.0000":0.098879,"50.0000":0.437247,"60.0000":0.609279,"70.0000":0.935935,"75.0000":1.125375,"80.0000":1.488895,"85.0000":1.956863,"90.0000":2.535423,"95.0000":3.313663,"96.0000":3.813375,"97.0000":4.296703,"98.0000":5.345279,"99.0000":6.459391,"99.9000":11.542527,"99.9900":12.664831,"99.9990":12.664831,"99.9999":12.664831,"100.0000":12.664831},"allocations":{"total_heap":629520405,"minor_heap":606219841,"major_heap":165307868,"promoted_words":142007304,"promoted_pct":23.43},"domain_alloc_stats":{"0":{"total":629520405,"minor":606219841,"promoted":142007304,"major":165307868,"promoted_pct":23.43}},"collections":{"minor":609,"major":27,"forced_major":0,"compactions":0}}
{"version":1,"wall_time":3.62,"cpu_time":3.62,"gc_time":1.17,"gc_overhead":32.36,"max_rss_kb":312840,"domain_stats":{"0":{"wall_time":3.62,"gc_time":1.17,"gc_overhead":32.36}},"mean_latency":0.928496,"stddev_latency":1.363123,"min_latency":0.0,"max_latency":12.525567,"distr_latency":{"25.0000":0.098751,"50.0000":0.436479,"60.0000":0.608255,"70.0000":0.935423,"75.0000":1.133567,"80.0000":1.516543,"85.0000":1.967103,"90.0000":2.568191,"95.0000":3.346431,"96.0000":3.792895,"97.0000":4.239359,"98.0000":5.271551,"99.0000":6.475775,"99.9000":11.534335,"99.9900":12.525567,"99.9990":12.525567,"99.9999":12.525567,"100.0000":12.525567},"allocations":{"total_heap":629520403,"minor_heap":606219839,"major_heap":165307868,"promoted_words":142007304,"promoted_pct":23.43},"domain_alloc_stats":{"0":{"total":629520403,"minor":606219839,"promoted":142007304,"major":165307868,"promoted_pct":23.43}},"collections":{"minor":609,"major":27,"forced_major":0,"compactions":0}}
