{"version":1,"wall_time":3.96,"cpu_time":3.96,"gc_time":0.05,"gc_overhead":1.3,"max_rss_kb":36548,"domain_stats":{"0":{"wall_time":3.96,"gc_time":0.05,"gc_overhead":1.3}},"mean_latency":0.032807,"stddev_latency":0.027463,"min_latency":0.0,"max_latency":0.250239,"distr_latency":{"25.0000":0.017903,"50.0000":0.027535,"60.0000":0.030447,"70.0000":0.033375,"75.0000":0.035615,"80.0000":0.039071,"85.0000":0.046207,"90.0000":0.058847,"95.0000":0.078591,"96.0000":0.089151,"97.0000":0.108031,"98.0000":0.137855,"99.0000":0.163455,"99.9000":0.191743,"99.9900":0.250239,"99.9990":0.250239,"99.9999":0.250239,"100.0000":0.250239},"allocations":{"total_heap":1736344696,"minor_heap":1630349315,"major_heap":119088538,"promoted_words":13093157,"promoted_pct":0.8},"domain_alloc_stats":{"0":{"total":1736344696,"minor":1630349315,"promoted":13093157,"major":119088538,"promoted_pct":0.8}},"collections":{"minor":1015,"major":475,"forced_major":0,"compactions":0}}
{"version":1,"wall_time":3.99,"cpu_time":3.99,"gc_time":0.05,"gc_overhead":1.28,"max_rss_kb":36488,"domain_stats":{"0":{"wall_time":3.99,"gc_time":0.05,"gc_overhead":1.28}},"mean_latency":0.03253,"stddev_latency":0.027385,"min_latency":0.0,"max_latency":0.241919,"distr_latency":{"25.0000":0.017663,"50.0000":0.027215,"60.0000":0.030175,"70.0000":0.033055,"75.0000":0.035327,"80.0000":0.038847,"85.0000":0.046303,"90.0000":0.057759,"95.0000":0.077503,"96.0000":0.090815,"97.0000":0.109375,"98.0000":0.133375,"99.0000":0.161663,"99.9000":0.191359,"99.9900":0.241919,"99.9990":0.241919,"99.9999":0.241919,"100.0000":0.241919},"allocations":{"total_heap":1736344696,"minor_heap":1630349315,"major_heap":119088538,"promoted_words":13093157,"promoted_pct":0.8},"domain_alloc_stats":{"0":{"total":1736344696,"minor":1630349315,"promoted":13093157,"major":119088538,"promoted_pct":0.8}},"collections":{"minor":1015,"major":475,"forced_major":0,"compactions":0}}
{"version":1,"wall_time":3.99,"cpu_time":3.99,"gc_time":0.05,"gc_overhead":1.31,"max_rss_kb":36212,"domain_stats":{"0":{"wall_time":3.99,"gc_time":0.05,"gc_overhead":1.31}},"mean_latency":0.033221,"stddev_latency":0.0275,"min_latency":0.0,"max_latency":0.246783,"distr_latency":{"25.0000":0.018159,"50.0000":0.027871,"60.0000":0.030991,"70.0000":0.034111,"75.0000":0.036415,"80.0000":0.040447,"85.0000":0.047231,"90.0000":0.058559,"95.0000":0.076863,"96.0000":0.091455,"97.0000":0.108415,"98.0000":0.135679,"99.0000":0.165247,"99.9000":0.185471,"99.9900":0.246783,"99.9990":0.246783,"99.9999":0.246783,"100.0000":0.246783},"allocations":{"total_heap":1736344696,"minor_heap":1630349315,"major_heap":119088538,"promoted_words":13093157,"promoted_pct":0.8},"domain_alloc_stats":{"0":{"total":1736344696,"minor":1630349315,"promoted":13093157,"major":119088538,"promoted_pct":0.8}},"collections":{"minor":1015,"major":475,"forced_major":0,"compactions":0}}
