{"version":1,"wall_time":7.57,"cpu_time":7.57,"gc_time":2.37,"gc_overhead":31.28,"max_rss_kb":761904,"domain_stats":{"0":{"wall_time":7.57,"gc_time":2.37,"gc_overhead":31.28}},"mean_latency":0.191728,"stddev_latency":0.378102,"min_latency":0.0,"max_latency":8.503295,"distr_latency":{"25.0000":0.000751,"50.0000":0.001783,"60.0000":0.026031,"70.0000":0.161023,"75.0000":0.234367,"80.0000":0.397823,"85.0000":0.494847,"90.0000":0.633343,"95.0000":0.877567,"96.0000":1.003519,"97.0000":1.150975,"98.0000":1.349631,"99.0000":1.581055,"99.9000":3.706879,"99.9900":7.127039,"99.9990":8.503295,"99.9999":8.503295,"100.0000":8.503295},"allocations":{"total_heap":3290111980,"minor_heap":3152357909,"major_heap":452477440,"promoted_words":314723369,"promoted_pct":9.98},"domain_alloc_stats":{"0":{"total":3290111980,"minor":3152357909,"promoted":314723369,"major":452477440,"promoted_pct":9.98}},"collections":{"minor":6052,"major":53,"forced_major":0,"compactions":0}}
{"version":1,"wall_time":7.56,"cpu_time":7.56,"gc_time":2.38,"gc_overhead":31.45,"max_rss_kb":762144,"domain_stats":{"0":{"wall_time":7.56,"gc_time":2.38,"gc_overhead":31.45}},"mean_latency":0.19241,"stddev_latency":0.3762,"min_latency":0.0,"max_latency":8.527871,"distr_latency":{"25.0000":0.000743,"50.0000":0.001711,"60.0000":0.027775,"70.0000":0.162815,"75.0000":0.235519,"80.0000":0.402943,"85.0000":0.504575,"90.0000":0.636415,"95.0000":0.867327,"96.0000":0.993791,"97.0000":1.128447,"98.0000":1.333247,"99.0000":1.577983,"99.9000":3.661823,"99.9900":6.795263,"99.9990":8.527871,"99.9999":8.527871,"100.0000":8.527871},"allocations":{"total_heap":3290111980,"minor_heap":3152357909,"major_heap":452477440,"promoted_words":314723369,"promoted_pct":9.98},"domain_alloc_stats":{"0":{"total":3290111980,"minor":3152357909,"promoted":314723369,"major":452477440,"promoted_pct":9.98}},"collections":{"minor":6052,"major":53,"forced_major":0,"compactions":0}}
{"version":1,"wall_time":7.62,"cpu_time":7.62,"gc_time":2.36,"gc_overhead":31.0,"max_rss_kb":761608,"domain_stats":{"0":{"wall_time":7.62,"gc_time":2.36,"gc_overhead":31.0}},"mean_latency":0.191179,"stddev_latency":0.377781,"min_latency":0.0,"max_latency":8.544255,"distr_latency":{"25.0000":0.000743,"50.0000":0.001791,"60.0000":0.026351,"70.0000":0.161279,"75.0000":0.235263,"80.0000":0.398591,"85.0000":0.493823,"90.0000":0.632831,"95.0000":0.869375,"96.0000":0.996351,"97.0000":1.137663,"98.0000":1.345535,"99.0000":1.577983,"99.9000":3.530751,"99.9900":7.102463,"99.9990":8.544255,"99.9999":8.544255,"100.0000":8.544255},"allocations":{"total_heap":3290111980,"minor_heap":3152357909,"major_heap":452477440,"promoted_words":314723369,"promoted_pct":9.98},"domain_alloc_stats":{"0":{"total":3290111980,"minor":3152357909,"promoted":314723369,"major":452477440,"promoted_pct":9.98}},"collections":{"minor":6052,"major":53,"forced_major":0,"compactions":0}}
