{"version":1,"wall_time":4.74,"cpu_time":4.74,"gc_time":3.46,"gc_overhead":72.98,"max_rss_kb":187904,"domain_stats":{"0":{"wall_time":4.74,"gc_time":3.46,"gc_overhead":72.98}},"mean_latency":0.288166,"stddev_latency":0.441563,"min_latency":0.0,"max_latency":4.349951,"distr_latency":{"25.0000":0.000287,"50.0000":0.000415,"60.0000":0.011871,"70.0000":0.323327,"75.0000":0.588287,"80.0000":0.859647,"85.0000":1.051647,"90.0000":1.061887,"95.0000":1.074175,"96.0000":1.079295,"97.0000":1.085439,"98.0000":1.134591,"99.0000":1.216511,"99.9000":1.823743,"99.9900":2.949119,"99.9990":4.349951,"99.9999":4.349951,"100.0000":4.349951},"allocations":{"total_heap":14037791,"minor_heap":300524,"major_heap":13737835,"promoted_words":568,"promoted_pct":0.19},"domain_alloc_stats":{"0":{"total":14037791,"minor":300524,"promoted":568,"major":13737835,"promoted_pct":0.19}},"collections":{"minor":1158,"major":1158,"forced_major":0,"compactions":0}}
{"version":1,"wall_time":4.76,"cpu_time":4.76,"gc_time":3.5,"gc_overhead":73.51,"max_rss_kb":187116,"domain_stats":{"0":{"wall_time":4.76,"gc_time":3.5,"gc_overhead":73.51}},"mean_latency":0.291552,"stddev_latency":0.44698,"min_latency":0.0,"max_latency":3.813375,"distr_latency":{"25.0000":0.000287,"50.0000":0.000415,"60.0000":0.011743,"70.0000":0.321023,"75.0000":0.587263,"80.0000":0.869375,"85.0000":1.081343,"90.0000":1.092607,"95.0000":1.101823,"96.0000":1.104895,"97.0000":1.107967,"98.0000":1.114111,"99.0000":1.173503,"99.9000":1.830911,"99.9900":2.795519,"99.9990":3.813375,"99.9999":3.813375,"100.0000":3.813375},"allocations":{"total_heap":14037791,"minor_heap":300524,"major_heap":13737835,"promoted_words":568,"promoted_pct":0.19},"domain_alloc_stats":{"0":{"total":14037791,"minor":300524,"promoted":568,"major":13737835,"promoted_pct":0.19}},"collections":{"minor":1158,"major":1158,"forced_major":0,"compactions":0}}
{"version":1,"wall_time":4.77,"cpu_time":4.77,"gc_time":3.49,"gc_overhead":73.12,"max_rss_kb":187852,"domain_stats":{"0":{"wall_time":4.77,"gc_time":3.49,"gc_overhead":73.12}},"mean_latency":0.290622,"stddev_latency":0.445398,"min_latency":0.0,"max_latency":4.632575,"distr_latency":{"25.0000":0.000287,"50.0000":0.000407,"60.0000":0.011671,"70.0000":0.321023,"75.0000":0.586751,"80.0000":0.866815,"85.0000":1.079295,"90.0000":1.090559,"95.0000":1.100799,"96.0000":1.103871,"97.0000":1.106943,"98.0000":1.113087,"99.0000":1.124351,"99.9000":1.825791,"99.9900":2.775039,"99.9990":4.632575,"99.9999":4.632575,"100.0000":4.632575},"allocations":{"total_heap":14037791,"minor_heap":300524,"major_heap":13737835,"promoted_words":568,"promoted_pct":0.19},"domain_alloc_stats":{"0":{"total":14037791,"minor":300524,"promoted":568,"major":13737835,"promoted_pct":0.19}},"collections":{"minor":1158,"major":1158,"forced_major":0,"compactions":0}}
