{"version":1,"wall_time":2.0,"cpu_time":2.0,"gc_time":0.19,"gc_overhead":9.46,"max_rss_kb":53864,"domain_stats":{"0":{"wall_time":2.0,"gc_time":0.19,"gc_overhead":9.46}},"mean_latency":0.002575,"stddev_latency":0.002683,"min_latency":0.0,"max_latency":0.057983,"distr_latency":{"25.0000":0.000847,"50.0000":0.002063,"60.0000":0.002743,"70.0000":0.003615,"75.0000":0.004135,"80.0000":0.004303,"85.0000":0.004367,"90.0000":0.004623,"95.0000":0.006391,"96.0000":0.007775,"97.0000":0.009583,"98.0000":0.011607,"99.0000":0.014151,"99.9000":0.019103,"99.9900":0.022335,"99.9990":0.039007,"99.9999":0.057983,"100.0000":0.057983},"allocations":{"total_heap":3994217622,"minor_heap":4706214,"major_heap":3989583359,"promoted_words":71951,"promoted_pct":1.53},"domain_alloc_stats":{"0":{"total":3994217622,"minor":4706214,"promoted":71951,"major":3989583359,"promoted_pct":1.53}},"collections":{"minor":36664,"major":18331,"forced_major":0,"compactions":0}}
{"version":1,"wall_time":2.0,"cpu_time":2.0,"gc_time":0.2,"gc_overhead":9.82,"max_rss_kb":54068,"domain_stats":{"0":{"wall_time":2.0,"gc_time":0.2,"gc_overhead":9.82}},"mean_latency":0.002681,"stddev_latency":0.00276,"min_latency":0.0,"max_latency":0.030735,"distr_latency":{"25.0000":0.000863,"50.0000":0.002063,"60.0000":0.002775,"70.0000":0.004007,"75.0000":0.004311,"80.0000":0.004703,"85.0000":0.004767,"90.0000":0.004991,"95.0000":0.006647,"96.0000":0.007991,"97.0000":0.009831,"98.0000":0.011767,"99.0000":0.014231,"99.9000":0.018847,"99.9900":0.022223,"99.9990":0.025023,"99.9999":0.030735,"100.0000":0.030735},"allocations":{"total_heap":3994217622,"minor_heap":4706214,"major_heap":3989583359,"promoted_words":71951,"promoted_pct":1.53},"domain_alloc_stats":{"0":{"total":3994217622,"minor":4706214,"promoted":71951,"major":3989583359,"promoted_pct":1.53}},"collections":{"minor":36664,"major":18331,"forced_major":0,"compactions":0}}
{"version":1,"wall_time":2.0,"cpu_time":2.0,"gc_time":0.19,"gc_overhead":9.52,"max_rss_kb":54136,"domain_stats":{"0":{"wall_time":2.0,"gc_time":0.19,"gc_overhead":9.52}},"mean_latency":0.002595,"stddev_latency":0.002713,"min_latency":0.0,"max_latency":0.037535,"distr_latency":{"25.0000":0.000855,"50.0000":0.002071,"60.0000":0.002767,"70.0000":0.004055,"75.0000":0.004095,"80.0000":0.004127,"85.0000":0.004343,"90.0000":0.004743,"95.0000":0.006511,"96.0000":0.008023,"97.0000":0.009903,"98.0000":0.011863,"99.0000":0.014431,"99.9000":0.018735,"99.9900":0.021887,"99.9990":0.036191,"99.9999":0.037535,"100.0000":0.037535},"allocations":{"total_heap":3994217622,"minor_heap":4706214,"major_heap":3989583359,"promoted_words":71951,"promoted_pct":1.53},"domain_alloc_stats":{"0":{"total":3994217622,"minor":4706214,"promoted":71951,"major":3989583359,"promoted_pct":1.53}},"collections":{"minor":36664,"major":18331,"forced_major":0,"compactions":0}}
