{"version":1,"wall_time":1.98,"cpu_time":1.98,"gc_time":0.6,"gc_overhead":30.06,"max_rss_kb":457540,"domain_stats":{"0":{"wall_time":1.98,"gc_time":0.6,"gc_overhead":30.06}},"mean_latency":1.088662,"stddev_latency":1.135764,"min_latency":0.0,"max_latency":6.111231,"distr_latency":{"25.0000":0.207231,"50.0000":0.589311,"60.0000":1.035263,"70.0000":1.429503,"75.0000":1.618943,"80.0000":1.826815,"85.0000":2.158591,"90.0000":2.734079,"95.0000":3.526655,"96.0000":3.764223,"97.0000":4.007935,"98.0000":4.395007,"99.0000":4.845567,"99.9000":5.439487,"99.9900":6.111231,"99.9990":6.111231,"99.9999":6.111231,"100.0000":6.111231},"allocations":{"total_heap":279286992,"minor_heap":265908726,"major_heap":106310529,"promoted_words":92932263,"promoted_pct":34.95},"domain_alloc_stats":{"0":{"total":279286992,"minor":265908726,"promoted":92932263,"major":106310529,"promoted_pct":34.95}},"collections":{"minor":266,"major":17,"forced_major":0,"compactions":0}}
{"version":1,"wall_time":2.01,"cpu_time":2.01,"gc_time":0.61,"gc_overhead":30.45,"max_rss_kb":467992,"domain_stats":{"0":{"wall_time":2.01,"gc_time":0.61,"gc_overhead":30.45}},"mean_latency":1.115031,"stddev_latency":1.165483,"min_latency":0.0,"max_latency":6.283263,"distr_latency":{"25.0000":0.221951,"50.0000":0.621055,"60.0000":1.065983,"70.0000":1.443839,"75.0000":1.630207,"80.0000":1.880063,"85.0000":2.232319,"90.0000":2.893823,"95.0000":3.639295,"96.0000":3.778559,"97.0000":4.038655,"98.0000":4.497407,"99.0000":4.947967,"99.9000":5.574655,"99.9900":6.283263,"99.9990":6.283263,"99.9999":6.283263,"100.0000":6.283263},"allocations":{"total_heap":279286992,"minor_heap":265908726,"major_heap":106310529,"promoted_words":92932263,"promoted_pct":34.95},"domain_alloc_stats":{"0":{"total":279286992,"minor":265908726,"promoted":92932263,"major":106310529,"promoted_pct":34.95}},"collections":{"minor":266,"major":17,"forced_major":0,"compactions":0}}
{"version":1,"wall_time":2.0,"cpu_time":2.0,"gc_time":0.61,"gc_overhead":30.44,"max_rss_kb":456008,"domain_stats":{"0":{"wall_time":2.0,"gc_time":0.61,"gc_overhead":30.44}},"mean_latency":1.109921,"stddev_latency":1.157489,"min_latency":0.0,"max_latency":6.193151,"distr_latency":{"25.0000":0.224383,"50.0000":0.599551,"60.0000":1.005567,"70.0000":1.441791,"75.0000":1.629183,"80.0000":1.872895,"85.0000":2.187263,"90.0000":2.865151,"95.0000":3.559423,"96.0000":3.772415,"97.0000":4.034559,"98.0000":4.431871,"99.0000":4.902911,"99.9000":5.525503,"99.9900":6.193151,"99.9990":6.193151,"99.9999":6.193151,"100.0000":6.193151},"allocations":{"total_heap":279286992,"minor_heap":265908726,"major_heap":106310529,"promoted_words":92932263,"promoted_pct":34.95},"domain_alloc_stats":{"0":{"total":279286992,"minor":265908726,"promoted":92932263,"major":106310529,"promoted_pct":34.95}},"collections":{"minor":266,"major":17,"forced_major":0,"compactions":0}}
