{"version":1,"wall_time":4.73,"cpu_time":4.73,"gc_time":1.81,"gc_overhead":38.16,"max_rss_kb":1222272,"domain_stats":{"0":{"wall_time":4.73,"gc_time":1.81,"gc_overhead":38.16}},"mean_latency":0.649603,"stddev_latency":0.70167,"min_latency":0.0,"max_latency":8.138751,"distr_latency":{"25.0000":0.268031,"50.0000":0.510719,"60.0000":0.542719,"70.0000":0.756735,"75.0000":0.797183,"80.0000":0.902655,"85.0000":1.024511,"90.0000":1.160191,"95.0000":1.791999,"96.0000":2.010111,"97.0000":2.308095,"98.0000":2.664447,"99.0000":3.616767,"99.9000":6.504447,"99.9900":8.138751,"99.9990":8.138751,"99.9999":8.138751,"100.0000":8.138751},"allocations":{"total_heap":2912119816,"minor_heap":2899485995,"major_heap":363082246,"promoted_words":350448425,"promoted_pct":12.09},"domain_alloc_stats":{"0":{"total":2912119816,"minor":2899485995,"promoted":350448425,"major":363082246,"promoted_pct":12.09}},"collections":{"minor":1397,"major":25,"forced_major":0,"compactions":0}}
{"version":1,"wall_time":4.73,"cpu_time":4.73,"gc_time":1.8,"gc_overhead":38.02,"max_rss_kb":1226616,"domain_stats":{"0":{"wall_time":4.73,"gc_time":1.8,"gc_overhead":38.02}},"mean_latency":0.64672,"stddev_latency":0.702256,"min_latency":0.0,"max_latency":8.187903,"distr_latency":{"25.0000":0.264447,"50.0000":0.508415,"60.0000":0.540159,"70.0000":0.754175,"75.0000":0.793087,"80.0000":0.895999,"85.0000":1.032191,"90.0000":1.168383,"95.0000":1.767423,"96.0000":1.985535,"97.0000":2.252799,"98.0000":2.662399,"99.0000":3.497983,"99.9000":6.594559,"99.9900":8.187903,"99.9990":8.187903,"99.9999":8.187903,"100.0000":8.187903},"allocations":{"total_heap":2912119816,"minor_heap":2899485995,"major_heap":363082246,"promoted_words":350448425,"promoted_pct":12.09},"domain_alloc_stats":{"0":{"total":2912119816,"minor":2899485995,"promoted":350448425,"major":363082246,"promoted_pct":12.09}},"collections":{"minor":1397,"major":25,"forced_major":0,"compactions":0}}
{"version":1,"wall_time":4.77,"cpu_time":4.77,"gc_time":1.85,"gc_overhead":38.67,"max_rss_kb":1202084,"domain_stats":{"0":{"wall_time":4.77,"gc_time":1.85,"gc_overhead":38.67}},"mean_latency":0.664423,"stddev_latency":0.711267,"min_latency":0.0,"max_latency":8.265727,"distr_latency":{"25.0000":0.267519,"50.0000":0.542207,"60.0000":0.574975,"70.0000":0.788991,"75.0000":0.827903,"80.0000":0.932351,"85.0000":1.028607,"90.0000":1.178623,"95.0000":1.821695,"96.0000":2.036735,"97.0000":2.373631,"98.0000":2.758655,"99.0000":3.661823,"99.9000":6.565887,"99.9900":8.265727,"99.9990":8.265727,"99.9999":8.265727,"100.0000":8.265727},"allocations":{"total_heap":2912119816,"minor_heap":2899485995,"major_heap":363082246,"promoted_words":350448425,"promoted_pct":12.09},"domain_alloc_stats":{"0":{"total":2912119816,"minor":2899485995,"promoted":350448425,"major":363082246,"promoted_pct":12.09}},"collections":{"minor":1397,"major":25,"forced_major":0,"compactions":0}}
