{"version":1,"wall_time":1.84,"cpu_time":1.84,"gc_time":0.62,"gc_overhead":33.88,"max_rss_kb":338804,"domain_stats":{"0":{"wall_time":1.84,"gc_time":0.62,"gc_overhead":33.88}},"mean_latency":0.047945,"stddev_latency":0.083645,"min_latency":0.0,"max_latency":1.773567,"distr_latency":{"25.0000":0.010407,"50.0000":0.020591,"60.0000":0.025103,"70.0000":0.034431,"75.0000":0.044831,"80.0000":0.060287,"85.0000":0.079423,"90.0000":0.132607,"95.0000":0.194047,"96.0000":0.215039,"97.0000":0.251135,"98.0000":0.339455,"99.0000":0.429055,"99.9000":0.697855,"99.9900":1.581055,"99.9990":1.773567,"99.9999":1.773567,"100.0000":1.773567},"allocations":{"total_heap":850669936,"minor_heap":846812624,"major_heap":95593144,"promoted_words":91735832,"promoted_pct":10.83},"domain_alloc_stats":{"0":{"total":850669936,"minor":846812624,"promoted":91735832,"major":95593144,"promoted_pct":10.83}},"collections":{"minor":6474,"major":20,"forced_major":0,"compactions":0}}
{"version":1,"wall_time":1.84,"cpu_time":1.84,"gc_time":0.62,"gc_overhead":33.85,"max_rss_kb":336656,"domain_stats":{"0":{"wall_time":1.84,"gc_time":0.62,"gc_overhead":33.85}},"mean_latency":0.04797,"stddev_latency":0.083906,"min_latency":0.0,"max_latency":1.767423,"distr_latency":{"25.0000":0.010503,"50.0000":0.020719,"60.0000":0.025295,"70.0000":0.034399,"75.0000":0.044703,"80.0000":0.060607,"85.0000":0.078335,"90.0000":0.131711,"95.0000":0.190207,"96.0000":0.212735,"97.0000":0.246527,"98.0000":0.333311,"99.0000":0.432639,"99.9000":0.708095,"99.9900":1.583103,"99.9990":1.767423,"99.9999":1.767423,"100.0000":1.767423},"allocations":{"total_heap":850669936,"minor_heap":846812624,"major_heap":95593144,"promoted_words":91735832,"promoted_pct":10.83},"domain_alloc_stats":{"0":{"total":850669936,"minor":846812624,"promoted":91735832,"major":95593144,"promoted_pct":10.83}},"collections":{"minor":6474,"major":20,"forced_major":0,"compactions":0}}
{"version":1,"wall_time":1.84,"cpu_time":1.84,"gc_time":0.62,"gc_overhead":33.91,"max_rss_kb":336576,"domain_stats":{"0":{"wall_time":1.84,"gc_time":0.62,"gc_overhead":33.91}},"mean_latency":0.048029,"stddev_latency":0.083922,"min_latency":0.0,"max_latency":1.768447,"distr_latency":{"25.0000":0.010463,"50.0000":0.020543,"60.0000":0.025167,"70.0000":0.034335,"75.0000":0.044607,"80.0000":0.060543,"85.0000":0.078527,"90.0000":0.131967,"95.0000":0.191615,"96.0000":0.212351,"97.0000":0.254335,"98.0000":0.342271,"99.0000":0.430335,"99.9000":0.696831,"99.9900":1.586175,"99.9990":1.768447,"99.9999":1.768447,"100.0000":1.768447},"allocations":{"total_heap":850669936,"minor_heap":846812624,"major_heap":95593144,"promoted_words":91735832,"promoted_pct":10.83},"domain_alloc_stats":{"0":{"total":850669936,"minor":846812624,"promoted":91735832,"major":95593144,"promoted_pct":10.83}},"collections":{"minor":6474,"major":20,"forced_major":0,"compactions":0}}
