{"version":1,"wall_time":2.72,"cpu_time":2.72,"gc_time":2.67,"gc_overhead":98.34,"max_rss_kb":111364,"domain_stats":{"0":{"wall_time":2.72,"gc_time":2.67,"gc_overhead":98.34}},"mean_latency":0.180034,"stddev_latency":0.39929,"min_latency":0.0,"max_latency":3.790847,"distr_latency":{"25.0000":8.7e-05,"50.0000":0.000295,"60.0000":0.000311,"70.0000":0.003831,"75.0000":0.007911,"80.0000":0.039199,"85.0000":0.724991,"90.0000":0.867327,"95.0000":1.096703,"96.0000":1.218559,"97.0000":1.340415,"98.0000":1.473535,"99.0000":1.599487,"99.9000":2.013183,"99.9900":2.824191,"99.9990":3.790847,"99.9999":3.790847,"100.0000":3.790847},"allocations":{"total_heap":14037986,"minor_heap":300719,"major_heap":13737868,"promoted_words":601,"promoted_pct":0.2},"domain_alloc_stats":{"0":{"total":14037986,"minor":300719,"promoted":601,"major":13737868,"promoted_pct":0.2}},"collections":{"minor":1889,"major":944,"forced_major":0,"compactions":0}}
{"version":1,"wall_time":2.78,"cpu_time":2.78,"gc_time":2.73,"gc_overhead":98.36,"max_rss_kb":111480,"domain_stats":{"0":{"wall_time":2.78,"gc_time":2.73,"gc_overhead":98.36}},"mean_latency":0.184291,"stddev_latency":0.409213,"min_latency":0.0,"max_latency":2.949119,"distr_latency":{"25.0000":0.000103,"50.0000":0.000295,"60.0000":0.000303,"70.0000":0.003775,"75.0000":0.007263,"80.0000":0.041503,"85.0000":0.740863,"90.0000":0.859647,"95.0000":1.135615,"96.0000":1.253375,"97.0000":1.375231,"98.0000":1.492991,"99.0000":1.629183,"99.9000":2.107391,"99.9900":2.492415,"99.9990":2.949119,"99.9999":2.949119,"100.0000":2.949119},"allocations":{"total_heap":14037986,"minor_heap":300719,"major_heap":13737868,"promoted_words":601,"promoted_pct":0.2},"domain_alloc_stats":{"0":{"total":14037986,"minor":300719,"promoted":601,"major":13737868,"promoted_pct":0.2}},"collections":{"minor":1889,"major":944,"forced_major":0,"compactions":0}}
{"version":1,"wall_time":2.7,"cpu_time":2.7,"gc_time":2.66,"gc_overhead":98.35,"max_rss_kb":111372,"domain_stats":{"0":{"wall_time":2.7,"gc_time":2.66,"gc_overhead":98.35}},"mean_latency":0.179371,"stddev_latency":0.39858,"min_latency":0.0,"max_latency":4.591615,"distr_latency":{"25.0000":0.000111,"50.0000":0.000295,"60.0000":0.000311,"70.0000":0.003727,"75.0000":0.007751,"80.0000":0.039199,"85.0000":0.727551,"90.0000":0.854527,"95.0000":1.111039,"96.0000":1.219583,"97.0000":1.341439,"98.0000":1.465343,"99.0000":1.583103,"99.9000":2.061311,"99.9900":2.582527,"99.9990":4.591615,"99.9999":4.591615,"100.0000":4.591615},"allocations":{"total_heap":14037986,"minor_heap":300719,"major_heap":13737868,"promoted_words":601,"promoted_pct":0.2},"domain_alloc_stats":{"0":{"total":14037986,"minor":300719,"promoted":601,"major":13737868,"promoted_pct":0.2}},"collections":{"minor":1889,"major":944,"forced_major":0,"compactions":0}}
