{"version":1,"wall_time":7.68,"cpu_time":7.68,"gc_time":1.88,"gc_overhead":24.52,"max_rss_kb":35732,"domain_stats":{"0":{"wall_time":7.68,"gc_time":1.88,"gc_overhead":24.52}},"mean_latency":0.086691,"stddev_latency":0.056291,"min_latency":0.0,"max_latency":0.244863,"distr_latency":{"25.0000":0.023039,"50.0000":0.077311,"60.0000":0.091711,"70.0000":0.141695,"75.0000":0.147071,"80.0000":0.155391,"85.0000":0.159359,"90.0000":0.167295,"95.0000":0.171135,"96.0000":0.172543,"97.0000":0.175487,"98.0000":0.177407,"99.0000":0.179071,"99.9000":0.183551,"99.9900":0.192511,"99.9990":0.244863,"99.9999":0.244863,"100.0000":0.244863},"allocations":{"total_heap":6638949619,"minor_heap":5690968143,"major_heap":1075536805,"promoted_words":127555329,"promoted_pct":2.24},"domain_alloc_stats":{"0":{"total":6638949619,"minor":5690968143,"promoted":127555329,"major":1075536805,"promoted_pct":2.24}},"collections":{"minor":14474,"major":7236,"forced_major":0,"compactions":0}}
{"version":1,"wall_time":7.67,"cpu_time":7.67,"gc_time":1.9,"gc_overhead":24.79,"max_rss_kb":35820,"domain_stats":{"0":{"wall_time":7.67,"gc_time":1.9,"gc_overhead":24.79}},"mean_latency":0.087523,"stddev_latency":0.055946,"min_latency":0.0,"max_latency":0.241279,"distr_latency":{"25.0000":0.023599,"50.0000":0.077695,"60.0000":0.091327,"70.0000":0.141439,"75.0000":0.147455,"80.0000":0.155391,"85.0000":0.159615,"90.0000":0.167295,"95.0000":0.171391,"96.0000":0.172799,"97.0000":0.175615,"98.0000":0.177407,"99.0000":0.179455,"99.9000":0.186751,"99.9900":0.225535,"99.9990":0.241279,"99.9999":0.241279,"100.0000":0.241279},"allocations":{"total_heap":6638949619,"minor_heap":5690968143,"major_heap":1075536805,"promoted_words":127555329,"promoted_pct":2.24},"domain_alloc_stats":{"0":{"total":6638949619,"minor":5690968143,"promoted":127555329,"major":1075536805,"promoted_pct":2.24}},"collections":{"minor":14474,"major":7236,"forced_major":0,"compactions":0}}
{"version":1,"wall_time":7.73,"cpu_time":7.73,"gc_time":1.91,"gc_overhead":24.73,"max_rss_kb":35512,"domain_stats":{"0":{"wall_time":7.73,"gc_time":1.91,"gc_overhead":24.73}},"mean_latency":0.088063,"stddev_latency":0.056839,"min_latency":0.0,"max_latency":0.224639,"distr_latency":{"25.0000":0.023551,"50.0000":0.077375,"60.0000":0.090559,"70.0000":0.143999,"75.0000":0.149119,"80.0000":0.157823,"85.0000":0.161663,"90.0000":0.169471,"95.0000":0.173439,"96.0000":0.174847,"97.0000":0.177279,"98.0000":0.179199,"99.0000":0.181247,"99.9000":0.189567,"99.9900":0.202111,"99.9990":0.224639,"99.9999":0.224639,"100.0000":0.224639},"allocations":{"total_heap":6638949619,"minor_heap":5690968143,"major_heap":1075536805,"promoted_words":127555329,"promoted_pct":2.24},"domain_alloc_stats":{"0":{"total":6638949619,"minor":5690968143,"promoted":127555329,"major":1075536805,"promoted_pct":2.24}},"collections":{"minor":14474,"major":7236,"forced_major":0,"compactions":0}}
