{"version":1,"wall_time":4.92,"cpu_time":4.92,"gc_time":2.91,"gc_overhead":59.13,"max_rss_kb":178624,"domain_stats":{"0":{"wall_time":4.92,"gc_time":2.91,"gc_overhead":59.13}},"mean_latency":0.197794,"stddev_latency":0.407279,"min_latency":0.0,"max_latency":2.918399,"distr_latency":{"25.0000":5.5e-05,"50.0000":0.000327,"60.0000":0.000423,"70.0000":0.004207,"75.0000":0.010615,"80.0000":0.293375,"85.0000":0.853503,"90.0000":0.869375,"95.0000":1.112063,"96.0000":1.222655,"97.0000":1.339391,"98.0000":1.462271,"99.0000":1.604607,"99.9000":2.013183,"99.9900":2.506751,"99.9990":2.918399,"99.9999":2.918399,"100.0000":2.918399},"allocations":{"total_heap":14037937,"minor_heap":300670,"major_heap":13737868,"promoted_words":601,"promoted_pct":0.2},"domain_alloc_stats":{"0":{"total":14037937,"minor":300670,"promoted":601,"major":13737868,"promoted_pct":0.2}},"collections":{"minor":1799,"major":899,"forced_major":0,"compactions":0}}
{"version":1,"wall_time":4.9,"cpu_time":4.9,"gc_time":2.9,"gc_overhead":59.22,"max_rss_kb":179060,"domain_stats":{"0":{"wall_time":4.9,"gc_time":2.9,"gc_overhead":59.22}},"mean_latency":0.197418,"stddev_latency":0.407676,"min_latency":0.0,"max_latency":3.555327,"distr_latency":{"25.0000":6.3e-05,"50.0000":0.000327,"60.0000":0.000447,"70.0000":0.004271,"75.0000":0.009975,"80.0000":0.284927,"85.0000":0.846335,"90.0000":0.869887,"95.0000":1.104895,"96.0000":1.223679,"97.0000":1.345535,"98.0000":1.474559,"99.0000":1.619967,"99.9000":2.010111,"99.9900":2.457599,"99.9990":3.555327,"99.9999":3.555327,"100.0000":3.555327},"allocations":{"total_heap":14037937,"minor_heap":300670,"major_heap":13737868,"promoted_words":601,"promoted_pct":0.2},"domain_alloc_stats":{"0":{"total":14037937,"minor":300670,"promoted":601,"major":13737868,"promoted_pct":0.2}},"collections":{"minor":1799,"major":899,"forced_major":0,"compactions":0}}
{"version":1,"wall_time":4.9,"cpu_time":4.9,"gc_time":2.9,"gc_overhead":59.13,"max_rss_kb":178732,"domain_stats":{"0":{"wall_time":4.9,"gc_time":2.9,"gc_overhead":59.13}},"mean_latency":0.197129,"stddev_latency":0.4074,"min_latency":0.0,"max_latency":3.084287,"distr_latency":{"25.0000":4.7e-05,"50.0000":0.000327,"60.0000":0.000431,"70.0000":0.004223,"75.0000":0.010383,"80.0000":0.287743,"85.0000":0.852479,"90.0000":0.867839,"95.0000":1.113087,"96.0000":1.223679,"97.0000":1.351679,"98.0000":1.473535,"99.0000":1.611775,"99.9000":2.026495,"99.9900":2.742271,"99.9990":3.084287,"99.9999":3.084287,"100.0000":3.084287},"allocations":{"total_heap":14037937,"minor_heap":300670,"major_heap":13737868,"promoted_words":601,"promoted_pct":0.2},"domain_alloc_stats":{"0":{"total":14037937,"minor":300670,"promoted":601,"major":13737868,"promoted_pct":0.2}},"collections":{"minor":1799,"major":899,"forced_major":0,"compactions":0}}
