{"version":1,"wall_time":4.62,"cpu_time":4.62,"gc_time":1.79,"gc_overhead":38.65,"max_rss_kb":1245544,"domain_stats":{"0":{"wall_time":4.62,"gc_time":1.79,"gc_overhead":38.65}},"mean_latency":0.320795,"stddev_latency":0.430619,"min_latency":0.0,"max_latency":10.141695,"distr_latency":{"25.0000":0.124479,"50.0000":0.252031,"60.0000":0.264959,"70.0000":0.372735,"75.0000":0.383487,"80.0000":0.416511,"85.0000":0.512255,"90.0000":0.568831,"95.0000":0.874495,"96.0000":1.014271,"97.0000":1.130495,"98.0000":1.458175,"99.0000":1.976319,"99.9000":4.411391,"99.9900":9.854975,"99.9990":10.141695,"99.9999":10.141695,"100.0000":10.141695},"allocations":{"total_heap":2913828882,"minor_heap":2901240717,"major_heap":369236312,"promoted_words":356648147,"promoted_pct":12.29},"domain_alloc_stats":{"0":{"total":2913828882,"minor":2901240717,"promoted":356648147,"major":369236312,"promoted_pct":12.29}},"collections":{"minor":2784,"major":28,"forced_major":0,"compactions":0}}
{"version":1,"wall_time":4.62,"cpu_time":4.62,"gc_time":1.77,"gc_overhead":38.3,"max_rss_kb":1245440,"domain_stats":{"0":{"wall_time":4.62,"gc_time":1.77,"gc_overhead":38.3}},"mean_latency":0.317753,"stddev_latency":0.427716,"min_latency":0.0,"max_latency":10.051583,"distr_latency":{"25.0000":0.122751,"50.0000":0.250879,"60.0000":0.264447,"70.0000":0.370687,"75.0000":0.381951,"80.0000":0.412671,"85.0000":0.505343,"90.0000":0.561663,"95.0000":0.870399,"96.0000":0.994303,"97.0000":1.142783,"98.0000":1.411071,"99.0000":1.984511,"99.9000":4.370431,"99.9900":9.879551,"99.9990":10.051583,"99.9999":10.051583,"100.0000":10.051583},"allocations":{"total_heap":2913828882,"minor_heap":2901240717,"major_heap":369236312,"promoted_words":356648147,"promoted_pct":12.29},"domain_alloc_stats":{"0":{"total":2913828882,"minor":2901240717,"promoted":356648147,"major":369236312,"promoted_pct":12.29}},"collections":{"minor":2784,"major":28,"forced_major":0,"compactions":0}}
{"version":1,"wall_time":4.69,"cpu_time":4.69,"gc_time":1.78,"gc_overhead":37.96,"max_rss_kb":1245304,"domain_stats":{"0":{"wall_time":4.69,"gc_time":1.78,"gc_overhead":37.96}},"mean_latency":0.319882,"stddev_latency":0.426839,"min_latency":0.0,"max_latency":10.117119,"distr_latency":{"25.0000":0.124287,"50.0000":0.253311,"60.0000":0.265983,"70.0000":0.373503,"75.0000":0.384767,"80.0000":0.415231,"85.0000":0.506367,"90.0000":0.564223,"95.0000":0.885247,"96.0000":1.005567,"97.0000":1.136639,"98.0000":1.428479,"99.0000":1.973247,"99.9000":4.395007,"99.9900":9.486335,"99.9990":10.117119,"99.9999":10.117119,"100.0000":10.117119},"allocations":{"total_heap":2913828882,"minor_heap":2901240717,"major_heap":369236312,"promoted_words":356648147,"promoted_pct":12.29},"domain_alloc_stats":{"0":{"total":2913828882,"minor":2901240717,"promoted":356648147,"major":369236312,"promoted_pct":12.29}},"collections":{"minor":2784,"major":28,"forced_major":0,"compactions":0}}
