{"version":1,"wall_time":6.93,"cpu_time":6.93,"gc_time":1.03,"gc_overhead":14.91,"max_rss_kb":33408,"domain_stats":{"0":{"wall_time":6.93,"gc_time":1.03,"gc_overhead":14.91}},"mean_latency":0.095147,"stddev_latency":0.056334,"min_latency":0.0,"max_latency":0.207359,"distr_latency":{"25.0000":0.026959,"50.0000":0.088127,"60.0000":0.102591,"70.0000":0.144767,"75.0000":0.150783,"80.0000":0.157567,"85.0000":0.166143,"90.0000":0.172671,"95.0000":0.177023,"96.0000":0.177919,"97.0000":0.178943,"98.0000":0.180351,"99.0000":0.182399,"99.9000":0.192895,"99.9900":0.204287,"99.9990":0.207359,"99.9999":0.207359,"100.0000":0.207359},"allocations":{"total_heap":6638985318,"minor_heap":5691115502,"major_heap":1012272048,"promoted_words":64402232,"promoted_pct":1.13},"domain_alloc_stats":{"0":{"total":6638985318,"minor":5691115502,"promoted":64402232,"major":1012272048,"promoted_pct":1.13}},"collections":{"minor":7237,"major":3617,"forced_major":0,"compactions":0}}
{"version":1,"wall_time":6.86,"cpu_time":6.86,"gc_time":1.04,"gc_overhead":15.14,"max_rss_kb":33468,"domain_stats":{"0":{"wall_time":6.86,"gc_time":1.04,"gc_overhead":15.14}},"mean_latency":0.095611,"stddev_latency":0.056005,"min_latency":0.0,"max_latency":0.234879,"distr_latency":{"25.0000":0.026783,"50.0000":0.089215,"60.0000":0.104383,"70.0000":0.143999,"75.0000":0.150143,"80.0000":0.157055,"85.0000":0.165759,"90.0000":0.172031,"95.0000":0.176383,"96.0000":0.177279,"97.0000":0.178431,"98.0000":0.179711,"99.0000":0.181631,"99.9000":0.197503,"99.9900":0.205567,"99.9990":0.234879,"99.9999":0.234879,"100.0000":0.234879},"allocations":{"total_heap":6638985318,"minor_heap":5691115502,"major_heap":1012272048,"promoted_words":64402232,"promoted_pct":1.13},"domain_alloc_stats":{"0":{"total":6638985318,"minor":5691115502,"promoted":64402232,"major":1012272048,"promoted_pct":1.13}},"collections":{"minor":7237,"major":3617,"forced_major":0,"compactions":0}}
{"version":1,"wall_time":6.87,"cpu_time":6.87,"gc_time":1.04,"gc_overhead":15.15,"max_rss_kb":33528,"domain_stats":{"0":{"wall_time":6.87,"gc_time":1.04,"gc_overhead":15.15}},"mean_latency":0.095831,"stddev_latency":0.059024,"min_latency":0.0,"max_latency":0.255871,"distr_latency":{"25.0000":0.026591,"50.0000":0.085759,"60.0000":0.096319,"70.0000":0.151679,"75.0000":0.158207,"80.0000":0.164991,"85.0000":0.174207,"90.0000":0.180479,"95.0000":0.184959,"96.0000":0.185983,"97.0000":0.186879,"98.0000":0.188159,"99.0000":0.189695,"99.9000":0.199551,"99.9900":0.243327,"99.9990":0.255871,"99.9999":0.255871,"100.0000":0.255871},"allocations":{"total_heap":6638985318,"minor_heap":5691115502,"major_heap":1012272048,"promoted_words":64402232,"promoted_pct":1.13},"domain_alloc_stats":{"0":{"total":6638985318,"minor":5691115502,"promoted":64402232,"major":1012272048,"promoted_pct":1.13}},"collections":{"minor":7237,"major":3617,"forced_major":0,"compactions":0}}
