{"version":1,"wall_time":5.97,"cpu_time":5.97,"gc_time":3.08,"gc_overhead":51.5,"max_rss_kb":876076,"domain_stats":{"0":{"wall_time":5.97,"gc_time":3.08,"gc_overhead":51.5}},"mean_latency":0.276695,"stddev_latency":0.469518,"min_latency":0.0,"max_latency":10.526719,"distr_latency":{"25.0000":0.114303,"50.0000":0.143615,"60.0000":0.179583,"70.0000":0.207231,"75.0000":0.241279,"80.0000":0.356863,"85.0000":0.560639,"90.0000":0.598015,"95.0000":0.715263,"96.0000":0.854527,"97.0000":1.060863,"98.0000":1.489919,"99.0000":2.734079,"99.9000":4.743167,"99.9900":10.239999,"99.9990":10.526719,"99.9999":10.526719,"100.0000":10.526719},"allocations":{"total_heap":2913595620,"minor_heap":2901036647,"major_heap":376842096,"promoted_words":364283123,"promoted_pct":12.56},"domain_alloc_stats":{"0":{"total":2913595620,"minor":2901036647,"promoted":364283123,"major":376842096,"promoted_pct":12.56}},"collections":{"minor":5574,"major":69,"forced_major":0,"compactions":0}}
{"version":1,"wall_time":6.05,"cpu_time":6.05,"gc_time":3.13,"gc_overhead":51.82,"max_rss_kb":879792,"domain_stats":{"0":{"wall_time":6.05,"gc_time":3.13,"gc_overhead":51.82}},"mean_latency":0.281945,"stddev_latency":0.476373,"min_latency":0.0,"max_latency":10.797055,"distr_latency":{"25.0000":0.114943,"50.0000":0.149247,"60.0000":0.177919,"70.0000":0.212735,"75.0000":0.244479,"80.0000":0.367615,"85.0000":0.567295,"90.0000":0.603135,"95.0000":0.721919,"96.0000":0.867327,"97.0000":1.061887,"98.0000":1.550335,"99.0000":2.766847,"99.9000":4.747263,"99.9900":10.510335,"99.9990":10.797055,"99.9999":10.797055,"100.0000":10.797055},"allocations":{"total_heap":2913595620,"minor_heap":2901036647,"major_heap":376842096,"promoted_words":364283123,"promoted_pct":12.56},"domain_alloc_stats":{"0":{"total":2913595620,"minor":2901036647,"promoted":364283123,"major":376842096,"promoted_pct":12.56}},"collections":{"minor":5574,"major":69,"forced_major":0,"compactions":0}}
{"version":1,"wall_time":5.97,"cpu_time":5.97,"gc_time":3.08,"gc_overhead":51.54,"max_rss_kb":876728,"domain_stats":{"0":{"wall_time":5.97,"gc_time":3.08,"gc_overhead":51.54}},"mean_latency":0.276636,"stddev_latency":0.472455,"min_latency":0.0,"max_latency":10.592255,"distr_latency":{"25.0000":0.113663,"50.0000":0.142591,"60.0000":0.176511,"70.0000":0.205951,"75.0000":0.242559,"80.0000":0.357375,"85.0000":0.561663,"90.0000":0.600575,"95.0000":0.710143,"96.0000":0.843775,"97.0000":1.067007,"98.0000":1.528831,"99.0000":2.752511,"99.9000":4.767743,"99.9900":10.485759,"99.9990":10.592255,"99.9999":10.592255,"100.0000":10.592255},"allocations":{"total_heap":2913595620,"minor_heap":2901036647,"major_heap":376842096,"promoted_words":364283123,"promoted_pct":12.56},"domain_alloc_stats":{"0":{"total":2913595620,"minor":2901036647,"promoted":364283123,"major":376842096,"promoted_pct":12.56}},"collections":{"minor":5574,"major":69,"forced_major":0,"compactions":0}}
