{"version":1,"wall_time":3.27,"cpu_time":3.27,"gc_time":0.64,"gc_overhead":19.43,"max_rss_kb":438436,"domain_stats":{"0":{"wall_time":3.27,"gc_time":0.64,"gc_overhead":19.43}},"mean_latency":0.373844,"stddev_latency":0.566904,"min_latency":0.0,"max_latency":4.677631,"distr_latency":{"25.0000":0.036703,"50.0000":0.141567,"60.0000":0.259839,"70.0000":0.387327,"75.0000":0.506623,"80.0000":0.634879,"85.0000":0.744447,"90.0000":0.982527,"95.0000":1.507327,"96.0000":1.646591,"97.0000":1.777663,"98.0000":1.919999,"99.0000":3.108863,"99.9000":4.042751,"99.9900":4.677631,"99.9990":4.677631,"99.9999":4.677631,"100.0000":4.677631},"allocations":{"total_heap":434134982,"minor_heap":418224757,"major_heap":128433063,"promoted_words":112522838,"promoted_pct":26.9},"domain_alloc_stats":{"0":{"total":434134982,"minor":418224757,"promoted":112522838,"major":128433063,"promoted_pct":26.9}},"collections":{"minor":824,"major":26,"forced_major":0,"compactions":0}}
{"version":1,"wall_time":3.3,"cpu_time":3.3,"gc_time":0.63,"gc_overhead":19.13,"max_rss_kb":438256,"domain_stats":{"0":{"wall_time":3.3,"gc_time":0.63,"gc_overhead":19.13}},"mean_latency":0.371467,"stddev_latency":0.562055,"min_latency":0.0,"max_latency":4.591615,"distr_latency":{"25.0000":0.036671,"50.0000":0.141951,"60.0000":0.260479,"70.0000":0.387583,"75.0000":0.504575,"80.0000":0.632319,"85.0000":0.733695,"90.0000":0.970751,"95.0000":1.497087,"96.0000":1.643519,"97.0000":1.742847,"98.0000":1.901567,"99.0000":3.110911,"99.9000":3.997695,"99.9900":4.591615,"99.9990":4.591615,"99.9999":4.591615,"100.0000":4.591615},"allocations":{"total_heap":434134982,"minor_heap":418224757,"major_heap":128433063,"promoted_words":112522838,"promoted_pct":26.9},"domain_alloc_stats":{"0":{"total":434134982,"minor":418224757,"promoted":112522838,"major":128433063,"promoted_pct":26.9}},"collections":{"minor":824,"major":26,"forced_major":0,"compactions":0}}
{"version":1,"wall_time":3.28,"cpu_time":3.28,"gc_time":0.63,"gc_overhead":19.31,"max_rss_kb":438396,"domain_stats":{"0":{"wall_time":3.28,"gc_time":0.63,"gc_overhead":19.31}},"mean_latency":0.372351,"stddev_latency":0.564769,"min_latency":0.0,"max_latency":4.702207,"distr_latency":{"25.0000":0.036671,"50.0000":0.141951,"60.0000":0.261119,"70.0000":0.388607,"75.0000":0.506111,"80.0000":0.634879,"85.0000":0.735231,"90.0000":0.978943,"95.0000":1.466367,"96.0000":1.596415,"97.0000":1.777663,"98.0000":1.936383,"99.0000":3.110911,"99.9000":4.014079,"99.9900":4.702207,"99.9990":4.702207,"99.9999":4.702207,"100.0000":4.702207},"allocations":{"total_heap":434134982,"minor_heap":418224757,"major_heap":128433063,"promoted_words":112522838,"promoted_pct":26.9},"domain_alloc_stats":{"0":{"total":434134982,"minor":418224757,"promoted":112522838,"major":128433063,"promoted_pct":26.9}},"collections":{"minor":824,"major":26,"forced_major":0,"compactions":0}}
