{"version":1,"wall_time":4.22,"cpu_time":4.22,"gc_time":0.22,"gc_overhead":5.16,"max_rss_kb":25344,"domain_stats":{"0":{"wall_time":4.22,"gc_time":0.22,"gc_overhead":5.16}},"mean_latency":0.034711,"stddev_latency":0.01839,"min_latency":0.0,"max_latency":0.143359,"distr_latency":{"25.0000":0.019807,"50.0000":0.039199,"60.0000":0.042879,"70.0000":0.045471,"75.0000":0.046623,"80.0000":0.047999,"85.0000":0.049759,"90.0000":0.052351,"95.0000":0.056959,"96.0000":0.058751,"97.0000":0.061855,"98.0000":0.067135,"99.0000":0.086335,"99.9000":0.119423,"99.9900":0.131455,"99.9990":0.143359,"99.9999":0.143359,"100.0000":0.143359},"allocations":{"total_heap":1736210796,"minor_heap":1630118381,"major_heap":157980510,"promoted_words":51888095,"promoted_pct":3.18},"domain_alloc_stats":{"0":{"total":1736210796,"minor":1630118381,"promoted":51888095,"major":157980510,"promoted_pct":3.18}},"collections":{"minor":5366,"major":4481,"forced_major":0,"compactions":0}}
{"version":1,"wall_time":4.27,"cpu_time":4.27,"gc_time":0.21,"gc_overhead":5.02,"max_rss_kb":24996,"domain_stats":{"0":{"wall_time":4.27,"gc_time":0.21,"gc_overhead":5.02}},"mean_latency":0.034171,"stddev_latency":0.018067,"min_latency":0.0,"max_latency":0.132223,"distr_latency":{"25.0000":0.019519,"50.0000":0.038367,"60.0000":0.042207,"70.0000":0.044767,"75.0000":0.045983,"80.0000":0.047263,"85.0000":0.049183,"90.0000":0.051615,"95.0000":0.056127,"96.0000":0.057951,"97.0000":0.061951,"98.0000":0.067391,"99.0000":0.084991,"99.9000":0.117311,"99.9900":0.128639,"99.9990":0.132223,"99.9999":0.132223,"100.0000":0.132223},"allocations":{"total_heap":1736210796,"minor_heap":1630118381,"major_heap":157980510,"promoted_words":51888095,"promoted_pct":3.18},"domain_alloc_stats":{"0":{"total":1736210796,"minor":1630118381,"promoted":51888095,"major":157980510,"promoted_pct":3.18}},"collections":{"minor":5366,"major":4481,"forced_major":0,"compactions":0}}
{"version":1,"wall_time":4.27,"cpu_time":4.27,"gc_time":0.21,"gc_overhead":5.01,"max_rss_kb":25672,"domain_stats":{"0":{"wall_time":4.27,"gc_time":0.21,"gc_overhead":5.01}},"mean_latency":0.034105,"stddev_latency":0.018265,"min_latency":0.0,"max_latency":0.142463,"distr_latency":{"25.0000":0.019311,"50.0000":0.038335,"60.0000":0.042207,"70.0000":0.044735,"75.0000":0.045951,"80.0000":0.047231,"85.0000":0.048991,"90.0000":0.051295,"95.0000":0.055967,"96.0000":0.058143,"97.0000":0.061375,"98.0000":0.066559,"99.0000":0.087231,"99.9000":0.118975,"99.9900":0.128383,"99.9990":0.142463,"99.9999":0.142463,"100.0000":0.142463},"allocations":{"total_heap":1736210796,"minor_heap":1630118381,"major_heap":157980510,"promoted_words":51888095,"promoted_pct":3.18},"domain_alloc_stats":{"0":{"total":1736210796,"minor":1630118381,"promoted":51888095,"major":157980510,"promoted_pct":3.18}},"collections":{"minor":5366,"major":4481,"forced_major":0,"compactions":0}}
