{"version":1,"wall_time":11.96,"cpu_time":11.96,"gc_time":1.5,"gc_overhead":12.54,"max_rss_kb":510260,"domain_stats":{"0":{"wall_time":11.96,"gc_time":1.5,"gc_overhead":12.54}},"mean_latency":0.652273,"stddev_latency":1.409309,"min_latency":0.0,"max_latency":13.606911,"distr_latency":{"25.0000":0.055263,"50.0000":0.132223,"60.0000":0.187391,"70.0000":0.283647,"75.0000":0.353791,"80.0000":0.471039,"85.0000":0.945151,"90.0000":2.081791,"95.0000":4.292607,"96.0000":4.575231,"97.0000":4.874239,"98.0000":5.255167,"99.0000":5.705727,"99.9000":12.156927,"99.9900":13.606911,"99.9990":13.606911,"99.9999":13.606911,"100.0000":13.606911},"allocations":{"total_heap":2409303471,"minor_heap":2360836876,"major_heap":249676700,"promoted_words":201210105,"promoted_pct":8.52},"domain_alloc_stats":{"0":{"total":2409303471,"minor":2360836876,"promoted":201210105,"major":249676700,"promoted_pct":8.52}},"collections":{"minor":1145,"major":25,"forced_major":0,"compactions":0}}
{"version":1,"wall_time":11.91,"cpu_time":11.91,"gc_time":1.48,"gc_overhead":12.47,"max_rss_kb":510400,"domain_stats":{"0":{"wall_time":11.91,"gc_time":1.48,"gc_overhead":12.47}},"mean_latency":0.645518,"stddev_latency":1.392667,"min_latency":0.0,"max_latency":13.377535,"distr_latency":{"25.0000":0.055231,"50.0000":0.133503,"60.0000":0.185727,"70.0000":0.283647,"75.0000":0.353535,"80.0000":0.458495,"85.0000":0.935935,"90.0000":2.015231,"95.0000":4.263935,"96.0000":4.485119,"97.0000":4.808703,"98.0000":5.165055,"99.0000":5.746687,"99.9000":12.386303,"99.9900":13.377535,"99.9990":13.377535,"99.9999":13.377535,"100.0000":13.377535},"allocations":{"total_heap":2409303471,"minor_heap":2360836876,"major_heap":249676700,"promoted_words":201210105,"promoted_pct":8.52},"domain_alloc_stats":{"0":{"total":2409303471,"minor":2360836876,"promoted":201210105,"major":249676700,"promoted_pct":8.52}},"collections":{"minor":1145,"major":25,"forced_major":0,"compactions":0}}
{"version":1,"wall_time":11.86,"cpu_time":11.86,"gc_time":1.49,"gc_overhead":12.57,"max_rss_kb":510404,"domain_stats":{"0":{"wall_time":11.86,"gc_time":1.49,"gc_overhead":12.57}},"mean_latency":0.648362,"stddev_latency":1.398505,"min_latency":0.0,"max_latency":13.459455,"distr_latency":{"25.0000":0.055007,"50.0000":0.132735,"60.0000":0.187391,"70.0000":0.282879,"75.0000":0.354815,"80.0000":0.473343,"85.0000":0.914431,"90.0000":2.017279,"95.0000":4.292607,"96.0000":4.534271,"97.0000":4.808703,"98.0000":5.156863,"99.0000":5.816319,"99.9000":12.214271,"99.9900":13.459455,"99.9990":13.459455,"99.9999":13.459455,"100.0000":13.459455},"allocations":{"total_heap":2409303471,"minor_heap":2360836876,"major_heap":249676700,"promoted_words":201210105,"promoted_pct":8.52},"domain_alloc_stats":{"0":{"total":2409303471,"minor":2360836876,"promoted":201210105,"major":249676700,"promoted_pct":8.52}},"collections":{"minor":1145,"major":25,"forced_major":0,"compactions":0}}
