{"version":1,"wall_time":3.38,"cpu_time":3.38,"gc_time":3.03,"gc_overhead":89.6,"max_rss_kb":192888,"domain_stats":{"0":{"wall_time":3.38,"gc_time":3.03,"gc_overhead":89.6}},"mean_latency":0.252506,"stddev_latency":0.393866,"min_latency":0.0,"max_latency":3.383295,"distr_latency":{"25.0000":0.000287,"50.0000":0.000303,"60.0000":0.010487,"70.0000":0.253311,"75.0000":0.491263,"80.0000":0.771071,"85.0000":0.944639,"90.0000":0.951295,"95.0000":0.958463,"96.0000":0.959999,"97.0000":0.962559,"98.0000":0.967679,"99.0000":1.067007,"99.9000":1.647615,"99.9900":2.758655,"99.9990":3.383295,"99.9999":3.383295,"100.0000":3.383295},"allocations":{"total_heap":14037941,"minor_heap":300674,"major_heap":13737835,"promoted_words":568,"promoted_pct":0.19},"domain_alloc_stats":{"0":{"total":14037941,"minor":300674,"promoted":568,"major":13737835,"promoted_pct":0.19}},"collections":{"minor":1050,"major":1050,"forced_major":0,"compactions":0}}
{"version":1,"wall_time":3.39,"cpu_time":3.39,"gc_time":3.04,"gc_overhead":89.6,"max_rss_kb":192804,"domain_stats":{"0":{"wall_time":3.39,"gc_time":3.04,"gc_overhead":89.6}},"mean_latency":0.253435,"stddev_latency":0.393923,"min_latency":0.0,"max_latency":3.033087,"distr_latency":{"25.0000":0.000287,"50.0000":0.000303,"60.0000":0.010223,"70.0000":0.263935,"75.0000":0.493311,"80.0000":0.776191,"85.0000":0.954367,"90.0000":0.961023,"95.0000":0.967167,"96.0000":0.968191,"97.0000":0.970239,"98.0000":0.973311,"99.0000":0.990719,"99.9000":1.652735,"99.9900":2.777087,"99.9990":3.033087,"99.9999":3.033087,"100.0000":3.033087},"allocations":{"total_heap":14037941,"minor_heap":300674,"major_heap":13737835,"promoted_words":568,"promoted_pct":0.19},"domain_alloc_stats":{"0":{"total":14037941,"minor":300674,"promoted":568,"major":13737835,"promoted_pct":0.19}},"collections":{"minor":1050,"major":1050,"forced_major":0,"compactions":0}}
{"version":1,"wall_time":3.38,"cpu_time":3.38,"gc_time":3.03,"gc_overhead":89.6,"max_rss_kb":192796,"domain_stats":{"0":{"wall_time":3.38,"gc_time":3.03,"gc_overhead":89.6}},"mean_latency":0.252617,"stddev_latency":0.392082,"min_latency":0.0,"max_latency":3.096575,"distr_latency":{"25.0000":0.000287,"50.0000":0.000295,"60.0000":0.010247,"70.0000":0.264447,"75.0000":0.495871,"80.0000":0.772607,"85.0000":0.952319,"90.0000":0.958463,"95.0000":0.964607,"96.0000":0.966143,"97.0000":0.968191,"98.0000":0.970751,"99.0000":0.989695,"99.9000":1.651711,"99.9900":2.775039,"99.9990":3.096575,"99.9999":3.096575,"100.0000":3.096575},"allocations":{"total_heap":14037941,"minor_heap":300674,"major_heap":13737835,"promoted_words":568,"promoted_pct":0.19},"domain_alloc_stats":{"0":{"total":14037941,"minor":300674,"promoted":568,"major":13737835,"promoted_pct":0.19}},"collections":{"minor":1050,"major":1050,"forced_major":0,"compactions":0}}
