{"version":1,"wall_time":4.12,"cpu_time":4.12,"gc_time":2.88,"gc_overhead":69.84,"max_rss_kb":199604,"domain_stats":{"0":{"wall_time":4.12,"gc_time":2.88,"gc_overhead":69.84}},"mean_latency":0.239811,"stddev_latency":0.378201,"min_latency":0.0,"max_latency":2.957311,"distr_latency":{"25.0000":0.000287,"50.0000":0.000383,"60.0000":0.009943,"70.0000":0.245503,"75.0000":0.491775,"80.0000":0.765951,"85.0000":0.894463,"90.0000":0.902655,"95.0000":0.912383,"96.0000":0.914943,"97.0000":0.919551,"98.0000":0.927231,"99.0000":1.006079,"99.9000":1.496063,"99.9900":2.224127,"99.9990":2.957311,"99.9999":2.957311,"100.0000":2.957311},"allocations":{"total_heap":14037791,"minor_heap":300524,"major_heap":13737835,"promoted_words":568,"promoted_pct":0.19},"domain_alloc_stats":{"0":{"total":14037791,"minor":300524,"promoted":568,"major":13737835,"promoted_pct":0.19}},"collections":{"minor":944,"major":944,"forced_major":0,"compactions":0}}
{"version":1,"wall_time":4.04,"cpu_time":4.04,"gc_time":2.83,"gc_overhead":69.88,"max_rss_kb":199644,"domain_stats":{"0":{"wall_time":4.04,"gc_time":2.83,"gc_overhead":69.88}},"mean_latency":0.235571,"stddev_latency":0.370963,"min_latency":0.0,"max_latency":3.104767,"distr_latency":{"25.0000":0.000287,"50.0000":0.000375,"60.0000":0.009855,"70.0000":0.237823,"75.0000":0.485631,"80.0000":0.757247,"85.0000":0.879103,"90.0000":0.889343,"95.0000":0.899071,"96.0000":0.902143,"97.0000":0.905727,"98.0000":0.911359,"99.0000":0.928767,"99.9000":1.488895,"99.9900":2.293759,"99.9990":3.104767,"99.9999":3.104767,"100.0000":3.104767},"allocations":{"total_heap":14037791,"minor_heap":300524,"major_heap":13737835,"promoted_words":568,"promoted_pct":0.19},"domain_alloc_stats":{"0":{"total":14037791,"minor":300524,"promoted":568,"major":13737835,"promoted_pct":0.19}},"collections":{"minor":944,"major":944,"forced_major":0,"compactions":0}}
{"version":1,"wall_time":4.1,"cpu_time":4.1,"gc_time":2.86,"gc_overhead":69.87,"max_rss_kb":199516,"domain_stats":{"0":{"wall_time":4.1,"gc_time":2.86,"gc_overhead":69.87}},"mean_latency":0.238732,"stddev_latency":0.376728,"min_latency":0.0,"max_latency":3.139583,"distr_latency":{"25.0000":0.000287,"50.0000":0.000367,"60.0000":0.009887,"70.0000":0.242175,"75.0000":0.485375,"80.0000":0.767999,"85.0000":0.894463,"90.0000":0.900607,"95.0000":0.908799,"96.0000":0.911359,"97.0000":0.914943,"98.0000":0.920575,"99.0000":0.959487,"99.9000":1.497087,"99.9900":2.260991,"99.9990":3.139583,"99.9999":3.139583,"100.0000":3.139583},"allocations":{"total_heap":14037791,"minor_heap":300524,"major_heap":13737835,"promoted_words":568,"promoted_pct":0.19},"domain_alloc_stats":{"0":{"total":14037791,"minor":300524,"promoted":568,"major":13737835,"promoted_pct":0.19}},"collections":{"minor":944,"major":944,"forced_major":0,"compactions":0}}
