{"version":1,"wall_time":2.85,"cpu_time":2.85,"gc_time":2.81,"gc_overhead":98.56,"max_rss_kb":111600,"domain_stats":{"0":{"wall_time":2.85,"gc_time":2.81,"gc_overhead":98.56}},"mean_latency":0.188039,"stddev_latency":0.422261,"min_latency":0.0,"max_latency":3.385343,"distr_latency":{"25.0000":9.5e-05,"50.0000":0.000295,"60.0000":0.000367,"70.0000":0.005791,"75.0000":0.007255,"80.0000":0.032479,"85.0000":0.721407,"90.0000":0.898047,"95.0000":1.188863,"96.0000":1.309695,"97.0000":1.430527,"98.0000":1.555455,"99.0000":1.690623,"99.9000":2.289663,"99.9900":2.859007,"99.9990":3.385343,"99.9999":3.385343,"100.0000":3.385343},"allocations":{"total_heap":14038036,"minor_heap":300769,"major_heap":13737868,"promoted_words":601,"promoted_pct":0.2},"domain_alloc_stats":{"0":{"total":14038036,"minor":300769,"promoted":601,"major":13737868,"promoted_pct":0.2}},"collections":{"minor":1963,"major":981,"forced_major":0,"compactions":0}}
{"version":1,"wall_time":3.05,"cpu_time":3.05,"gc_time":3.01,"gc_overhead":98.66,"max_rss_kb":111544,"domain_stats":{"0":{"wall_time":3.05,"gc_time":3.01,"gc_overhead":98.66}},"mean_latency":0.201459,"stddev_latency":0.456863,"min_latency":0.0,"max_latency":3.407871,"distr_latency":{"25.0000":9.5e-05,"50.0000":0.000295,"60.0000":0.000311,"70.0000":0.005751,"75.0000":0.007751,"80.0000":0.032575,"85.0000":0.763391,"90.0000":0.900095,"95.0000":1.317887,"96.0000":1.425407,"97.0000":1.541119,"98.0000":1.636351,"99.0000":1.778687,"99.9000":2.584575,"99.9900":2.932735,"99.9990":3.407871,"99.9999":3.407871,"100.0000":3.407871},"allocations":{"total_heap":14038036,"minor_heap":300769,"major_heap":13737868,"promoted_words":601,"promoted_pct":0.2},"domain_alloc_stats":{"0":{"total":14038036,"minor":300769,"promoted":601,"major":13737868,"promoted_pct":0.2}},"collections":{"minor":1963,"major":981,"forced_major":0,"compactions":0}}
{"version":1,"wall_time":2.8,"cpu_time":2.8,"gc_time":2.76,"gc_overhead":98.55,"max_rss_kb":111416,"domain_stats":{"0":{"wall_time":2.8,"gc_time":2.76,"gc_overhead":98.55}},"mean_latency":0.184867,"stddev_latency":0.41437,"min_latency":0.0,"max_latency":3.031039,"distr_latency":{"25.0000":0.000111,"50.0000":0.000295,"60.0000":0.000311,"70.0000":0.005631,"75.0000":0.007607,"80.0000":0.032335,"85.0000":0.693759,"90.0000":0.888319,"95.0000":1.174527,"96.0000":1.299455,"97.0000":1.413119,"98.0000":1.538047,"99.0000":1.667071,"99.9000":2.081791,"99.9900":2.568191,"99.9990":3.031039,"99.9999":3.031039,"100.0000":3.031039},"allocations":{"total_heap":14038036,"minor_heap":300769,"major_heap":13737868,"promoted_words":601,"promoted_pct":0.2},"domain_alloc_stats":{"0":{"total":14038036,"minor":300769,"promoted":601,"major":13737868,"promoted_pct":0.2}},"collections":{"minor":1963,"major":981,"forced_major":0,"compactions":0}}
