{"version":1,"wall_time":3.14,"cpu_time":3.14,"gc_time":0.82,"gc_overhead":26.04,"max_rss_kb":484060,"domain_stats":{"0":{"wall_time":3.14,"gc_time":0.82,"gc_overhead":26.04}},"mean_latency":1.335163,"stddev_latency":1.697523,"min_latency":0.0,"max_latency":9.723903,"distr_latency":{"25.0000":0.192255,"50.0000":0.619007,"60.0000":0.983551,"70.0000":1.379327,"75.0000":1.748991,"80.0000":2.263039,"85.0000":2.985983,"90.0000":3.909631,"95.0000":5.025791,"96.0000":5.357567,"97.0000":5.799935,"98.0000":6.221823,"99.0000":7.213055,"99.9000":9.150463,"99.9900":9.723903,"99.9990":9.723903,"99.9999":9.723903,"100.0000":9.723903},"allocations":{"total_heap":606075659,"minor_heap":583702936,"major_heap":155725422,"promoted_words":133352699,"promoted_pct":22.85},"domain_alloc_stats":{"0":{"total":606075659,"minor":583702936,"promoted":133352699,"major":155725422,"promoted_pct":22.85}},"collections":{"minor":304,"major":18,"forced_major":0,"compactions":0}}
{"version":1,"wall_time":3.15,"cpu_time":3.15,"gc_time":0.82,"gc_overhead":26.07,"max_rss_kb":483960,"domain_stats":{"0":{"wall_time":3.15,"gc_time":0.82,"gc_overhead":26.07}},"mean_latency":1.340829,"stddev_latency":1.712662,"min_latency":0.0,"max_latency":9.797631,"distr_latency":{"25.0000":0.193407,"50.0000":0.617471,"60.0000":0.984063,"70.0000":1.371135,"75.0000":1.732607,"80.0000":2.234367,"85.0000":2.981887,"90.0000":3.971071,"95.0000":5.046271,"96.0000":5.365759,"97.0000":5.754879,"98.0000":6.316031,"99.0000":7.167999,"99.9000":9.756671,"99.9900":9.797631,"99.9990":9.797631,"99.9999":9.797631,"100.0000":9.797631},"allocations":{"total_heap":606075659,"minor_heap":583702936,"major_heap":155725422,"promoted_words":133352699,"promoted_pct":22.85},"domain_alloc_stats":{"0":{"total":606075659,"minor":583702936,"promoted":133352699,"major":155725422,"promoted_pct":22.85}},"collections":{"minor":304,"major":18,"forced_major":0,"compactions":0}}
{"version":1,"wall_time":3.15,"cpu_time":3.15,"gc_time":0.82,"gc_overhead":26.06,"max_rss_kb":484064,"domain_stats":{"0":{"wall_time":3.15,"gc_time":0.82,"gc_overhead":26.06}},"mean_latency":1.34022,"stddev_latency":1.7073,"min_latency":0.0,"max_latency":9.797631,"distr_latency":{"25.0000":0.194303,"50.0000":0.625663,"60.0000":0.984063,"70.0000":1.396735,"75.0000":1.720319,"80.0000":2.275327,"85.0000":2.985983,"90.0000":3.899391,"95.0000":5.042175,"96.0000":5.382143,"97.0000":5.730303,"98.0000":6.307839,"99.0000":7.245823,"99.9000":9.453567,"99.9900":9.797631,"99.9990":9.797631,"99.9999":9.797631,"100.0000":9.797631},"allocations":{"total_heap":606075659,"minor_heap":583702936,"major_heap":155725422,"promoted_words":133352699,"promoted_pct":22.85},"domain_alloc_stats":{"0":{"total":606075659,"minor":583702936,"promoted":133352699,"major":155725422,"promoted_pct":22.85}},"collections":{"minor":304,"major":18,"forced_major":0,"compactions":0}}
