{"version":1,"wall_time":3.01,"cpu_time":3.01,"gc_time":2.75,"gc_overhead":91.16,"max_rss_kb":111840,"domain_stats":{"0":{"wall_time":3.01,"gc_time":2.75,"gc_overhead":91.16}},"mean_latency":0.228617,"stddev_latency":0.368749,"min_latency":0.0,"max_latency":4.845567,"distr_latency":{"25.0000":0.000287,"50.0000":0.000327,"60.0000":0.006631,"70.0000":0.173311,"75.0000":0.450815,"80.0000":0.730623,"85.0000":0.886271,"90.0000":0.894975,"95.0000":0.901119,"96.0000":0.902655,"97.0000":0.903679,"98.0000":0.906751,"99.0000":0.918527,"99.9000":1.542143,"99.9900":2.811903,"99.9990":4.845567,"99.9999":4.845567,"100.0000":4.845567},"allocations":{"total_heap":13497900,"minor_heap":120651,"major_heap":13377796,"promoted_words":547,"promoted_pct":0.45},"domain_alloc_stats":{"0":{"total":13497900,"minor":120651,"promoted":547,"major":13377796,"promoted_pct":0.45}},"collections":{"minor":984,"major":984,"forced_major":0,"compactions":0}}
{"version":1,"wall_time":2.99,"cpu_time":2.99,"gc_time":2.72,"gc_overhead":91.07,"max_rss_kb":111820,"domain_stats":{"0":{"wall_time":2.99,"gc_time":2.72,"gc_overhead":91.07}},"mean_latency":0.226417,"stddev_latency":0.363589,"min_latency":0.0,"max_latency":3.147775,"distr_latency":{"25.0000":0.000287,"50.0000":0.000327,"60.0000":0.006447,"70.0000":0.172799,"75.0000":0.451327,"80.0000":0.724479,"85.0000":0.880127,"90.0000":0.887295,"95.0000":0.893439,"96.0000":0.894463,"97.0000":0.895999,"98.0000":0.898047,"99.0000":0.902655,"99.9000":1.543167,"99.9900":2.789375,"99.9990":3.147775,"99.9999":3.147775,"100.0000":3.147775},"allocations":{"total_heap":13497900,"minor_heap":120651,"major_heap":13377796,"promoted_words":547,"promoted_pct":0.45},"domain_alloc_stats":{"0":{"total":13497900,"minor":120651,"promoted":547,"major":13377796,"promoted_pct":0.45}},"collections":{"minor":984,"major":984,"forced_major":0,"compactions":0}}
{"version":1,"wall_time":2.99,"cpu_time":2.99,"gc_time":2.72,"gc_overhead":91.07,"max_rss_kb":111876,"domain_stats":{"0":{"wall_time":2.99,"gc_time":2.72,"gc_overhead":91.07}},"mean_latency":0.226655,"stddev_latency":0.365163,"min_latency":0.0,"max_latency":3.139583,"distr_latency":{"25.0000":0.000287,"50.0000":0.000311,"60.0000":0.006703,"70.0000":0.172927,"75.0000":0.442623,"80.0000":0.715775,"85.0000":0.883199,"90.0000":0.891903,"95.0000":0.899071,"96.0000":0.900095,"97.0000":0.901631,"98.0000":0.904191,"99.0000":0.908799,"99.9000":1.545215,"99.9900":2.811903,"99.9990":3.139583,"99.9999":3.139583,"100.0000":3.139583},"allocations":{"total_heap":13497900,"minor_heap":120651,"major_heap":13377796,"promoted_words":547,"promoted_pct":0.45},"domain_alloc_stats":{"0":{"total":13497900,"minor":120651,"promoted":547,"major":13377796,"promoted_pct":0.45}},"collections":{"minor":984,"major":984,"forced_major":0,"compactions":0}}
