{"version":1,"wall_time":4.6,"cpu_time":4.6,"gc_time":1.7,"gc_overhead":36.88,"max_rss_kb":1321276,"domain_stats":{"0":{"wall_time":4.6,"gc_time":1.7,"gc_overhead":36.88}},"mean_latency":0.611141,"stddev_latency":0.731458,"min_latency":0.0,"max_latency":14.557183,"distr_latency":{"25.0000":0.229247,"50.0000":0.513023,"60.0000":0.542719,"70.0000":0.755711,"75.0000":0.780799,"80.0000":0.846335,"85.0000":0.914431,"90.0000":1.043967,"95.0000":1.656831,"96.0000":1.846271,"97.0000":2.097151,"98.0000":2.510847,"99.0000":3.149823,"99.9000":8.294399,"99.9900":14.557183,"99.9990":14.557183,"99.9999":14.557183,"100.0000":14.557183},"allocations":{"total_heap":2912937723,"minor_heap":2900433676,"major_heap":362888491,"promoted_words":350384444,"promoted_pct":12.08},"domain_alloc_stats":{"0":{"total":2912937723,"minor":2900433676,"promoted":350384444,"major":362888491,"promoted_pct":12.08}},"collections":{"minor":1396,"major":22,"forced_major":0,"compactions":0}}
{"version":1,"wall_time":4.63,"cpu_time":4.63,"gc_time":1.71,"gc_overhead":36.87,"max_rss_kb":1321412,"domain_stats":{"0":{"wall_time":4.63,"gc_time":1.71,"gc_overhead":36.87}},"mean_latency":0.614242,"stddev_latency":0.734936,"min_latency":0.0,"max_latency":14.614527,"distr_latency":{"25.0000":0.233343,"50.0000":0.506111,"60.0000":0.541695,"70.0000":0.750591,"75.0000":0.777215,"80.0000":0.843775,"85.0000":0.920575,"90.0000":1.054719,"95.0000":1.683455,"96.0000":1.856511,"97.0000":2.177023,"98.0000":2.486271,"99.0000":3.164159,"99.9000":8.364031,"99.9900":14.614527,"99.9990":14.614527,"99.9999":14.614527,"100.0000":14.614527},"allocations":{"total_heap":2912937723,"minor_heap":2900433676,"major_heap":362888491,"promoted_words":350384444,"promoted_pct":12.08},"domain_alloc_stats":{"0":{"total":2912937723,"minor":2900433676,"promoted":350384444,"major":362888491,"promoted_pct":12.08}},"collections":{"minor":1396,"major":22,"forced_major":0,"compactions":0}}
{"version":1,"wall_time":4.61,"cpu_time":4.61,"gc_time":1.72,"gc_overhead":37.25,"max_rss_kb":1321244,"domain_stats":{"0":{"wall_time":4.61,"gc_time":1.72,"gc_overhead":37.25}},"mean_latency":0.618142,"stddev_latency":0.734126,"min_latency":0.0,"max_latency":14.557183,"distr_latency":{"25.0000":0.232831,"50.0000":0.524799,"60.0000":0.555519,"70.0000":0.770047,"75.0000":0.792575,"80.0000":0.856575,"85.0000":0.918527,"90.0000":1.067007,"95.0000":1.682431,"96.0000":1.852415,"97.0000":2.134015,"98.0000":2.494463,"99.0000":3.149823,"99.9000":8.384511,"99.9900":14.557183,"99.9990":14.557183,"99.9999":14.557183,"100.0000":14.557183},"allocations":{"total_heap":2912937723,"minor_heap":2900433676,"major_heap":362888491,"promoted_words":350384444,"promoted_pct":12.08},"domain_alloc_stats":{"0":{"total":2912937723,"minor":2900433676,"promoted":350384444,"major":362888491,"promoted_pct":12.08}},"collections":{"minor":1396,"major":22,"forced_major":0,"compactions":0}}
