{"version":1,"wall_time":7.69,"cpu_time":7.69,"gc_time":1.77,"gc_overhead":22.99,"max_rss_kb":44480,"domain_stats":{"0":{"wall_time":7.69,"gc_time":1.77,"gc_overhead":22.99}},"mean_latency":0.03504,"stddev_latency":0.06203,"min_latency":0.0,"max_latency":0.290815,"distr_latency":{"25.0000":0.002455,"50.0000":0.011863,"60.0000":0.018879,"70.0000":0.024511,"75.0000":0.027775,"80.0000":0.031567,"85.0000":0.035167,"90.0000":0.121151,"95.0000":0.212095,"96.0000":0.217727,"97.0000":0.226303,"98.0000":0.247679,"99.0000":0.260735,"99.9000":0.266495,"99.9900":0.271359,"99.9990":0.276223,"99.9999":0.290815,"100.0000":0.290815},"allocations":{"total_heap":6639086488,"minor_heap":5691105012,"major_heap":1164836840,"promoted_words":216855364,"promoted_pct":3.81},"domain_alloc_stats":{"0":{"total":6639086488,"minor":5691105012,"promoted":216855364,"major":1164836840,"promoted_pct":3.81}},"collections":{"minor":24513,"major":5397,"forced_major":0,"compactions":0}}
{"version":1,"wall_time":7.62,"cpu_time":7.62,"gc_time":1.74,"gc_overhead":22.8,"max_rss_kb":44424,"domain_stats":{"0":{"wall_time":7.62,"gc_time":1.74,"gc_overhead":22.8}},"mean_latency":0.034426,"stddev_latency":0.061126,"min_latency":0.0,"max_latency":0.273407,"distr_latency":{"25.0000":0.002391,"50.0000":0.011175,"60.0000":0.018623,"70.0000":0.023967,"75.0000":0.027535,"80.0000":0.030495,"85.0000":0.033791,"90.0000":0.119359,"95.0000":0.208895,"96.0000":0.212991,"97.0000":0.221823,"98.0000":0.242559,"99.0000":0.257151,"99.9000":0.261887,"99.9900":0.265727,"99.9990":0.271359,"99.9999":0.273407,"100.0000":0.273407},"allocations":{"total_heap":6639086488,"minor_heap":5691105012,"major_heap":1164836840,"promoted_words":216855364,"promoted_pct":3.81},"domain_alloc_stats":{"0":{"total":6639086488,"minor":5691105012,"promoted":216855364,"major":1164836840,"promoted_pct":3.81}},"collections":{"minor":24513,"major":5397,"forced_major":0,"compactions":0}}
{"version":1,"wall_time":7.72,"cpu_time":7.72,"gc_time":1.75,"gc_overhead":22.64,"max_rss_kb":44264,"domain_stats":{"0":{"wall_time":7.72,"gc_time":1.75,"gc_overhead":22.64}},"mean_latency":0.034616,"stddev_latency":0.061391,"min_latency":0.0,"max_latency":0.316415,"distr_latency":{"25.0000":0.002455,"50.0000":0.011287,"60.0000":0.018783,"70.0000":0.023935,"75.0000":0.028015,"80.0000":0.030351,"85.0000":0.034399,"90.0000":0.120639,"95.0000":0.209279,"96.0000":0.214911,"97.0000":0.224767,"98.0000":0.246783,"99.0000":0.259071,"99.9000":0.266239,"99.9900":0.271359,"99.9990":0.280831,"99.9999":0.316415,"100.0000":0.316415},"allocations":{"total_heap":6639086488,"minor_heap":5691105012,"major_heap":1164836840,"promoted_words":216855364,"promoted_pct":3.81},"domain_alloc_stats":{"0":{"total":6639086488,"minor":5691105012,"promoted":216855364,"major":1164836840,"promoted_pct":3.81}},"collections":{"minor":24513,"major":5397,"forced_major":0,"compactions":0}}
