{"version":1,"wall_time":2.77,"cpu_time":2.77,"gc_time":2.74,"gc_overhead":99.07,"max_rss_kb":111404,"domain_stats":{"0":{"wall_time":2.77,"gc_time":2.74,"gc_overhead":99.07}},"mean_latency":0.228776,"stddev_latency":0.365385,"min_latency":0.0,"max_latency":2.985983,"distr_latency":{"25.0000":0.000287,"50.0000":0.000295,"60.0000":0.010591,"70.0000":0.178431,"75.0000":0.449791,"80.0000":0.727551,"85.0000":0.887807,"90.0000":0.894975,"95.0000":0.900607,"96.0000":0.901631,"97.0000":0.903167,"98.0000":0.905727,"99.0000":0.910847,"99.9000":1.541119,"99.9900":2.758655,"99.9990":2.985983,"99.9999":2.985983,"100.0000":2.985983},"allocations":{"total_heap":14037841,"minor_heap":300574,"major_heap":13737835,"promoted_words":568,"promoted_pct":0.19},"domain_alloc_stats":{"0":{"total":14037841,"minor":300574,"promoted":568,"major":13737835,"promoted_pct":0.19}},"collections":{"minor":981,"major":981,"forced_major":0,"compactions":0}}
{"version":1,"wall_time":2.78,"cpu_time":2.78,"gc_time":2.76,"gc_overhead":99.04,"max_rss_kb":111488,"domain_stats":{"0":{"wall_time":2.78,"gc_time":2.76,"gc_overhead":99.04}},"mean_latency":0.229704,"stddev_latency":0.368667,"min_latency":0.0,"max_latency":3.110911,"distr_latency":{"25.0000":0.000287,"50.0000":0.000295,"60.0000":0.010407,"70.0000":0.178431,"75.0000":0.453631,"80.0000":0.730111,"85.0000":0.877567,"90.0000":0.884735,"95.0000":0.890879,"96.0000":0.892927,"97.0000":0.895487,"98.0000":0.898559,"99.0000":0.927231,"99.9000":1.544191,"99.9900":2.859007,"99.9990":3.110911,"99.9999":3.110911,"100.0000":3.110911},"allocations":{"total_heap":14037841,"minor_heap":300574,"major_heap":13737835,"promoted_words":568,"promoted_pct":0.19},"domain_alloc_stats":{"0":{"total":14037841,"minor":300574,"promoted":568,"major":13737835,"promoted_pct":0.19}},"collections":{"minor":981,"major":981,"forced_major":0,"compactions":0}}
{"version":1,"wall_time":2.78,"cpu_time":2.78,"gc_time":2.76,"gc_overhead":99.05,"max_rss_kb":111444,"domain_stats":{"0":{"wall_time":2.78,"gc_time":2.76,"gc_overhead":99.05}},"mean_latency":0.229969,"stddev_latency":0.367911,"min_latency":0.0,"max_latency":3.217407,"distr_latency":{"25.0000":0.000287,"50.0000":0.000295,"60.0000":0.010311,"70.0000":0.179967,"75.0000":0.456703,"80.0000":0.727551,"85.0000":0.887807,"90.0000":0.894975,"95.0000":0.900607,"96.0000":0.901631,"97.0000":0.903679,"98.0000":0.906239,"99.0000":0.918527,"99.9000":1.549311,"99.9900":2.801663,"99.9990":3.217407,"99.9999":3.217407,"100.0000":3.217407},"allocations":{"total_heap":14037841,"minor_heap":300574,"major_heap":13737835,"promoted_words":568,"promoted_pct":0.19},"domain_alloc_stats":{"0":{"total":14037841,"minor":300574,"promoted":568,"major":13737835,"promoted_pct":0.19}},"collections":{"minor":981,"major":981,"forced_major":0,"compactions":0}}
