{"version":1,"wall_time":1.78,"cpu_time":1.78,"gc_time":0.56,"gc_overhead":31.47,"max_rss_kb":394040,"domain_stats":{"0":{"wall_time":1.78,"gc_time":0.56,"gc_overhead":31.47}},"mean_latency":0.043105,"stddev_latency":0.075439,"min_latency":0.0,"max_latency":1.793023,"distr_latency":{"25.0000":0.010375,"50.0000":0.020431,"60.0000":0.025759,"70.0000":0.033919,"75.0000":0.042623,"80.0000":0.055839,"85.0000":0.071487,"90.0000":0.096639,"95.0000":0.168447,"96.0000":0.181887,"97.0000":0.196863,"98.0000":0.242559,"99.0000":0.367615,"99.9000":0.800255,"99.9900":1.501183,"99.9990":1.793023,"99.9999":1.793023,"100.0000":1.793023},"allocations":{"total_heap":850667029,"minor_heap":846809733,"major_heap":95477430,"promoted_words":91620134,"promoted_pct":10.82},"domain_alloc_stats":{"0":{"total":850667029,"minor":846809733,"promoted":91620134,"major":95477430,"promoted_pct":10.82}},"collections":{"minor":6475,"major":23,"forced_major":0,"compactions":0}}
{"version":1,"wall_time":1.76,"cpu_time":1.76,"gc_time":0.55,"gc_overhead":31.59,"max_rss_kb":394112,"domain_stats":{"0":{"wall_time":1.76,"gc_time":0.55,"gc_overhead":31.59}},"mean_latency":0.042734,"stddev_latency":0.07464,"min_latency":0.0,"max_latency":1.741823,"distr_latency":{"25.0000":0.010383,"50.0000":0.020351,"60.0000":0.025583,"70.0000":0.033887,"75.0000":0.042559,"80.0000":0.055999,"85.0000":0.071231,"90.0000":0.094207,"95.0000":0.165887,"96.0000":0.179327,"97.0000":0.197631,"98.0000":0.242047,"99.0000":0.367871,"99.9000":0.812543,"99.9900":1.481727,"99.9990":1.741823,"99.9999":1.741823,"100.0000":1.741823},"allocations":{"total_heap":850667029,"minor_heap":846809733,"major_heap":95477430,"promoted_words":91620134,"promoted_pct":10.82},"domain_alloc_stats":{"0":{"total":850667029,"minor":846809733,"promoted":91620134,"major":95477430,"promoted_pct":10.82}},"collections":{"minor":6475,"major":23,"forced_major":0,"compactions":0}}
{"version":1,"wall_time":1.78,"cpu_time":1.78,"gc_time":0.56,"gc_overhead":31.68,"max_rss_kb":394156,"domain_stats":{"0":{"wall_time":1.78,"gc_time":0.56,"gc_overhead":31.68}},"mean_latency":0.043502,"stddev_latency":0.076019,"min_latency":0.0,"max_latency":1.765375,"distr_latency":{"25.0000":0.010495,"50.0000":0.020735,"60.0000":0.025983,"70.0000":0.034335,"75.0000":0.043583,"80.0000":0.056575,"85.0000":0.072383,"90.0000":0.097279,"95.0000":0.168959,"96.0000":0.183423,"97.0000":0.200831,"98.0000":0.244095,"99.0000":0.375295,"99.9000":0.802303,"99.9900":1.489919,"99.9990":1.765375,"99.9999":1.765375,"100.0000":1.765375},"allocations":{"total_heap":850667029,"minor_heap":846809733,"major_heap":95477430,"promoted_words":91620134,"promoted_pct":10.82},"domain_alloc_stats":{"0":{"total":850667029,"minor":846809733,"promoted":91620134,"major":95477430,"promoted_pct":10.82}},"collections":{"minor":6475,"major":23,"forced_major":0,"compactions":0}}
