{"version":1,"wall_time":3.32,"cpu_time":3.32,"gc_time":0.73,"gc_overhead":22.01,"max_rss_kb":406352,"domain_stats":{"0":{"wall_time":3.32,"gc_time":0.73,"gc_overhead":22.01}},"mean_latency":0.216143,"stddev_latency":0.322112,"min_latency":0.0,"max_latency":4.345855,"distr_latency":{"25.0000":0.030911,"50.0000":0.096383,"60.0000":0.137983,"70.0000":0.185343,"75.0000":0.279039,"80.0000":0.336895,"85.0000":0.456447,"90.0000":0.592383,"95.0000":0.811007,"96.0000":0.878079,"97.0000":1.081343,"98.0000":1.276927,"99.0000":1.584127,"99.9000":2.420735,"99.9900":4.345855,"99.9990":4.345855,"99.9999":4.345855,"100.0000":4.345855},"allocations":{"total_heap":434009381,"minor_heap":418022119,"major_heap":138808471,"promoted_words":122821209,"promoted_pct":29.38},"domain_alloc_stats":{"0":{"total":434009381,"minor":418022119,"promoted":122821209,"major":138808471,"promoted_pct":29.38}},"collections":{"minor":1624,"major":26,"forced_major":0,"compactions":0}}
{"version":1,"wall_time":3.31,"cpu_time":3.31,"gc_time":0.72,"gc_overhead":21.83,"max_rss_kb":406272,"domain_stats":{"0":{"wall_time":3.31,"gc_time":0.72,"gc_overhead":21.83}},"mean_latency":0.213726,"stddev_latency":0.316139,"min_latency":0.0,"max_latency":4.354047,"distr_latency":{"25.0000":0.031007,"50.0000":0.095487,"60.0000":0.137343,"70.0000":0.185599,"75.0000":0.276991,"80.0000":0.337919,"85.0000":0.457727,"90.0000":0.591359,"95.0000":0.807935,"96.0000":0.877567,"97.0000":1.062911,"98.0000":1.233919,"99.0000":1.539071,"99.9000":2.363391,"99.9900":4.354047,"99.9990":4.354047,"99.9999":4.354047,"100.0000":4.354047},"allocations":{"total_heap":434009381,"minor_heap":418022119,"major_heap":138808471,"promoted_words":122821209,"promoted_pct":29.38},"domain_alloc_stats":{"0":{"total":434009381,"minor":418022119,"promoted":122821209,"major":138808471,"promoted_pct":29.38}},"collections":{"minor":1624,"major":26,"forced_major":0,"compactions":0}}
{"version":1,"wall_time":3.32,"cpu_time":3.32,"gc_time":0.72,"gc_overhead":21.79,"max_rss_kb":406364,"domain_stats":{"0":{"wall_time":3.32,"gc_time":0.72,"gc_overhead":21.79}},"mean_latency":0.214426,"stddev_latency":0.317953,"min_latency":0.0,"max_latency":4.341759,"distr_latency":{"25.0000":0.030799,"50.0000":0.095935,"60.0000":0.137471,"70.0000":0.185855,"75.0000":0.273407,"80.0000":0.336383,"85.0000":0.457983,"90.0000":0.588287,"95.0000":0.799231,"96.0000":0.873983,"97.0000":1.084415,"98.0000":1.254399,"99.0000":1.557503,"99.9000":2.392063,"99.9900":4.341759,"99.9990":4.341759,"99.9999":4.341759,"100.0000":4.341759},"allocations":{"total_heap":434009381,"minor_heap":418022119,"major_heap":138808471,"promoted_words":122821209,"promoted_pct":29.38},"domain_alloc_stats":{"0":{"total":434009381,"minor":418022119,"promoted":122821209,"major":138808471,"promoted_pct":29.38}},"collections":{"minor":1624,"major":26,"forced_major":0,"compactions":0}}
