{"version":1,"wall_time":3.0,"cpu_time":3.0,"gc_time":0.81,"gc_overhead":27.17,"max_rss_kb":468952,"domain_stats":{"0":{"wall_time":3.0,"gc_time":0.81,"gc_overhead":27.17}},"mean_latency":0.350628,"stddev_latency":0.510882,"min_latency":0.0,"max_latency":5.304319,"distr_latency":{"25.0000":0.049087,"50.0000":0.158975,"60.0000":0.243583,"70.0000":0.351999,"75.0000":0.424703,"80.0000":0.531967,"85.0000":0.705023,"90.0000":0.909823,"95.0000":1.257471,"96.0000":1.391615,"97.0000":1.546239,"98.0000":2.040831,"99.0000":2.535423,"99.9000":4.098047,"99.9900":5.304319,"99.9990":5.304319,"99.9999":5.304319,"100.0000":5.304319},"allocations":{"total_heap":606134739,"minor_heap":583762014,"major_heap":160653535,"promoted_words":138280810,"promoted_pct":23.69},"domain_alloc_stats":{"0":{"total":606134739,"minor":583762014,"promoted":138280810,"major":160653535,"promoted_pct":23.69}},"collections":{"minor":1143,"major":23,"forced_major":0,"compactions":0}}
{"version":1,"wall_time":2.98,"cpu_time":2.98,"gc_time":0.82,"gc_overhead":27.37,"max_rss_kb":469084,"domain_stats":{"0":{"wall_time":2.98,"gc_time":0.82,"gc_overhead":27.37}},"mean_latency":0.350825,"stddev_latency":0.509849,"min_latency":0.0,"max_latency":5.066751,"distr_latency":{"25.0000":0.050591,"50.0000":0.158591,"60.0000":0.240639,"70.0000":0.352767,"75.0000":0.428287,"80.0000":0.535039,"85.0000":0.711167,"90.0000":0.923135,"95.0000":1.277951,"96.0000":1.367039,"97.0000":1.591295,"98.0000":2.055167,"99.0000":2.527231,"99.9000":4.100095,"99.9900":5.066751,"99.9990":5.066751,"99.9999":5.066751,"100.0000":5.066751},"allocations":{"total_heap":606134741,"minor_heap":583762016,"major_heap":160653535,"promoted_words":138280810,"promoted_pct":23.69},"domain_alloc_stats":{"0":{"total":606134741,"minor":583762016,"promoted":138280810,"major":160653535,"promoted_pct":23.69}},"collections":{"minor":1143,"major":23,"forced_major":0,"compactions":0}}
{"version":1,"wall_time":2.98,"cpu_time":2.98,"gc_time":0.81,"gc_overhead":27.23,"max_rss_kb":469048,"domain_stats":{"0":{"wall_time":2.98,"gc_time":0.81,"gc_overhead":27.23}},"mean_latency":0.348806,"stddev_latency":0.50676,"min_latency":0.0,"max_latency":5.013503,"distr_latency":{"25.0000":0.050111,"50.0000":0.155903,"60.0000":0.242687,"70.0000":0.349439,"75.0000":0.421887,"80.0000":0.535039,"85.0000":0.701439,"90.0000":0.927743,"95.0000":1.260543,"96.0000":1.378303,"97.0000":1.568767,"98.0000":2.009087,"99.0000":2.570239,"99.9000":4.077567,"99.9900":5.013503,"99.9990":5.013503,"99.9999":5.013503,"100.0000":5.013503},"allocations":{"total_heap":606134739,"minor_heap":583762014,"major_heap":160653535,"promoted_words":138280810,"promoted_pct":23.69},"domain_alloc_stats":{"0":{"total":606134739,"minor":583762014,"promoted":138280810,"major":160653535,"promoted_pct":23.69}},"collections":{"minor":1143,"major":23,"forced_major":0,"compactions":0}}
