{"version":1,"wall_time":2.54,"cpu_time":2.54,"gc_time":1.12,"gc_overhead":43.88,"max_rss_kb":354728,"domain_stats":{"0":{"wall_time":2.54,"gc_time":1.12,"gc_overhead":43.88}},"mean_latency":4.059808,"stddev_latency":6.184044,"min_latency":0.0,"max_latency":35.061759,"distr_latency":{"25.0000":0.732671,"50.0000":2.047999,"60.0000":3.035135,"70.0000":4.085759,"75.0000":4.476927,"80.0000":5.144575,"85.0000":6.143999,"90.0000":8.617983,"95.0000":20.316159,"96.0000":21.692415,"97.0000":23.855103,"98.0000":28.393471,"99.0000":29.802495,"99.9000":35.061759,"99.9900":35.061759,"99.9990":35.061759,"99.9999":35.061759,"100.0000":35.061759},"allocations":{"total_heap":278310435,"minor_heap":265063243,"major_heap":92488150,"promoted_words":79240958,"promoted_pct":29.9},"domain_alloc_stats":{"0":{"total":278310435,"minor":265063243,"promoted":79240958,"major":92488150,"promoted_pct":29.9}},"collections":{"minor":141,"major":28,"forced_major":0,"compactions":0}}
{"version":1,"wall_time":2.54,"cpu_time":2.54,"gc_time":1.13,"gc_overhead":44.45,"max_rss_kb":355260,"domain_stats":{"0":{"wall_time":2.54,"gc_time":1.13,"gc_overhead":44.45}},"mean_latency":4.101336,"stddev_latency":6.255357,"min_latency":0.0,"max_latency":35.848191,"distr_latency":{"25.0000":0.709631,"50.0000":2.043903,"60.0000":3.141631,"70.0000":4.136959,"75.0000":4.612095,"80.0000":5.160959,"85.0000":6.000639,"90.0000":8.863743,"95.0000":20.365311,"96.0000":21.938175,"97.0000":24.133631,"98.0000":29.261823,"99.0000":29.753343,"99.9000":35.848191,"99.9900":35.848191,"99.9990":35.848191,"99.9999":35.848191,"100.0000":35.848191},"allocations":{"total_heap":278310435,"minor_heap":265063243,"major_heap":92488150,"promoted_words":79240958,"promoted_pct":29.9},"domain_alloc_stats":{"0":{"total":278310435,"minor":265063243,"promoted":79240958,"major":92488150,"promoted_pct":29.9}},"collections":{"minor":141,"major":28,"forced_major":0,"compactions":0}}
{"version":1,"wall_time":2.53,"cpu_time":2.53,"gc_time":1.11,"gc_overhead":43.89,"max_rss_kb":355536,"domain_stats":{"0":{"wall_time":2.53,"gc_time":1.11,"gc_overhead":43.89}},"mean_latency":4.035702,"stddev_latency":6.015059,"min_latency":0.0,"max_latency":34.275327,"distr_latency":{"25.0000":0.756223,"50.0000":2.055167,"60.0000":3.053567,"70.0000":4.198399,"75.0000":4.542463,"80.0000":5.091327,"85.0000":5.988351,"90.0000":8.503295,"95.0000":19.693567,"96.0000":21.086207,"97.0000":23.183359,"98.0000":27.852799,"99.0000":28.671999,"99.9000":34.275327,"99.9900":34.275327,"99.9990":34.275327,"99.9999":34.275327,"100.0000":34.275327},"allocations":{"total_heap":278310435,"minor_heap":265063243,"major_heap":92488150,"promoted_words":79240958,"promoted_pct":29.9},"domain_alloc_stats":{"0":{"total":278310435,"minor":265063243,"promoted":79240958,"major":92488150,"promoted_pct":29.9}},"collections":{"minor":141,"major":28,"forced_major":0,"compactions":0}}
