{"version":1,"wall_time":3.93,"cpu_time":3.93,"gc_time":1.51,"gc_overhead":38.31,"max_rss_kb":253264,"domain_stats":{"0":{"wall_time":3.93,"gc_time":1.51,"gc_overhead":38.31}},"mean_latency":0.619459,"stddev_latency":1.05674,"min_latency":0.0,"max_latency":10.239999,"distr_latency":{"25.0000":0.069503,"50.0000":0.246015,"60.0000":0.372735,"70.0000":0.545279,"75.0000":0.712191,"80.0000":0.926207,"85.0000":1.158143,"90.0000":1.520639,"95.0000":2.418687,"96.0000":2.961407,"97.0000":3.764223,"98.0000":4.435967,"99.0000":5.373951,"99.9000":8.806399,"99.9900":10.239999,"99.9990":10.239999,"99.9999":10.239999,"100.0000":10.239999},"allocations":{"total_heap":629519138,"minor_heap":606218568,"major_heap":166529118,"promoted_words":143228548,"promoted_pct":23.63},"domain_alloc_stats":{"0":{"total":629519138,"minor":606218568,"promoted":143228548,"major":166529118,"promoted_pct":23.63}},"collections":{"minor":1195,"major":42,"forced_major":0,"compactions":0}}
{"version":1,"wall_time":3.94,"cpu_time":3.94,"gc_time":1.51,"gc_overhead":38.29,"max_rss_kb":253244,"domain_stats":{"0":{"wall_time":3.94,"gc_time":1.51,"gc_overhead":38.29}},"mean_latency":0.620267,"stddev_latency":1.058608,"min_latency":0.0,"max_latency":10.256383,"distr_latency":{"25.0000":0.069759,"50.0000":0.247423,"60.0000":0.372223,"70.0000":0.554495,"75.0000":0.712191,"80.0000":0.925183,"85.0000":1.158143,"90.0000":1.524735,"95.0000":2.424831,"96.0000":2.938879,"97.0000":3.778559,"98.0000":4.427775,"99.0000":5.361663,"99.9000":8.921087,"99.9900":10.256383,"99.9990":10.256383,"99.9999":10.256383,"100.0000":10.256383},"allocations":{"total_heap":629519138,"minor_heap":606218568,"major_heap":166529118,"promoted_words":143228548,"promoted_pct":23.63},"domain_alloc_stats":{"0":{"total":629519138,"minor":606218568,"promoted":143228548,"major":166529118,"promoted_pct":23.63}},"collections":{"minor":1195,"major":42,"forced_major":0,"compactions":0}}
{"version":1,"wall_time":3.94,"cpu_time":3.94,"gc_time":1.5,"gc_overhead":38.16,"max_rss_kb":253292,"domain_stats":{"0":{"wall_time":3.94,"gc_time":1.5,"gc_overhead":38.16}},"mean_latency":0.61848,"stddev_latency":1.057786,"min_latency":0.0,"max_latency":10.207231,"distr_latency":{"25.0000":0.067903,"50.0000":0.242431,"60.0000":0.371967,"70.0000":0.547327,"75.0000":0.706559,"80.0000":0.922623,"85.0000":1.151999,"90.0000":1.519615,"95.0000":2.408447,"96.0000":2.918399,"97.0000":3.782655,"98.0000":4.456447,"99.0000":5.427199,"99.9000":8.888319,"99.9900":10.207231,"99.9990":10.207231,"99.9999":10.207231,"100.0000":10.207231},"allocations":{"total_heap":629519138,"minor_heap":606218568,"major_heap":166529118,"promoted_words":143228548,"promoted_pct":23.63},"domain_alloc_stats":{"0":{"total":629519138,"minor":606218568,"promoted":143228548,"major":166529118,"promoted_pct":23.63}},"collections":{"minor":1195,"major":42,"forced_major":0,"compactions":0}}
