{"version":1,"wall_time":2.79,"cpu_time":2.79,"gc_time":2.52,"gc_overhead":90.46,"max_rss_kb":112244,"domain_stats":{"0":{"wall_time":2.79,"gc_time":2.52,"gc_overhead":90.46}},"mean_latency":0.172466,"stddev_latency":0.374569,"min_latency":0.0,"max_latency":2.990079,"distr_latency":{"25.0000":5.5e-05,"50.0000":0.000303,"60.0000":0.000343,"70.0000":0.003047,"75.0000":0.006967,"80.0000":0.104319,"85.0000":0.780799,"90.0000":0.817151,"95.0000":1.016831,"96.0000":1.140735,"97.0000":1.257471,"98.0000":1.380351,"99.0000":1.484799,"99.9000":1.611775,"99.9900":2.643967,"99.9990":2.990079,"99.9999":2.990079,"100.0000":2.990079},"allocations":{"total_heap":13497962,"minor_heap":120716,"major_heap":13377826,"promoted_words":580,"promoted_pct":0.48},"domain_alloc_stats":{"0":{"total":13497962,"minor":120716,"promoted":580,"major":13377826,"promoted_pct":0.48}},"collections":{"minor":1799,"major":899,"forced_major":0,"compactions":0}}
{"version":1,"wall_time":3.22,"cpu_time":3.22,"gc_time":2.96,"gc_overhead":91.71,"max_rss_kb":112288,"domain_stats":{"0":{"wall_time":3.22,"gc_time":2.96,"gc_overhead":91.71}},"mean_latency":0.202025,"stddev_latency":0.456804,"min_latency":0.0,"max_latency":3.233791,"distr_latency":{"25.0000":4.7e-05,"50.0000":0.000303,"60.0000":0.000335,"70.0000":0.003007,"75.0000":0.007087,"80.0000":0.111679,"85.0000":0.804863,"90.0000":0.823295,"95.0000":1.373183,"96.0000":1.412095,"97.0000":1.419263,"98.0000":1.520639,"99.0000":1.969151,"99.9000":2.672639,"99.9900":2.760703,"99.9990":3.233791,"99.9999":3.233791,"100.0000":3.233791},"allocations":{"total_heap":13497962,"minor_heap":120716,"major_heap":13377826,"promoted_words":580,"promoted_pct":0.48},"domain_alloc_stats":{"0":{"total":13497962,"minor":120716,"promoted":580,"major":13377826,"promoted_pct":0.48}},"collections":{"minor":1799,"major":899,"forced_major":0,"compactions":0}}
{"version":1,"wall_time":2.95,"cpu_time":2.95,"gc_time":2.68,"gc_overhead":90.95,"max_rss_kb":112276,"domain_stats":{"0":{"wall_time":2.95,"gc_time":2.68,"gc_overhead":90.95}},"mean_latency":0.183265,"stddev_latency":0.407349,"min_latency":0.0,"max_latency":4.255743,"distr_latency":{"25.0000":4.7e-05,"50.0000":0.000303,"60.0000":0.000343,"70.0000":0.003135,"75.0000":0.006951,"80.0000":0.111679,"85.0000":0.792575,"90.0000":0.816639,"95.0000":1.140735,"96.0000":1.253375,"97.0000":1.374207,"98.0000":1.418239,"99.0000":1.527807,"99.9000":2.557951,"99.9900":2.740223,"99.9990":4.255743,"99.9999":4.255743,"100.0000":4.255743},"allocations":{"total_heap":13497962,"minor_heap":120716,"major_heap":13377826,"promoted_words":580,"promoted_pct":0.48},"domain_alloc_stats":{"0":{"total":13497962,"minor":120716,"promoted":580,"major":13377826,"promoted_pct":0.48}},"collections":{"minor":1799,"major":899,"forced_major":0,"compactions":0}}
