{"version":1,"wall_time":6.22,"cpu_time":6.22,"gc_time":4.92,"gc_overhead":79.18,"max_rss_kb":74700,"domain_stats":{"0":{"wall_time":6.22,"gc_time":4.92,"gc_overhead":79.18}},"mean_latency":0.779497,"stddev_latency":0.614995,"min_latency":0.0,"max_latency":2.232319,"distr_latency":{"25.0000":0.052543,"50.0000":1.254399,"60.0000":1.318911,"70.0000":1.334271,"75.0000":1.340415,"80.0000":1.346559,"85.0000":1.353727,"90.0000":1.362943,"95.0000":1.375231,"96.0000":1.379327,"97.0000":1.384447,"98.0000":1.394687,"99.0000":1.477631,"99.9000":2.144255,"99.9900":2.170879,"99.9990":2.232319,"99.9999":2.232319,"100.0000":2.232319},"allocations":{"total_heap":659662535,"minor_heap":625165161,"major_heap":94323477,"promoted_words":59826103,"promoted_pct":9.57},"domain_alloc_stats":{"0":{"total":659662535,"minor":625165161,"promoted":59826103,"major":94323477,"promoted_pct":9.57}},"collections":{"minor":7995,"major":3521,"forced_major":1116,"compactions":0}}
{"version":1,"wall_time":6.35,"cpu_time":6.35,"gc_time":5.01,"gc_overhead":78.86,"max_rss_kb":74400,"domain_stats":{"0":{"wall_time":6.35,"gc_time":5.01,"gc_overhead":78.86}},"mean_latency":0.792838,"stddev_latency":0.627208,"min_latency":0.0,"max_latency":2.349055,"distr_latency":{"25.0000":0.052223,"50.0000":1.300479,"60.0000":1.340415,"70.0000":1.354751,"75.0000":1.360895,"80.0000":1.368063,"85.0000":1.376255,"90.0000":1.386495,"95.0000":1.400831,"96.0000":1.405951,"97.0000":1.412095,"98.0000":1.420287,"99.0000":1.507327,"99.9000":2.177023,"99.9900":2.254847,"99.9990":2.349055,"99.9999":2.349055,"100.0000":2.349055},"allocations":{"total_heap":659662531,"minor_heap":625165157,"major_heap":94323477,"promoted_words":59826103,"promoted_pct":9.57},"domain_alloc_stats":{"0":{"total":659662531,"minor":625165157,"promoted":59826103,"major":94323477,"promoted_pct":9.57}},"collections":{"minor":7995,"major":3521,"forced_major":1116,"compactions":0}}
{"version":1,"wall_time":6.24,"cpu_time":6.24,"gc_time":4.97,"gc_overhead":79.65,"max_rss_kb":73696,"domain_stats":{"0":{"wall_time":6.24,"gc_time":4.97,"gc_overhead":79.65}},"mean_latency":0.786502,"stddev_latency":0.62122,"min_latency":0.0,"max_latency":2.195455,"distr_latency":{"25.0000":0.051071,"50.0000":1.260543,"60.0000":1.329151,"70.0000":1.346559,"75.0000":1.353727,"80.0000":1.360895,"85.0000":1.369087,"90.0000":1.379327,"95.0000":1.394687,"96.0000":1.398783,"97.0000":1.405951,"98.0000":1.414143,"99.0000":1.509375,"99.9000":2.150399,"99.9900":2.170879,"99.9990":2.195455,"99.9999":2.195455,"100.0000":2.195455},"allocations":{"total_heap":659662527,"minor_heap":625165153,"major_heap":94323469,"promoted_words":59826095,"promoted_pct":9.57},"domain_alloc_stats":{"0":{"total":659662527,"minor":625165153,"promoted":59826095,"major":94323469,"promoted_pct":9.57}},"collections":{"minor":7995,"major":3521,"forced_major":1116,"compactions":0}}
