{"version":1,"wall_time":1.74,"cpu_time":1.74,"gc_time":0.54,"gc_overhead":30.99,"max_rss_kb":359152,"domain_stats":{"0":{"wall_time":1.74,"gc_time":0.54,"gc_overhead":30.99}},"mean_latency":0.663065,"stddev_latency":1.312587,"min_latency":0.0,"max_latency":10.616831,"distr_latency":{"25.0000":0.059551,"50.0000":0.106559,"60.0000":0.181631,"70.0000":0.350975,"75.0000":0.551423,"80.0000":1.065983,"85.0000":1.531903,"90.0000":1.992703,"95.0000":3.135487,"96.0000":3.399679,"97.0000":3.887103,"98.0000":4.972543,"99.0000":7.745535,"99.9000":9.183231,"99.9900":10.616831,"99.9990":10.616831,"99.9999":10.616831,"100.0000":10.616831},"allocations":{"total_heap":849800366,"minor_heap":846541071,"major_heap":66830449,"promoted_words":63571154,"promoted_pct":7.51},"domain_alloc_stats":{"0":{"total":849800366,"minor":846541071,"promoted":63571154,"major":66830449,"promoted_pct":7.51}},"collections":{"minor":416,"major":21,"forced_major":0,"compactions":0}}
{"version":1,"wall_time":1.73,"cpu_time":1.73,"gc_time":0.54,"gc_overhead":30.87,"max_rss_kb":359352,"domain_stats":{"0":{"wall_time":1.73,"gc_time":0.54,"gc_overhead":30.87}},"mean_latency":0.660365,"stddev_latency":1.310886,"min_latency":0.0,"max_latency":10.600447,"distr_latency":{"25.0000":0.058655,"50.0000":0.106687,"60.0000":0.180223,"70.0000":0.350463,"75.0000":0.548863,"80.0000":1.077247,"85.0000":1.554431,"90.0000":1.969151,"95.0000":3.151871,"96.0000":3.358719,"97.0000":3.780607,"98.0000":4.919295,"99.0000":7.794687,"99.9000":9.510911,"99.9900":10.600447,"99.9990":10.600447,"99.9999":10.600447,"100.0000":10.600447},"allocations":{"total_heap":849800366,"minor_heap":846541071,"major_heap":66830449,"promoted_words":63571154,"promoted_pct":7.51},"domain_alloc_stats":{"0":{"total":849800366,"minor":846541071,"promoted":63571154,"major":66830449,"promoted_pct":7.51}},"collections":{"minor":416,"major":21,"forced_major":0,"compactions":0}}
{"version":1,"wall_time":1.73,"cpu_time":1.73,"gc_time":0.53,"gc_overhead":30.8,"max_rss_kb":359612,"domain_stats":{"0":{"wall_time":1.73,"gc_time":0.53,"gc_overhead":30.8}},"mean_latency":0.658904,"stddev_latency":1.303599,"min_latency":0.0,"max_latency":10.387455,"distr_latency":{"25.0000":0.058527,"50.0000":0.107519,"60.0000":0.182783,"70.0000":0.355583,"75.0000":0.559103,"80.0000":1.081343,"85.0000":1.537023,"90.0000":1.963007,"95.0000":3.164159,"96.0000":3.422207,"97.0000":3.796991,"98.0000":4.816895,"99.0000":7.753727,"99.9000":9.256959,"99.9900":10.387455,"99.9990":10.387455,"99.9999":10.387455,"100.0000":10.387455},"allocations":{"total_heap":849800366,"minor_heap":846541071,"major_heap":66830449,"promoted_words":63571154,"promoted_pct":7.51},"domain_alloc_stats":{"0":{"total":849800366,"minor":846541071,"promoted":63571154,"major":66830449,"promoted_pct":7.51}},"collections":{"minor":416,"major":21,"forced_major":0,"compactions":0}}
