{"version":1,"wall_time":3.36,"cpu_time":3.36,"gc_time":3.31,"gc_overhead":98.71,"max_rss_kb":111312,"domain_stats":{"0":{"wall_time":3.36,"gc_time":3.31,"gc_overhead":98.71}},"mean_latency":0.225453,"stddev_latency":0.492825,"min_latency":0.0,"max_latency":3.305471,"distr_latency":{"25.0000":0.000103,"50.0000":0.000295,"60.0000":0.000303,"70.0000":0.004287,"75.0000":0.008455,"80.0000":0.078719,"85.0000":0.979455,"90.0000":1.088511,"95.0000":1.326079,"96.0000":1.464319,"97.0000":1.636351,"98.0000":1.807359,"99.0000":1.986559,"99.9000":2.191359,"99.9900":2.562047,"99.9990":3.305471,"99.9999":3.305471,"100.0000":3.305471},"allocations":{"total_heap":14037936,"minor_heap":300669,"major_heap":13737868,"promoted_words":601,"promoted_pct":0.2},"domain_alloc_stats":{"0":{"total":14037936,"minor":300669,"promoted":601,"major":13737868,"promoted_pct":0.2}},"collections":{"minor":1799,"major":899,"forced_major":0,"compactions":0}}
{"version":1,"wall_time":2.59,"cpu_time":2.59,"gc_time":2.54,"gc_overhead":98.31,"max_rss_kb":111312,"domain_stats":{"0":{"wall_time":2.59,"gc_time":2.54,"gc_overhead":98.31}},"mean_latency":0.172974,"stddev_latency":0.379248,"min_latency":0.0,"max_latency":3.037183,"distr_latency":{"25.0000":0.000103,"50.0000":0.000295,"60.0000":0.000311,"70.0000":0.004551,"75.0000":0.007935,"80.0000":0.062463,"85.0000":0.745471,"90.0000":0.820223,"95.0000":1.028095,"96.0000":1.150975,"97.0000":1.271807,"98.0000":1.400831,"99.0000":1.525759,"99.9000":1.882111,"99.9900":2.418687,"99.9990":3.037183,"99.9999":3.037183,"100.0000":3.037183},"allocations":{"total_heap":14037936,"minor_heap":300669,"major_heap":13737868,"promoted_words":601,"promoted_pct":0.2},"domain_alloc_stats":{"0":{"total":14037936,"minor":300669,"promoted":601,"major":13737868,"promoted_pct":0.2}},"collections":{"minor":1799,"major":899,"forced_major":0,"compactions":0}}
{"version":1,"wall_time":2.87,"cpu_time":2.87,"gc_time":2.82,"gc_overhead":98.48,"max_rss_kb":111372,"domain_stats":{"0":{"wall_time":2.87,"gc_time":2.82,"gc_overhead":98.48}},"mean_latency":0.192146,"stddev_latency":0.433299,"min_latency":0.0,"max_latency":3.151871,"distr_latency":{"25.0000":0.000103,"50.0000":0.000295,"60.0000":0.000303,"70.0000":0.004231,"75.0000":0.008407,"80.0000":0.065503,"85.0000":0.786943,"90.0000":0.816127,"95.0000":1.251327,"96.0000":1.371135,"97.0000":1.418239,"98.0000":1.530879,"99.0000":1.769471,"99.9000":2.512895,"99.9900":2.799615,"99.9990":3.151871,"99.9999":3.151871,"100.0000":3.151871},"allocations":{"total_heap":14037936,"minor_heap":300669,"major_heap":13737868,"promoted_words":601,"promoted_pct":0.2},"domain_alloc_stats":{"0":{"total":14037936,"minor":300669,"promoted":601,"major":13737868,"promoted_pct":0.2}},"collections":{"minor":1799,"major":899,"forced_major":0,"compactions":0}}
