{"version":1,"wall_time":1.63,"cpu_time":1.63,"gc_time":0.44,"gc_overhead":27.24,"max_rss_kb":386496,"domain_stats":{"0":{"wall_time":1.63,"gc_time":0.44,"gc_overhead":27.24}},"mean_latency":0.136584,"stddev_latency":0.262789,"min_latency":0.0,"max_latency":2.844671,"distr_latency":{"25.0000":0.022975,"50.0000":0.044831,"60.0000":0.056383,"70.0000":0.080511,"75.0000":0.098495,"80.0000":0.164735,"85.0000":0.284927,"90.0000":0.348927,"95.0000":0.606207,"96.0000":0.729599,"97.0000":0.803839,"98.0000":0.943103,"99.0000":1.501183,"99.9000":2.148351,"99.9900":2.844671,"99.9990":2.844671,"99.9999":2.844671,"100.0000":2.844671},"allocations":{"total_heap":850332100,"minor_heap":846566159,"major_heap":78355587,"promoted_words":74589646,"promoted_pct":8.81},"domain_alloc_stats":{"0":{"total":850332100,"minor":846566159,"promoted":74589646,"major":78355587,"promoted_pct":8.81}},"collections":{"minor":1626,"major":18,"forced_major":0,"compactions":0}}
{"version":1,"wall_time":1.63,"cpu_time":1.63,"gc_time":0.45,"gc_overhead":27.42,"max_rss_kb":386940,"domain_stats":{"0":{"wall_time":1.63,"gc_time":0.45,"gc_overhead":27.42}},"mean_latency":0.137106,"stddev_latency":0.263568,"min_latency":0.0,"max_latency":2.840575,"distr_latency":{"25.0000":0.022895,"50.0000":0.045535,"60.0000":0.056863,"70.0000":0.080063,"75.0000":0.099519,"80.0000":0.165759,"85.0000":0.285951,"90.0000":0.351487,"95.0000":0.608767,"96.0000":0.734207,"97.0000":0.818175,"98.0000":0.946175,"99.0000":1.470463,"99.9000":2.209791,"99.9900":2.840575,"99.9990":2.840575,"99.9999":2.840575,"100.0000":2.840575},"allocations":{"total_heap":850332100,"minor_heap":846566159,"major_heap":78355587,"promoted_words":74589646,"promoted_pct":8.81},"domain_alloc_stats":{"0":{"total":850332100,"minor":846566159,"promoted":74589646,"major":78355587,"promoted_pct":8.81}},"collections":{"minor":1626,"major":18,"forced_major":0,"compactions":0}}
{"version":1,"wall_time":1.64,"cpu_time":1.64,"gc_time":0.44,"gc_overhead":27.08,"max_rss_kb":386164,"domain_stats":{"0":{"wall_time":1.64,"gc_time":0.44,"gc_overhead":27.08}},"mean_latency":0.136548,"stddev_latency":0.26296,"min_latency":0.0,"max_latency":2.822143,"distr_latency":{"25.0000":0.022559,"50.0000":0.044735,"60.0000":0.056063,"70.0000":0.079999,"75.0000":0.098303,"80.0000":0.165887,"85.0000":0.284671,"90.0000":0.347903,"95.0000":0.604671,"96.0000":0.728575,"97.0000":0.797183,"98.0000":0.952319,"99.0000":1.478655,"99.9000":2.150399,"99.9900":2.822143,"99.9990":2.822143,"99.9999":2.822143,"100.0000":2.822143},"allocations":{"total_heap":850332100,"minor_heap":846566159,"major_heap":78355587,"promoted_words":74589646,"promoted_pct":8.81},"domain_alloc_stats":{"0":{"total":850332100,"minor":846566159,"promoted":74589646,"major":78355587,"promoted_pct":8.81}},"collections":{"minor":1626,"major":18,"forced_major":0,"compactions":0}}
