{"version":1,"wall_time":2.98,"cpu_time":2.98,"gc_time":2.71,"gc_overhead":91.05,"max_rss_kb":111892,"domain_stats":{"0":{"wall_time":2.98,"gc_time":2.71,"gc_overhead":91.05}},"mean_latency":0.225707,"stddev_latency":0.362424,"min_latency":0.0,"max_latency":2.934783,"distr_latency":{"25.0000":0.000287,"50.0000":0.000343,"60.0000":0.006551,"70.0000":0.173055,"75.0000":0.444415,"80.0000":0.719871,"85.0000":0.879103,"90.0000":0.887295,"95.0000":0.893951,"96.0000":0.894975,"97.0000":0.896511,"98.0000":0.899071,"99.0000":0.902143,"99.9000":1.537023,"99.9900":2.709503,"99.9990":2.934783,"99.9999":2.934783,"100.0000":2.934783},"allocations":{"total_heap":13497901,"minor_heap":120652,"major_heap":13377796,"promoted_words":547,"promoted_pct":0.45},"domain_alloc_stats":{"0":{"total":13497901,"minor":120652,"promoted":547,"major":13377796,"promoted_pct":0.45}},"collections":{"minor":984,"major":984,"forced_major":0,"compactions":0}}
{"version":1,"wall_time":3.01,"cpu_time":3.01,"gc_time":2.74,"gc_overhead":91.11,"max_rss_kb":111772,"domain_stats":{"0":{"wall_time":3.01,"gc_time":2.74,"gc_overhead":91.11}},"mean_latency":0.227923,"stddev_latency":0.367437,"min_latency":0.0,"max_latency":3.053567,"distr_latency":{"25.0000":0.000287,"50.0000":0.000311,"60.0000":0.006783,"70.0000":0.174463,"75.0000":0.451071,"80.0000":0.722943,"85.0000":0.879615,"90.0000":0.887295,"95.0000":0.893439,"96.0000":0.894975,"97.0000":0.896511,"98.0000":0.898559,"99.0000":0.904191,"99.9000":1.546239,"99.9900":2.750463,"99.9990":3.053567,"99.9999":3.053567,"100.0000":3.053567},"allocations":{"total_heap":13497901,"minor_heap":120652,"major_heap":13377796,"promoted_words":547,"promoted_pct":0.45},"domain_alloc_stats":{"0":{"total":13497901,"minor":120652,"promoted":547,"major":13377796,"promoted_pct":0.45}},"collections":{"minor":984,"major":984,"forced_major":0,"compactions":0}}
{"version":1,"wall_time":3.01,"cpu_time":3.01,"gc_time":2.75,"gc_overhead":91.14,"max_rss_kb":111948,"domain_stats":{"0":{"wall_time":3.01,"gc_time":2.75,"gc_overhead":91.14}},"mean_latency":0.228558,"stddev_latency":0.368447,"min_latency":0.0,"max_latency":2.885631,"distr_latency":{"25.0000":0.000287,"50.0000":0.000327,"60.0000":0.008495,"70.0000":0.172927,"75.0000":0.450303,"80.0000":0.727551,"85.0000":0.880639,"90.0000":0.887807,"95.0000":0.893951,"96.0000":0.895487,"97.0000":0.897023,"98.0000":0.899071,"99.0000":0.905727,"99.9000":1.545215,"99.9900":2.715647,"99.9990":2.885631,"99.9999":2.885631,"100.0000":2.885631},"allocations":{"total_heap":13497901,"minor_heap":120652,"major_heap":13377796,"promoted_words":547,"promoted_pct":0.45},"domain_alloc_stats":{"0":{"total":13497901,"minor":120652,"promoted":547,"major":13377796,"promoted_pct":0.45}},"collections":{"minor":984,"major":984,"forced_major":0,"compactions":0}}
