{"version":1,"wall_time":7.11,"cpu_time":7.11,"gc_time":1.26,"gc_overhead":17.69,"max_rss_kb":33916,"domain_stats":{"0":{"wall_time":7.11,"gc_time":1.26,"gc_overhead":17.69}},"mean_latency":0.231769,"stddev_latency":0.01548,"min_latency":0.08,"max_latency":0.307967,"distr_latency":{"25.0000":0.222719,"50.0000":0.231807,"60.0000":0.235007,"70.0000":0.239359,"75.0000":0.242047,"80.0000":0.244863,"85.0000":0.249087,"90.0000":0.252799,"95.0000":0.258175,"96.0000":0.259199,"97.0000":0.260223,"98.0000":0.261759,"99.0000":0.263679,"99.9000":0.270847,"99.9900":0.289791,"99.9990":0.307967,"99.9999":0.307967,"100.0000":0.307967},"allocations":{"total_heap":6638486153,"minor_heap":5690608378,"major_heap":996374086,"promoted_words":48496311,"promoted_pct":0.85},"domain_alloc_stats":{"0":{"total":6638486153,"minor":5690608378,"promoted":48496311,"major":996374086,"promoted_pct":0.85}},"collections":{"minor":5428,"major":5427,"forced_major":0,"compactions":0}}
{"version":1,"wall_time":7.15,"cpu_time":7.15,"gc_time":1.26,"gc_overhead":17.6,"max_rss_kb":34088,"domain_stats":{"0":{"wall_time":7.15,"gc_time":1.26,"gc_overhead":17.6}},"mean_latency":0.231872,"stddev_latency":0.016269,"min_latency":0.11,"max_latency":0.396543,"distr_latency":{"25.0000":0.222591,"50.0000":0.231807,"60.0000":0.235135,"70.0000":0.239359,"75.0000":0.241919,"80.0000":0.244863,"85.0000":0.249087,"90.0000":0.253695,"95.0000":0.259455,"96.0000":0.260735,"97.0000":0.262399,"98.0000":0.263935,"99.0000":0.266239,"99.9000":0.295679,"99.9900":0.335103,"99.9990":0.396543,"99.9999":0.396543,"100.0000":0.396543},"allocations":{"total_heap":6638486153,"minor_heap":5690608378,"major_heap":996374086,"promoted_words":48496311,"promoted_pct":0.85},"domain_alloc_stats":{"0":{"total":6638486153,"minor":5690608378,"promoted":48496311,"major":996374086,"promoted_pct":0.85}},"collections":{"minor":5428,"major":5427,"forced_major":0,"compactions":0}}
{"version":1,"wall_time":7.12,"cpu_time":7.12,"gc_time":1.23,"gc_overhead":17.31,"max_rss_kb":33924,"domain_stats":{"0":{"wall_time":7.12,"gc_time":1.23,"gc_overhead":17.31}},"mean_latency":0.226988,"stddev_latency":0.014989,"min_latency":0.1,"max_latency":0.306431,"distr_latency":{"25.0000":0.218495,"50.0000":0.226303,"60.0000":0.229631,"70.0000":0.233471,"75.0000":0.236543,"80.0000":0.239871,"85.0000":0.243839,"90.0000":0.247935,"95.0000":0.253695,"96.0000":0.254591,"97.0000":0.255743,"98.0000":0.256767,"99.0000":0.258431,"99.9000":0.266495,"99.9900":0.282111,"99.9990":0.306431,"99.9999":0.306431,"100.0000":0.306431},"allocations":{"total_heap":6638486153,"minor_heap":5690608378,"major_heap":996374086,"promoted_words":48496311,"promoted_pct":0.85},"domain_alloc_stats":{"0":{"total":6638486153,"minor":5690608378,"promoted":48496311,"major":996374086,"promoted_pct":0.85}},"collections":{"minor":5428,"major":5427,"forced_major":0,"compactions":0}}
