{"version":1,"wall_time":11.89,"cpu_time":11.89,"gc_time":1.49,"gc_overhead":12.5,"max_rss_kb":879936,"domain_stats":{"0":{"wall_time":11.89,"gc_time":1.49,"gc_overhead":12.5}},"mean_latency":0.160985,"stddev_latency":0.287284,"min_latency":0.0,"max_latency":3.635199,"distr_latency":{"25.0000":0.030671,"50.0000":0.060191,"60.0000":0.077247,"70.0000":0.103039,"75.0000":0.125055,"80.0000":0.165247,"85.0000":0.232703,"90.0000":0.441855,"95.0000":0.848383,"96.0000":0.928255,"97.0000":1.013759,"98.0000":1.135615,"99.0000":1.409023,"99.9000":2.316287,"99.9900":2.979839,"99.9990":3.635199,"99.9999":3.635199,"100.0000":3.635199},"allocations":{"total_heap":2410096434,"minor_heap":2361392223,"major_heap":345010887,"promoted_words":296306676,"promoted_pct":12.55},"domain_alloc_stats":{"0":{"total":2410096434,"minor":2361392223,"promoted":296306676,"major":345010887,"promoted_pct":12.55}},"collections":{"minor":4537,"major":29,"forced_major":0,"compactions":0}}
{"version":1,"wall_time":11.84,"cpu_time":11.84,"gc_time":1.5,"gc_overhead":12.66,"max_rss_kb":882356,"domain_stats":{"0":{"wall_time":11.84,"gc_time":1.5,"gc_overhead":12.66}},"mean_latency":0.162315,"stddev_latency":0.290869,"min_latency":0.0,"max_latency":3.688447,"distr_latency":{"25.0000":0.030591,"50.0000":0.060351,"60.0000":0.078143,"70.0000":0.103935,"75.0000":0.126847,"80.0000":0.165887,"85.0000":0.233599,"90.0000":0.450559,"95.0000":0.841215,"96.0000":0.932351,"97.0000":1.019903,"98.0000":1.151999,"99.0000":1.428479,"99.9000":2.363391,"99.9900":3.043327,"99.9990":3.688447,"99.9999":3.688447,"100.0000":3.688447},"allocations":{"total_heap":2410096434,"minor_heap":2361392223,"major_heap":345010887,"promoted_words":296306676,"promoted_pct":12.55},"domain_alloc_stats":{"0":{"total":2410096434,"minor":2361392223,"promoted":296306676,"major":345010887,"promoted_pct":12.55}},"collections":{"minor":4537,"major":29,"forced_major":0,"compactions":0}}
{"version":1,"wall_time":11.68,"cpu_time":11.68,"gc_time":1.49,"gc_overhead":12.78,"max_rss_kb":880096,"domain_stats":{"0":{"wall_time":11.68,"gc_time":1.49,"gc_overhead":12.78}},"mean_latency":0.161658,"stddev_latency":0.288811,"min_latency":0.0,"max_latency":3.659775,"distr_latency":{"25.0000":0.030783,"50.0000":0.060575,"60.0000":0.077567,"70.0000":0.104255,"75.0000":0.125375,"80.0000":0.164991,"85.0000":0.233471,"90.0000":0.449023,"95.0000":0.850943,"96.0000":0.929279,"97.0000":1.012223,"98.0000":1.139711,"99.0000":1.402879,"99.9000":2.322431,"99.9900":3.024895,"99.9990":3.659775,"99.9999":3.659775,"100.0000":3.659775},"allocations":{"total_heap":2410096434,"minor_heap":2361392223,"major_heap":345010887,"promoted_words":296306676,"promoted_pct":12.55},"domain_alloc_stats":{"0":{"total":2410096434,"minor":2361392223,"promoted":296306676,"major":345010887,"promoted_pct":12.55}},"collections":{"minor":4537,"major":29,"forced_major":0,"compactions":0}}
