{"version":1,"wall_time":4.49,"cpu_time":4.49,"gc_time":1.66,"gc_overhead":36.96,"max_rss_kb":1341648,"domain_stats":{"0":{"wall_time":4.49,"gc_time":1.66,"gc_overhead":36.96}},"mean_latency":0.149423,"stddev_latency":0.188009,"min_latency":0.0,"max_latency":4.179967,"distr_latency":{"25.0000":0.054687,"50.0000":0.125247,"60.0000":0.135167,"70.0000":0.188031,"75.0000":0.195327,"80.0000":0.202495,"85.0000":0.218111,"90.0000":0.255743,"95.0000":0.421887,"96.0000":0.485375,"97.0000":0.557567,"98.0000":0.709119,"99.0000":0.954879,"99.9000":1.937407,"99.9900":3.407871,"99.9990":4.179967,"99.9999":4.179967,"100.0000":4.179967},"allocations":{"total_heap":2913937527,"minor_heap":2901312669,"major_heap":376892559,"promoted_words":364267701,"promoted_pct":12.56},"domain_alloc_stats":{"0":{"total":2913937527,"minor":2901312669,"promoted":364267701,"major":376892559,"promoted_pct":12.56}},"collections":{"minor":5549,"major":25,"forced_major":0,"compactions":0}}
{"version":1,"wall_time":4.52,"cpu_time":4.52,"gc_time":1.66,"gc_overhead":36.64,"max_rss_kb":1341852,"domain_stats":{"0":{"wall_time":4.52,"gc_time":1.66,"gc_overhead":36.64}},"mean_latency":0.149058,"stddev_latency":0.187871,"min_latency":0.0,"max_latency":4.179967,"distr_latency":{"25.0000":0.054431,"50.0000":0.124735,"60.0000":0.134783,"70.0000":0.188031,"75.0000":0.195327,"80.0000":0.201727,"85.0000":0.217599,"90.0000":0.255871,"95.0000":0.421375,"96.0000":0.482815,"97.0000":0.556543,"98.0000":0.703999,"99.0000":0.948735,"99.9000":1.935359,"99.9900":3.420159,"99.9990":4.179967,"99.9999":4.179967,"100.0000":4.179967},"allocations":{"total_heap":2913937527,"minor_heap":2901312669,"major_heap":376892559,"promoted_words":364267701,"promoted_pct":12.56},"domain_alloc_stats":{"0":{"total":2913937527,"minor":2901312669,"promoted":364267701,"major":376892559,"promoted_pct":12.56}},"collections":{"minor":5549,"major":25,"forced_major":0,"compactions":0}}
{"version":1,"wall_time":4.48,"cpu_time":4.48,"gc_time":1.66,"gc_overhead":37.02,"max_rss_kb":1341628,"domain_stats":{"0":{"wall_time":4.48,"gc_time":1.66,"gc_overhead":37.02}},"mean_latency":0.149365,"stddev_latency":0.188113,"min_latency":0.0,"max_latency":4.188159,"distr_latency":{"25.0000":0.054303,"50.0000":0.124991,"60.0000":0.135295,"70.0000":0.187647,"75.0000":0.195583,"80.0000":0.203007,"85.0000":0.219263,"90.0000":0.255615,"95.0000":0.418303,"96.0000":0.482303,"97.0000":0.556543,"98.0000":0.701951,"99.0000":0.958463,"99.9000":1.930239,"99.9900":3.393535,"99.9990":4.188159,"99.9999":4.188159,"100.0000":4.188159},"allocations":{"total_heap":2913937527,"minor_heap":2901312669,"major_heap":376892559,"promoted_words":364267701,"promoted_pct":12.56},"domain_alloc_stats":{"0":{"total":2913937527,"minor":2901312669,"promoted":364267701,"major":376892559,"promoted_pct":12.56}},"collections":{"minor":5549,"major":25,"forced_major":0,"compactions":0}}
