{"version":1,"wall_time":8.87,"cpu_time":8.87,"gc_time":3.71,"gc_overhead":41.84,"max_rss_kb":761940,"domain_stats":{"0":{"wall_time":8.87,"gc_time":3.71,"gc_overhead":41.84}},"mean_latency":0.599757,"stddev_latency":1.423321,"min_latency":0.0,"max_latency":62.586879,"distr_latency":{"25.0000":0.000911,"50.0000":0.002511,"60.0000":0.169599,"70.0000":0.571903,"75.0000":0.813055,"80.0000":1.065983,"85.0000":1.195007,"90.0000":1.372159,"95.0000":3.117055,"96.0000":3.643391,"97.0000":4.134911,"98.0000":4.902911,"99.0000":6.082559,"99.9000":8.126463,"99.9900":14.983167,"99.9990":62.586879,"99.9999":62.586879,"100.0000":62.586879},"allocations":{"total_heap":3289588353,"minor_heap":3151833781,"major_heap":446544766,"promoted_words":308790194,"promoted_pct":9.8},"domain_alloc_stats":{"0":{"total":3289588353,"minor":3151833781,"promoted":308790194,"major":446544766,"promoted_pct":9.8}},"collections":{"minor":3083,"major":113,"forced_major":0,"compactions":0}}
{"version":1,"wall_time":8.84,"cpu_time":8.84,"gc_time":3.67,"gc_overhead":41.53,"max_rss_kb":762340,"domain_stats":{"0":{"wall_time":8.84,"gc_time":3.67,"gc_overhead":41.53}},"mean_latency":0.59261,"stddev_latency":1.399374,"min_latency":0.0,"max_latency":61.439999,"distr_latency":{"25.0000":0.000927,"50.0000":0.002495,"60.0000":0.167679,"70.0000":0.568319,"75.0000":0.808959,"80.0000":1.053695,"85.0000":1.180671,"90.0000":1.360895,"95.0000":3.071999,"96.0000":3.616767,"97.0000":4.155391,"98.0000":4.861951,"99.0000":5.935103,"99.9000":7.909375,"99.9900":14.598143,"99.9990":61.439999,"99.9999":61.439999,"100.0000":61.439999},"allocations":{"total_heap":3289588353,"minor_heap":3151833781,"major_heap":446544766,"promoted_words":308790194,"promoted_pct":9.8},"domain_alloc_stats":{"0":{"total":3289588353,"minor":3151833781,"promoted":308790194,"major":446544766,"promoted_pct":9.8}},"collections":{"minor":3083,"major":113,"forced_major":0,"compactions":0}}
{"version":1,"wall_time":8.9,"cpu_time":8.9,"gc_time":3.69,"gc_overhead":41.48,"max_rss_kb":761884,"domain_stats":{"0":{"wall_time":8.9,"gc_time":3.69,"gc_overhead":41.48}},"mean_latency":0.595996,"stddev_latency":1.404022,"min_latency":0.0,"max_latency":61.112319,"distr_latency":{"25.0000":0.000911,"50.0000":0.002487,"60.0000":0.166143,"70.0000":0.569855,"75.0000":0.812031,"80.0000":1.056767,"85.0000":1.191935,"90.0000":1.382399,"95.0000":3.106815,"96.0000":3.608575,"97.0000":4.147199,"98.0000":4.915199,"99.0000":6.086655,"99.9000":7.999487,"99.9900":14.696447,"99.9990":61.112319,"99.9999":61.112319,"100.0000":61.112319},"allocations":{"total_heap":3289588353,"minor_heap":3151833781,"major_heap":446544766,"promoted_words":308790194,"promoted_pct":9.8},"domain_alloc_stats":{"0":{"total":3289588353,"minor":3151833781,"promoted":308790194,"major":446544766,"promoted_pct":9.8}},"collections":{"minor":3083,"major":113,"forced_major":0,"compactions":0}}
