{"version":1,"wall_time":2.28,"cpu_time":2.28,"gc_time":0.62,"gc_overhead":27.03,"max_rss_kb":90532,"domain_stats":{"0":{"wall_time":2.28,"gc_time":0.62,"gc_overhead":27.03}},"mean_latency":0.005824,"stddev_latency":0.004709,"min_latency":0.0,"max_latency":0.109823,"distr_latency":{"25.0000":3.1e-05,"50.0000":0.005663,"60.0000":0.008855,"70.0000":0.009703,"75.0000":0.009903,"80.0000":0.010071,"85.0000":0.010407,"90.0000":0.010927,"95.0000":0.012327,"96.0000":0.012863,"97.0000":0.013511,"98.0000":0.014223,"99.0000":0.015271,"99.9000":0.018815,"99.9900":0.022111,"99.9990":0.026895,"99.9999":0.109823,"100.0000":0.109823},"allocations":{"total_heap":3994288436,"minor_heap":4706187,"major_heap":3989718458,"promoted_words":136209,"promoted_pct":2.89},"domain_alloc_stats":{"0":{"total":3994288436,"minor":4706187,"promoted":136209,"major":3989718458,"promoted_pct":2.89}},"collections":{"minor":59217,"major":59213,"forced_major":0,"compactions":0}}
{"version":1,"wall_time":2.29,"cpu_time":2.29,"gc_time":0.63,"gc_overhead":27.64,"max_rss_kb":90240,"domain_stats":{"0":{"wall_time":2.29,"gc_time":0.63,"gc_overhead":27.64}},"mean_latency":0.005991,"stddev_latency":0.004846,"min_latency":0.0,"max_latency":0.112959,"distr_latency":{"25.0000":3.1e-05,"50.0000":0.005863,"60.0000":0.009183,"70.0000":0.010031,"75.0000":0.010183,"80.0000":0.010311,"85.0000":0.010711,"90.0000":0.011167,"95.0000":0.012511,"96.0000":0.013063,"97.0000":0.013703,"98.0000":0.014391,"99.0000":0.015447,"99.9000":0.019055,"99.9900":0.022383,"99.9990":0.091071,"99.9999":0.112959,"100.0000":0.112959},"allocations":{"total_heap":3994288436,"minor_heap":4706187,"major_heap":3989718458,"promoted_words":136209,"promoted_pct":2.89},"domain_alloc_stats":{"0":{"total":3994288436,"minor":4706187,"promoted":136209,"major":3989718458,"promoted_pct":2.89}},"collections":{"minor":59217,"major":59213,"forced_major":0,"compactions":0}}
{"version":1,"wall_time":2.29,"cpu_time":2.29,"gc_time":0.63,"gc_overhead":27.68,"max_rss_kb":90500,"domain_stats":{"0":{"wall_time":2.29,"gc_time":0.63,"gc_overhead":27.68}},"mean_latency":0.006004,"stddev_latency":0.00485,"min_latency":0.0,"max_latency":0.073279,"distr_latency":{"25.0000":3.1e-05,"50.0000":0.005903,"60.0000":0.009191,"70.0000":0.010023,"75.0000":0.010223,"80.0000":0.010367,"85.0000":0.010735,"90.0000":0.011223,"95.0000":0.012647,"96.0000":0.013215,"97.0000":0.013855,"98.0000":0.014543,"99.0000":0.015567,"99.9000":0.019311,"99.9900":0.022431,"99.9990":0.039519,"99.9999":0.073279,"100.0000":0.073279},"allocations":{"total_heap":3994288436,"minor_heap":4706187,"major_heap":3989718458,"promoted_words":136209,"promoted_pct":2.89},"domain_alloc_stats":{"0":{"total":3994288436,"minor":4706187,"promoted":136209,"major":3989718458,"promoted_pct":2.89}},"collections":{"minor":59217,"major":59213,"forced_major":0,"compactions":0}}
