{"version":1,"wall_time":4.16,"cpu_time":4.16,"gc_time":3.2,"gc_overhead":76.95,"max_rss_kb":166564,"domain_stats":{"0":{"wall_time":4.16,"gc_time":3.2,"gc_overhead":76.95}},"mean_latency":0.211468,"stddev_latency":0.457355,"min_latency":0.0,"max_latency":3.518463,"distr_latency":{"25.0000":7.1e-05,"50.0000":0.000295,"60.0000":0.000335,"70.0000":0.005431,"75.0000":0.008847,"80.0000":0.266239,"85.0000":0.758783,"90.0000":0.961535,"95.0000":1.297407,"96.0000":1.409023,"97.0000":1.543167,"98.0000":1.683455,"99.0000":1.829887,"99.9000":2.433023,"99.9900":3.006463,"99.9990":3.518463,"99.9999":3.518463,"100.0000":3.518463},"allocations":{"total_heap":14037986,"minor_heap":300719,"major_heap":13737868,"promoted_words":601,"promoted_pct":0.2},"domain_alloc_stats":{"0":{"total":14037986,"minor":300719,"promoted":601,"major":13737868,"promoted_pct":0.2}},"collections":{"minor":2099,"major":1049,"forced_major":0,"compactions":0}}
{"version":1,"wall_time":4.15,"cpu_time":4.15,"gc_time":3.19,"gc_overhead":76.88,"max_rss_kb":166208,"domain_stats":{"0":{"wall_time":4.15,"gc_time":3.19,"gc_overhead":76.88}},"mean_latency":0.210581,"stddev_latency":0.453167,"min_latency":0.0,"max_latency":2.994175,"distr_latency":{"25.0000":0.000111,"50.0000":0.000295,"60.0000":0.000335,"70.0000":0.005191,"75.0000":0.008631,"80.0000":0.263167,"85.0000":0.766463,"90.0000":0.967167,"95.0000":1.295359,"96.0000":1.415167,"97.0000":1.548287,"98.0000":1.682431,"99.0000":1.833983,"99.9000":2.246655,"99.9900":2.662399,"99.9990":2.994175,"99.9999":2.994175,"100.0000":2.994175},"allocations":{"total_heap":14037986,"minor_heap":300719,"major_heap":13737868,"promoted_words":601,"promoted_pct":0.2},"domain_alloc_stats":{"0":{"total":14037986,"minor":300719,"promoted":601,"major":13737868,"promoted_pct":0.2}},"collections":{"minor":2099,"major":1049,"forced_major":0,"compactions":0}}
{"version":1,"wall_time":4.16,"cpu_time":4.16,"gc_time":3.18,"gc_overhead":76.62,"max_rss_kb":166044,"domain_stats":{"0":{"wall_time":4.16,"gc_time":3.18,"gc_overhead":76.62}},"mean_latency":0.210255,"stddev_latency":0.45214,"min_latency":0.0,"max_latency":3.049471,"distr_latency":{"25.0000":0.000111,"50.0000":0.000295,"60.0000":0.000335,"70.0000":0.005047,"75.0000":0.008495,"80.0000":0.267519,"85.0000":0.774143,"90.0000":0.965631,"95.0000":1.285119,"96.0000":1.399807,"97.0000":1.537023,"98.0000":1.675263,"99.0000":1.823743,"99.9000":2.289663,"99.9900":2.947071,"99.9990":3.049471,"99.9999":3.049471,"100.0000":3.049471},"allocations":{"total_heap":14037986,"minor_heap":300719,"major_heap":13737868,"promoted_words":601,"promoted_pct":0.2},"domain_alloc_stats":{"0":{"total":14037986,"minor":300719,"promoted":601,"major":13737868,"promoted_pct":0.2}},"collections":{"minor":2099,"major":1049,"forced_major":0,"compactions":0}}
