{"version":1,"wall_time":1.85,"cpu_time":1.85,"gc_time":0.65,"gc_overhead":34.97,"max_rss_kb":276616,"domain_stats":{"0":{"wall_time":1.85,"gc_time":0.65,"gc_overhead":34.97}},"mean_latency":0.198354,"stddev_latency":0.449834,"min_latency":0.0,"max_latency":4.386815,"distr_latency":{"25.0000":0.018175,"50.0000":0.041791,"60.0000":0.054783,"70.0000":0.090879,"75.0000":0.138879,"80.0000":0.243967,"85.0000":0.326399,"90.0000":0.543743,"95.0000":0.885759,"96.0000":1.005055,"97.0000":1.332223,"98.0000":1.930239,"99.0000":2.537471,"99.9000":3.946495,"99.9900":4.386815,"99.9990":4.386815,"99.9999":4.386815,"100.0000":4.386815},"allocations":{"total_heap":850306373,"minor_heap":846540416,"major_heap":78106385,"promoted_words":74340428,"promoted_pct":8.78},"domain_alloc_stats":{"0":{"total":850306373,"minor":846540416,"promoted":74340428,"major":78106385,"promoted_pct":8.78}},"collections":{"minor":1630,"major":24,"forced_major":0,"compactions":0}}
{"version":1,"wall_time":1.83,"cpu_time":1.83,"gc_time":0.64,"gc_overhead":34.79,"max_rss_kb":276796,"domain_stats":{"0":{"wall_time":1.83,"gc_time":0.64,"gc_overhead":34.79}},"mean_latency":0.19617,"stddev_latency":0.443374,"min_latency":0.0,"max_latency":4.091903,"distr_latency":{"25.0000":0.018143,"50.0000":0.041663,"60.0000":0.054719,"70.0000":0.089727,"75.0000":0.135167,"80.0000":0.243967,"85.0000":0.325631,"90.0000":0.536575,"95.0000":0.878079,"96.0000":0.983039,"97.0000":1.325055,"98.0000":1.983487,"99.0000":2.557951,"99.9000":3.792895,"99.9900":4.091903,"99.9990":4.091903,"99.9999":4.091903,"100.0000":4.091903},"allocations":{"total_heap":850306373,"minor_heap":846540416,"major_heap":78106385,"promoted_words":74340428,"promoted_pct":8.78},"domain_alloc_stats":{"0":{"total":850306373,"minor":846540416,"promoted":74340428,"major":78106385,"promoted_pct":8.78}},"collections":{"minor":1630,"major":24,"forced_major":0,"compactions":0}}
{"version":1,"wall_time":1.83,"cpu_time":1.83,"gc_time":0.63,"gc_overhead":34.63,"max_rss_kb":276492,"domain_stats":{"0":{"wall_time":1.83,"gc_time":0.63,"gc_overhead":34.63}},"mean_latency":0.195021,"stddev_latency":0.438217,"min_latency":0.0,"max_latency":4.018175,"distr_latency":{"25.0000":0.018159,"50.0000":0.041887,"60.0000":0.055071,"70.0000":0.090175,"75.0000":0.136319,"80.0000":0.244223,"85.0000":0.325375,"90.0000":0.534015,"95.0000":0.871935,"96.0000":0.982015,"97.0000":1.323007,"98.0000":1.927167,"99.0000":2.533375,"99.9000":3.725311,"99.9900":4.018175,"99.9990":4.018175,"99.9999":4.018175,"100.0000":4.018175},"allocations":{"total_heap":850306373,"minor_heap":846540416,"major_heap":78106385,"promoted_words":74340428,"promoted_pct":8.78},"domain_alloc_stats":{"0":{"total":850306373,"minor":846540416,"promoted":74340428,"major":78106385,"promoted_pct":8.78}},"collections":{"minor":1630,"major":24,"forced_major":0,"compactions":0}}
