{"version":1,"wall_time":3.09,"cpu_time":3.09,"gc_time":0.48,"gc_overhead":15.63,"max_rss_kb":532632,"domain_stats":{"0":{"wall_time":3.09,"gc_time":0.48,"gc_overhead":15.63}},"mean_latency":0.577013,"stddev_latency":0.864006,"min_latency":0.0,"max_latency":6.148095,"distr_latency":{"25.0000":0.038879,"50.0000":0.145919,"60.0000":0.380927,"70.0000":0.539647,"75.0000":0.643583,"80.0000":1.011711,"85.0000":1.409023,"90.0000":1.866751,"95.0000":2.248703,"96.0000":2.465791,"97.0000":2.723839,"98.0000":3.125247,"99.0000":3.776511,"99.9000":5.046271,"99.9900":6.148095,"99.9990":6.148095,"99.9999":6.148095,"100.0000":6.148095},"allocations":{"total_heap":433382255,"minor_heap":417472030,"major_heap":110696848,"promoted_words":94786623,"promoted_pct":22.7},"domain_alloc_stats":{"0":{"total":433382255,"minor":417472030,"promoted":94786623,"major":110696848,"promoted_pct":22.7}},"collections":{"minor":409,"major":15,"forced_major":0,"compactions":0}}
{"version":1,"wall_time":3.1,"cpu_time":3.1,"gc_time":0.49,"gc_overhead":15.75,"max_rss_kb":532232,"domain_stats":{"0":{"wall_time":3.1,"gc_time":0.49,"gc_overhead":15.75}},"mean_latency":0.58242,"stddev_latency":0.87411,"min_latency":0.0,"max_latency":6.107135,"distr_latency":{"25.0000":0.039199,"50.0000":0.151935,"60.0000":0.381695,"70.0000":0.542207,"75.0000":0.641023,"80.0000":1.008127,"85.0000":1.431551,"90.0000":1.886207,"95.0000":2.312191,"96.0000":2.459647,"97.0000":2.824191,"98.0000":3.115007,"99.0000":3.762175,"99.9000":5.177343,"99.9900":6.107135,"99.9990":6.107135,"99.9999":6.107135,"100.0000":6.107135},"allocations":{"total_heap":433382255,"minor_heap":417472030,"major_heap":110696848,"promoted_words":94786623,"promoted_pct":22.7},"domain_alloc_stats":{"0":{"total":433382255,"minor":417472030,"promoted":94786623,"major":110696848,"promoted_pct":22.7}},"collections":{"minor":409,"major":15,"forced_major":0,"compactions":0}}
{"version":1,"wall_time":3.11,"cpu_time":3.11,"gc_time":0.49,"gc_overhead":15.67,"max_rss_kb":531552,"domain_stats":{"0":{"wall_time":3.11,"gc_time":0.49,"gc_overhead":15.67}},"mean_latency":0.580935,"stddev_latency":0.87303,"min_latency":0.0,"max_latency":6.172671,"distr_latency":{"25.0000":0.038911,"50.0000":0.146559,"60.0000":0.378879,"70.0000":0.540159,"75.0000":0.636415,"80.0000":1.020927,"85.0000":1.416191,"90.0000":1.895423,"95.0000":2.279423,"96.0000":2.465791,"97.0000":2.795519,"98.0000":3.260415,"99.0000":3.780607,"99.9000":5.103615,"99.9900":6.172671,"99.9990":6.172671,"99.9999":6.172671,"100.0000":6.172671},"allocations":{"total_heap":433382255,"minor_heap":417472030,"major_heap":110696848,"promoted_words":94786623,"promoted_pct":22.7},"domain_alloc_stats":{"0":{"total":433382255,"minor":417472030,"promoted":94786623,"major":110696848,"promoted_pct":22.7}},"collections":{"minor":409,"major":15,"forced_major":0,"compactions":0}}
