{"version":1,"wall_time":5.93,"cpu_time":5.93,"gc_time":4.66,"gc_overhead":78.55,"max_rss_kb":78816,"domain_stats":{"0":{"wall_time":5.93,"gc_time":4.66,"gc_overhead":78.55}},"mean_latency":0.877127,"stddev_latency":0.551003,"min_latency":0.0,"max_latency":2.254847,"distr_latency":{"25.0000":0.180095,"50.0000":1.240063,"60.0000":1.255423,"70.0000":1.268735,"75.0000":1.275903,"80.0000":1.282047,"85.0000":1.290239,"90.0000":1.302527,"95.0000":1.319935,"96.0000":1.326079,"97.0000":1.335295,"98.0000":1.360895,"99.0000":1.522687,"99.9000":2.117631,"99.9900":2.197503,"99.9990":2.254847,"99.9999":2.254847,"100.0000":2.254847},"allocations":{"total_heap":659665878,"minor_heap":625165156,"major_heap":84417671,"promoted_words":49916949,"promoted_pct":7.98},"domain_alloc_stats":{"0":{"total":659665878,"minor":625165156,"promoted":49916949,"major":84417671,"promoted_pct":7.98}},"collections":{"minor":7433,"major":3517,"forced_major":1116,"compactions":0}}
{"version":1,"wall_time":5.96,"cpu_time":5.96,"gc_time":4.63,"gc_overhead":77.7,"max_rss_kb":79184,"domain_stats":{"0":{"wall_time":5.96,"gc_time":4.63,"gc_overhead":77.7}},"mean_latency":0.871258,"stddev_latency":0.546192,"min_latency":0.0,"max_latency":2.226175,"distr_latency":{"25.0000":0.180607,"50.0000":1.232895,"60.0000":1.246207,"70.0000":1.260543,"75.0000":1.266687,"80.0000":1.271807,"85.0000":1.278975,"90.0000":1.288191,"95.0000":1.304575,"96.0000":1.310719,"97.0000":1.319935,"98.0000":1.348607,"99.0000":1.525759,"99.9000":2.103295,"99.9900":2.144255,"99.9990":2.226175,"99.9999":2.226175,"100.0000":2.226175},"allocations":{"total_heap":659665868,"minor_heap":625165146,"major_heap":84417674,"promoted_words":49916952,"promoted_pct":7.98},"domain_alloc_stats":{"0":{"total":659665868,"minor":625165146,"promoted":49916952,"major":84417674,"promoted_pct":7.98}},"collections":{"minor":7433,"major":3517,"forced_major":1116,"compactions":0}}
{"version":1,"wall_time":5.93,"cpu_time":5.93,"gc_time":4.65,"gc_overhead":78.44,"max_rss_kb":79320,"domain_stats":{"0":{"wall_time":5.93,"gc_time":4.65,"gc_overhead":78.44}},"mean_latency":0.87512,"stddev_latency":0.548751,"min_latency":0.0,"max_latency":2.197503,"distr_latency":{"25.0000":0.182911,"50.0000":1.242111,"60.0000":1.256447,"70.0000":1.266687,"75.0000":1.271807,"80.0000":1.277951,"85.0000":1.284095,"90.0000":1.293311,"95.0000":1.305599,"96.0000":1.310719,"97.0000":1.318911,"98.0000":1.347583,"99.0000":1.515519,"99.9000":2.091007,"99.9900":2.127871,"99.9990":2.197503,"99.9999":2.197503,"100.0000":2.197503},"allocations":{"total_heap":659665880,"minor_heap":625165158,"major_heap":84417698,"promoted_words":49916976,"promoted_pct":7.98},"domain_alloc_stats":{"0":{"total":659665880,"minor":625165158,"promoted":49916976,"major":84417698,"promoted_pct":7.98}},"collections":{"minor":7433,"major":3517,"forced_major":1116,"compactions":0}}
