{"version":1,"wall_time":3.14,"cpu_time":3.14,"gc_time":0.99,"gc_overhead":31.36,"max_rss_kb":1077020,"domain_stats":{"0":{"wall_time":3.14,"gc_time":0.99,"gc_overhead":31.36}},"mean_latency":0.775027,"stddev_latency":0.600119,"min_latency":0.0,"max_latency":5.619711,"distr_latency":{"25.0000":0.266495,"50.0000":0.764415,"60.0000":0.833535,"70.0000":0.926207,"75.0000":0.967167,"80.0000":1.042431,"85.0000":1.174527,"90.0000":1.350655,"95.0000":1.604607,"96.0000":1.733631,"97.0000":1.960959,"98.0000":2.400255,"99.0000":2.971647,"99.9000":5.545983,"99.9900":5.619711,"99.9990":5.619711,"99.9999":5.619711,"100.0000":5.619711},"allocations":{"total_heap":1328154339,"minor_heap":1325664981,"major_heap":145074313,"promoted_words":142584955,"promoted_pct":10.76},"domain_alloc_stats":{"0":{"total":1328154339,"minor":1325664981,"promoted":142584955,"major":145074313,"promoted_pct":10.76}},"collections":{"minor":638,"major":9,"forced_major":0,"compactions":0}}
{"version":1,"wall_time":3.15,"cpu_time":3.15,"gc_time":0.99,"gc_overhead":31.31,"max_rss_kb":1074500,"domain_stats":{"0":{"wall_time":3.15,"gc_time":0.99,"gc_overhead":31.31}},"mean_latency":0.776921,"stddev_latency":0.598845,"min_latency":0.0,"max_latency":5.836799,"distr_latency":{"25.0000":0.264959,"50.0000":0.773119,"60.0000":0.847359,"70.0000":0.931327,"75.0000":0.972799,"80.0000":1.046527,"85.0000":1.164287,"90.0000":1.348607,"95.0000":1.613823,"96.0000":1.708031,"97.0000":1.994751,"98.0000":2.359295,"99.0000":3.024895,"99.9000":5.615615,"99.9900":5.836799,"99.9990":5.836799,"99.9999":5.836799,"100.0000":5.836799},"allocations":{"total_heap":1328154339,"minor_heap":1325664981,"major_heap":145074313,"promoted_words":142584955,"promoted_pct":10.76},"domain_alloc_stats":{"0":{"total":1328154339,"minor":1325664981,"promoted":142584955,"major":145074313,"promoted_pct":10.76}},"collections":{"minor":638,"major":9,"forced_major":0,"compactions":0}}
{"version":1,"wall_time":3.18,"cpu_time":3.18,"gc_time":1.01,"gc_overhead":31.93,"max_rss_kb":1063520,"domain_stats":{"0":{"wall_time":3.18,"gc_time":1.01,"gc_overhead":31.93}},"mean_latency":0.798374,"stddev_latency":0.604741,"min_latency":0.0,"max_latency":5.623807,"distr_latency":{"25.0000":0.267263,"50.0000":0.799231,"60.0000":0.871423,"70.0000":0.971263,"75.0000":1.015807,"80.0000":1.076223,"85.0000":1.198079,"90.0000":1.377279,"95.0000":1.633279,"96.0000":1.745919,"97.0000":1.975295,"98.0000":2.400255,"99.0000":2.998271,"99.9000":5.607423,"99.9900":5.623807,"99.9990":5.623807,"99.9999":5.623807,"100.0000":5.623807},"allocations":{"total_heap":1328154339,"minor_heap":1325664981,"major_heap":145074313,"promoted_words":142584955,"promoted_pct":10.76},"domain_alloc_stats":{"0":{"total":1328154339,"minor":1325664981,"promoted":142584955,"major":145074313,"promoted_pct":10.76}},"collections":{"minor":638,"major":9,"forced_major":0,"compactions":0}}
