{"version":1,"wall_time":4.33,"cpu_time":4.33,"gc_time":2.98,"gc_overhead":68.89,"max_rss_kb":172808,"domain_stats":{"0":{"wall_time":4.33,"gc_time":2.98,"gc_overhead":68.89}},"mean_latency":0.201036,"stddev_latency":0.418203,"min_latency":0.0,"max_latency":3.371007,"distr_latency":{"25.0000":8.7e-05,"50.0000":0.000295,"60.0000":0.000343,"70.0000":0.003111,"75.0000":0.008551,"80.0000":0.349695,"85.0000":0.830975,"90.0000":0.873471,"95.0000":1.160191,"96.0000":1.247231,"97.0000":1.396735,"98.0000":1.521663,"99.0000":1.644543,"99.9000":2.036735,"99.9900":2.410495,"99.9990":3.371007,"99.9999":3.371007,"100.0000":3.371007},"allocations":{"total_heap":14037986,"minor_heap":300719,"major_heap":13737868,"promoted_words":601,"promoted_pct":0.2},"domain_alloc_stats":{"0":{"total":14037986,"minor":300719,"promoted":601,"major":13737868,"promoted_pct":0.2}},"collections":{"minor":1889,"major":944,"forced_major":0,"compactions":0}}
{"version":1,"wall_time":4.57,"cpu_time":4.57,"gc_time":3.22,"gc_overhead":70.39,"max_rss_kb":172692,"domain_stats":{"0":{"wall_time":4.57,"gc_time":3.22,"gc_overhead":70.39}},"mean_latency":0.217009,"stddev_latency":0.460578,"min_latency":0.0,"max_latency":3.092479,"distr_latency":{"25.0000":8.7e-05,"50.0000":0.000295,"60.0000":0.000335,"70.0000":0.002983,"75.0000":0.009071,"80.0000":0.377599,"85.0000":0.843263,"90.0000":0.885759,"95.0000":1.304575,"96.0000":1.441791,"97.0000":1.494015,"98.0000":1.627135,"99.0000":1.831935,"99.9000":2.580479,"99.9900":2.832383,"99.9990":3.092479,"99.9999":3.092479,"100.0000":3.092479},"allocations":{"total_heap":14037986,"minor_heap":300719,"major_heap":13737868,"promoted_words":601,"promoted_pct":0.2},"domain_alloc_stats":{"0":{"total":14037986,"minor":300719,"promoted":601,"major":13737868,"promoted_pct":0.2}},"collections":{"minor":1889,"major":944,"forced_major":0,"compactions":0}}
{"version":1,"wall_time":4.29,"cpu_time":4.29,"gc_time":2.95,"gc_overhead":68.78,"max_rss_kb":172560,"domain_stats":{"0":{"wall_time":4.29,"gc_time":2.95,"gc_overhead":68.78}},"mean_latency":0.198856,"stddev_latency":0.411787,"min_latency":0.0,"max_latency":3.354623,"distr_latency":{"25.0000":9.5e-05,"50.0000":0.000295,"60.0000":0.000343,"70.0000":0.003087,"75.0000":0.008863,"80.0000":0.359423,"85.0000":0.831999,"90.0000":0.875007,"95.0000":1.125375,"96.0000":1.224703,"97.0000":1.351679,"98.0000":1.487871,"99.0000":1.609727,"99.9000":1.924095,"99.9900":2.484223,"99.9990":3.354623,"99.9999":3.354623,"100.0000":3.354623},"allocations":{"total_heap":14037986,"minor_heap":300719,"major_heap":13737868,"promoted_words":601,"promoted_pct":0.2},"domain_alloc_stats":{"0":{"total":14037986,"minor":300719,"promoted":601,"major":13737868,"promoted_pct":0.2}},"collections":{"minor":1889,"major":944,"forced_major":0,"compactions":0}}
