{"version":1,"wall_time":4.3,"cpu_time":4.3,"gc_time":0.26,"gc_overhead":6.04,"max_rss_kb":28296,"domain_stats":{"0":{"wall_time":4.3,"gc_time":0.26,"gc_overhead":6.04}},"mean_latency":0.010287,"stddev_latency":0.008635,"min_latency":0.0,"max_latency":0.145791,"distr_latency":{"25.0000":0.003127,"50.0000":0.008175,"60.0000":0.010535,"70.0000":0.013631,"75.0000":0.014927,"80.0000":0.016367,"85.0000":0.018415,"90.0000":0.021855,"95.0000":0.027919,"96.0000":0.029743,"97.0000":0.031615,"98.0000":0.033823,"99.0000":0.036927,"99.9000":0.049599,"99.9900":0.067263,"99.9990":0.145791,"99.9999":0.145791,"100.0000":0.145791},"allocations":{"total_heap":1736432471,"minor_heap":1630350864,"major_heap":203783695,"promoted_words":97702088,"promoted_pct":5.99},"domain_alloc_stats":{"0":{"total":1736432471,"minor":1630350864,"promoted":97702088,"major":203783695,"promoted_pct":5.99}},"collections":{"minor":13782,"major":2622,"forced_major":0,"compactions":0}}
{"version":1,"wall_time":4.31,"cpu_time":4.31,"gc_time":0.25,"gc_overhead":5.87,"max_rss_kb":28396,"domain_stats":{"0":{"wall_time":4.31,"gc_time":0.25,"gc_overhead":5.87}},"mean_latency":0.010035,"stddev_latency":0.00832,"min_latency":0.0,"max_latency":0.107647,"distr_latency":{"25.0000":0.003007,"50.0000":0.008015,"60.0000":0.010375,"70.0000":0.013391,"75.0000":0.014687,"80.0000":0.016087,"85.0000":0.018175,"90.0000":0.021183,"95.0000":0.026863,"96.0000":0.028543,"97.0000":0.030239,"98.0000":0.032303,"99.0000":0.035487,"99.9000":0.047487,"99.9900":0.064543,"99.9990":0.107647,"99.9999":0.107647,"100.0000":0.107647},"allocations":{"total_heap":1736432471,"minor_heap":1630350864,"major_heap":203783695,"promoted_words":97702088,"promoted_pct":5.99},"domain_alloc_stats":{"0":{"total":1736432471,"minor":1630350864,"promoted":97702088,"major":203783695,"promoted_pct":5.99}},"collections":{"minor":13782,"major":2622,"forced_major":0,"compactions":0}}
{"version":1,"wall_time":4.3,"cpu_time":4.3,"gc_time":0.27,"gc_overhead":6.18,"max_rss_kb":28516,"domain_stats":{"0":{"wall_time":4.3,"gc_time":0.27,"gc_overhead":6.18}},"mean_latency":0.010537,"stddev_latency":0.008847,"min_latency":0.0,"max_latency":0.122367,"distr_latency":{"25.0000":0.003127,"50.0000":0.008367,"60.0000":0.010783,"70.0000":0.013935,"75.0000":0.015255,"80.0000":0.016751,"85.0000":0.018879,"90.0000":0.022623,"95.0000":0.028703,"96.0000":0.030527,"97.0000":0.032671,"98.0000":0.034687,"99.0000":0.037471,"99.9000":0.050463,"99.9900":0.070591,"99.9990":0.122367,"99.9999":0.122367,"100.0000":0.122367},"allocations":{"total_heap":1736432471,"minor_heap":1630350864,"major_heap":203783695,"promoted_words":97702088,"promoted_pct":5.99},"domain_alloc_stats":{"0":{"total":1736432471,"minor":1630350864,"promoted":97702088,"major":203783695,"promoted_pct":5.99}},"collections":{"minor":13782,"major":2622,"forced_major":0,"compactions":0}}
