{"version":1,"wall_time":4.03,"cpu_time":4.03,"gc_time":1.84,"gc_overhead":45.75,"max_rss_kb":931104,"domain_stats":{"0":{"wall_time":4.03,"gc_time":1.84,"gc_overhead":45.75}},"mean_latency":1.451147,"stddev_latency":1.684895,"min_latency":0.0,"max_latency":26.263551,"distr_latency":{"25.0000":0.558079,"50.0000":0.893439,"60.0000":1.051647,"70.0000":1.420287,"75.0000":1.784831,"80.0000":2.326527,"85.0000":2.754559,"90.0000":3.430399,"95.0000":4.118527,"96.0000":4.362239,"97.0000":4.829183,"98.0000":5.586943,"99.0000":7.196671,"99.9000":17.842175,"99.9900":26.263551,"99.9990":26.263551,"99.9999":26.263551,"100.0000":26.263551},"allocations":{"total_heap":1328154350,"minor_heap":1325665006,"major_heap":145094314,"promoted_words":142604970,"promoted_pct":10.76},"domain_alloc_stats":{"0":{"total":1328154350,"minor":1325665006,"promoted":142604970,"major":145094314,"promoted_pct":10.76}},"collections":{"minor":645,"major":23,"forced_major":0,"compactions":0}}
{"version":1,"wall_time":4.02,"cpu_time":4.02,"gc_time":1.83,"gc_overhead":45.47,"max_rss_kb":931400,"domain_stats":{"0":{"wall_time":4.02,"gc_time":1.83,"gc_overhead":45.47}},"mean_latency":1.438164,"stddev_latency":1.700264,"min_latency":0.0,"max_latency":26.836991,"distr_latency":{"25.0000":0.540671,"50.0000":0.879103,"60.0000":1.030655,"70.0000":1.369087,"75.0000":1.808383,"80.0000":2.301951,"85.0000":2.713599,"90.0000":3.387391,"95.0000":4.132863,"96.0000":4.370431,"97.0000":5.087231,"98.0000":5.541887,"99.0000":7.319551,"99.9000":17.891327,"99.9900":26.836991,"99.9990":26.836991,"99.9999":26.836991,"100.0000":26.836991},"allocations":{"total_heap":1328154350,"minor_heap":1325665006,"major_heap":145094314,"promoted_words":142604970,"promoted_pct":10.76},"domain_alloc_stats":{"0":{"total":1328154350,"minor":1325665006,"promoted":142604970,"major":145094314,"promoted_pct":10.76}},"collections":{"minor":645,"major":23,"forced_major":0,"compactions":0}}
{"version":1,"wall_time":4.02,"cpu_time":4.02,"gc_time":1.83,"gc_overhead":45.46,"max_rss_kb":931448,"domain_stats":{"0":{"wall_time":4.02,"gc_time":1.83,"gc_overhead":45.46}},"mean_latency":1.438062,"stddev_latency":1.678076,"min_latency":0.0,"max_latency":26.247167,"distr_latency":{"25.0000":0.541695,"50.0000":0.892927,"60.0000":1.056767,"70.0000":1.393663,"75.0000":1.768447,"80.0000":2.291711,"85.0000":2.719743,"90.0000":3.416063,"95.0000":4.052991,"96.0000":4.358143,"97.0000":4.702207,"98.0000":5.484543,"99.0000":7.385087,"99.9000":17.825791,"99.9900":26.247167,"99.9990":26.247167,"99.9999":26.247167,"100.0000":26.247167},"allocations":{"total_heap":1328154350,"minor_heap":1325665006,"major_heap":145094314,"promoted_words":142604970,"promoted_pct":10.76},"domain_alloc_stats":{"0":{"total":1328154350,"minor":1325665006,"promoted":142604970,"major":145094314,"promoted_pct":10.76}},"collections":{"minor":645,"major":23,"forced_major":0,"compactions":0}}
