{"version":1,"wall_time":4.14,"cpu_time":4.14,"gc_time":0.24,"gc_overhead":5.78,"max_rss_kb":24020,"domain_stats":{"0":{"wall_time":4.14,"gc_time":0.24,"gc_overhead":5.78}},"mean_latency":0.018707,"stddev_latency":0.011754,"min_latency":0.0,"max_latency":0.096063,"distr_latency":{"25.0000":0.011271,"50.0000":0.017647,"60.0000":0.020751,"70.0000":0.023615,"75.0000":0.024975,"80.0000":0.026719,"85.0000":0.028623,"90.0000":0.031391,"95.0000":0.037311,"96.0000":0.039647,"97.0000":0.042463,"98.0000":0.044383,"99.0000":0.060607,"99.9000":0.083711,"99.9900":0.094015,"99.9990":0.096063,"99.9999":0.096063,"100.0000":0.096063},"allocations":{"total_heap":1736254246,"minor_heap":1630163396,"major_heap":173212999,"promoted_words":67122149,"promoted_pct":4.12},"domain_alloc_stats":{"0":{"total":1736254246,"minor":1630163396,"promoted":67122149,"major":173212999,"promoted_pct":4.12}},"collections":{"minor":8084,"major":3645,"forced_major":0,"compactions":0}}
{"version":1,"wall_time":4.14,"cpu_time":4.14,"gc_time":0.24,"gc_overhead":5.82,"max_rss_kb":24020,"domain_stats":{"0":{"wall_time":4.14,"gc_time":0.24,"gc_overhead":5.82}},"mean_latency":0.01888,"stddev_latency":0.011782,"min_latency":0.0,"max_latency":0.096895,"distr_latency":{"25.0000":0.011407,"50.0000":0.017903,"60.0000":0.021023,"70.0000":0.023935,"75.0000":0.025263,"80.0000":0.026943,"85.0000":0.028943,"90.0000":0.031631,"95.0000":0.037535,"96.0000":0.039743,"97.0000":0.043103,"98.0000":0.044927,"99.0000":0.060191,"99.9000":0.083519,"99.9900":0.090175,"99.9990":0.096895,"99.9999":0.096895,"100.0000":0.096895},"allocations":{"total_heap":1736254246,"minor_heap":1630163396,"major_heap":173212999,"promoted_words":67122149,"promoted_pct":4.12},"domain_alloc_stats":{"0":{"total":1736254246,"minor":1630163396,"promoted":67122149,"major":173212999,"promoted_pct":4.12}},"collections":{"minor":8084,"major":3645,"forced_major":0,"compactions":0}}
{"version":1,"wall_time":4.12,"cpu_time":4.12,"gc_time":0.24,"gc_overhead":5.81,"max_rss_kb":24288,"domain_stats":{"0":{"wall_time":4.12,"gc_time":0.24,"gc_overhead":5.81}},"mean_latency":0.01875,"stddev_latency":0.011807,"min_latency":0.0,"max_latency":0.096895,"distr_latency":{"25.0000":0.011391,"50.0000":0.017695,"60.0000":0.020783,"70.0000":0.023663,"75.0000":0.025071,"80.0000":0.026735,"85.0000":0.028671,"90.0000":0.031471,"95.0000":0.037279,"96.0000":0.039967,"97.0000":0.042559,"98.0000":0.044639,"99.0000":0.061087,"99.9000":0.085119,"99.9900":0.094015,"99.9990":0.096895,"99.9999":0.096895,"100.0000":0.096895},"allocations":{"total_heap":1736254246,"minor_heap":1630163396,"major_heap":173212999,"promoted_words":67122149,"promoted_pct":4.12},"domain_alloc_stats":{"0":{"total":1736254246,"minor":1630163396,"promoted":67122149,"major":173212999,"promoted_pct":4.12}},"collections":{"minor":8084,"major":3645,"forced_major":0,"compactions":0}}
