{"version":1,"wall_time":2.31,"cpu_time":2.31,"gc_time":0.65,"gc_overhead":28.18,"max_rss_kb":100700,"domain_stats":{"0":{"wall_time":2.31,"gc_time":0.65,"gc_overhead":28.18}},"mean_latency":0.006147,"stddev_latency":0.0045,"min_latency":0.0,"max_latency":0.070975,"distr_latency":{"25.0000":3.1e-05,"50.0000":0.008047,"60.0000":0.008735,"70.0000":0.009103,"75.0000":0.009183,"80.0000":0.009271,"85.0000":0.009855,"90.0000":0.010151,"95.0000":0.011575,"96.0000":0.012087,"97.0000":0.012703,"98.0000":0.013383,"99.0000":0.014343,"99.9000":0.017295,"99.9900":0.020575,"99.9990":0.025743,"99.9999":0.070975,"100.0000":0.070975},"allocations":{"total_heap":3994288436,"minor_heap":4706187,"major_heap":3989718458,"promoted_words":136209,"promoted_pct":2.89},"domain_alloc_stats":{"0":{"total":3994288436,"minor":4706187,"promoted":136209,"major":3989718458,"promoted_pct":2.89}},"collections":{"minor":70487,"major":70483,"forced_major":0,"compactions":0}}
{"version":1,"wall_time":2.38,"cpu_time":2.38,"gc_time":0.73,"gc_overhead":30.65,"max_rss_kb":101772,"domain_stats":{"0":{"wall_time":2.38,"gc_time":0.73,"gc_overhead":30.65}},"mean_latency":0.0069,"stddev_latency":0.005018,"min_latency":0.0,"max_latency":0.109375,"distr_latency":{"25.0000":3.1e-05,"50.0000":0.009263,"60.0000":0.009927,"70.0000":0.010207,"75.0000":0.010271,"80.0000":0.010367,"85.0000":0.010943,"90.0000":0.011255,"95.0000":0.012695,"96.0000":0.013183,"97.0000":0.013783,"98.0000":0.014455,"99.0000":0.015407,"99.9000":0.018511,"99.9900":0.022431,"99.9990":0.034463,"99.9999":0.109375,"100.0000":0.109375},"allocations":{"total_heap":3994288436,"minor_heap":4706187,"major_heap":3989718458,"promoted_words":136209,"promoted_pct":2.89},"domain_alloc_stats":{"0":{"total":3994288436,"minor":4706187,"promoted":136209,"major":3989718458,"promoted_pct":2.89}},"collections":{"minor":70487,"major":70483,"forced_major":0,"compactions":0}}
{"version":1,"wall_time":2.37,"cpu_time":2.37,"gc_time":0.71,"gc_overhead":30.04,"max_rss_kb":101972,"domain_stats":{"0":{"wall_time":2.37,"gc_time":0.71,"gc_overhead":30.04}},"mean_latency":0.006723,"stddev_latency":0.004879,"min_latency":0.0,"max_latency":0.069759,"distr_latency":{"25.0000":3.1e-05,"50.0000":0.009023,"60.0000":0.009695,"70.0000":0.009903,"75.0000":0.009975,"80.0000":0.010055,"85.0000":0.010663,"90.0000":0.010927,"95.0000":0.012367,"96.0000":0.012831,"97.0000":0.013431,"98.0000":0.014047,"99.0000":0.014967,"99.9000":0.017855,"99.9900":0.021055,"99.9990":0.025839,"99.9999":0.069759,"100.0000":0.069759},"allocations":{"total_heap":3994288436,"minor_heap":4706187,"major_heap":3989718458,"promoted_words":136209,"promoted_pct":2.89},"domain_alloc_stats":{"0":{"total":3994288436,"minor":4706187,"promoted":136209,"major":3989718458,"promoted_pct":2.89}},"collections":{"minor":70487,"major":70483,"forced_major":0,"compactions":0}}
