{"version":1,"wall_time":13.08,"cpu_time":13.08,"gc_time":2.72,"gc_overhead":20.82,"max_rss_kb":883720,"domain_stats":{"0":{"wall_time":13.08,"gc_time":2.72,"gc_overhead":20.82}},"mean_latency":0.074185,"stddev_latency":0.084642,"min_latency":0.0,"max_latency":1.640447,"distr_latency":{"25.0000":0.024351,"50.0000":0.049183,"60.0000":0.061343,"70.0000":0.079295,"75.0000":0.092479,"80.0000":0.108799,"85.0000":0.135295,"90.0000":0.166015,"95.0000":0.217599,"96.0000":0.236799,"97.0000":0.272383,"98.0000":0.320255,"99.0000":0.402943,"99.9000":0.851967,"99.9900":1.059839,"99.9990":1.640447,"99.9999":1.640447,"100.0000":1.640447},"allocations":{"total_heap":2410430681,"minor_heap":2361726887,"major_heap":585858840,"promoted_words":537155046,"promoted_pct":22.74},"domain_alloc_stats":{"0":{"total":2410430681,"minor":2361726887,"promoted":537155046,"major":585858840,"promoted_pct":22.74}},"collections":{"minor":18075,"major":49,"forced_major":0,"compactions":0}}
{"version":1,"wall_time":12.99,"cpu_time":12.99,"gc_time":2.71,"gc_overhead":20.89,"max_rss_kb":883708,"domain_stats":{"0":{"wall_time":12.99,"gc_time":2.71,"gc_overhead":20.89}},"mean_latency":0.073923,"stddev_latency":0.084138,"min_latency":0.0,"max_latency":1.618943,"distr_latency":{"25.0000":0.024415,"50.0000":0.049055,"60.0000":0.061247,"70.0000":0.078911,"75.0000":0.091967,"80.0000":0.108415,"85.0000":0.134399,"90.0000":0.165247,"95.0000":0.217599,"96.0000":0.235775,"97.0000":0.270847,"98.0000":0.318719,"99.0000":0.399359,"99.9000":0.839679,"99.9900":1.045503,"99.9990":1.618943,"99.9999":1.618943,"100.0000":1.618943},"allocations":{"total_heap":2410430681,"minor_heap":2361726887,"major_heap":585858840,"promoted_words":537155046,"promoted_pct":22.74},"domain_alloc_stats":{"0":{"total":2410430681,"minor":2361726887,"promoted":537155046,"major":585858840,"promoted_pct":22.74}},"collections":{"minor":18075,"major":49,"forced_major":0,"compactions":0}}
{"version":1,"wall_time":13.15,"cpu_time":13.15,"gc_time":2.8,"gc_overhead":21.32,"max_rss_kb":883700,"domain_stats":{"0":{"wall_time":13.15,"gc_time":2.8,"gc_overhead":21.32}},"mean_latency":0.076352,"stddev_latency":0.086161,"min_latency":0.0,"max_latency":1.587199,"distr_latency":{"25.0000":0.024783,"50.0000":0.050687,"60.0000":0.063743,"70.0000":0.082431,"75.0000":0.095295,"80.0000":0.112383,"85.0000":0.137599,"90.0000":0.173055,"95.0000":0.226175,"96.0000":0.246015,"97.0000":0.285951,"98.0000":0.332287,"99.0000":0.414719,"99.9000":0.850431,"99.9900":1.055743,"99.9990":1.587199,"99.9999":1.587199,"100.0000":1.587199},"allocations":{"total_heap":2410430681,"minor_heap":2361726887,"major_heap":585858840,"promoted_words":537155046,"promoted_pct":22.74},"domain_alloc_stats":{"0":{"total":2410430681,"minor":2361726887,"promoted":537155046,"major":585858840,"promoted_pct":22.74}},"collections":{"minor":18075,"major":49,"forced_major":0,"compactions":0}}
