{"version":1,"wall_time":5.3,"cpu_time":5.3,"gc_time":2.44,"gc_overhead":45.97,"max_rss_kb":885172,"domain_stats":{"0":{"wall_time":5.3,"gc_time":2.44,"gc_overhead":45.97}},"mean_latency":0.219138,"stddev_latency":0.430734,"min_latency":0.0,"max_latency":13.279231,"distr_latency":{"25.0000":0.072319,"50.0000":0.140671,"60.0000":0.151039,"70.0000":0.205311,"75.0000":0.228479,"80.0000":0.339711,"85.0000":0.373759,"90.0000":0.404735,"95.0000":0.545279,"96.0000":0.601599,"97.0000":0.770559,"98.0000":1.018367,"99.0000":1.691647,"99.9000":5.660671,"99.9900":13.156351,"99.9990":13.279231,"99.9999":13.279231,"100.0000":13.279231},"allocations":{"total_heap":2913612100,"minor_heap":2900996325,"major_heap":377089021,"promoted_words":364473246,"promoted_pct":12.56},"domain_alloc_stats":{"0":{"total":2913612100,"minor":2900996325,"promoted":364473246,"major":377089021,"promoted_pct":12.56}},"collections":{"minor":5561,"major":40,"forced_major":0,"compactions":0}}
{"version":1,"wall_time":5.33,"cpu_time":5.33,"gc_time":2.43,"gc_overhead":45.56,"max_rss_kb":885252,"domain_stats":{"0":{"wall_time":5.33,"gc_time":2.43,"gc_overhead":45.56}},"mean_latency":0.218474,"stddev_latency":0.427927,"min_latency":0.0,"max_latency":13.115391,"distr_latency":{"25.0000":0.072383,"50.0000":0.140927,"60.0000":0.151679,"70.0000":0.206463,"75.0000":0.231039,"80.0000":0.336383,"85.0000":0.369151,"90.0000":0.400639,"95.0000":0.548351,"96.0000":0.596479,"97.0000":0.771071,"98.0000":1.003007,"99.0000":1.682431,"99.9000":5.591039,"99.9900":13.049855,"99.9990":13.115391,"99.9999":13.115391,"100.0000":13.115391},"allocations":{"total_heap":2913612100,"minor_heap":2900996325,"major_heap":377089021,"promoted_words":364473246,"promoted_pct":12.56},"domain_alloc_stats":{"0":{"total":2913612100,"minor":2900996325,"promoted":364473246,"major":377089021,"promoted_pct":12.56}},"collections":{"minor":5561,"major":40,"forced_major":0,"compactions":0}}
{"version":1,"wall_time":5.28,"cpu_time":5.28,"gc_time":2.44,"gc_overhead":46.24,"max_rss_kb":885164,"domain_stats":{"0":{"wall_time":5.28,"gc_time":2.44,"gc_overhead":46.24}},"mean_latency":0.219332,"stddev_latency":0.430239,"min_latency":0.0,"max_latency":13.180927,"distr_latency":{"25.0000":0.072511,"50.0000":0.140927,"60.0000":0.150911,"70.0000":0.205567,"75.0000":0.229119,"80.0000":0.341247,"85.0000":0.374271,"90.0000":0.405247,"95.0000":0.546815,"96.0000":0.604671,"97.0000":0.777215,"98.0000":1.015807,"99.0000":1.703935,"99.9000":5.574655,"99.9900":13.172735,"99.9990":13.180927,"99.9999":13.180927,"100.0000":13.180927},"allocations":{"total_heap":2913612100,"minor_heap":2900996325,"major_heap":377089021,"promoted_words":364473246,"promoted_pct":12.56},"domain_alloc_stats":{"0":{"total":2913612100,"minor":2900996325,"promoted":364473246,"major":377089021,"promoted_pct":12.56}},"collections":{"minor":5561,"major":40,"forced_major":0,"compactions":0}}
