{"version":1,"wall_time":4.5,"cpu_time":4.5,"gc_time":3.19,"gc_overhead":71.0,"max_rss_kb":192868,"domain_stats":{"0":{"wall_time":4.5,"gc_time":3.19,"gc_overhead":71.0}},"mean_latency":0.266191,"stddev_latency":0.410798,"min_latency":0.0,"max_latency":2.949119,"distr_latency":{"25.0000":0.000287,"50.0000":0.000383,"60.0000":0.010583,"70.0000":0.273663,"75.0000":0.535551,"80.0000":0.821247,"85.0000":0.992255,"90.0000":1.001471,"95.0000":1.010175,"96.0000":1.012735,"97.0000":1.016831,"98.0000":1.021439,"99.0000":1.037823,"99.9000":1.660927,"99.9900":2.789375,"99.9990":2.949119,"99.9999":2.949119,"100.0000":2.949119},"allocations":{"total_heap":14037941,"minor_heap":300674,"major_heap":13737835,"promoted_words":568,"promoted_pct":0.19},"domain_alloc_stats":{"0":{"total":14037941,"minor":300674,"promoted":568,"major":13737835,"promoted_pct":0.19}},"collections":{"minor":1050,"major":1050,"forced_major":0,"compactions":0}}
{"version":1,"wall_time":4.47,"cpu_time":4.47,"gc_time":3.16,"gc_overhead":70.71,"max_rss_kb":192984,"domain_stats":{"0":{"wall_time":4.47,"gc_time":3.16,"gc_overhead":70.71}},"mean_latency":0.263478,"stddev_latency":0.407644,"min_latency":0.0,"max_latency":3.516415,"distr_latency":{"25.0000":0.000287,"50.0000":0.000383,"60.0000":0.010287,"70.0000":0.271615,"75.0000":0.532479,"80.0000":0.807935,"85.0000":0.967167,"90.0000":0.984063,"95.0000":1.005567,"96.0000":1.011199,"97.0000":1.016319,"98.0000":1.024511,"99.0000":1.056767,"99.9000":1.658879,"99.9900":2.844671,"99.9990":3.516415,"99.9999":3.516415,"100.0000":3.516415},"allocations":{"total_heap":14037941,"minor_heap":300674,"major_heap":13737835,"promoted_words":568,"promoted_pct":0.19},"domain_alloc_stats":{"0":{"total":14037941,"minor":300674,"promoted":568,"major":13737835,"promoted_pct":0.19}},"collections":{"minor":1050,"major":1050,"forced_major":0,"compactions":0}}
{"version":1,"wall_time":4.51,"cpu_time":4.51,"gc_time":3.2,"gc_overhead":71.08,"max_rss_kb":192860,"domain_stats":{"0":{"wall_time":4.51,"gc_time":3.2,"gc_overhead":71.08}},"mean_latency":0.267184,"stddev_latency":0.413071,"min_latency":0.0,"max_latency":3.217407,"distr_latency":{"25.0000":0.000287,"50.0000":0.000383,"60.0000":0.010407,"70.0000":0.274175,"75.0000":0.540159,"80.0000":0.822783,"85.0000":0.993279,"90.0000":1.001983,"95.0000":1.011711,"96.0000":1.014271,"97.0000":1.018879,"98.0000":1.023487,"99.0000":1.057791,"99.9000":1.660927,"99.9900":2.815999,"99.9990":3.217407,"99.9999":3.217407,"100.0000":3.217407},"allocations":{"total_heap":14037941,"minor_heap":300674,"major_heap":13737835,"promoted_words":568,"promoted_pct":0.19},"domain_alloc_stats":{"0":{"total":14037941,"minor":300674,"promoted":568,"major":13737835,"promoted_pct":0.19}},"collections":{"minor":1050,"major":1050,"forced_major":0,"compactions":0}}
