{"version":1,"wall_time":6.36,"cpu_time":6.36,"gc_time":0.57,"gc_overhead":8.98,"max_rss_kb":41068,"domain_stats":{"0":{"wall_time":6.36,"gc_time":0.57,"gc_overhead":8.98}},"mean_latency":0.105245,"stddev_latency":0.067369,"min_latency":0.0,"max_latency":0.401919,"distr_latency":{"25.0000":0.031023,"50.0000":0.093119,"60.0000":0.106751,"70.0000":0.153599,"75.0000":0.159359,"80.0000":0.164735,"85.0000":0.172927,"90.0000":0.183551,"95.0000":0.230015,"96.0000":0.255615,"97.0000":0.265983,"98.0000":0.275967,"99.0000":0.282367,"99.9000":0.313343,"99.9900":0.325375,"99.9990":0.401919,"99.9999":0.401919,"100.0000":0.401919},"allocations":{"total_heap":6638486689,"minor_heap":5690609058,"major_heap":979923222,"promoted_words":32045591,"promoted_pct":0.56},"domain_alloc_stats":{"0":{"total":6638486689,"minor":5690609058,"promoted":32045591,"major":979923222,"promoted_pct":0.56}},"collections":{"minor":3619,"major":1809,"forced_major":0,"compactions":0}}
{"version":1,"wall_time":6.35,"cpu_time":6.35,"gc_time":0.56,"gc_overhead":8.83,"max_rss_kb":41128,"domain_stats":{"0":{"wall_time":6.35,"gc_time":0.56,"gc_overhead":8.83}},"mean_latency":0.103267,"stddev_latency":0.066882,"min_latency":0.0,"max_latency":0.382975,"distr_latency":{"25.0000":0.031183,"50.0000":0.088191,"60.0000":0.100991,"70.0000":0.153343,"75.0000":0.160127,"80.0000":0.165631,"85.0000":0.173311,"90.0000":0.183551,"95.0000":0.230911,"96.0000":0.246271,"97.0000":0.257407,"98.0000":0.265983,"99.0000":0.273663,"99.9000":0.292351,"99.9900":0.304895,"99.9990":0.382975,"99.9999":0.382975,"100.0000":0.382975},"allocations":{"total_heap":6638486689,"minor_heap":5690609058,"major_heap":979923222,"promoted_words":32045591,"promoted_pct":0.56},"domain_alloc_stats":{"0":{"total":6638486689,"minor":5690609058,"promoted":32045591,"major":979923222,"promoted_pct":0.56}},"collections":{"minor":3619,"major":1809,"forced_major":0,"compactions":0}}
{"version":1,"wall_time":6.4,"cpu_time":6.4,"gc_time":0.58,"gc_overhead":9.09,"max_rss_kb":41120,"domain_stats":{"0":{"wall_time":6.4,"gc_time":0.58,"gc_overhead":9.09}},"mean_latency":0.107186,"stddev_latency":0.06899,"min_latency":0.0,"max_latency":0.353535,"distr_latency":{"25.0000":0.031183,"50.0000":0.092863,"60.0000":0.106879,"70.0000":0.161407,"75.0000":0.167295,"80.0000":0.172927,"85.0000":0.181119,"90.0000":0.191487,"95.0000":0.233343,"96.0000":0.249087,"97.0000":0.258431,"98.0000":0.267007,"99.0000":0.274687,"99.9000":0.312063,"99.9900":0.348927,"99.9990":0.353535,"99.9999":0.353535,"100.0000":0.353535},"allocations":{"total_heap":6638486689,"minor_heap":5690609058,"major_heap":979923222,"promoted_words":32045591,"promoted_pct":0.56},"domain_alloc_stats":{"0":{"total":6638486689,"minor":5690609058,"promoted":32045591,"major":979923222,"promoted_pct":0.56}},"collections":{"minor":3619,"major":1809,"forced_major":0,"compactions":0}}
