{"version":1,"wall_time":7.15,"cpu_time":7.15,"gc_time":1.95,"gc_overhead":27.26,"max_rss_kb":927956,"domain_stats":{"0":{"wall_time":7.15,"gc_time":1.95,"gc_overhead":27.26}},"mean_latency":0.628284,"stddev_latency":1.102837,"min_latency":0.0,"max_latency":12.197887,"distr_latency":{"25.0000":0.000967,"50.0000":0.003495,"60.0000":0.105471,"70.0000":0.645631,"75.0000":0.835583,"80.0000":1.137663,"85.0000":1.741823,"90.0000":2.443263,"95.0000":2.807807,"96.0000":2.932735,"97.0000":3.178495,"98.0000":3.616767,"99.0000":4.640767,"99.9000":8.228863,"99.9900":12.197887,"99.9990":12.197887,"99.9999":12.197887,"100.0000":12.197887},"allocations":{"total_heap":3289750965,"minor_heap":3151997482,"major_heap":440868998,"promoted_words":303115515,"promoted_pct":9.62},"domain_alloc_stats":{"0":{"total":3289750965,"minor":3151997482,"promoted":303115515,"major":440868998,"promoted_pct":9.62}},"collections":{"minor":1537,"major":31,"forced_major":0,"compactions":0}}
{"version":1,"wall_time":7.14,"cpu_time":7.14,"gc_time":1.95,"gc_overhead":27.34,"max_rss_kb":927816,"domain_stats":{"0":{"wall_time":7.14,"gc_time":1.95,"gc_overhead":27.34}},"mean_latency":0.629392,"stddev_latency":1.104279,"min_latency":0.0,"max_latency":12.107775,"distr_latency":{"25.0000":0.001023,"50.0000":0.003671,"60.0000":0.109055,"70.0000":0.653311,"75.0000":0.843775,"80.0000":1.139711,"85.0000":1.715199,"90.0000":2.418687,"95.0000":2.815999,"96.0000":2.949119,"97.0000":3.209215,"98.0000":3.637247,"99.0000":4.579327,"99.9000":8.237055,"99.9900":12.107775,"99.9990":12.107775,"99.9999":12.107775,"100.0000":12.107775},"allocations":{"total_heap":3289750965,"minor_heap":3151997482,"major_heap":440868998,"promoted_words":303115515,"promoted_pct":9.62},"domain_alloc_stats":{"0":{"total":3289750965,"minor":3151997482,"promoted":303115515,"major":440868998,"promoted_pct":9.62}},"collections":{"minor":1537,"major":31,"forced_major":0,"compactions":0}}
{"version":1,"wall_time":7.18,"cpu_time":7.18,"gc_time":1.96,"gc_overhead":27.26,"max_rss_kb":927860,"domain_stats":{"0":{"wall_time":7.18,"gc_time":1.96,"gc_overhead":27.26}},"mean_latency":0.630435,"stddev_latency":1.098893,"min_latency":0.0,"max_latency":12.222463,"distr_latency":{"25.0000":0.000951,"50.0000":0.003151,"60.0000":0.107327,"70.0000":0.672767,"75.0000":0.863743,"80.0000":1.148927,"85.0000":1.735679,"90.0000":2.420735,"95.0000":2.809855,"96.0000":2.955263,"97.0000":3.141631,"98.0000":3.600383,"99.0000":4.468735,"99.9000":8.114175,"99.9900":12.222463,"99.9990":12.222463,"99.9999":12.222463,"100.0000":12.222463},"allocations":{"total_heap":3289750965,"minor_heap":3151997482,"major_heap":440868998,"promoted_words":303115515,"promoted_pct":9.62},"domain_alloc_stats":{"0":{"total":3289750965,"minor":3151997482,"promoted":303115515,"major":440868998,"promoted_pct":9.62}},"collections":{"minor":1537,"major":31,"forced_major":0,"compactions":0}}
