{"version":1,"wall_time":2.22,"cpu_time":2.22,"gc_time":0.81,"gc_overhead":36.62,"max_rss_kb":381736,"domain_stats":{"0":{"wall_time":2.22,"gc_time":0.81,"gc_overhead":36.62}},"mean_latency":1.46172,"stddev_latency":1.780748,"min_latency":0.0,"max_latency":11.198463,"distr_latency":{"25.0000":0.366335,"50.0000":0.902655,"60.0000":1.305599,"70.0000":1.666047,"75.0000":1.892351,"80.0000":2.125823,"85.0000":2.469887,"90.0000":3.002367,"95.0000":5.066751,"96.0000":5.631999,"97.0000":6.664191,"98.0000":7.716863,"99.0000":9.117695,"99.9000":11.100159,"99.9900":11.198463,"99.9990":11.198463,"99.9999":11.198463,"100.0000":11.198463},"allocations":{"total_heap":279084749,"minor_heap":265706483,"major_heap":104092011,"promoted_words":90713745,"promoted_pct":34.14},"domain_alloc_stats":{"0":{"total":279084749,"minor":265706483,"promoted":90713745,"major":104092011,"promoted_pct":34.14}},"collections":{"minor":271,"major":24,"forced_major":0,"compactions":0}}
{"version":1,"wall_time":2.27,"cpu_time":2.27,"gc_time":0.83,"gc_overhead":36.78,"max_rss_kb":377528,"domain_stats":{"0":{"wall_time":2.27,"gc_time":0.83,"gc_overhead":36.78}},"mean_latency":1.499793,"stddev_latency":1.829567,"min_latency":0.0,"max_latency":11.894783,"distr_latency":{"25.0000":0.366335,"50.0000":0.928767,"60.0000":1.357823,"70.0000":1.743871,"75.0000":1.935359,"80.0000":2.211839,"85.0000":2.525183,"90.0000":3.049471,"95.0000":5.181439,"96.0000":5.787647,"97.0000":6.840319,"98.0000":7.860223,"99.0000":9.158655,"99.9000":11.452415,"99.9900":11.894783,"99.9990":11.894783,"99.9999":11.894783,"100.0000":11.894783},"allocations":{"total_heap":279084749,"minor_heap":265706483,"major_heap":104092011,"promoted_words":90713745,"promoted_pct":34.14},"domain_alloc_stats":{"0":{"total":279084749,"minor":265706483,"promoted":90713745,"major":104092011,"promoted_pct":34.14}},"collections":{"minor":271,"major":24,"forced_major":0,"compactions":0}}
{"version":1,"wall_time":2.23,"cpu_time":2.23,"gc_time":0.82,"gc_overhead":36.6,"max_rss_kb":381116,"domain_stats":{"0":{"wall_time":2.23,"gc_time":0.82,"gc_overhead":36.6}},"mean_latency":1.466211,"stddev_latency":1.782743,"min_latency":0.0,"max_latency":11.354111,"distr_latency":{"25.0000":0.362239,"50.0000":0.936447,"60.0000":1.336319,"70.0000":1.659903,"75.0000":1.904639,"80.0000":2.156543,"85.0000":2.461695,"90.0000":3.016703,"95.0000":5.087231,"96.0000":5.668863,"97.0000":6.631423,"98.0000":7.716863,"99.0000":9.076735,"99.9000":11.042815,"99.9900":11.354111,"99.9990":11.354111,"99.9999":11.354111,"100.0000":11.354111},"allocations":{"total_heap":279084749,"minor_heap":265706483,"major_heap":104092011,"promoted_words":90713745,"promoted_pct":34.14},"domain_alloc_stats":{"0":{"total":279084749,"minor":265706483,"promoted":90713745,"major":104092011,"promoted_pct":34.14}},"collections":{"minor":271,"major":24,"forced_major":0,"compactions":0}}
