{"version":1,"wall_time":12.88,"cpu_time":12.88,"gc_time":2.47,"gc_overhead":19.19,"max_rss_kb":602640,"domain_stats":{"0":{"wall_time":12.88,"gc_time":2.47,"gc_overhead":19.19}},"mean_latency":0.134222,"stddev_latency":0.199069,"min_latency":0.0,"max_latency":3.110911,"distr_latency":{"25.0000":0.034719,"50.0000":0.066303,"60.0000":0.087103,"70.0000":0.118527,"75.0000":0.142847,"80.0000":0.186495,"85.0000":0.255103,"90.0000":0.342527,"95.0000":0.459007,"96.0000":0.516351,"97.0000":0.588287,"98.0000":0.746495,"99.0000":0.992767,"99.9000":1.988607,"99.9900":2.875391,"99.9990":3.110911,"99.9999":3.110911,"100.0000":3.110911},"allocations":{"total_heap":2410430342,"minor_heap":2361726131,"major_heap":435129399,"promoted_words":386425188,"promoted_pct":16.36},"domain_alloc_stats":{"0":{"total":2410430342,"minor":2361726131,"promoted":386425188,"major":435129399,"promoted_pct":16.36}},"collections":{"minor":9059,"major":57,"forced_major":0,"compactions":0}}
{"version":1,"wall_time":12.86,"cpu_time":12.86,"gc_time":2.46,"gc_overhead":19.15,"max_rss_kb":602588,"domain_stats":{"0":{"wall_time":12.86,"gc_time":2.46,"gc_overhead":19.15}},"mean_latency":0.133787,"stddev_latency":0.197908,"min_latency":0.0,"max_latency":3.133439,"distr_latency":{"25.0000":0.034751,"50.0000":0.066303,"60.0000":0.087103,"70.0000":0.118143,"75.0000":0.142207,"80.0000":0.184703,"85.0000":0.252031,"90.0000":0.340991,"95.0000":0.459263,"96.0000":0.513791,"97.0000":0.588799,"98.0000":0.754175,"99.0000":0.976383,"99.9000":2.004991,"99.9900":2.803711,"99.9990":3.133439,"99.9999":3.133439,"100.0000":3.133439},"allocations":{"total_heap":2410430342,"minor_heap":2361726131,"major_heap":435129399,"promoted_words":386425188,"promoted_pct":16.36},"domain_alloc_stats":{"0":{"total":2410430342,"minor":2361726131,"promoted":386425188,"major":435129399,"promoted_pct":16.36}},"collections":{"minor":9059,"major":57,"forced_major":0,"compactions":0}}
{"version":1,"wall_time":12.82,"cpu_time":12.82,"gc_time":2.47,"gc_overhead":19.3,"max_rss_kb":602568,"domain_stats":{"0":{"wall_time":12.82,"gc_time":2.47,"gc_overhead":19.3}},"mean_latency":0.134371,"stddev_latency":0.199807,"min_latency":0.0,"max_latency":3.055615,"distr_latency":{"25.0000":0.034815,"50.0000":0.066431,"60.0000":0.086911,"70.0000":0.118399,"75.0000":0.142079,"80.0000":0.185087,"85.0000":0.253055,"90.0000":0.342783,"95.0000":0.463359,"96.0000":0.520703,"97.0000":0.594431,"98.0000":0.750079,"99.0000":1.006591,"99.9000":1.957887,"99.9900":2.891775,"99.9990":3.055615,"99.9999":3.055615,"100.0000":3.055615},"allocations":{"total_heap":2410430342,"minor_heap":2361726131,"major_heap":435129399,"promoted_words":386425188,"promoted_pct":16.36},"domain_alloc_stats":{"0":{"total":2410430342,"minor":2361726131,"promoted":386425188,"major":435129399,"promoted_pct":16.36}},"collections":{"minor":9059,"major":57,"forced_major":0,"compactions":0}}
