{"version":1,"wall_time":7.81,"cpu_time":7.81,"gc_time":2.61,"gc_overhead":33.35,"max_rss_kb":832984,"domain_stats":{"0":{"wall_time":7.81,"gc_time":2.61,"gc_overhead":33.35}},"mean_latency":0.839475,"stddev_latency":1.608944,"min_latency":0.0,"max_latency":40.468479,"distr_latency":{"25.0000":0.000935,"50.0000":0.002607,"60.0000":0.254847,"70.0000":0.833023,"75.0000":1.247231,"80.0000":1.652735,"85.0000":2.312191,"90.0000":2.715647,"95.0000":3.436543,"96.0000":4.018175,"97.0000":4.689919,"98.0000":5.439487,"99.0000":6.578175,"99.9000":10.477567,"99.9900":40.468479,"99.9990":40.468479,"99.9999":40.468479,"100.0000":40.468479},"allocations":{"total_heap":3288539915,"minor_heap":3150785343,"major_heap":441917631,"promoted_words":304163059,"promoted_pct":9.65},"domain_alloc_stats":{"0":{"total":3288539915,"minor":3150785343,"promoted":304163059,"major":441917631,"promoted_pct":9.65}},"collections":{"minor":1551,"major":55,"forced_major":0,"compactions":0}}
{"version":1,"wall_time":7.77,"cpu_time":7.77,"gc_time":2.58,"gc_overhead":33.17,"max_rss_kb":833000,"domain_stats":{"0":{"wall_time":7.77,"gc_time":2.58,"gc_overhead":33.17}},"mean_latency":0.830283,"stddev_latency":1.594446,"min_latency":0.0,"max_latency":40.042495,"distr_latency":{"25.0000":0.000935,"50.0000":0.002455,"60.0000":0.250623,"70.0000":0.826879,"75.0000":1.240063,"80.0000":1.620991,"85.0000":2.271231,"90.0000":2.705407,"95.0000":3.438591,"96.0000":3.993599,"97.0000":4.607999,"98.0000":5.443583,"99.0000":6.582271,"99.9000":10.321919,"99.9900":40.042495,"99.9990":40.042495,"99.9999":40.042495,"100.0000":40.042495},"allocations":{"total_heap":3288539915,"minor_heap":3150785343,"major_heap":441917631,"promoted_words":304163059,"promoted_pct":9.65},"domain_alloc_stats":{"0":{"total":3288539915,"minor":3150785343,"promoted":304163059,"major":441917631,"promoted_pct":9.65}},"collections":{"minor":1551,"major":55,"forced_major":0,"compactions":0}}
{"version":1,"wall_time":7.82,"cpu_time":7.82,"gc_time":2.59,"gc_overhead":33.12,"max_rss_kb":832984,"domain_stats":{"0":{"wall_time":7.82,"gc_time":2.59,"gc_overhead":33.12}},"mean_latency":0.834272,"stddev_latency":1.610012,"min_latency":0.0,"max_latency":40.632319,"distr_latency":{"25.0000":0.000871,"50.0000":0.002503,"60.0000":0.251263,"70.0000":0.822783,"75.0000":1.233919,"80.0000":1.622015,"85.0000":2.275327,"90.0000":2.684927,"95.0000":3.469311,"96.0000":4.001791,"97.0000":4.616191,"98.0000":5.541887,"99.0000":6.746111,"99.9000":10.444799,"99.9900":40.632319,"99.9990":40.632319,"99.9999":40.632319,"100.0000":40.632319},"allocations":{"total_heap":3288539915,"minor_heap":3150785343,"major_heap":441917631,"promoted_words":304163059,"promoted_pct":9.65},"domain_alloc_stats":{"0":{"total":3288539915,"minor":3150785343,"promoted":304163059,"major":441917631,"promoted_pct":9.65}},"collections":{"minor":1551,"major":55,"forced_major":0,"compactions":0}}
