{"version":1,"wall_time":6.69,"cpu_time":6.69,"gc_time":3.81,"gc_overhead":56.89,"max_rss_kb":796832,"domain_stats":{"0":{"wall_time":6.69,"gc_time":3.81,"gc_overhead":56.89}},"mean_latency":0.085658,"stddev_latency":0.243936,"min_latency":0.0,"max_latency":12.361727,"distr_latency":{"25.0000":0.029807,"50.0000":0.042111,"60.0000":0.046175,"70.0000":0.060927,"75.0000":0.075839,"80.0000":0.136959,"85.0000":0.162559,"90.0000":0.181375,"95.0000":0.213759,"96.0000":0.228991,"97.0000":0.276735,"98.0000":0.405247,"99.0000":0.702463,"99.9000":3.020799,"99.9900":10.346495,"99.9990":12.361727,"99.9999":12.361727,"100.0000":12.361727},"allocations":{"total_heap":2913981628,"minor_heap":2901398131,"major_heap":409216120,"promoted_words":396632623,"promoted_pct":13.67},"domain_alloc_stats":{"0":{"total":2913981628,"minor":2901398131,"promoted":396632623,"major":409216120,"promoted_pct":13.67}},"collections":{"minor":22185,"major":76,"forced_major":0,"compactions":0}}
{"version":1,"wall_time":6.76,"cpu_time":6.76,"gc_time":3.85,"gc_overhead":56.85,"max_rss_kb":806196,"domain_stats":{"0":{"wall_time":6.76,"gc_time":3.85,"gc_overhead":56.85}},"mean_latency":0.086557,"stddev_latency":0.243562,"min_latency":0.0,"max_latency":12.189695,"distr_latency":{"25.0000":0.029759,"50.0000":0.042175,"60.0000":0.046239,"70.0000":0.061023,"75.0000":0.076351,"80.0000":0.138879,"85.0000":0.166527,"90.0000":0.184703,"95.0000":0.217471,"96.0000":0.232191,"97.0000":0.282111,"98.0000":0.405759,"99.0000":0.725503,"99.9000":3.047423,"99.9900":10.215423,"99.9990":12.189695,"99.9999":12.189695,"100.0000":12.189695},"allocations":{"total_heap":2913981628,"minor_heap":2901398131,"major_heap":409216120,"promoted_words":396632623,"promoted_pct":13.67},"domain_alloc_stats":{"0":{"total":2913981628,"minor":2901398131,"promoted":396632623,"major":409216120,"promoted_pct":13.67}},"collections":{"minor":22185,"major":76,"forced_major":0,"compactions":0}}
{"version":1,"wall_time":6.76,"cpu_time":6.76,"gc_time":3.84,"gc_overhead":56.77,"max_rss_kb":806108,"domain_stats":{"0":{"wall_time":6.76,"gc_time":3.84,"gc_overhead":56.77}},"mean_latency":0.086403,"stddev_latency":0.244638,"min_latency":0.0,"max_latency":12.328959,"distr_latency":{"25.0000":0.029711,"50.0000":0.042655,"60.0000":0.046527,"70.0000":0.061375,"75.0000":0.076543,"80.0000":0.139135,"85.0000":0.164735,"90.0000":0.183551,"95.0000":0.215551,"96.0000":0.230783,"97.0000":0.280063,"98.0000":0.407807,"99.0000":0.717823,"99.9000":3.080191,"99.9900":10.289151,"99.9990":12.328959,"99.9999":12.328959,"100.0000":12.328959},"allocations":{"total_heap":2913981628,"minor_heap":2901398131,"major_heap":409216120,"promoted_words":396632623,"promoted_pct":13.67},"domain_alloc_stats":{"0":{"total":2913981628,"minor":2901398131,"promoted":396632623,"major":409216120,"promoted_pct":13.67}},"collections":{"minor":22185,"major":76,"forced_major":0,"compactions":0}}
