{"version":1,"wall_time":4.9,"cpu_time":4.9,"gc_time":3.56,"gc_overhead":72.71,"max_rss_kb":172812,"domain_stats":{"0":{"wall_time":4.9,"gc_time":3.56,"gc_overhead":72.71}},"mean_latency":0.240087,"stddev_latency":0.511001,"min_latency":0.0,"max_latency":3.065855,"distr_latency":{"25.0000":8.7e-05,"50.0000":0.000295,"60.0000":0.000343,"70.0000":0.003015,"75.0000":0.008511,"80.0000":0.387327,"85.0000":0.859647,"90.0000":1.038335,"95.0000":1.485823,"96.0000":1.506303,"97.0000":1.643519,"98.0000":1.782783,"99.0000":2.111487,"99.9000":2.564095,"99.9900":2.934783,"99.9990":3.065855,"99.9999":3.065855,"100.0000":3.065855},"allocations":{"total_heap":14037987,"minor_heap":300720,"major_heap":13737868,"promoted_words":601,"promoted_pct":0.2},"domain_alloc_stats":{"0":{"total":14037987,"minor":300720,"promoted":601,"major":13737868,"promoted_pct":0.2}},"collections":{"minor":1889,"major":944,"forced_major":0,"compactions":0}}
{"version":1,"wall_time":4.91,"cpu_time":4.91,"gc_time":3.55,"gc_overhead":72.18,"max_rss_kb":172756,"domain_stats":{"0":{"wall_time":4.91,"gc_time":3.55,"gc_overhead":72.18}},"mean_latency":0.239183,"stddev_latency":0.51162,"min_latency":0.0,"max_latency":3.092479,"distr_latency":{"25.0000":8.7e-05,"50.0000":0.000295,"60.0000":0.000335,"70.0000":0.003031,"75.0000":0.009103,"80.0000":0.389631,"85.0000":0.861183,"90.0000":0.990719,"95.0000":1.487871,"96.0000":1.496063,"97.0000":1.641471,"98.0000":1.821695,"99.0000":2.148351,"99.9000":2.695167,"99.9900":2.953215,"99.9990":3.092479,"99.9999":3.092479,"100.0000":3.092479},"allocations":{"total_heap":14037987,"minor_heap":300720,"major_heap":13737868,"promoted_words":601,"promoted_pct":0.2},"domain_alloc_stats":{"0":{"total":14037987,"minor":300720,"promoted":601,"major":13737868,"promoted_pct":0.2}},"collections":{"minor":1889,"major":944,"forced_major":0,"compactions":0}}
{"version":1,"wall_time":4.66,"cpu_time":4.66,"gc_time":3.32,"gc_overhead":71.16,"max_rss_kb":172560,"domain_stats":{"0":{"wall_time":4.66,"gc_time":3.32,"gc_overhead":71.16}},"mean_latency":0.223833,"stddev_latency":0.47653,"min_latency":0.0,"max_latency":3.057663,"distr_latency":{"25.0000":8.7e-05,"50.0000":0.000295,"60.0000":0.000343,"70.0000":0.003007,"75.0000":0.008815,"80.0000":0.376831,"85.0000":0.852991,"90.0000":0.900095,"95.0000":1.384447,"96.0000":1.480703,"97.0000":1.534975,"98.0000":1.660927,"99.0000":1.926143,"99.9000":2.650111,"99.9900":2.942975,"99.9990":3.057663,"99.9999":3.057663,"100.0000":3.057663},"allocations":{"total_heap":14037987,"minor_heap":300720,"major_heap":13737868,"promoted_words":601,"promoted_pct":0.2},"domain_alloc_stats":{"0":{"total":14037987,"minor":300720,"promoted":601,"major":13737868,"promoted_pct":0.2}},"collections":{"minor":1889,"major":944,"forced_major":0,"compactions":0}}
