{"version":1,"wall_time":4.07,"cpu_time":4.07,"gc_time":0.18,"gc_overhead":4.46,"max_rss_kb":23072,"domain_stats":{"0":{"wall_time":4.07,"gc_time":0.18,"gc_overhead":4.46}},"mean_latency":0.014221,"stddev_latency":0.012472,"min_latency":0.0,"max_latency":0.108991,"distr_latency":{"25.0000":0.000327,"50.0000":0.014223,"60.0000":0.018335,"70.0000":0.021407,"75.0000":0.022831,"80.0000":0.024495,"85.0000":0.026351,"90.0000":0.028991,"95.0000":0.034335,"96.0000":0.035327,"97.0000":0.036575,"98.0000":0.038975,"99.0000":0.044735,"99.9000":0.080063,"99.9900":0.099263,"99.9990":0.108991,"99.9999":0.108991,"100.0000":0.108991},"allocations":{"total_heap":1736431846,"minor_heap":1630359619,"major_heap":167867470,"promoted_words":61795243,"promoted_pct":3.79},"domain_alloc_stats":{"0":{"total":1736431846,"minor":1630359619,"promoted":61795243,"major":167867470,"promoted_pct":3.79}},"collections":{"minor":7141,"major":1765,"forced_major":0,"compactions":0}}
{"version":1,"wall_time":4.05,"cpu_time":4.05,"gc_time":0.18,"gc_overhead":4.41,"max_rss_kb":23484,"domain_stats":{"0":{"wall_time":4.05,"gc_time":0.18,"gc_overhead":4.41}},"mean_latency":0.01401,"stddev_latency":0.012235,"min_latency":0.0,"max_latency":0.108415,"distr_latency":{"25.0000":0.000311,"50.0000":0.014111,"60.0000":0.018207,"70.0000":0.021183,"75.0000":0.022495,"80.0000":0.024079,"85.0000":0.025775,"90.0000":0.028383,"95.0000":0.033887,"96.0000":0.034879,"97.0000":0.036127,"98.0000":0.038143,"99.0000":0.043903,"99.9000":0.080319,"99.9900":0.097727,"99.9990":0.108415,"99.9999":0.108415,"100.0000":0.108415},"allocations":{"total_heap":1736431846,"minor_heap":1630359619,"major_heap":167867470,"promoted_words":61795243,"promoted_pct":3.79},"domain_alloc_stats":{"0":{"total":1736431846,"minor":1630359619,"promoted":61795243,"major":167867470,"promoted_pct":3.79}},"collections":{"minor":7141,"major":1765,"forced_major":0,"compactions":0}}
{"version":1,"wall_time":4.08,"cpu_time":4.08,"gc_time":0.18,"gc_overhead":4.36,"max_rss_kb":22988,"domain_stats":{"0":{"wall_time":4.08,"gc_time":0.18,"gc_overhead":4.36}},"mean_latency":0.013936,"stddev_latency":0.012205,"min_latency":0.0,"max_latency":0.109375,"distr_latency":{"25.0000":0.000327,"50.0000":0.014047,"60.0000":0.018015,"70.0000":0.021007,"75.0000":0.022335,"80.0000":0.024031,"85.0000":0.025791,"90.0000":0.028223,"95.0000":0.033727,"96.0000":0.034591,"97.0000":0.035743,"98.0000":0.038143,"99.0000":0.043231,"99.9000":0.080319,"99.9900":0.099647,"99.9990":0.109375,"99.9999":0.109375,"100.0000":0.109375},"allocations":{"total_heap":1736431846,"minor_heap":1630359619,"major_heap":167867470,"promoted_words":61795243,"promoted_pct":3.79},"domain_alloc_stats":{"0":{"total":1736431846,"minor":1630359619,"promoted":61795243,"major":167867470,"promoted_pct":3.79}},"collections":{"minor":7141,"major":1765,"forced_major":0,"compactions":0}}
