{"version":1,"wall_time":5.12,"cpu_time":5.12,"gc_time":3.3,"gc_overhead":64.52,"max_rss_kb":166532,"domain_stats":{"0":{"wall_time":5.12,"gc_time":3.3,"gc_overhead":64.52}},"mean_latency":0.218184,"stddev_latency":0.46944,"min_latency":0.0,"max_latency":3.184639,"distr_latency":{"25.0000":4.7e-05,"50.0000":0.000335,"60.0000":0.000463,"70.0000":0.005567,"75.0000":0.010295,"80.0000":0.285183,"85.0000":0.769023,"90.0000":1.002495,"95.0000":1.342463,"96.0000":1.467391,"97.0000":1.607679,"98.0000":1.734655,"99.0000":1.880063,"99.9000":2.363391,"99.9900":2.912255,"99.9990":3.184639,"99.9999":3.184639,"100.0000":3.184639},"allocations":{"total_heap":14037986,"minor_heap":300719,"major_heap":13737868,"promoted_words":601,"promoted_pct":0.2},"domain_alloc_stats":{"0":{"total":14037986,"minor":300719,"promoted":601,"major":13737868,"promoted_pct":0.2}},"collections":{"minor":2099,"major":1049,"forced_major":0,"compactions":0}}
{"version":1,"wall_time":5.15,"cpu_time":5.15,"gc_time":3.33,"gc_overhead":64.72,"max_rss_kb":166540,"domain_stats":{"0":{"wall_time":5.15,"gc_time":3.33,"gc_overhead":64.72}},"mean_latency":0.220108,"stddev_latency":0.475305,"min_latency":0.0,"max_latency":3.133439,"distr_latency":{"25.0000":6.3e-05,"50.0000":0.000335,"60.0000":0.000503,"70.0000":0.005687,"75.0000":0.010215,"80.0000":0.278271,"85.0000":0.784383,"90.0000":1.003007,"95.0000":1.366015,"96.0000":1.484799,"97.0000":1.624063,"98.0000":1.756159,"99.0000":1.897471,"99.9000":2.519039,"99.9900":2.758655,"99.9990":3.133439,"99.9999":3.133439,"100.0000":3.133439},"allocations":{"total_heap":14037986,"minor_heap":300719,"major_heap":13737868,"promoted_words":601,"promoted_pct":0.2},"domain_alloc_stats":{"0":{"total":14037986,"minor":300719,"promoted":601,"major":13737868,"promoted_pct":0.2}},"collections":{"minor":2099,"major":1049,"forced_major":0,"compactions":0}}
{"version":1,"wall_time":5.13,"cpu_time":5.13,"gc_time":3.31,"gc_overhead":64.53,"max_rss_kb":166432,"domain_stats":{"0":{"wall_time":5.13,"gc_time":3.31,"gc_overhead":64.53}},"mean_latency":0.218398,"stddev_latency":0.469937,"min_latency":0.0,"max_latency":3.053567,"distr_latency":{"25.0000":6.3e-05,"50.0000":0.000335,"60.0000":0.000487,"70.0000":0.005503,"75.0000":0.010063,"80.0000":0.283135,"85.0000":0.771583,"90.0000":0.996863,"95.0000":1.351679,"96.0000":1.472511,"97.0000":1.598463,"98.0000":1.732607,"99.0000":1.879039,"99.9000":2.390015,"99.9900":2.648063,"99.9990":3.053567,"99.9999":3.053567,"100.0000":3.053567},"allocations":{"total_heap":14037986,"minor_heap":300719,"major_heap":13737868,"promoted_words":601,"promoted_pct":0.2},"domain_alloc_stats":{"0":{"total":14037986,"minor":300719,"promoted":601,"major":13737868,"promoted_pct":0.2}},"collections":{"minor":2099,"major":1049,"forced_major":0,"compactions":0}}
