{"version":1,"wall_time":4.92,"cpu_time":4.92,"gc_time":2.39,"gc_overhead":48.62,"max_rss_kb":247988,"domain_stats":{"0":{"wall_time":4.92,"gc_time":2.39,"gc_overhead":48.62}},"mean_latency":3.626588,"stddev_latency":5.860014,"min_latency":0.0,"max_latency":37.715967,"distr_latency":{"25.0000":0.386047,"50.0000":1.472511,"60.0000":2.168831,"70.0000":3.391487,"75.0000":4.126719,"80.0000":5.144575,"85.0000":6.500351,"90.0000":8.105983,"95.0000":17.350655,"96.0000":19.382271,"97.0000":22.495231,"98.0000":25.411583,"99.0000":27.344895,"99.9000":36.995071,"99.9900":37.715967,"99.9990":37.715967,"99.9999":37.715967,"100.0000":37.715967},"allocations":{"total_heap":629582032,"minor_heap":606281481,"major_heap":162095958,"promoted_words":138795407,"promoted_pct":22.89},"domain_alloc_stats":{"0":{"total":629582032,"minor":606281481,"promoted":138795407,"major":162095958,"promoted_pct":22.89}},"collections":{"minor":340,"major":69,"forced_major":0,"compactions":0}}
{"version":1,"wall_time":4.9,"cpu_time":4.9,"gc_time":2.39,"gc_overhead":48.74,"max_rss_kb":247988,"domain_stats":{"0":{"wall_time":4.9,"gc_time":2.39,"gc_overhead":48.74}},"mean_latency":3.625562,"stddev_latency":5.865976,"min_latency":0.0,"max_latency":37.584895,"distr_latency":{"25.0000":0.383487,"50.0000":1.457151,"60.0000":2.220031,"70.0000":3.311615,"75.0000":4.145151,"80.0000":5.177343,"85.0000":6.565887,"90.0000":8.073215,"95.0000":17.137663,"96.0000":19.267583,"97.0000":22.511615,"98.0000":25.214975,"99.0000":27.508735,"99.9000":37.060607,"99.9900":37.584895,"99.9990":37.584895,"99.9999":37.584895,"100.0000":37.584895},"allocations":{"total_heap":629582032,"minor_heap":606281481,"major_heap":162095958,"promoted_words":138795407,"promoted_pct":22.89},"domain_alloc_stats":{"0":{"total":629582032,"minor":606281481,"promoted":138795407,"major":162095958,"promoted_pct":22.89}},"collections":{"minor":340,"major":69,"forced_major":0,"compactions":0}}
{"version":1,"wall_time":4.93,"cpu_time":4.93,"gc_time":2.39,"gc_overhead":48.59,"max_rss_kb":248076,"domain_stats":{"0":{"wall_time":4.93,"gc_time":2.39,"gc_overhead":48.59}},"mean_latency":3.632344,"stddev_latency":5.848423,"min_latency":0.0,"max_latency":37.224447,"distr_latency":{"25.0000":0.390655,"50.0000":1.439743,"60.0000":2.258943,"70.0000":3.373055,"75.0000":4.177919,"80.0000":5.185535,"85.0000":6.500351,"90.0000":8.044543,"95.0000":17.448959,"96.0000":19.480575,"97.0000":22.315007,"98.0000":25.051135,"99.0000":27.328511,"99.9000":36.962303,"99.9900":37.224447,"99.9990":37.224447,"99.9999":37.224447,"100.0000":37.224447},"allocations":{"total_heap":629582032,"minor_heap":606281481,"major_heap":162095958,"promoted_words":138795407,"promoted_pct":22.89},"domain_alloc_stats":{"0":{"total":629582032,"minor":606281481,"promoted":138795407,"major":162095958,"promoted_pct":22.89}},"collections":{"minor":340,"major":69,"forced_major":0,"compactions":0}}
