{"version":1,"wall_time":3.37,"cpu_time":3.37,"gc_time":0.75,"gc_overhead":22.23,"max_rss_kb":455420,"domain_stats":{"0":{"wall_time":3.37,"gc_time":0.75,"gc_overhead":22.23}},"mean_latency":0.111763,"stddev_latency":0.147153,"min_latency":0.0,"max_latency":1.470463,"distr_latency":{"25.0000":0.025759,"50.0000":0.058175,"60.0000":0.075903,"70.0000":0.118335,"75.0000":0.148223,"80.0000":0.172671,"85.0000":0.222591,"90.0000":0.256383,"95.0000":0.384767,"96.0000":0.422399,"97.0000":0.463615,"98.0000":0.577023,"99.0000":0.835583,"99.9000":1.142783,"99.9900":1.239039,"99.9990":1.470463,"99.9999":1.470463,"100.0000":1.470463},"allocations":{"total_heap":434232067,"minor_heap":418244805,"major_heap":152846195,"promoted_words":136858933,"promoted_pct":32.72},"domain_alloc_stats":{"0":{"total":434232067,"minor":418244805,"promoted":136858933,"major":152846195,"promoted_pct":32.72}},"collections":{"minor":3238,"major":31,"forced_major":0,"compactions":0}}
{"version":1,"wall_time":3.36,"cpu_time":3.36,"gc_time":0.74,"gc_overhead":22.16,"max_rss_kb":455368,"domain_stats":{"0":{"wall_time":3.36,"gc_time":0.74,"gc_overhead":22.16}},"mean_latency":0.111106,"stddev_latency":0.145593,"min_latency":0.0,"max_latency":1.439743,"distr_latency":{"25.0000":0.025455,"50.0000":0.058239,"60.0000":0.075583,"70.0000":0.117439,"75.0000":0.148223,"80.0000":0.172671,"85.0000":0.220671,"90.0000":0.255999,"95.0000":0.389631,"96.0000":0.418815,"97.0000":0.454143,"98.0000":0.567295,"99.0000":0.832511,"99.9000":1.123327,"99.9900":1.211391,"99.9990":1.439743,"99.9999":1.439743,"100.0000":1.439743},"allocations":{"total_heap":434232067,"minor_heap":418244805,"major_heap":152846195,"promoted_words":136858933,"promoted_pct":32.72},"domain_alloc_stats":{"0":{"total":434232067,"minor":418244805,"promoted":136858933,"major":152846195,"promoted_pct":32.72}},"collections":{"minor":3238,"major":31,"forced_major":0,"compactions":0}}
{"version":1,"wall_time":3.38,"cpu_time":3.38,"gc_time":0.75,"gc_overhead":22.25,"max_rss_kb":455544,"domain_stats":{"0":{"wall_time":3.38,"gc_time":0.75,"gc_overhead":22.25}},"mean_latency":0.112295,"stddev_latency":0.148171,"min_latency":0.0,"max_latency":1.473535,"distr_latency":{"25.0000":0.025631,"50.0000":0.058367,"60.0000":0.076479,"70.0000":0.118143,"75.0000":0.149503,"80.0000":0.173439,"85.0000":0.223999,"90.0000":0.257023,"95.0000":0.395775,"96.0000":0.425983,"97.0000":0.465151,"98.0000":0.581631,"99.0000":0.845311,"99.9000":1.141759,"99.9900":1.219583,"99.9990":1.473535,"99.9999":1.473535,"100.0000":1.473535},"allocations":{"total_heap":434232067,"minor_heap":418244805,"major_heap":152846195,"promoted_words":136858933,"promoted_pct":32.72},"domain_alloc_stats":{"0":{"total":434232067,"minor":418244805,"promoted":136858933,"major":152846195,"promoted_pct":32.72}},"collections":{"minor":3238,"major":31,"forced_major":0,"compactions":0}}
