{"version":1,"wall_time":4.39,"cpu_time":4.39,"gc_time":0.38,"gc_overhead":8.7,"max_rss_kb":30280,"domain_stats":{"0":{"wall_time":4.39,"gc_time":0.38,"gc_overhead":8.7}},"mean_latency":0.014939,"stddev_latency":0.010222,"min_latency":0.0,"max_latency":0.084735,"distr_latency":{"25.0000":0.008335,"50.0000":0.014351,"60.0000":0.016527,"70.0000":0.019119,"75.0000":0.020799,"80.0000":0.022863,"85.0000":0.024799,"90.0000":0.027423,"95.0000":0.031839,"96.0000":0.033311,"97.0000":0.034911,"98.0000":0.037215,"99.0000":0.042111,"99.9000":0.076351,"99.9900":0.079743,"99.9990":0.084735,"99.9999":0.084735,"100.0000":0.084735},"allocations":{"total_heap":1736415893,"minor_heap":1630329304,"major_heap":213464986,"promoted_words":107378397,"promoted_pct":6.59},"domain_alloc_stats":{"0":{"total":1736415893,"minor":1630329304,"promoted":107378397,"major":213464986,"promoted_pct":6.59}},"collections":{"minor":15794,"major":6516,"forced_major":0,"compactions":0}}
{"version":1,"wall_time":4.31,"cpu_time":4.31,"gc_time":0.37,"gc_overhead":8.7,"max_rss_kb":30340,"domain_stats":{"0":{"wall_time":4.31,"gc_time":0.37,"gc_overhead":8.7}},"mean_latency":0.014651,"stddev_latency":0.009917,"min_latency":0.0,"max_latency":0.076991,"distr_latency":{"25.0000":0.008303,"50.0000":0.014127,"60.0000":0.016191,"70.0000":0.018735,"75.0000":0.020367,"80.0000":0.022431,"85.0000":0.024095,"90.0000":0.026735,"95.0000":0.031135,"96.0000":0.032607,"97.0000":0.034527,"98.0000":0.036767,"99.0000":0.041023,"99.9000":0.071615,"99.9900":0.076159,"99.9990":0.076991,"99.9999":0.076991,"100.0000":0.076991},"allocations":{"total_heap":1736415893,"minor_heap":1630329304,"major_heap":213464986,"promoted_words":107378397,"promoted_pct":6.59},"domain_alloc_stats":{"0":{"total":1736415893,"minor":1630329304,"promoted":107378397,"major":213464986,"promoted_pct":6.59}},"collections":{"minor":15794,"major":6516,"forced_major":0,"compactions":0}}
{"version":1,"wall_time":4.32,"cpu_time":4.32,"gc_time":0.39,"gc_overhead":8.92,"max_rss_kb":30244,"domain_stats":{"0":{"wall_time":4.32,"gc_time":0.39,"gc_overhead":8.92}},"mean_latency":0.015077,"stddev_latency":0.010223,"min_latency":0.0,"max_latency":0.121343,"distr_latency":{"25.0000":0.008535,"50.0000":0.014687,"60.0000":0.016767,"70.0000":0.019359,"75.0000":0.021087,"80.0000":0.023039,"85.0000":0.024783,"90.0000":0.027407,"95.0000":0.031775,"96.0000":0.033343,"97.0000":0.034783,"98.0000":0.036863,"99.0000":0.041919,"99.9000":0.075583,"99.9900":0.080511,"99.9990":0.121343,"99.9999":0.121343,"100.0000":0.121343},"allocations":{"total_heap":1736415893,"minor_heap":1630329304,"major_heap":213464986,"promoted_words":107378397,"promoted_pct":6.59},"domain_alloc_stats":{"0":{"total":1736415893,"minor":1630329304,"promoted":107378397,"major":213464986,"promoted_pct":6.59}},"collections":{"minor":15794,"major":6516,"forced_major":0,"compactions":0}}
