{"version":1,"wall_time":5.27,"cpu_time":5.27,"gc_time":3.16,"gc_overhead":59.91,"max_rss_kb":173072,"domain_stats":{"0":{"wall_time":5.27,"gc_time":3.16,"gc_overhead":59.91}},"mean_latency":0.213075,"stddev_latency":0.44958,"min_latency":0.0,"max_latency":3.467263,"distr_latency":{"25.0000":5.5e-05,"50.0000":0.000327,"60.0000":0.000431,"70.0000":0.003895,"75.0000":0.009855,"80.0000":0.366591,"85.0000":0.861183,"90.0000":0.885247,"95.0000":1.276927,"96.0000":1.403903,"97.0000":1.490943,"98.0000":1.617919,"99.0000":1.754111,"99.9000":2.441215,"99.9900":2.701311,"99.9990":3.467263,"99.9999":3.467263,"100.0000":3.467263},"allocations":{"total_heap":14037986,"minor_heap":300719,"major_heap":13737868,"promoted_words":601,"promoted_pct":0.2},"domain_alloc_stats":{"0":{"total":14037986,"minor":300719,"promoted":601,"major":13737868,"promoted_pct":0.2}},"collections":{"minor":1889,"major":944,"forced_major":0,"compactions":0}}
{"version":1,"wall_time":5.24,"cpu_time":5.24,"gc_time":3.07,"gc_overhead":58.71,"max_rss_kb":173156,"domain_stats":{"0":{"wall_time":5.24,"gc_time":3.07,"gc_overhead":58.71}},"mean_latency":0.207273,"stddev_latency":0.429544,"min_latency":0.0,"max_latency":2.969599,"distr_latency":{"25.0000":4.7e-05,"50.0000":0.000327,"60.0000":0.000455,"70.0000":0.003783,"75.0000":0.010223,"80.0000":0.374271,"85.0000":0.880639,"90.0000":0.909823,"95.0000":1.163263,"96.0000":1.300479,"97.0000":1.428479,"98.0000":1.534975,"99.0000":1.694719,"99.9000":2.113535,"99.9900":2.902015,"99.9990":2.969599,"99.9999":2.969599,"100.0000":2.969599},"allocations":{"total_heap":14037986,"minor_heap":300719,"major_heap":13737868,"promoted_words":601,"promoted_pct":0.2},"domain_alloc_stats":{"0":{"total":14037986,"minor":300719,"promoted":601,"major":13737868,"promoted_pct":0.2}},"collections":{"minor":1889,"major":944,"forced_major":0,"compactions":0}}
{"version":1,"wall_time":5.2,"cpu_time":5.2,"gc_time":3.06,"gc_overhead":58.83,"max_rss_kb":172996,"domain_stats":{"0":{"wall_time":5.2,"gc_time":3.06,"gc_overhead":58.83}},"mean_latency":0.206156,"stddev_latency":0.427053,"min_latency":0.0,"max_latency":3.248127,"distr_latency":{"25.0000":4.7e-05,"50.0000":0.000327,"60.0000":0.000447,"70.0000":0.003807,"75.0000":0.010103,"80.0000":0.374271,"85.0000":0.867839,"90.0000":0.905215,"95.0000":1.160191,"96.0000":1.295359,"97.0000":1.418239,"98.0000":1.533951,"99.0000":1.680383,"99.9000":1.988607,"99.9900":2.787327,"99.9990":3.248127,"99.9999":3.248127,"100.0000":3.248127},"allocations":{"total_heap":14037986,"minor_heap":300719,"major_heap":13737868,"promoted_words":601,"promoted_pct":0.2},"domain_alloc_stats":{"0":{"total":14037986,"minor":300719,"promoted":601,"major":13737868,"promoted_pct":0.2}},"collections":{"minor":1889,"major":944,"forced_major":0,"compactions":0}}
