{"version":1,"wall_time":4.29,"cpu_time":4.29,"gc_time":2.95,"gc_overhead":68.82,"max_rss_kb":172676,"domain_stats":{"0":{"wall_time":4.29,"gc_time":2.95,"gc_overhead":68.82}},"mean_latency":0.199026,"stddev_latency":0.413331,"min_latency":0.0,"max_latency":3.182591,"distr_latency":{"25.0000":8.7e-05,"50.0000":0.000295,"60.0000":0.000335,"70.0000":0.003055,"75.0000":0.008687,"80.0000":0.349439,"85.0000":0.833023,"90.0000":0.867327,"95.0000":1.155071,"96.0000":1.242111,"97.0000":1.375231,"98.0000":1.501183,"99.0000":1.626111,"99.9000":1.881087,"99.9900":2.392063,"99.9990":3.182591,"99.9999":3.182591,"100.0000":3.182591},"allocations":{"total_heap":14037987,"minor_heap":300720,"major_heap":13737868,"promoted_words":601,"promoted_pct":0.2},"domain_alloc_stats":{"0":{"total":14037987,"minor":300720,"promoted":601,"major":13737868,"promoted_pct":0.2}},"collections":{"minor":1889,"major":944,"forced_major":0,"compactions":0}}
{"version":1,"wall_time":4.57,"cpu_time":4.57,"gc_time":3.21,"gc_overhead":70.3,"max_rss_kb":172696,"domain_stats":{"0":{"wall_time":4.57,"gc_time":3.21,"gc_overhead":70.3}},"mean_latency":0.216778,"stddev_latency":0.457845,"min_latency":0.0,"max_latency":3.188735,"distr_latency":{"25.0000":8.7e-05,"50.0000":0.000295,"60.0000":0.000343,"70.0000":0.003111,"75.0000":0.008575,"80.0000":0.381439,"85.0000":0.851455,"90.0000":0.897023,"95.0000":1.299455,"96.0000":1.435647,"97.0000":1.492991,"98.0000":1.613823,"99.0000":1.795071,"99.9000":2.494463,"99.9900":2.947071,"99.9990":3.188735,"99.9999":3.188735,"100.0000":3.188735},"allocations":{"total_heap":14037987,"minor_heap":300720,"major_heap":13737868,"promoted_words":601,"promoted_pct":0.2},"domain_alloc_stats":{"0":{"total":14037987,"minor":300720,"promoted":601,"major":13737868,"promoted_pct":0.2}},"collections":{"minor":1889,"major":944,"forced_major":0,"compactions":0}}
{"version":1,"wall_time":4.31,"cpu_time":4.31,"gc_time":2.97,"gc_overhead":68.84,"max_rss_kb":172644,"domain_stats":{"0":{"wall_time":4.31,"gc_time":2.97,"gc_overhead":68.84}},"mean_latency":0.200034,"stddev_latency":0.415526,"min_latency":0.0,"max_latency":4.161535,"distr_latency":{"25.0000":8.7e-05,"50.0000":0.000295,"60.0000":0.000343,"70.0000":0.003071,"75.0000":0.008527,"80.0000":0.353023,"85.0000":0.826367,"90.0000":0.878079,"95.0000":1.148927,"96.0000":1.239039,"97.0000":1.374207,"98.0000":1.502207,"99.0000":1.629183,"99.9000":1.869823,"99.9900":2.697215,"99.9990":4.161535,"99.9999":4.161535,"100.0000":4.161535},"allocations":{"total_heap":14037987,"minor_heap":300720,"major_heap":13737868,"promoted_words":601,"promoted_pct":0.2},"domain_alloc_stats":{"0":{"total":14037987,"minor":300720,"promoted":601,"major":13737868,"promoted_pct":0.2}},"collections":{"minor":1889,"major":944,"forced_major":0,"compactions":0}}
