{"version":1,"wall_time":13.27,"cpu_time":13.27,"gc_time":3.01,"gc_overhead":22.66,"max_rss_kb":578776,"domain_stats":{"0":{"wall_time":13.27,"gc_time":3.01,"gc_overhead":22.66}},"mean_latency":0.081864,"stddev_latency":0.120581,"min_latency":0.0,"max_latency":5.341183,"distr_latency":{"25.0000":0.022239,"50.0000":0.053151,"60.0000":0.067967,"70.0000":0.086591,"75.0000":0.099391,"80.0000":0.115135,"85.0000":0.144383,"90.0000":0.185215,"95.0000":0.245759,"96.0000":0.270591,"97.0000":0.298239,"98.0000":0.341247,"99.0000":0.479743,"99.9000":1.343487,"99.9900":3.147775,"99.9990":5.341183,"99.9999":5.341183,"100.0000":5.341183},"allocations":{"total_heap":2410433789,"minor_heap":2361733457,"major_heap":586213789,"promoted_words":537513457,"promoted_pct":22.76},"domain_alloc_stats":{"0":{"total":2410433789,"minor":2361733457,"promoted":537513457,"major":586213789,"promoted_pct":22.76}},"collections":{"minor":18076,"major":51,"forced_major":0,"compactions":0}}
{"version":1,"wall_time":13.24,"cpu_time":13.24,"gc_time":2.99,"gc_overhead":22.55,"max_rss_kb":578888,"domain_stats":{"0":{"wall_time":13.24,"gc_time":2.99,"gc_overhead":22.55}},"mean_latency":0.081343,"stddev_latency":0.120073,"min_latency":0.0,"max_latency":5.308415,"distr_latency":{"25.0000":0.022223,"50.0000":0.052831,"60.0000":0.067647,"70.0000":0.085759,"75.0000":0.098367,"80.0000":0.114111,"85.0000":0.143103,"90.0000":0.183295,"95.0000":0.244479,"96.0000":0.268799,"97.0000":0.295935,"98.0000":0.340479,"99.0000":0.474623,"99.9000":1.338367,"99.9900":3.145727,"99.9990":5.308415,"99.9999":5.308415,"100.0000":5.308415},"allocations":{"total_heap":2410433789,"minor_heap":2361733457,"major_heap":586213789,"promoted_words":537513457,"promoted_pct":22.76},"domain_alloc_stats":{"0":{"total":2410433789,"minor":2361733457,"promoted":537513457,"major":586213789,"promoted_pct":22.76}},"collections":{"minor":18076,"major":51,"forced_major":0,"compactions":0}}
{"version":1,"wall_time":13.32,"cpu_time":13.32,"gc_time":3.08,"gc_overhead":23.14,"max_rss_kb":578744,"domain_stats":{"0":{"wall_time":13.32,"gc_time":3.08,"gc_overhead":23.14}},"mean_latency":0.083911,"stddev_latency":0.121133,"min_latency":0.0,"max_latency":5.308415,"distr_latency":{"25.0000":0.022703,"50.0000":0.055551,"60.0000":0.070911,"70.0000":0.089471,"75.0000":0.102079,"80.0000":0.118783,"85.0000":0.146943,"90.0000":0.191359,"95.0000":0.251007,"96.0000":0.278015,"97.0000":0.303103,"98.0000":0.345087,"99.0000":0.476415,"99.9000":1.334271,"99.9900":3.151871,"99.9990":5.308415,"99.9999":5.308415,"100.0000":5.308415},"allocations":{"total_heap":2410433789,"minor_heap":2361733457,"major_heap":586213789,"promoted_words":537513457,"promoted_pct":22.76},"domain_alloc_stats":{"0":{"total":2410433789,"minor":2361733457,"promoted":537513457,"major":586213789,"promoted_pct":22.76}},"collections":{"minor":18076,"major":51,"forced_major":0,"compactions":0}}
