{"version":1,"wall_time":4.95,"cpu_time":4.95,"gc_time":3.1,"gc_overhead":62.64,"max_rss_kb":172840,"domain_stats":{"0":{"wall_time":4.95,"gc_time":3.1,"gc_overhead":62.64}},"mean_latency":0.207442,"stddev_latency":0.437906,"min_latency":0.0,"max_latency":3.125247,"distr_latency":{"25.0000":6.3e-05,"50.0000":0.000327,"60.0000":0.000447,"70.0000":0.005071,"75.0000":0.010383,"80.0000":0.296959,"85.0000":0.802303,"90.0000":0.940543,"95.0000":1.244159,"96.0000":1.353727,"97.0000":1.483775,"98.0000":1.605631,"99.0000":1.753087,"99.9000":2.058239,"99.9900":2.840575,"99.9990":3.125247,"99.9999":3.125247,"100.0000":3.125247},"allocations":{"total_heap":14038037,"minor_heap":300770,"major_heap":13737868,"promoted_words":601,"promoted_pct":0.2},"domain_alloc_stats":{"0":{"total":14038037,"minor":300770,"promoted":601,"major":13737868,"promoted_pct":0.2}},"collections":{"minor":1963,"major":981,"forced_major":0,"compactions":0}}
{"version":1,"wall_time":4.95,"cpu_time":4.95,"gc_time":3.11,"gc_overhead":62.88,"max_rss_kb":173056,"domain_stats":{"0":{"wall_time":4.95,"gc_time":3.11,"gc_overhead":62.88}},"mean_latency":0.208398,"stddev_latency":0.442806,"min_latency":0.0,"max_latency":3.141631,"distr_latency":{"25.0000":4.7e-05,"50.0000":0.000327,"60.0000":0.000455,"70.0000":0.005215,"75.0000":0.010431,"80.0000":0.286207,"85.0000":0.799231,"90.0000":0.941567,"95.0000":1.244159,"96.0000":1.362943,"97.0000":1.500159,"98.0000":1.640447,"99.0000":1.779711,"99.9000":2.267135,"99.9900":2.785279,"99.9990":3.141631,"99.9999":3.141631,"100.0000":3.141631},"allocations":{"total_heap":14038037,"minor_heap":300770,"major_heap":13737868,"promoted_words":601,"promoted_pct":0.2},"domain_alloc_stats":{"0":{"total":14038037,"minor":300770,"promoted":601,"major":13737868,"promoted_pct":0.2}},"collections":{"minor":1963,"major":981,"forced_major":0,"compactions":0}}
{"version":1,"wall_time":5.25,"cpu_time":5.25,"gc_time":3.38,"gc_overhead":64.42,"max_rss_kb":172344,"domain_stats":{"0":{"wall_time":5.25,"gc_time":3.38,"gc_overhead":64.42}},"mean_latency":0.226461,"stddev_latency":0.489989,"min_latency":0.0,"max_latency":3.092479,"distr_latency":{"25.0000":3.1e-05,"50.0000":0.000327,"60.0000":0.000463,"70.0000":0.005455,"75.0000":0.010375,"80.0000":0.294911,"85.0000":0.851455,"90.0000":0.952319,"95.0000":1.413119,"96.0000":1.543167,"97.0000":1.593343,"98.0000":1.753087,"99.0000":2.015231,"99.9000":2.859007,"99.9900":3.076095,"99.9990":3.092479,"99.9999":3.092479,"100.0000":3.092479},"allocations":{"total_heap":14038037,"minor_heap":300770,"major_heap":13737868,"promoted_words":601,"promoted_pct":0.2},"domain_alloc_stats":{"0":{"total":14038037,"minor":300770,"promoted":601,"major":13737868,"promoted_pct":0.2}},"collections":{"minor":1963,"major":981,"forced_major":0,"compactions":0}}
