{"version":1,"wall_time":2.93,"cpu_time":2.93,"gc_time":2.68,"gc_overhead":91.48,"max_rss_kb":199600,"domain_stats":{"0":{"wall_time":2.93,"gc_time":2.68,"gc_overhead":91.48}},"mean_latency":0.223355,"stddev_latency":0.352537,"min_latency":0.0,"max_latency":3.071999,"distr_latency":{"25.0000":0.000287,"50.0000":0.000295,"60.0000":0.009751,"70.0000":0.215167,"75.0000":0.442879,"80.0000":0.713215,"85.0000":0.854015,"90.0000":0.859647,"95.0000":0.864767,"96.0000":0.866303,"97.0000":0.867839,"98.0000":0.870399,"99.0000":0.876031,"99.9000":1.484799,"99.9900":2.250751,"99.9990":3.071999,"99.9999":3.071999,"100.0000":3.071999},"allocations":{"total_heap":14037791,"minor_heap":300524,"major_heap":13737835,"promoted_words":568,"promoted_pct":0.19},"domain_alloc_stats":{"0":{"total":14037791,"minor":300524,"promoted":568,"major":13737835,"promoted_pct":0.19}},"collections":{"minor":944,"major":944,"forced_major":0,"compactions":0}}
{"version":1,"wall_time":2.93,"cpu_time":2.93,"gc_time":2.69,"gc_overhead":91.58,"max_rss_kb":199652,"domain_stats":{"0":{"wall_time":2.93,"gc_time":2.69,"gc_overhead":91.58}},"mean_latency":0.224005,"stddev_latency":0.353803,"min_latency":0.0,"max_latency":3.174399,"distr_latency":{"25.0000":0.000287,"50.0000":0.000295,"60.0000":0.009823,"70.0000":0.215807,"75.0000":0.446975,"80.0000":0.716799,"85.0000":0.857599,"90.0000":0.863231,"95.0000":0.868863,"96.0000":0.870399,"97.0000":0.871935,"98.0000":0.874495,"99.0000":0.881663,"99.9000":1.479679,"99.9900":3.127295,"99.9990":3.174399,"99.9999":3.174399,"100.0000":3.174399},"allocations":{"total_heap":14037791,"minor_heap":300524,"major_heap":13737835,"promoted_words":568,"promoted_pct":0.19},"domain_alloc_stats":{"0":{"total":14037791,"minor":300524,"promoted":568,"major":13737835,"promoted_pct":0.19}},"collections":{"minor":944,"major":944,"forced_major":0,"compactions":0}}
{"version":1,"wall_time":2.94,"cpu_time":2.94,"gc_time":2.69,"gc_overhead":91.67,"max_rss_kb":199648,"domain_stats":{"0":{"wall_time":2.94,"gc_time":2.69,"gc_overhead":91.67}},"mean_latency":0.224328,"stddev_latency":0.354921,"min_latency":0.0,"max_latency":3.074047,"distr_latency":{"25.0000":0.000287,"50.0000":0.000295,"60.0000":0.009775,"70.0000":0.212991,"75.0000":0.440319,"80.0000":0.719359,"85.0000":0.859135,"90.0000":0.864255,"95.0000":0.869887,"96.0000":0.871423,"97.0000":0.872959,"98.0000":0.876031,"99.0000":0.890367,"99.9000":1.487871,"99.9900":2.279423,"99.9990":3.074047,"99.9999":3.074047,"100.0000":3.074047},"allocations":{"total_heap":14037791,"minor_heap":300524,"major_heap":13737835,"promoted_words":568,"promoted_pct":0.19},"domain_alloc_stats":{"0":{"total":14037791,"minor":300524,"promoted":568,"major":13737835,"promoted_pct":0.19}},"collections":{"minor":944,"major":944,"forced_major":0,"compactions":0}}
