{"version":1,"wall_time":2.79,"cpu_time":2.79,"gc_time":2.52,"gc_overhead":90.35,"max_rss_kb":111796,"domain_stats":{"0":{"wall_time":2.79,"gc_time":2.52,"gc_overhead":90.35}},"mean_latency":0.209434,"stddev_latency":0.338275,"min_latency":0.0,"max_latency":3.028991,"distr_latency":{"25.0000":0.000287,"50.0000":0.000327,"60.0000":0.006287,"70.0000":0.137599,"75.0000":0.414719,"80.0000":0.692735,"85.0000":0.815103,"90.0000":0.821247,"95.0000":0.826879,"96.0000":0.828415,"97.0000":0.829439,"98.0000":0.830975,"99.0000":0.834559,"99.9000":1.414143,"99.9900":1.425407,"99.9990":3.028991,"99.9999":3.028991,"100.0000":3.028991},"allocations":{"total_heap":13497900,"minor_heap":120651,"major_heap":13377796,"promoted_words":547,"promoted_pct":0.45},"domain_alloc_stats":{"0":{"total":13497900,"minor":120651,"promoted":547,"major":13377796,"promoted_pct":0.45}},"collections":{"minor":902,"major":902,"forced_major":0,"compactions":0}}
{"version":1,"wall_time":2.76,"cpu_time":2.76,"gc_time":2.5,"gc_overhead":90.37,"max_rss_kb":111800,"domain_stats":{"0":{"wall_time":2.76,"gc_time":2.5,"gc_overhead":90.37}},"mean_latency":0.207814,"stddev_latency":0.335303,"min_latency":0.0,"max_latency":3.080191,"distr_latency":{"25.0000":0.000287,"50.0000":0.000327,"60.0000":0.008063,"70.0000":0.138495,"75.0000":0.413951,"80.0000":0.690687,"85.0000":0.808447,"90.0000":0.814079,"95.0000":0.819199,"96.0000":0.820223,"97.0000":0.821759,"98.0000":0.823295,"99.0000":0.826879,"99.9000":1.417215,"99.9900":1.422335,"99.9990":3.080191,"99.9999":3.080191,"100.0000":3.080191},"allocations":{"total_heap":13497900,"minor_heap":120651,"major_heap":13377796,"promoted_words":547,"promoted_pct":0.45},"domain_alloc_stats":{"0":{"total":13497900,"minor":120651,"promoted":547,"major":13377796,"promoted_pct":0.45}},"collections":{"minor":902,"major":902,"forced_major":0,"compactions":0}}
{"version":1,"wall_time":2.75,"cpu_time":2.75,"gc_time":2.49,"gc_overhead":90.35,"max_rss_kb":111776,"domain_stats":{"0":{"wall_time":2.75,"gc_time":2.49,"gc_overhead":90.35}},"mean_latency":0.207078,"stddev_latency":0.33438,"min_latency":0.0,"max_latency":3.078143,"distr_latency":{"25.0000":0.000287,"50.0000":0.000335,"60.0000":0.008143,"70.0000":0.135807,"75.0000":0.409599,"80.0000":0.680447,"85.0000":0.803327,"90.0000":0.810495,"95.0000":0.817151,"96.0000":0.818175,"97.0000":0.820223,"98.0000":0.822271,"99.0000":0.829439,"99.9000":1.413119,"99.9900":1.427455,"99.9990":3.078143,"99.9999":3.078143,"100.0000":3.078143},"allocations":{"total_heap":13497900,"minor_heap":120651,"major_heap":13377796,"promoted_words":547,"promoted_pct":0.45},"domain_alloc_stats":{"0":{"total":13497900,"minor":120651,"promoted":547,"major":13377796,"promoted_pct":0.45}},"collections":{"minor":902,"major":902,"forced_major":0,"compactions":0}}
