{"version":1,"wall_time":11.66,"cpu_time":11.66,"gc_time":1.39,"gc_overhead":11.87,"max_rss_kb":1019440,"domain_stats":{"0":{"wall_time":11.66,"gc_time":1.39,"gc_overhead":11.87}},"mean_latency":0.15008,"stddev_latency":0.279846,"min_latency":0.0,"max_latency":3.624959,"distr_latency":{"25.0000":0.026831,"50.0000":0.057791,"60.0000":0.074687,"70.0000":0.097407,"75.0000":0.117951,"80.0000":0.154111,"85.0000":0.217215,"90.0000":0.357887,"95.0000":0.786943,"96.0000":0.883711,"97.0000":0.958463,"98.0000":1.053695,"99.0000":1.327103,"99.9000":2.635775,"99.9900":3.303423,"99.9990":3.624959,"99.9999":3.624959,"100.0000":3.624959},"allocations":{"total_heap":2410075023,"minor_heap":2361370812,"major_heap":344751479,"promoted_words":296047268,"promoted_pct":12.54},"domain_alloc_stats":{"0":{"total":2410075023,"minor":2361370812,"promoted":296047268,"major":344751479,"promoted_pct":12.54}},"collections":{"minor":4534,"major":24,"forced_major":0,"compactions":0}}
{"version":1,"wall_time":11.64,"cpu_time":11.64,"gc_time":1.38,"gc_overhead":11.83,"max_rss_kb":1019988,"domain_stats":{"0":{"wall_time":11.64,"gc_time":1.38,"gc_overhead":11.83}},"mean_latency":0.149276,"stddev_latency":0.278999,"min_latency":0.0,"max_latency":3.698687,"distr_latency":{"25.0000":0.026751,"50.0000":0.057567,"60.0000":0.073855,"70.0000":0.096511,"75.0000":0.117247,"80.0000":0.152575,"85.0000":0.218879,"90.0000":0.360959,"95.0000":0.762879,"96.0000":0.872447,"97.0000":0.945151,"98.0000":1.042431,"99.0000":1.315839,"99.9000":2.654207,"99.9900":3.360767,"99.9990":3.698687,"99.9999":3.698687,"100.0000":3.698687},"allocations":{"total_heap":2410075023,"minor_heap":2361370812,"major_heap":344751479,"promoted_words":296047268,"promoted_pct":12.54},"domain_alloc_stats":{"0":{"total":2410075023,"minor":2361370812,"promoted":296047268,"major":344751479,"promoted_pct":12.54}},"collections":{"minor":4534,"major":24,"forced_major":0,"compactions":0}}
{"version":1,"wall_time":11.66,"cpu_time":11.66,"gc_time":1.38,"gc_overhead":11.84,"max_rss_kb":1019416,"domain_stats":{"0":{"wall_time":11.66,"gc_time":1.38,"gc_overhead":11.84}},"mean_latency":0.149551,"stddev_latency":0.278682,"min_latency":0.0,"max_latency":3.641343,"distr_latency":{"25.0000":0.026863,"50.0000":0.057599,"60.0000":0.074303,"70.0000":0.096639,"75.0000":0.118015,"80.0000":0.153855,"85.0000":0.217599,"90.0000":0.364031,"95.0000":0.767487,"96.0000":0.875007,"97.0000":0.947711,"98.0000":1.038335,"99.0000":1.308671,"99.9000":2.656255,"99.9900":3.305471,"99.9990":3.641343,"99.9999":3.641343,"100.0000":3.641343},"allocations":{"total_heap":2410075023,"minor_heap":2361370812,"major_heap":344751479,"promoted_words":296047268,"promoted_pct":12.54},"domain_alloc_stats":{"0":{"total":2410075023,"minor":2361370812,"promoted":296047268,"major":344751479,"promoted_pct":12.54}},"collections":{"minor":4534,"major":24,"forced_major":0,"compactions":0}}
