{"version":1,"wall_time":1.65,"cpu_time":1.65,"gc_time":0.47,"gc_overhead":28.33,"max_rss_kb":376064,"domain_stats":{"0":{"wall_time":1.65,"gc_time":0.47,"gc_overhead":28.33}},"mean_latency":0.072053,"stddev_latency":0.127471,"min_latency":0.0,"max_latency":1.284095,"distr_latency":{"25.0000":0.010887,"50.0000":0.026943,"60.0000":0.034335,"70.0000":0.045567,"75.0000":0.058559,"80.0000":0.091647,"85.0000":0.136063,"90.0000":0.193023,"95.0000":0.327167,"96.0000":0.379647,"97.0000":0.412671,"98.0000":0.498175,"99.0000":0.641535,"99.9000":0.984063,"99.9900":1.214463,"99.9990":1.284095,"99.9999":1.284095,"100.0000":1.284095},"allocations":{"total_heap":850652321,"minor_heap":846795025,"major_heap":86490256,"promoted_words":82632960,"promoted_pct":9.76},"domain_alloc_stats":{"0":{"total":850652321,"minor":846795025,"promoted":82632960,"major":86490256,"promoted_pct":9.76}},"collections":{"minor":3242,"major":19,"forced_major":0,"compactions":0}}
{"version":1,"wall_time":1.67,"cpu_time":1.67,"gc_time":0.47,"gc_overhead":28.16,"max_rss_kb":375884,"domain_stats":{"0":{"wall_time":1.67,"gc_time":0.47,"gc_overhead":28.16}},"mean_latency":0.072096,"stddev_latency":0.127961,"min_latency":0.0,"max_latency":1.298431,"distr_latency":{"25.0000":0.011303,"50.0000":0.026479,"60.0000":0.034015,"70.0000":0.045663,"75.0000":0.059551,"80.0000":0.094911,"85.0000":0.135551,"90.0000":0.194175,"95.0000":0.322047,"96.0000":0.375551,"97.0000":0.413951,"98.0000":0.496383,"99.0000":0.647679,"99.9000":0.987647,"99.9900":1.202175,"99.9990":1.298431,"99.9999":1.298431,"100.0000":1.298431},"allocations":{"total_heap":850652321,"minor_heap":846795025,"major_heap":86490256,"promoted_words":82632960,"promoted_pct":9.76},"domain_alloc_stats":{"0":{"total":850652321,"minor":846795025,"promoted":82632960,"major":86490256,"promoted_pct":9.76}},"collections":{"minor":3242,"major":19,"forced_major":0,"compactions":0}}
{"version":1,"wall_time":1.66,"cpu_time":1.66,"gc_time":0.47,"gc_overhead":28.32,"max_rss_kb":375904,"domain_stats":{"0":{"wall_time":1.66,"gc_time":0.47,"gc_overhead":28.32}},"mean_latency":0.072342,"stddev_latency":0.128377,"min_latency":0.0,"max_latency":1.312767,"distr_latency":{"25.0000":0.011207,"50.0000":0.026511,"60.0000":0.033887,"70.0000":0.045695,"75.0000":0.058975,"80.0000":0.094271,"85.0000":0.135807,"90.0000":0.194687,"95.0000":0.327423,"96.0000":0.377855,"97.0000":0.414975,"98.0000":0.502271,"99.0000":0.641535,"99.9000":0.993279,"99.9900":1.211391,"99.9990":1.312767,"99.9999":1.312767,"100.0000":1.312767},"allocations":{"total_heap":850652321,"minor_heap":846795025,"major_heap":86490256,"promoted_words":82632960,"promoted_pct":9.76},"domain_alloc_stats":{"0":{"total":850652321,"minor":846795025,"promoted":82632960,"major":86490256,"promoted_pct":9.76}},"collections":{"minor":3242,"major":19,"forced_major":0,"compactions":0}}
