{"version":1,"wall_time":11.72,"cpu_time":11.72,"gc_time":1.34,"gc_overhead":11.47,"max_rss_kb":499036,"domain_stats":{"0":{"wall_time":11.72,"gc_time":1.34,"gc_overhead":11.47}},"mean_latency":0.582435,"stddev_latency":1.280695,"min_latency":0.0,"max_latency":11.739135,"distr_latency":{"25.0000":0.055679,"50.0000":0.118911,"60.0000":0.171135,"70.0000":0.248959,"75.0000":0.311295,"80.0000":0.411391,"85.0000":0.733695,"90.0000":1.642495,"95.0000":3.854335,"96.0000":4.050943,"97.0000":4.476927,"98.0000":4.935679,"99.0000":5.869567,"99.9000":9.224191,"99.9900":11.739135,"99.9990":11.739135,"99.9999":11.739135,"100.0000":11.739135},"allocations":{"total_heap":2410192787,"minor_heap":2361726192,"major_heap":247315834,"promoted_words":198849239,"promoted_pct":8.42},"domain_alloc_stats":{"0":{"total":2410192787,"minor":2361726192,"promoted":198849239,"major":247315834,"promoted_pct":8.42}},"collections":{"minor":1144,"major":22,"forced_major":0,"compactions":0}}
{"version":1,"wall_time":11.7,"cpu_time":11.7,"gc_time":1.36,"gc_overhead":11.65,"max_rss_kb":499036,"domain_stats":{"0":{"wall_time":11.7,"gc_time":1.36,"gc_overhead":11.65}},"mean_latency":0.591138,"stddev_latency":1.292909,"min_latency":0.0,"max_latency":11.649023,"distr_latency":{"25.0000":0.057823,"50.0000":0.123327,"60.0000":0.173183,"70.0000":0.254335,"75.0000":0.314367,"80.0000":0.420863,"85.0000":0.731647,"90.0000":1.631231,"95.0000":3.966975,"96.0000":4.145151,"97.0000":4.517887,"98.0000":5.005311,"99.0000":5.685247,"99.9000":9.125887,"99.9900":11.649023,"99.9990":11.649023,"99.9999":11.649023,"100.0000":11.649023},"allocations":{"total_heap":2410192787,"minor_heap":2361726192,"major_heap":247315834,"promoted_words":198849239,"promoted_pct":8.42},"domain_alloc_stats":{"0":{"total":2410192787,"minor":2361726192,"promoted":198849239,"major":247315834,"promoted_pct":8.42}},"collections":{"minor":1144,"major":22,"forced_major":0,"compactions":0}}
{"version":1,"wall_time":11.72,"cpu_time":11.72,"gc_time":1.35,"gc_overhead":11.52,"max_rss_kb":499068,"domain_stats":{"0":{"wall_time":11.72,"gc_time":1.35,"gc_overhead":11.52}},"mean_latency":0.585048,"stddev_latency":1.284344,"min_latency":0.0,"max_latency":11.771903,"distr_latency":{"25.0000":0.056383,"50.0000":0.119999,"60.0000":0.169983,"70.0000":0.250751,"75.0000":0.314111,"80.0000":0.411391,"85.0000":0.724479,"90.0000":1.632255,"95.0000":3.868671,"96.0000":4.093951,"97.0000":4.423679,"98.0000":5.009407,"99.0000":5.701631,"99.9000":9.199615,"99.9900":11.771903,"99.9990":11.771903,"99.9999":11.771903,"100.0000":11.771903},"allocations":{"total_heap":2410192787,"minor_heap":2361726192,"major_heap":247315834,"promoted_words":198849239,"promoted_pct":8.42},"domain_alloc_stats":{"0":{"total":2410192787,"minor":2361726192,"promoted":198849239,"major":247315834,"promoted_pct":8.42}},"collections":{"minor":1144,"major":22,"forced_major":0,"compactions":0}}
