{"version":1,"wall_time":3.45,"cpu_time":3.45,"gc_time":0.82,"gc_overhead":23.65,"max_rss_kb":369224,"domain_stats":{"0":{"wall_time":3.45,"gc_time":0.82,"gc_overhead":23.65}},"mean_latency":0.241394,"stddev_latency":0.395235,"min_latency":0.0,"max_latency":3.745791,"distr_latency":{"25.0000":0.037599,"50.0000":0.098111,"60.0000":0.144127,"70.0000":0.248831,"75.0000":0.299775,"80.0000":0.338431,"85.0000":0.444415,"90.0000":0.540159,"95.0000":0.924671,"96.0000":1.129471,"97.0000":1.253375,"98.0000":1.722367,"99.0000":2.222079,"99.9000":3.049471,"99.9900":3.745791,"99.9990":3.745791,"99.9999":3.745791,"100.0000":3.745791},"allocations":{"total_heap":434180024,"minor_heap":418192762,"major_heap":139261803,"promoted_words":123274541,"promoted_pct":29.48},"domain_alloc_stats":{"0":{"total":434180024,"minor":418192762,"promoted":123274541,"major":139261803,"promoted_pct":29.48}},"collections":{"minor":1633,"major":37,"forced_major":0,"compactions":0}}
{"version":1,"wall_time":3.47,"cpu_time":3.47,"gc_time":0.82,"gc_overhead":23.7,"max_rss_kb":368984,"domain_stats":{"0":{"wall_time":3.47,"gc_time":0.82,"gc_overhead":23.7}},"mean_latency":0.243099,"stddev_latency":0.397243,"min_latency":0.0,"max_latency":3.786751,"distr_latency":{"25.0000":0.038751,"50.0000":0.099967,"60.0000":0.145535,"70.0000":0.248191,"75.0000":0.302335,"80.0000":0.340479,"85.0000":0.447231,"90.0000":0.536575,"95.0000":0.857087,"96.0000":1.143807,"97.0000":1.316863,"98.0000":1.713151,"99.0000":2.232319,"99.9000":3.076095,"99.9900":3.786751,"99.9990":3.786751,"99.9999":3.786751,"100.0000":3.786751},"allocations":{"total_heap":434180024,"minor_heap":418192762,"major_heap":139261803,"promoted_words":123274541,"promoted_pct":29.48},"domain_alloc_stats":{"0":{"total":434180024,"minor":418192762,"promoted":123274541,"major":139261803,"promoted_pct":29.48}},"collections":{"minor":1633,"major":37,"forced_major":0,"compactions":0}}
{"version":1,"wall_time":3.44,"cpu_time":3.44,"gc_time":0.82,"gc_overhead":23.74,"max_rss_kb":369204,"domain_stats":{"0":{"wall_time":3.44,"gc_time":0.82,"gc_overhead":23.74}},"mean_latency":0.24199,"stddev_latency":0.395017,"min_latency":0.0,"max_latency":3.727359,"distr_latency":{"25.0000":0.037823,"50.0000":0.099071,"60.0000":0.146175,"70.0000":0.248319,"75.0000":0.300031,"80.0000":0.339967,"85.0000":0.446463,"90.0000":0.536063,"95.0000":0.906751,"96.0000":1.127423,"97.0000":1.270783,"98.0000":1.708031,"99.0000":2.207743,"99.9000":3.039231,"99.9900":3.727359,"99.9990":3.727359,"99.9999":3.727359,"100.0000":3.727359},"allocations":{"total_heap":434180024,"minor_heap":418192762,"major_heap":139261803,"promoted_words":123274541,"promoted_pct":29.48},"domain_alloc_stats":{"0":{"total":434180024,"minor":418192762,"promoted":123274541,"major":139261803,"promoted_pct":29.48}},"collections":{"minor":1633,"major":37,"forced_major":0,"compactions":0}}
