{"version":1,"wall_time":4.12,"cpu_time":4.12,"gc_time":0.08,"gc_overhead":1.93,"max_rss_kb":36152,"domain_stats":{"0":{"wall_time":4.12,"gc_time":0.08,"gc_overhead":1.93}},"mean_latency":0.05126,"stddev_latency":0.027082,"min_latency":0.02,"max_latency":0.222975,"distr_latency":{"25.0000":0.039647,"50.0000":0.044063,"60.0000":0.046047,"70.0000":0.049151,"75.0000":0.051359,"80.0000":0.054847,"85.0000":0.058175,"90.0000":0.068991,"95.0000":0.111935,"96.0000":0.121919,"97.0000":0.132607,"98.0000":0.152319,"99.0000":0.179967,"99.9000":0.218623,"99.9900":0.222975,"99.9990":0.222975,"99.9999":0.222975,"100.0000":0.222975},"allocations":{"total_heap":1735528344,"minor_heap":1629479305,"major_heap":125139502,"promoted_words":19090463,"promoted_pct":1.17},"domain_alloc_stats":{"0":{"total":1735528344,"minor":1629479305,"promoted":19090463,"major":125139502,"promoted_pct":1.17}},"collections":{"minor":1553,"major":1552,"forced_major":0,"compactions":0}}
{"version":1,"wall_time":4.12,"cpu_time":4.12,"gc_time":0.08,"gc_overhead":1.96,"max_rss_kb":36100,"domain_stats":{"0":{"wall_time":4.12,"gc_time":0.08,"gc_overhead":1.96}},"mean_latency":0.052156,"stddev_latency":0.027167,"min_latency":0.02,"max_latency":0.230143,"distr_latency":{"25.0000":0.040351,"50.0000":0.044831,"60.0000":0.046719,"70.0000":0.050079,"75.0000":0.052511,"80.0000":0.055967,"85.0000":0.059583,"90.0000":0.070271,"95.0000":0.112767,"96.0000":0.124095,"97.0000":0.133503,"98.0000":0.154239,"99.0000":0.182271,"99.9000":0.218879,"99.9900":0.230143,"99.9990":0.230143,"99.9999":0.230143,"100.0000":0.230143},"allocations":{"total_heap":1735528344,"minor_heap":1629479305,"major_heap":125139502,"promoted_words":19090463,"promoted_pct":1.17},"domain_alloc_stats":{"0":{"total":1735528344,"minor":1629479305,"promoted":19090463,"major":125139502,"promoted_pct":1.17}},"collections":{"minor":1553,"major":1552,"forced_major":0,"compactions":0}}
{"version":1,"wall_time":4.14,"cpu_time":4.14,"gc_time":0.08,"gc_overhead":1.98,"max_rss_kb":35988,"domain_stats":{"0":{"wall_time":4.14,"gc_time":0.08,"gc_overhead":1.98}},"mean_latency":0.052869,"stddev_latency":0.02782,"min_latency":0.02,"max_latency":0.230271,"distr_latency":{"25.0000":0.040799,"50.0000":0.045311,"60.0000":0.047519,"70.0000":0.050719,"75.0000":0.053151,"80.0000":0.056383,"85.0000":0.060287,"90.0000":0.071423,"95.0000":0.115455,"96.0000":0.128127,"97.0000":0.139775,"98.0000":0.157951,"99.0000":0.187391,"99.9000":0.225407,"99.9900":0.230271,"99.9990":0.230271,"99.9999":0.230271,"100.0000":0.230271},"allocations":{"total_heap":1735528344,"minor_heap":1629479305,"major_heap":125139502,"promoted_words":19090463,"promoted_pct":1.17},"domain_alloc_stats":{"0":{"total":1735528344,"minor":1629479305,"promoted":19090463,"major":125139502,"promoted_pct":1.17}},"collections":{"minor":1553,"major":1552,"forced_major":0,"compactions":0}}
