{"version":1,"wall_time":2.93,"cpu_time":2.93,"gc_time":0.93,"gc_overhead":31.67,"max_rss_kb":1054256,"domain_stats":{"0":{"wall_time":2.93,"gc_time":0.93,"gc_overhead":31.67}},"mean_latency":0.844796,"stddev_latency":0.581008,"min_latency":0.0,"max_latency":5.300223,"distr_latency":{"25.0000":0.261759,"50.0000":0.916991,"60.0000":0.978431,"70.0000":1.058815,"75.0000":1.114111,"80.0000":1.188863,"85.0000":1.306623,"90.0000":1.444863,"95.0000":1.717247,"96.0000":1.790975,"97.0000":1.948671,"98.0000":2.289663,"99.0000":2.777087,"99.9000":4.161535,"99.9900":5.300223,"99.9990":5.300223,"99.9999":5.300223,"100.0000":5.300223},"allocations":{"total_heap":1148522069,"minor_heap":1145293961,"major_heap":141243969,"promoted_words":138015861,"promoted_pct":12.05},"domain_alloc_stats":{"0":{"total":1148522069,"minor":1145293961,"promoted":138015861,"major":141243969,"promoted_pct":12.05}},"collections":{"minor":555,"major":14,"forced_major":0,"compactions":0}}
{"version":1,"wall_time":2.93,"cpu_time":2.93,"gc_time":0.91,"gc_overhead":31.18,"max_rss_kb":1051584,"domain_stats":{"0":{"wall_time":2.93,"gc_time":0.91,"gc_overhead":31.18}},"mean_latency":0.832442,"stddev_latency":0.56547,"min_latency":0.0,"max_latency":5.033983,"distr_latency":{"25.0000":0.261247,"50.0000":0.906239,"60.0000":0.965631,"70.0000":1.041919,"75.0000":1.088511,"80.0000":1.177599,"85.0000":1.301503,"90.0000":1.429503,"95.0000":1.647615,"96.0000":1.731583,"97.0000":1.907711,"98.0000":2.205695,"99.0000":2.791423,"99.9000":4.143103,"99.9900":5.033983,"99.9990":5.033983,"99.9999":5.033983,"100.0000":5.033983},"allocations":{"total_heap":1148522069,"minor_heap":1145293961,"major_heap":141243969,"promoted_words":138015861,"promoted_pct":12.05},"domain_alloc_stats":{"0":{"total":1148522069,"minor":1145293961,"promoted":138015861,"major":141243969,"promoted_pct":12.05}},"collections":{"minor":555,"major":14,"forced_major":0,"compactions":0}}
{"version":1,"wall_time":2.92,"cpu_time":2.92,"gc_time":0.91,"gc_overhead":31.0,"max_rss_kb":1057608,"domain_stats":{"0":{"wall_time":2.92,"gc_time":0.91,"gc_overhead":31.0}},"mean_latency":0.823579,"stddev_latency":0.57555,"min_latency":0.0,"max_latency":5.468159,"distr_latency":{"25.0000":0.263679,"50.0000":0.880639,"60.0000":0.938495,"70.0000":1.012223,"75.0000":1.072127,"80.0000":1.172479,"85.0000":1.292287,"90.0000":1.410047,"95.0000":1.676287,"96.0000":1.766399,"97.0000":1.942527,"98.0000":2.232319,"99.0000":2.770943,"99.9000":4.009983,"99.9900":5.468159,"99.9990":5.468159,"99.9999":5.468159,"100.0000":5.468159},"allocations":{"total_heap":1148522069,"minor_heap":1145293961,"major_heap":141243969,"promoted_words":138015861,"promoted_pct":12.05},"domain_alloc_stats":{"0":{"total":1148522069,"minor":1145293961,"promoted":138015861,"major":141243969,"promoted_pct":12.05}},"collections":{"minor":555,"major":14,"forced_major":0,"compactions":0}}
