{"version":1,"wall_time":2.55,"cpu_time":2.55,"gc_time":2.53,"gc_overhead":98.89,"max_rss_kb":111388,"domain_stats":{"0":{"wall_time":2.55,"gc_time":2.53,"gc_overhead":98.89}},"mean_latency":0.210632,"stddev_latency":0.338537,"min_latency":0.0,"max_latency":3.186687,"distr_latency":{"25.0000":0.000287,"50.0000":0.000295,"60.0000":0.005311,"70.0000":0.142335,"75.0000":0.414975,"80.0000":0.693247,"85.0000":0.817151,"90.0000":0.823295,"95.0000":0.828415,"96.0000":0.829439,"97.0000":0.830463,"98.0000":0.832511,"99.0000":0.836095,"99.9000":1.414143,"99.9900":1.422335,"99.9990":3.186687,"99.9999":3.186687,"100.0000":3.186687},"allocations":{"total_heap":14037842,"minor_heap":300575,"major_heap":13737835,"promoted_words":568,"promoted_pct":0.19},"domain_alloc_stats":{"0":{"total":14037842,"minor":300575,"promoted":568,"major":13737835,"promoted_pct":0.19}},"collections":{"minor":899,"major":899,"forced_major":0,"compactions":0}}
{"version":1,"wall_time":2.52,"cpu_time":2.52,"gc_time":2.49,"gc_overhead":98.89,"max_rss_kb":111580,"domain_stats":{"0":{"wall_time":2.52,"gc_time":2.49,"gc_overhead":98.89}},"mean_latency":0.207811,"stddev_latency":0.333045,"min_latency":0.0,"max_latency":3.115007,"distr_latency":{"25.0000":0.000287,"50.0000":0.000295,"60.0000":0.005127,"70.0000":0.143487,"75.0000":0.415487,"80.0000":0.688639,"85.0000":0.805375,"90.0000":0.812031,"95.0000":0.817151,"96.0000":0.818687,"97.0000":0.820223,"98.0000":0.822271,"99.0000":0.826367,"99.9000":1.412095,"99.9900":1.420287,"99.9990":3.115007,"99.9999":3.115007,"100.0000":3.115007},"allocations":{"total_heap":14037842,"minor_heap":300575,"major_heap":13737835,"promoted_words":568,"promoted_pct":0.19},"domain_alloc_stats":{"0":{"total":14037842,"minor":300575,"promoted":568,"major":13737835,"promoted_pct":0.19}},"collections":{"minor":899,"major":899,"forced_major":0,"compactions":0}}
{"version":1,"wall_time":2.5,"cpu_time":2.5,"gc_time":2.47,"gc_overhead":98.88,"max_rss_kb":111364,"domain_stats":{"0":{"wall_time":2.5,"gc_time":2.47,"gc_overhead":98.88}},"mean_latency":0.206362,"stddev_latency":0.330973,"min_latency":0.0,"max_latency":3.055615,"distr_latency":{"25.0000":0.000287,"50.0000":0.000303,"60.0000":0.005447,"70.0000":0.142207,"75.0000":0.411903,"80.0000":0.681471,"85.0000":0.794111,"90.0000":0.803839,"95.0000":0.811519,"96.0000":0.813055,"97.0000":0.814591,"98.0000":0.817663,"99.0000":0.821759,"99.9000":1.412095,"99.9900":1.420287,"99.9990":3.055615,"99.9999":3.055615,"100.0000":3.055615},"allocations":{"total_heap":14037842,"minor_heap":300575,"major_heap":13737835,"promoted_words":568,"promoted_pct":0.19},"domain_alloc_stats":{"0":{"total":14037842,"minor":300575,"promoted":568,"major":13737835,"promoted_pct":0.19}},"collections":{"minor":899,"major":899,"forced_major":0,"compactions":0}}
