{"version":1,"wall_time":6.47,"cpu_time":6.47,"gc_time":0.58,"gc_overhead":9.0,"max_rss_kb":41068,"domain_stats":{"0":{"wall_time":6.47,"gc_time":0.58,"gc_overhead":9.0}},"mean_latency":0.107142,"stddev_latency":0.069442,"min_latency":0.0,"max_latency":0.355839,"distr_latency":{"25.0000":0.031103,"50.0000":0.090879,"60.0000":0.104319,"70.0000":0.162687,"75.0000":0.168447,"80.0000":0.174591,"85.0000":0.182271,"90.0000":0.192639,"95.0000":0.230015,"96.0000":0.247935,"97.0000":0.258047,"98.0000":0.268031,"99.0000":0.274687,"99.9000":0.295679,"99.9900":0.310783,"99.9990":0.355839,"99.9999":0.355839,"100.0000":0.355839},"allocations":{"total_heap":6638486689,"minor_heap":5690609058,"major_heap":979923222,"promoted_words":32045591,"promoted_pct":0.56},"domain_alloc_stats":{"0":{"total":6638486689,"minor":5690609058,"promoted":32045591,"major":979923222,"promoted_pct":0.56}},"collections":{"minor":3619,"major":1809,"forced_major":0,"compactions":0}}
{"version":1,"wall_time":6.47,"cpu_time":6.47,"gc_time":0.58,"gc_overhead":8.89,"max_rss_kb":41172,"domain_stats":{"0":{"wall_time":6.47,"gc_time":0.58,"gc_overhead":8.89}},"mean_latency":0.106031,"stddev_latency":0.06765,"min_latency":0.0,"max_latency":0.351743,"distr_latency":{"25.0000":0.031071,"50.0000":0.094271,"60.0000":0.107007,"70.0000":0.154623,"75.0000":0.160895,"80.0000":0.166399,"85.0000":0.174463,"90.0000":0.184575,"95.0000":0.239231,"96.0000":0.254975,"97.0000":0.265471,"98.0000":0.275711,"99.0000":0.283903,"99.9000":0.311807,"99.9900":0.339711,"99.9990":0.351743,"99.9999":0.351743,"100.0000":0.351743},"allocations":{"total_heap":6638486689,"minor_heap":5690609058,"major_heap":979923222,"promoted_words":32045591,"promoted_pct":0.56},"domain_alloc_stats":{"0":{"total":6638486689,"minor":5690609058,"promoted":32045591,"major":979923222,"promoted_pct":0.56}},"collections":{"minor":3619,"major":1809,"forced_major":0,"compactions":0}}
{"version":1,"wall_time":6.38,"cpu_time":6.38,"gc_time":0.56,"gc_overhead":8.7,"max_rss_kb":41120,"domain_stats":{"0":{"wall_time":6.38,"gc_time":0.56,"gc_overhead":8.7}},"mean_latency":0.102249,"stddev_latency":0.062031,"min_latency":0.0,"max_latency":0.371711,"distr_latency":{"25.0000":0.030351,"50.0000":0.090303,"60.0000":0.103167,"70.0000":0.160511,"75.0000":0.166143,"80.0000":0.171391,"85.0000":0.177919,"90.0000":0.185471,"95.0000":0.194687,"96.0000":0.196351,"97.0000":0.198399,"98.0000":0.200319,"99.0000":0.202495,"99.9000":0.211071,"99.9900":0.290303,"99.9990":0.371711,"99.9999":0.371711,"100.0000":0.371711},"allocations":{"total_heap":6638486689,"minor_heap":5690609058,"major_heap":979923222,"promoted_words":32045591,"promoted_pct":0.56},"domain_alloc_stats":{"0":{"total":6638486689,"minor":5690609058,"promoted":32045591,"major":979923222,"promoted_pct":0.56}},"collections":{"minor":3619,"major":1809,"forced_major":0,"compactions":0}}
