{"version":1,"wall_time":1.83,"cpu_time":1.83,"gc_time":0.61,"gc_overhead":33.38,"max_rss_kb":280404,"domain_stats":{"0":{"wall_time":1.83,"gc_time":0.61,"gc_overhead":33.38}},"mean_latency":0.754624,"stddev_latency":1.734974,"min_latency":0.0,"max_latency":20.512767,"distr_latency":{"25.0000":0.064767,"50.0000":0.123327,"60.0000":0.178687,"70.0000":0.355583,"75.0000":0.511743,"80.0000":0.953343,"85.0000":1.563647,"90.0000":2.220031,"95.0000":3.524607,"96.0000":3.985407,"97.0000":4.542463,"98.0000":5.554175,"99.0000":8.929279,"99.9000":14.573567,"99.9900":20.512767,"99.9990":20.512767,"99.9999":20.512767,"100.0000":20.512767},"allocations":{"total_heap":849161209,"minor_heap":845395252,"major_heap":67613940,"promoted_words":63847983,"promoted_pct":7.55},"domain_alloc_stats":{"0":{"total":849161209,"minor":845395252,"promoted":63847983,"major":67613940,"promoted_pct":7.55}},"collections":{"minor":413,"major":18,"forced_major":0,"compactions":0}}
{"version":1,"wall_time":1.85,"cpu_time":1.85,"gc_time":0.62,"gc_overhead":33.59,"max_rss_kb":280560,"domain_stats":{"0":{"wall_time":1.85,"gc_time":0.62,"gc_overhead":33.59}},"mean_latency":0.765422,"stddev_latency":1.761502,"min_latency":0.0,"max_latency":20.774911,"distr_latency":{"25.0000":0.065791,"50.0000":0.125759,"60.0000":0.178687,"70.0000":0.352511,"75.0000":0.507903,"80.0000":0.995327,"85.0000":1.579007,"90.0000":2.238463,"95.0000":3.581951,"96.0000":4.016127,"97.0000":4.612095,"98.0000":5.582847,"99.0000":8.986623,"99.9000":15.048703,"99.9900":20.774911,"99.9990":20.774911,"99.9999":20.774911,"100.0000":20.774911},"allocations":{"total_heap":849161209,"minor_heap":845395252,"major_heap":67613940,"promoted_words":63847983,"promoted_pct":7.55},"domain_alloc_stats":{"0":{"total":849161209,"minor":845395252,"promoted":63847983,"major":67613940,"promoted_pct":7.55}},"collections":{"minor":413,"major":18,"forced_major":0,"compactions":0}}
{"version":1,"wall_time":1.85,"cpu_time":1.85,"gc_time":0.62,"gc_overhead":33.54,"max_rss_kb":280428,"domain_stats":{"0":{"wall_time":1.85,"gc_time":0.62,"gc_overhead":33.54}},"mean_latency":0.764859,"stddev_latency":1.754142,"min_latency":0.0,"max_latency":20.725759,"distr_latency":{"25.0000":0.066367,"50.0000":0.125055,"60.0000":0.175359,"70.0000":0.363007,"75.0000":0.511487,"80.0000":0.976383,"85.0000":1.577983,"90.0000":2.222079,"95.0000":3.590143,"96.0000":4.007935,"97.0000":4.603903,"98.0000":5.656575,"99.0000":8.994815,"99.9000":14.589951,"99.9900":20.725759,"99.9990":20.725759,"99.9999":20.725759,"100.0000":20.725759},"allocations":{"total_heap":849161209,"minor_heap":845395252,"major_heap":67613940,"promoted_words":63847983,"promoted_pct":7.55},"domain_alloc_stats":{"0":{"total":849161209,"minor":845395252,"promoted":63847983,"major":67613940,"promoted_pct":7.55}},"collections":{"minor":413,"major":18,"forced_major":0,"compactions":0}}
