{"version":1,"wall_time":3.48,"cpu_time":3.48,"gc_time":1.29,"gc_overhead":37.06,"max_rss_kb":987752,"domain_stats":{"0":{"wall_time":3.48,"gc_time":1.29,"gc_overhead":37.06}},"mean_latency":0.254312,"stddev_latency":0.294216,"min_latency":0.0,"max_latency":5.476351,"distr_latency":{"25.0000":0.085951,"50.0000":0.190591,"60.0000":0.225023,"70.0000":0.273919,"75.0000":0.315391,"80.0000":0.370431,"85.0000":0.429311,"90.0000":0.511231,"95.0000":0.666623,"96.0000":0.729087,"97.0000":0.773631,"98.0000":0.886783,"99.0000":1.217535,"99.9000":3.670015,"99.9900":4.677631,"99.9990":5.476351,"99.9999":5.476351,"100.0000":5.476351},"allocations":{"total_heap":1328959937,"minor_heap":1325920826,"major_heap":148460961,"promoted_words":145421850,"promoted_pct":10.97},"domain_alloc_stats":{"0":{"total":1328959937,"minor":1325920826,"promoted":145421850,"major":148460961,"promoted_pct":10.97}},"collections":{"minor":2538,"major":16,"forced_major":0,"compactions":0}}
{"version":1,"wall_time":3.48,"cpu_time":3.48,"gc_time":1.28,"gc_overhead":36.79,"max_rss_kb":985396,"domain_stats":{"0":{"wall_time":3.48,"gc_time":1.28,"gc_overhead":36.79}},"mean_latency":0.252798,"stddev_latency":0.291232,"min_latency":0.0,"max_latency":5.533695,"distr_latency":{"25.0000":0.086143,"50.0000":0.190463,"60.0000":0.224383,"70.0000":0.267775,"75.0000":0.313855,"80.0000":0.369151,"85.0000":0.425727,"90.0000":0.508415,"95.0000":0.660991,"96.0000":0.719871,"97.0000":0.764927,"98.0000":0.877567,"99.0000":1.205247,"99.9000":3.635199,"99.9900":4.616191,"99.9990":5.533695,"99.9999":5.533695,"100.0000":5.533695},"allocations":{"total_heap":1328959937,"minor_heap":1325920826,"major_heap":148460961,"promoted_words":145421850,"promoted_pct":10.97},"domain_alloc_stats":{"0":{"total":1328959937,"minor":1325920826,"promoted":145421850,"major":148460961,"promoted_pct":10.97}},"collections":{"minor":2538,"major":16,"forced_major":0,"compactions":0}}
{"version":1,"wall_time":3.47,"cpu_time":3.47,"gc_time":1.28,"gc_overhead":37.02,"max_rss_kb":989788,"domain_stats":{"0":{"wall_time":3.47,"gc_time":1.28,"gc_overhead":37.02}},"mean_latency":0.253453,"stddev_latency":0.29252,"min_latency":0.0,"max_latency":5.488639,"distr_latency":{"25.0000":0.086015,"50.0000":0.193151,"60.0000":0.225919,"70.0000":0.269567,"75.0000":0.312063,"80.0000":0.370687,"85.0000":0.424703,"90.0000":0.505087,"95.0000":0.665599,"96.0000":0.721919,"97.0000":0.778751,"98.0000":0.889343,"99.0000":1.196031,"99.9000":3.647487,"99.9900":4.640767,"99.9990":5.488639,"99.9999":5.488639,"100.0000":5.488639},"allocations":{"total_heap":1328959937,"minor_heap":1325920826,"major_heap":148460961,"promoted_words":145421850,"promoted_pct":10.97},"domain_alloc_stats":{"0":{"total":1328959937,"minor":1325920826,"promoted":145421850,"major":148460961,"promoted_pct":10.97}},"collections":{"minor":2538,"major":16,"forced_major":0,"compactions":0}}
