{"version":1,"wall_time":2.89,"cpu_time":2.89,"gc_time":2.62,"gc_overhead":90.77,"max_rss_kb":112256,"domain_stats":{"0":{"wall_time":2.89,"gc_time":2.62,"gc_overhead":90.77}},"mean_latency":0.177464,"stddev_latency":0.390706,"min_latency":0.0,"max_latency":3.723263,"distr_latency":{"25.0000":4.7e-05,"50.0000":0.000295,"60.0000":0.000343,"70.0000":0.003263,"75.0000":0.007327,"80.0000":0.076543,"85.0000":0.755711,"90.0000":0.849919,"95.0000":1.061887,"96.0000":1.185791,"97.0000":1.308671,"98.0000":1.438719,"99.0000":1.552383,"99.9000":1.677311,"99.9900":2.822143,"99.9990":3.723263,"99.9999":3.723263,"100.0000":3.723263},"allocations":{"total_heap":13497963,"minor_heap":120717,"major_heap":13377826,"promoted_words":580,"promoted_pct":0.48},"domain_alloc_stats":{"0":{"total":13497963,"minor":120717,"promoted":580,"major":13377826,"promoted_pct":0.48}},"collections":{"minor":1889,"major":944,"forced_major":0,"compactions":0}}
{"version":1,"wall_time":3.02,"cpu_time":3.02,"gc_time":2.75,"gc_overhead":91.09,"max_rss_kb":112436,"domain_stats":{"0":{"wall_time":3.02,"gc_time":2.75,"gc_overhead":91.09}},"mean_latency":0.186227,"stddev_latency":0.415178,"min_latency":0.0,"max_latency":3.430399,"distr_latency":{"25.0000":4.7e-05,"50.0000":0.000311,"60.0000":0.000367,"70.0000":0.003431,"75.0000":0.007511,"80.0000":0.077119,"85.0000":0.783359,"90.0000":0.861183,"95.0000":1.139711,"96.0000":1.271807,"97.0000":1.404927,"98.0000":1.485823,"99.0000":1.600511,"99.9000":2.580479,"99.9900":2.883583,"99.9990":3.430399,"99.9999":3.430399,"100.0000":3.430399},"allocations":{"total_heap":13497963,"minor_heap":120717,"major_heap":13377826,"promoted_words":580,"promoted_pct":0.48},"domain_alloc_stats":{"0":{"total":13497963,"minor":120717,"promoted":580,"major":13377826,"promoted_pct":0.48}},"collections":{"minor":1889,"major":944,"forced_major":0,"compactions":0}}
{"version":1,"wall_time":2.87,"cpu_time":2.87,"gc_time":2.6,"gc_overhead":90.65,"max_rss_kb":112220,"domain_stats":{"0":{"wall_time":2.87,"gc_time":2.6,"gc_overhead":90.65}},"mean_latency":0.176169,"stddev_latency":0.38621,"min_latency":0.0,"max_latency":3.149823,"distr_latency":{"25.0000":5.5e-05,"50.0000":0.000295,"60.0000":0.000343,"70.0000":0.003255,"75.0000":0.007127,"80.0000":0.076863,"85.0000":0.752127,"90.0000":0.847359,"95.0000":1.055743,"96.0000":1.177599,"97.0000":1.291263,"98.0000":1.419263,"99.0000":1.546239,"99.9000":1.662975,"99.9900":2.473983,"99.9990":3.149823,"99.9999":3.149823,"100.0000":3.149823},"allocations":{"total_heap":13497963,"minor_heap":120717,"major_heap":13377826,"promoted_words":580,"promoted_pct":0.48},"domain_alloc_stats":{"0":{"total":13497963,"minor":120717,"promoted":580,"major":13377826,"promoted_pct":0.48}},"collections":{"minor":1889,"major":944,"forced_major":0,"compactions":0}}
