{"version":1,"wall_time":2.75,"cpu_time":2.75,"gc_time":2.48,"gc_overhead":90.27,"max_rss_kb":112200,"domain_stats":{"0":{"wall_time":2.75,"gc_time":2.48,"gc_overhead":90.27}},"mean_latency":0.169712,"stddev_latency":0.367921,"min_latency":0.0,"max_latency":4.239359,"distr_latency":{"25.0000":4.7e-05,"50.0000":0.000295,"60.0000":0.000335,"70.0000":0.002863,"75.0000":0.007223,"80.0000":0.101759,"85.0000":0.769023,"90.0000":0.818687,"95.0000":0.963071,"96.0000":1.089535,"97.0000":1.220607,"98.0000":1.335295,"99.0000":1.448959,"99.9000":1.568767,"99.9900":2.349055,"99.9990":4.239359,"99.9999":4.239359,"100.0000":4.239359},"allocations":{"total_heap":13497962,"minor_heap":120716,"major_heap":13377826,"promoted_words":580,"promoted_pct":0.48},"domain_alloc_stats":{"0":{"total":13497962,"minor":120716,"promoted":580,"major":13377826,"promoted_pct":0.48}},"collections":{"minor":1799,"major":899,"forced_major":0,"compactions":0}}
{"version":1,"wall_time":3.36,"cpu_time":3.36,"gc_time":3.09,"gc_overhead":92.06,"max_rss_kb":112212,"domain_stats":{"0":{"wall_time":3.36,"gc_time":3.09,"gc_overhead":92.06}},"mean_latency":0.211492,"stddev_latency":0.480919,"min_latency":0.0,"max_latency":3.504127,"distr_latency":{"25.0000":4.7e-05,"50.0000":0.000303,"60.0000":0.000351,"70.0000":0.002903,"75.0000":0.007007,"80.0000":0.116159,"85.0000":0.806399,"90.0000":0.828415,"95.0000":1.409023,"96.0000":1.414143,"97.0000":1.451007,"98.0000":1.620991,"99.0000":2.119679,"99.9000":2.711551,"99.9900":2.762751,"99.9990":3.504127,"99.9999":3.504127,"100.0000":3.504127},"allocations":{"total_heap":13497962,"minor_heap":120716,"major_heap":13377826,"promoted_words":580,"promoted_pct":0.48},"domain_alloc_stats":{"0":{"total":13497962,"minor":120716,"promoted":580,"major":13377826,"promoted_pct":0.48}},"collections":{"minor":1799,"major":899,"forced_major":0,"compactions":0}}
{"version":1,"wall_time":2.77,"cpu_time":2.77,"gc_time":2.51,"gc_overhead":90.34,"max_rss_kb":112208,"domain_stats":{"0":{"wall_time":2.77,"gc_time":2.51,"gc_overhead":90.34}},"mean_latency":0.171229,"stddev_latency":0.372323,"min_latency":0.0,"max_latency":3.155967,"distr_latency":{"25.0000":4.7e-05,"50.0000":0.000303,"60.0000":0.000351,"70.0000":0.002815,"75.0000":0.007207,"80.0000":0.103935,"85.0000":0.777727,"90.0000":0.812031,"95.0000":0.997887,"96.0000":1.118207,"97.0000":1.238015,"98.0000":1.370111,"99.0000":1.474559,"99.9000":1.603583,"99.9900":2.527231,"99.9990":3.155967,"99.9999":3.155967,"100.0000":3.155967},"allocations":{"total_heap":13497962,"minor_heap":120716,"major_heap":13377826,"promoted_words":580,"promoted_pct":0.48},"domain_alloc_stats":{"0":{"total":13497962,"minor":120716,"promoted":580,"major":13377826,"promoted_pct":0.48}},"collections":{"minor":1799,"major":899,"forced_major":0,"compactions":0}}
