{"version":1,"wall_time":11.88,"cpu_time":11.88,"gc_time":5.82,"gc_overhead":48.98,"max_rss_kb":76620,"domain_stats":{"0":{"wall_time":11.88,"gc_time":5.82,"gc_overhead":48.98}},"mean_latency":0.05742,"stddev_latency":0.056775,"min_latency":0.0,"max_latency":0.258815,"distr_latency":{"25.0000":0.012807,"50.0000":0.026607,"60.0000":0.063071,"70.0000":0.076607,"75.0000":0.086527,"80.0000":0.135423,"85.0000":0.142079,"90.0000":0.152831,"95.0000":0.161023,"96.0000":0.163199,"97.0000":0.164607,"98.0000":0.166015,"99.0000":0.167935,"99.9000":0.174591,"99.9900":0.185087,"99.9990":0.257023,"99.9999":0.258815,"100.0000":0.258815},"allocations":{"total_heap":6639335239,"minor_heap":5691346581,"major_heap":1413250603,"promoted_words":465261945,"promoted_pct":8.17},"domain_alloc_stats":{"0":{"total":6639335239,"minor":5691346581,"promoted":465261945,"major":1413250603,"promoted_pct":8.17}},"collections":{"minor":55317,"major":23319,"forced_major":0,"compactions":0}}
{"version":1,"wall_time":11.9,"cpu_time":11.9,"gc_time":5.94,"gc_overhead":49.87,"max_rss_kb":76360,"domain_stats":{"0":{"wall_time":11.9,"gc_time":5.94,"gc_overhead":49.87}},"mean_latency":0.058585,"stddev_latency":0.057807,"min_latency":0.0,"max_latency":0.227711,"distr_latency":{"25.0000":0.013567,"50.0000":0.027151,"60.0000":0.064127,"70.0000":0.079167,"75.0000":0.089983,"80.0000":0.137727,"85.0000":0.145023,"90.0000":0.155391,"95.0000":0.163711,"96.0000":0.165631,"97.0000":0.167167,"98.0000":0.168703,"99.0000":0.171007,"99.9000":0.179327,"99.9900":0.187647,"99.9990":0.200447,"99.9999":0.227711,"100.0000":0.227711},"allocations":{"total_heap":6639335239,"minor_heap":5691346581,"major_heap":1413250603,"promoted_words":465261945,"promoted_pct":8.17},"domain_alloc_stats":{"0":{"total":6639335239,"minor":5691346581,"promoted":465261945,"major":1413250603,"promoted_pct":8.17}},"collections":{"minor":55317,"major":23319,"forced_major":0,"compactions":0}}
{"version":1,"wall_time":11.93,"cpu_time":11.93,"gc_time":5.91,"gc_overhead":49.58,"max_rss_kb":76932,"domain_stats":{"0":{"wall_time":11.93,"gc_time":5.91,"gc_overhead":49.58}},"mean_latency":0.058355,"stddev_latency":0.057722,"min_latency":0.0,"max_latency":0.251263,"distr_latency":{"25.0000":0.013783,"50.0000":0.027423,"60.0000":0.062751,"70.0000":0.077951,"75.0000":0.089279,"80.0000":0.137599,"85.0000":0.145023,"90.0000":0.155647,"95.0000":0.163711,"96.0000":0.165503,"97.0000":0.167039,"98.0000":0.168703,"99.0000":0.171007,"99.9000":0.178303,"99.9900":0.185087,"99.9990":0.195455,"99.9999":0.251263,"100.0000":0.251263},"allocations":{"total_heap":6639335239,"minor_heap":5691346581,"major_heap":1413250603,"promoted_words":465261945,"promoted_pct":8.17},"domain_alloc_stats":{"0":{"total":6639335239,"minor":5691346581,"promoted":465261945,"major":1413250603,"promoted_pct":8.17}},"collections":{"minor":55317,"major":23319,"forced_major":0,"compactions":0}}
