{"version":1,"wall_time":7.0,"cpu_time":7.0,"gc_time":1.85,"gc_overhead":26.39,"max_rss_kb":973580,"domain_stats":{"0":{"wall_time":7.0,"gc_time":1.85,"gc_overhead":26.39}},"mean_latency":0.299212,"stddev_latency":0.624798,"min_latency":0.0,"max_latency":29.523967,"distr_latency":{"25.0000":0.000807,"50.0000":0.001935,"60.0000":0.035999,"70.0000":0.322303,"75.0000":0.425983,"80.0000":0.597503,"85.0000":0.833023,"90.0000":1.085439,"95.0000":1.226751,"96.0000":1.347583,"97.0000":1.478655,"98.0000":1.762303,"99.0000":2.260991,"99.9000":3.051519,"99.9900":3.989503,"99.9990":29.523967,"99.9999":29.523967,"100.0000":29.523967},"allocations":{"total_heap":3290092853,"minor_heap":3152339139,"major_heap":445591944,"promoted_words":307838230,"promoted_pct":9.77},"domain_alloc_stats":{"0":{"total":3290092853,"minor":3152339139,"promoted":307838230,"major":445591944,"promoted_pct":9.77}},"collections":{"minor":3041,"major":35,"forced_major":0,"compactions":0}}
{"version":1,"wall_time":7.07,"cpu_time":7.07,"gc_time":1.86,"gc_overhead":26.27,"max_rss_kb":973568,"domain_stats":{"0":{"wall_time":7.07,"gc_time":1.86,"gc_overhead":26.27}},"mean_latency":0.300642,"stddev_latency":0.629296,"min_latency":0.0,"max_latency":29.999103,"distr_latency":{"25.0000":0.000807,"50.0000":0.001887,"60.0000":0.036223,"70.0000":0.325631,"75.0000":0.428543,"80.0000":0.595455,"85.0000":0.861695,"90.0000":1.098751,"95.0000":1.227775,"96.0000":1.333247,"97.0000":1.462271,"98.0000":1.779711,"99.0000":2.256895,"99.9000":3.082239,"99.9900":3.434495,"99.9990":29.999103,"99.9999":29.999103,"100.0000":29.999103},"allocations":{"total_heap":3290092853,"minor_heap":3152339139,"major_heap":445591944,"promoted_words":307838230,"promoted_pct":9.77},"domain_alloc_stats":{"0":{"total":3290092853,"minor":3152339139,"promoted":307838230,"major":445591944,"promoted_pct":9.77}},"collections":{"minor":3041,"major":35,"forced_major":0,"compactions":0}}
{"version":1,"wall_time":7.06,"cpu_time":7.06,"gc_time":1.84,"gc_overhead":26.02,"max_rss_kb":973728,"domain_stats":{"0":{"wall_time":7.06,"gc_time":1.84,"gc_overhead":26.02}},"mean_latency":0.297396,"stddev_latency":0.626285,"min_latency":0.0,"max_latency":30.277631,"distr_latency":{"25.0000":0.000815,"50.0000":0.001855,"60.0000":0.036255,"70.0000":0.323327,"75.0000":0.427775,"80.0000":0.593919,"85.0000":0.825855,"90.0000":1.080319,"95.0000":1.224703,"96.0000":1.325055,"97.0000":1.476607,"98.0000":1.743871,"99.0000":2.244607,"99.9000":2.922495,"99.9900":3.426303,"99.9990":30.277631,"99.9999":30.277631,"100.0000":30.277631},"allocations":{"total_heap":3290092853,"minor_heap":3152339139,"major_heap":445591944,"promoted_words":307838230,"promoted_pct":9.77},"domain_alloc_stats":{"0":{"total":3290092853,"minor":3152339139,"promoted":307838230,"major":445591944,"promoted_pct":9.77}},"collections":{"minor":3041,"major":35,"forced_major":0,"compactions":0}}
