{"version":1,"wall_time":7.9,"cpu_time":7.9,"gc_time":2.56,"gc_overhead":32.41,"max_rss_kb":857600,"domain_stats":{"0":{"wall_time":7.9,"gc_time":2.56,"gc_overhead":32.41}},"mean_latency":0.050685,"stddev_latency":0.134804,"min_latency":0.0,"max_latency":18.284543,"distr_latency":{"25.0000":0.000655,"50.0000":0.001423,"60.0000":0.009783,"70.0000":0.035039,"75.0000":0.058943,"80.0000":0.087679,"85.0000":0.117823,"90.0000":0.155391,"95.0000":0.234111,"96.0000":0.259327,"97.0000":0.306431,"98.0000":0.402175,"99.0000":0.523007,"99.9000":0.865279,"99.9900":1.314815,"99.9990":6.586367,"99.9999":18.284543,"100.0000":18.284543},"allocations":{"total_heap":3290232212,"minor_heap":3152486002,"major_heap":479571386,"promoted_words":341825176,"promoted_pct":10.84},"domain_alloc_stats":{"0":{"total":3290232212,"minor":3152486002,"promoted":341825176,"major":479571386,"promoted_pct":10.84}},"collections":{"minor":24102,"major":67,"forced_major":0,"compactions":0}}
{"version":1,"wall_time":7.91,"cpu_time":7.91,"gc_time":2.55,"gc_overhead":32.19,"max_rss_kb":857584,"domain_stats":{"0":{"wall_time":7.91,"gc_time":2.55,"gc_overhead":32.19}},"mean_latency":0.050399,"stddev_latency":0.132998,"min_latency":0.0,"max_latency":17.940479,"distr_latency":{"25.0000":0.000703,"50.0000":0.001463,"60.0000":0.009815,"70.0000":0.034943,"75.0000":0.058911,"80.0000":0.088127,"85.0000":0.117887,"90.0000":0.155007,"95.0000":0.232447,"96.0000":0.257407,"97.0000":0.299263,"98.0000":0.397055,"99.0000":0.510463,"99.9000":0.852479,"99.9900":1.300479,"99.9990":6.500351,"99.9999":17.940479,"100.0000":17.940479},"allocations":{"total_heap":3290232212,"minor_heap":3152486002,"major_heap":479571386,"promoted_words":341825176,"promoted_pct":10.84},"domain_alloc_stats":{"0":{"total":3290232212,"minor":3152486002,"promoted":341825176,"major":479571386,"promoted_pct":10.84}},"collections":{"minor":24102,"major":67,"forced_major":0,"compactions":0}}
{"version":1,"wall_time":7.82,"cpu_time":7.82,"gc_time":2.52,"gc_overhead":32.18,"max_rss_kb":857424,"domain_stats":{"0":{"wall_time":7.82,"gc_time":2.52,"gc_overhead":32.18}},"mean_latency":0.049792,"stddev_latency":0.13241,"min_latency":0.0,"max_latency":17.924095,"distr_latency":{"25.0000":0.000655,"50.0000":0.001423,"60.0000":0.009767,"70.0000":0.034751,"75.0000":0.058303,"80.0000":0.087231,"85.0000":0.116031,"90.0000":0.151423,"95.0000":0.228735,"96.0000":0.252671,"97.0000":0.296447,"98.0000":0.397055,"99.0000":0.514559,"99.9000":0.849919,"99.9900":1.295359,"99.9990":6.533119,"99.9999":17.924095,"100.0000":17.924095},"allocations":{"total_heap":3290232212,"minor_heap":3152486002,"major_heap":479571386,"promoted_words":341825176,"promoted_pct":10.84},"domain_alloc_stats":{"0":{"total":3290232212,"minor":3152486002,"promoted":341825176,"major":479571386,"promoted_pct":10.84}},"collections":{"minor":24102,"major":67,"forced_major":0,"compactions":0}}
