{"version":1,"wall_time":3.46,"cpu_time":3.46,"gc_time":0.79,"gc_overhead":22.82,"max_rss_kb":392296,"domain_stats":{"0":{"wall_time":3.46,"gc_time":0.79,"gc_overhead":22.82}},"mean_latency":0.465745,"stddev_latency":0.751595,"min_latency":0.0,"max_latency":5.795839,"distr_latency":{"25.0000":0.045023,"50.0000":0.204159,"60.0000":0.291071,"70.0000":0.485887,"75.0000":0.614911,"80.0000":0.710143,"85.0000":0.888831,"90.0000":1.081343,"95.0000":1.587199,"96.0000":2.148351,"97.0000":2.394111,"98.0000":3.315711,"99.0000":4.354047,"99.9000":5.242879,"99.9900":5.795839,"99.9990":5.795839,"99.9999":5.795839,"100.0000":5.795839},"allocations":{"total_heap":434103134,"minor_heap":418192909,"major_heap":128595995,"promoted_words":112685770,"promoted_pct":26.95},"domain_alloc_stats":{"0":{"total":434103134,"minor":418192909,"promoted":112685770,"major":128595995,"promoted_pct":26.95}},"collections":{"minor":827,"major":33,"forced_major":0,"compactions":0}}
{"version":1,"wall_time":3.46,"cpu_time":3.46,"gc_time":0.79,"gc_overhead":22.77,"max_rss_kb":392396,"domain_stats":{"0":{"wall_time":3.46,"gc_time":0.79,"gc_overhead":22.77}},"mean_latency":0.465266,"stddev_latency":0.754347,"min_latency":0.0,"max_latency":5.861375,"distr_latency":{"25.0000":0.044927,"50.0000":0.204287,"60.0000":0.290815,"70.0000":0.488447,"75.0000":0.608255,"80.0000":0.697343,"85.0000":0.880127,"90.0000":1.065983,"95.0000":1.599487,"96.0000":2.174975,"97.0000":2.410495,"98.0000":3.342335,"99.0000":4.370431,"99.9000":5.292031,"99.9900":5.861375,"99.9990":5.861375,"99.9999":5.861375,"100.0000":5.861375},"allocations":{"total_heap":434103134,"minor_heap":418192909,"major_heap":128595995,"promoted_words":112685770,"promoted_pct":26.95},"domain_alloc_stats":{"0":{"total":434103134,"minor":418192909,"promoted":112685770,"major":128595995,"promoted_pct":26.95}},"collections":{"minor":827,"major":33,"forced_major":0,"compactions":0}}
{"version":1,"wall_time":3.46,"cpu_time":3.46,"gc_time":0.79,"gc_overhead":22.95,"max_rss_kb":392400,"domain_stats":{"0":{"wall_time":3.46,"gc_time":0.79,"gc_overhead":22.95}},"mean_latency":0.46848,"stddev_latency":0.753273,"min_latency":0.0,"max_latency":5.791743,"distr_latency":{"25.0000":0.044959,"50.0000":0.202879,"60.0000":0.292863,"70.0000":0.495359,"75.0000":0.620543,"80.0000":0.708095,"85.0000":0.896511,"90.0000":1.098751,"95.0000":1.624063,"96.0000":2.158591,"97.0000":2.402303,"98.0000":3.334143,"99.0000":4.382719,"99.9000":5.201919,"99.9900":5.791743,"99.9990":5.791743,"99.9999":5.791743,"100.0000":5.791743},"allocations":{"total_heap":434103134,"minor_heap":418192909,"major_heap":128595995,"promoted_words":112685770,"promoted_pct":26.95},"domain_alloc_stats":{"0":{"total":434103134,"minor":418192909,"promoted":112685770,"major":128595995,"promoted_pct":26.95}},"collections":{"minor":827,"major":33,"forced_major":0,"compactions":0}}
