{"version":1,"wall_time":3.01,"cpu_time":3.01,"gc_time":2.74,"gc_overhead":91.07,"max_rss_kb":112232,"domain_stats":{"0":{"wall_time":3.01,"gc_time":2.74,"gc_overhead":91.07}},"mean_latency":0.18406,"stddev_latency":0.406624,"min_latency":0.0,"max_latency":3.031039,"distr_latency":{"25.0000":3.1e-05,"50.0000":0.000303,"60.0000":0.000335,"70.0000":0.003623,"75.0000":0.006911,"80.0000":0.060863,"85.0000":0.748031,"90.0000":0.890879,"95.0000":1.120255,"96.0000":1.248255,"97.0000":1.374207,"98.0000":1.507327,"99.0000":1.618943,"99.9000":1.759231,"99.9900":2.646015,"99.9990":3.031039,"99.9999":3.031039,"100.0000":3.031039},"allocations":{"total_heap":13497926,"minor_heap":120677,"major_heap":13377829,"promoted_words":580,"promoted_pct":0.48},"domain_alloc_stats":{"0":{"total":13497926,"minor":120677,"promoted":580,"major":13377829,"promoted_pct":0.48}},"collections":{"minor":1962,"major":981,"forced_major":0,"compactions":0}}
{"version":1,"wall_time":3.0,"cpu_time":3.0,"gc_time":2.73,"gc_overhead":91.04,"max_rss_kb":112296,"domain_stats":{"0":{"wall_time":3.0,"gc_time":2.73,"gc_overhead":91.04}},"mean_latency":0.183796,"stddev_latency":0.405631,"min_latency":0.0,"max_latency":3.112959,"distr_latency":{"25.0000":4.7e-05,"50.0000":0.000303,"60.0000":0.000335,"70.0000":0.003503,"75.0000":0.006943,"80.0000":0.060703,"85.0000":0.756735,"90.0000":0.896511,"95.0000":1.110015,"96.0000":1.238015,"97.0000":1.367039,"98.0000":1.499135,"99.0000":1.619967,"99.9000":1.735679,"99.9900":2.367487,"99.9990":3.112959,"99.9999":3.112959,"100.0000":3.112959},"allocations":{"total_heap":13497926,"minor_heap":120677,"major_heap":13377829,"promoted_words":580,"promoted_pct":0.48},"domain_alloc_stats":{"0":{"total":13497926,"minor":120677,"promoted":580,"major":13377829,"promoted_pct":0.48}},"collections":{"minor":1962,"major":981,"forced_major":0,"compactions":0}}
{"version":1,"wall_time":3.08,"cpu_time":3.08,"gc_time":2.81,"gc_overhead":91.3,"max_rss_kb":112280,"domain_stats":{"0":{"wall_time":3.08,"gc_time":2.81,"gc_overhead":91.3}},"mean_latency":0.188864,"stddev_latency":0.421108,"min_latency":0.0,"max_latency":2.926591,"distr_latency":{"25.0000":3.1e-05,"50.0000":0.000303,"60.0000":0.000343,"70.0000":0.003455,"75.0000":0.006903,"80.0000":0.062047,"85.0000":0.757247,"90.0000":0.894975,"95.0000":1.179647,"96.0000":1.298431,"97.0000":1.430527,"98.0000":1.541119,"99.0000":1.650687,"99.9000":2.404351,"99.9900":2.914303,"99.9990":2.926591,"99.9999":2.926591,"100.0000":2.926591},"allocations":{"total_heap":13497926,"minor_heap":120677,"major_heap":13377829,"promoted_words":580,"promoted_pct":0.48},"domain_alloc_stats":{"0":{"total":13497926,"minor":120677,"promoted":580,"major":13377829,"promoted_pct":0.48}},"collections":{"minor":1962,"major":981,"forced_major":0,"compactions":0}}
