{"version":1,"wall_time":2.14,"cpu_time":2.14,"gc_time":0.33,"gc_overhead":15.4,"max_rss_kb":84668,"domain_stats":{"0":{"wall_time":2.14,"gc_time":0.33,"gc_overhead":15.4}},"mean_latency":0.002354,"stddev_latency":0.002173,"min_latency":0.0,"max_latency":0.030591,"distr_latency":{"25.0000":5.5e-05,"50.0000":0.002015,"60.0000":0.002591,"70.0000":0.004063,"75.0000":0.004455,"80.0000":0.004551,"85.0000":0.004615,"90.0000":0.004823,"95.0000":0.005375,"96.0000":0.005487,"97.0000":0.005831,"98.0000":0.007007,"99.0000":0.009495,"99.9000":0.013711,"99.9900":0.015727,"99.9990":0.018543,"99.9999":0.030591,"100.0000":0.030591},"allocations":{"total_heap":3994288474,"minor_heap":4706225,"major_heap":3989715708,"promoted_words":133459,"promoted_pct":2.84},"domain_alloc_stats":{"0":{"total":3994288474,"minor":4706225,"promoted":133459,"major":3989715708,"promoted_pct":2.84}},"collections":{"minor":69013,"major":34504,"forced_major":0,"compactions":0}}
{"version":1,"wall_time":2.14,"cpu_time":2.14,"gc_time":0.32,"gc_overhead":15.09,"max_rss_kb":84796,"domain_stats":{"0":{"wall_time":2.14,"gc_time":0.32,"gc_overhead":15.09}},"mean_latency":0.002303,"stddev_latency":0.002129,"min_latency":0.0,"max_latency":0.026063,"distr_latency":{"25.0000":6.3e-05,"50.0000":0.002023,"60.0000":0.002631,"70.0000":0.003823,"75.0000":0.004215,"80.0000":0.004263,"85.0000":0.004327,"90.0000":0.004551,"95.0000":0.005167,"96.0000":0.005303,"97.0000":0.006007,"98.0000":0.007247,"99.0000":0.009823,"99.9000":0.014047,"99.9900":0.015623,"99.9990":0.022223,"99.9999":0.026063,"100.0000":0.026063},"allocations":{"total_heap":3994288474,"minor_heap":4706225,"major_heap":3989715708,"promoted_words":133459,"promoted_pct":2.84},"domain_alloc_stats":{"0":{"total":3994288474,"minor":4706225,"promoted":133459,"major":3989715708,"promoted_pct":2.84}},"collections":{"minor":69013,"major":34504,"forced_major":0,"compactions":0}}
{"version":1,"wall_time":2.12,"cpu_time":2.12,"gc_time":0.31,"gc_overhead":14.5,"max_rss_kb":85488,"domain_stats":{"0":{"wall_time":2.12,"gc_time":0.31,"gc_overhead":14.5}},"mean_latency":0.002196,"stddev_latency":0.002021,"min_latency":0.0,"max_latency":0.021295,"distr_latency":{"25.0000":5.5e-05,"50.0000":0.002055,"60.0000":0.002663,"70.0000":0.003423,"75.0000":0.003783,"80.0000":0.003871,"85.0000":0.003943,"90.0000":0.004215,"95.0000":0.004807,"96.0000":0.005031,"97.0000":0.005863,"98.0000":0.007207,"99.0000":0.009871,"99.9000":0.013903,"99.9900":0.016183,"99.9990":0.020911,"99.9999":0.021295,"100.0000":0.021295},"allocations":{"total_heap":3994288474,"minor_heap":4706225,"major_heap":3989715708,"promoted_words":133459,"promoted_pct":2.84},"domain_alloc_stats":{"0":{"total":3994288474,"minor":4706225,"promoted":133459,"major":3989715708,"promoted_pct":2.84}},"collections":{"minor":69013,"major":34504,"forced_major":0,"compactions":0}}
