{"version":1,"wall_time":6.3,"cpu_time":6.3,"gc_time":5.02,"gc_overhead":79.69,"max_rss_kb":72744,"domain_stats":{"0":{"wall_time":6.3,"gc_time":5.02,"gc_overhead":79.69}},"mean_latency":0.374847,"stddev_latency":0.573865,"min_latency":0.0,"max_latency":2.191359,"distr_latency":{"25.0000":0.002375,"50.0000":0.046335,"60.0000":0.083903,"70.0000":0.139263,"75.0000":1.038847,"80.0000":1.335295,"85.0000":1.351679,"90.0000":1.363967,"95.0000":1.379327,"96.0000":1.383423,"97.0000":1.389567,"98.0000":1.396735,"99.0000":1.416191,"99.9000":2.083839,"99.9900":2.156543,"99.9990":2.191359,"99.9999":2.191359,"100.0000":2.191359},"allocations":{"total_heap":659662523,"minor_heap":625165149,"major_heap":101521929,"promoted_words":67024555,"promoted_pct":10.72},"domain_alloc_stats":{"0":{"total":659662523,"minor":625165149,"promoted":67024555,"major":101521929,"promoted_pct":10.72}},"collections":{"minor":11450,"major":3541,"forced_major":1116,"compactions":0}}
{"version":1,"wall_time":6.36,"cpu_time":6.36,"gc_time":5.08,"gc_overhead":79.94,"max_rss_kb":73408,"domain_stats":{"0":{"wall_time":6.36,"gc_time":5.08,"gc_overhead":79.94}},"mean_latency":0.379357,"stddev_latency":0.581297,"min_latency":0.0,"max_latency":2.215935,"distr_latency":{"25.0000":0.002351,"50.0000":0.046111,"60.0000":0.084543,"70.0000":0.140031,"75.0000":1.054719,"80.0000":1.349631,"85.0000":1.370111,"90.0000":1.383423,"95.0000":1.398783,"96.0000":1.403903,"97.0000":1.409023,"98.0000":1.417215,"99.0000":1.434623,"99.9000":2.103295,"99.9900":2.209791,"99.9990":2.215935,"99.9999":2.215935,"100.0000":2.215935},"allocations":{"total_heap":659662529,"minor_heap":625165155,"major_heap":101521929,"promoted_words":67024555,"promoted_pct":10.72},"domain_alloc_stats":{"0":{"total":659662529,"minor":625165155,"promoted":67024555,"major":101521929,"promoted_pct":10.72}},"collections":{"minor":11450,"major":3541,"forced_major":1116,"compactions":0}}
{"version":1,"wall_time":6.34,"cpu_time":6.34,"gc_time":5.05,"gc_overhead":79.67,"max_rss_kb":73760,"domain_stats":{"0":{"wall_time":6.34,"gc_time":5.05,"gc_overhead":79.67}},"mean_latency":0.377004,"stddev_latency":0.577195,"min_latency":0.0,"max_latency":2.191359,"distr_latency":{"25.0000":0.002335,"50.0000":0.046655,"60.0000":0.084415,"70.0000":0.139135,"75.0000":1.057791,"80.0000":1.340415,"85.0000":1.358847,"90.0000":1.373183,"95.0000":1.388543,"96.0000":1.393663,"97.0000":1.398783,"98.0000":1.405951,"99.0000":1.423359,"99.9000":2.111487,"99.9900":2.191359,"99.9990":2.191359,"99.9999":2.191359,"100.0000":2.191359},"allocations":{"total_heap":659662529,"minor_heap":625165155,"major_heap":101522103,"promoted_words":67024729,"promoted_pct":10.72},"domain_alloc_stats":{"0":{"total":659662529,"minor":625165155,"promoted":67024729,"major":101522103,"promoted_pct":10.72}},"collections":{"minor":11450,"major":3541,"forced_major":1116,"compactions":0}}
