{"version":1,"wall_time":3.25,"cpu_time":3.25,"gc_time":0.63,"gc_overhead":19.38,"max_rss_kb":473492,"domain_stats":{"0":{"wall_time":3.25,"gc_time":0.63,"gc_overhead":19.38}},"mean_latency":0.186526,"stddev_latency":0.279205,"min_latency":0.0,"max_latency":2.424831,"distr_latency":{"25.0000":0.029823,"50.0000":0.077183,"60.0000":0.127359,"70.0000":0.166015,"75.0000":0.234751,"80.0000":0.305151,"85.0000":0.368895,"90.0000":0.480255,"95.0000":0.747519,"96.0000":0.774655,"97.0000":0.843263,"98.0000":1.052671,"99.0000":1.510399,"99.9000":2.148351,"99.9900":2.424831,"99.9990":2.424831,"99.9999":2.424831,"100.0000":2.424831},"allocations":{"total_heap":434048954,"minor_heap":418061692,"major_heap":138901532,"promoted_words":122914270,"promoted_pct":29.4},"domain_alloc_stats":{"0":{"total":434048954,"minor":418061692,"promoted":122914270,"major":138901532,"promoted_pct":29.4}},"collections":{"minor":1625,"major":24,"forced_major":0,"compactions":0}}
{"version":1,"wall_time":3.27,"cpu_time":3.27,"gc_time":0.64,"gc_overhead":19.48,"max_rss_kb":471460,"domain_stats":{"0":{"wall_time":3.27,"gc_time":0.64,"gc_overhead":19.48}},"mean_latency":0.188753,"stddev_latency":0.281569,"min_latency":0.0,"max_latency":2.484223,"distr_latency":{"25.0000":0.030239,"50.0000":0.078143,"60.0000":0.129087,"70.0000":0.170111,"75.0000":0.241279,"80.0000":0.309247,"85.0000":0.367871,"90.0000":0.493311,"95.0000":0.762367,"96.0000":0.796159,"97.0000":0.854527,"98.0000":1.075199,"99.0000":1.524735,"99.9000":2.174975,"99.9900":2.484223,"99.9990":2.484223,"99.9999":2.484223,"100.0000":2.484223},"allocations":{"total_heap":434048954,"minor_heap":418061692,"major_heap":138901532,"promoted_words":122914270,"promoted_pct":29.4},"domain_alloc_stats":{"0":{"total":434048954,"minor":418061692,"promoted":122914270,"major":138901532,"promoted_pct":29.4}},"collections":{"minor":1625,"major":24,"forced_major":0,"compactions":0}}
{"version":1,"wall_time":3.25,"cpu_time":3.25,"gc_time":0.63,"gc_overhead":19.36,"max_rss_kb":473564,"domain_stats":{"0":{"wall_time":3.25,"gc_time":0.63,"gc_overhead":19.36}},"mean_latency":0.18627,"stddev_latency":0.277126,"min_latency":0.0,"max_latency":2.451455,"distr_latency":{"25.0000":0.030751,"50.0000":0.076031,"60.0000":0.127231,"70.0000":0.166143,"75.0000":0.235263,"80.0000":0.304639,"85.0000":0.366591,"90.0000":0.483839,"95.0000":0.757247,"96.0000":0.782335,"97.0000":0.836607,"98.0000":1.049599,"99.0000":1.490943,"99.9000":2.127871,"99.9900":2.451455,"99.9990":2.451455,"99.9999":2.451455,"100.0000":2.451455},"allocations":{"total_heap":434048954,"minor_heap":418061692,"major_heap":138901532,"promoted_words":122914270,"promoted_pct":29.4},"domain_alloc_stats":{"0":{"total":434048954,"minor":418061692,"promoted":122914270,"major":138901532,"promoted_pct":29.4}},"collections":{"minor":1625,"major":24,"forced_major":0,"compactions":0}}
