{"version":1,"wall_time":2.74,"cpu_time":2.74,"gc_time":2.71,"gc_overhead":99.1,"max_rss_kb":111468,"domain_stats":{"0":{"wall_time":2.74,"gc_time":2.71,"gc_overhead":99.1}},"mean_latency":0.226329,"stddev_latency":0.366016,"min_latency":0.0,"max_latency":2.867199,"distr_latency":{"25.0000":0.000287,"50.0000":0.000295,"60.0000":0.010175,"70.0000":0.166143,"75.0000":0.444415,"80.0000":0.726527,"85.0000":0.855551,"90.0000":0.861695,"95.0000":0.867327,"96.0000":0.868863,"97.0000":0.870399,"98.0000":0.873983,"99.0000":1.254399,"99.9000":1.490943,"99.9900":2.275327,"99.9990":2.867199,"99.9999":2.867199,"100.0000":2.867199},"allocations":{"total_heap":14037792,"minor_heap":300525,"major_heap":13737835,"promoted_words":568,"promoted_pct":0.19},"domain_alloc_stats":{"0":{"total":14037792,"minor":300525,"promoted":568,"major":13737835,"promoted_pct":0.19}},"collections":{"minor":944,"major":944,"forced_major":0,"compactions":0}}
{"version":1,"wall_time":2.67,"cpu_time":2.67,"gc_time":2.64,"gc_overhead":99.06,"max_rss_kb":111436,"domain_stats":{"0":{"wall_time":2.67,"gc_time":2.64,"gc_overhead":99.06}},"mean_latency":0.220393,"stddev_latency":0.353886,"min_latency":0.0,"max_latency":3.151871,"distr_latency":{"25.0000":0.000287,"50.0000":0.000295,"60.0000":0.010183,"70.0000":0.158591,"75.0000":0.432895,"80.0000":0.709631,"85.0000":0.852479,"90.0000":0.859135,"95.0000":0.864255,"96.0000":0.865791,"97.0000":0.867327,"98.0000":0.869375,"99.0000":0.876031,"99.9000":1.488895,"99.9900":2.230271,"99.9990":3.151871,"99.9999":3.151871,"100.0000":3.151871},"allocations":{"total_heap":14037792,"minor_heap":300525,"major_heap":13737835,"promoted_words":568,"promoted_pct":0.19},"domain_alloc_stats":{"0":{"total":14037792,"minor":300525,"promoted":568,"major":13737835,"promoted_pct":0.19}},"collections":{"minor":944,"major":944,"forced_major":0,"compactions":0}}
{"version":1,"wall_time":2.65,"cpu_time":2.65,"gc_time":2.63,"gc_overhead":99.06,"max_rss_kb":111440,"domain_stats":{"0":{"wall_time":2.65,"gc_time":2.63,"gc_overhead":99.06}},"mean_latency":0.219041,"stddev_latency":0.351112,"min_latency":0.0,"max_latency":3.043327,"distr_latency":{"25.0000":0.000287,"50.0000":0.000295,"60.0000":0.010127,"70.0000":0.159231,"75.0000":0.431103,"80.0000":0.705535,"85.0000":0.852479,"90.0000":0.859135,"95.0000":0.864255,"96.0000":0.865279,"97.0000":0.866815,"98.0000":0.868863,"99.0000":0.872447,"99.9000":1.485823,"99.9900":2.213887,"99.9990":3.043327,"99.9999":3.043327,"100.0000":3.043327},"allocations":{"total_heap":14037792,"minor_heap":300525,"major_heap":13737835,"promoted_words":568,"promoted_pct":0.19},"domain_alloc_stats":{"0":{"total":14037792,"minor":300525,"promoted":568,"major":13737835,"promoted_pct":0.19}},"collections":{"minor":944,"major":944,"forced_major":0,"compactions":0}}
