{"version":1,"wall_time":1.78,"cpu_time":1.78,"gc_time":0.17,"gc_overhead":9.72,"max_rss_kb":54008,"domain_stats":{"0":{"wall_time":1.78,"gc_time":0.17,"gc_overhead":9.72}},"mean_latency":0.006183,"stddev_latency":0.004656,"min_latency":0.0,"max_latency":0.077695,"distr_latency":{"25.0000":4.7e-05,"50.0000":0.007647,"60.0000":0.008295,"70.0000":0.009143,"75.0000":0.009303,"80.0000":0.009775,"85.0000":0.010143,"90.0000":0.010903,"95.0000":0.012743,"96.0000":0.013231,"97.0000":0.013735,"98.0000":0.014327,"99.0000":0.015223,"99.9000":0.018367,"99.9900":0.022655,"99.9990":0.077695,"99.9999":0.077695,"100.0000":0.077695},"allocations":{"total_heap":3993945989,"minor_heap":4706126,"major_heap":3989275332,"promoted_words":35469,"promoted_pct":0.75},"domain_alloc_stats":{"0":{"total":3993945989,"minor":4706126,"promoted":35469,"major":3989275332,"promoted_pct":0.75}},"collections":{"minor":18661,"major":18660,"forced_major":0,"compactions":0}}
{"version":1,"wall_time":1.78,"cpu_time":1.78,"gc_time":0.17,"gc_overhead":9.66,"max_rss_kb":53728,"domain_stats":{"0":{"wall_time":1.78,"gc_time":0.17,"gc_overhead":9.66}},"mean_latency":0.00614,"stddev_latency":0.004629,"min_latency":0.0,"max_latency":0.069183,"distr_latency":{"25.0000":4.7e-05,"50.0000":0.007511,"60.0000":0.008191,"70.0000":0.009127,"75.0000":0.009311,"80.0000":0.009783,"85.0000":0.010151,"90.0000":0.010935,"95.0000":0.012735,"96.0000":0.013143,"97.0000":0.013647,"98.0000":0.014231,"99.0000":0.015095,"99.9000":0.018223,"99.9900":0.021903,"99.9990":0.069183,"99.9999":0.069183,"100.0000":0.069183},"allocations":{"total_heap":3993945989,"minor_heap":4706126,"major_heap":3989275332,"promoted_words":35469,"promoted_pct":0.75},"domain_alloc_stats":{"0":{"total":3993945989,"minor":4706126,"promoted":35469,"major":3989275332,"promoted_pct":0.75}},"collections":{"minor":18661,"major":18660,"forced_major":0,"compactions":0}}
{"version":1,"wall_time":1.79,"cpu_time":1.79,"gc_time":0.19,"gc_overhead":10.39,"max_rss_kb":54256,"domain_stats":{"0":{"wall_time":1.79,"gc_time":0.19,"gc_overhead":10.39}},"mean_latency":0.006663,"stddev_latency":0.00496,"min_latency":0.0,"max_latency":0.071935,"distr_latency":{"25.0000":3.1e-05,"50.0000":0.008391,"60.0000":0.009071,"70.0000":0.009815,"75.0000":0.010007,"80.0000":0.010487,"85.0000":0.010863,"90.0000":0.011655,"95.0000":0.013367,"96.0000":0.013783,"97.0000":0.014287,"98.0000":0.014863,"99.0000":0.015727,"99.9000":0.018543,"99.9900":0.027007,"99.9990":0.071935,"99.9999":0.071935,"100.0000":0.071935},"allocations":{"total_heap":3993945989,"minor_heap":4706126,"major_heap":3989275332,"promoted_words":35469,"promoted_pct":0.75},"domain_alloc_stats":{"0":{"total":3993945989,"minor":4706126,"promoted":35469,"major":3989275332,"promoted_pct":0.75}},"collections":{"minor":18661,"major":18660,"forced_major":0,"compactions":0}}
