{"version":1,"wall_time":2.03,"cpu_time":2.03,"gc_time":0.61,"gc_overhead":29.86,"max_rss_kb":547776,"domain_stats":{"0":{"wall_time":2.03,"gc_time":0.61,"gc_overhead":29.86}},"mean_latency":0.273664,"stddev_latency":0.322994,"min_latency":0.0,"max_latency":2.480127,"distr_latency":{"25.0000":0.060223,"50.0000":0.143487,"60.0000":0.217215,"70.0000":0.312831,"75.0000":0.371199,"80.0000":0.445183,"85.0000":0.526335,"90.0000":0.689151,"95.0000":0.861183,"96.0000":0.990207,"97.0000":1.147903,"98.0000":1.359871,"99.0000":1.596415,"99.9000":2.125823,"99.9900":2.480127,"99.9990":2.480127,"99.9999":2.480127,"100.0000":2.480127},"allocations":{"total_heap":279370907,"minor_heap":265901560,"major_heap":121994862,"promoted_words":108525515,"promoted_pct":40.81},"domain_alloc_stats":{"0":{"total":279370907,"minor":265901560,"promoted":108525515,"major":121994862,"promoted_pct":40.81}},"collections":{"minor":1044,"major":22,"forced_major":0,"compactions":0}}
{"version":1,"wall_time":2.01,"cpu_time":2.01,"gc_time":0.6,"gc_overhead":29.97,"max_rss_kb":540248,"domain_stats":{"0":{"wall_time":2.01,"gc_time":0.6,"gc_overhead":29.97}},"mean_latency":0.272238,"stddev_latency":0.323716,"min_latency":0.0,"max_latency":2.535423,"distr_latency":{"25.0000":0.059423,"50.0000":0.143743,"60.0000":0.216575,"70.0000":0.310015,"75.0000":0.367359,"80.0000":0.439039,"85.0000":0.521215,"90.0000":0.677887,"95.0000":0.837631,"96.0000":0.986111,"97.0000":1.147903,"98.0000":1.401855,"99.0000":1.623039,"99.9000":2.164735,"99.9900":2.535423,"99.9990":2.535423,"99.9999":2.535423,"100.0000":2.535423},"allocations":{"total_heap":279370907,"minor_heap":265901560,"major_heap":121994862,"promoted_words":108525515,"promoted_pct":40.81},"domain_alloc_stats":{"0":{"total":279370907,"minor":265901560,"promoted":108525515,"major":121994862,"promoted_pct":40.81}},"collections":{"minor":1044,"major":22,"forced_major":0,"compactions":0}}
{"version":1,"wall_time":2.01,"cpu_time":2.01,"gc_time":0.61,"gc_overhead":30.44,"max_rss_kb":551316,"domain_stats":{"0":{"wall_time":2.01,"gc_time":0.61,"gc_overhead":30.44}},"mean_latency":0.277149,"stddev_latency":0.326075,"min_latency":0.0,"max_latency":2.514943,"distr_latency":{"25.0000":0.060511,"50.0000":0.144895,"60.0000":0.221055,"70.0000":0.317183,"75.0000":0.374783,"80.0000":0.449791,"85.0000":0.535039,"90.0000":0.694271,"95.0000":0.892927,"96.0000":0.989183,"97.0000":1.134591,"98.0000":1.380351,"99.0000":1.591295,"99.9000":2.156543,"99.9900":2.514943,"99.9990":2.514943,"99.9999":2.514943,"100.0000":2.514943},"allocations":{"total_heap":279370907,"minor_heap":265901560,"major_heap":121994862,"promoted_words":108525515,"promoted_pct":40.81},"domain_alloc_stats":{"0":{"total":279370907,"minor":265901560,"promoted":108525515,"major":121994862,"promoted_pct":40.81}},"collections":{"minor":1044,"major":22,"forced_major":0,"compactions":0}}
