{"version":1,"wall_time":4.14,"cpu_time":4.14,"gc_time":3.18,"gc_overhead":76.7,"max_rss_kb":166184,"domain_stats":{"0":{"wall_time":4.14,"gc_time":3.18,"gc_overhead":76.7}},"mean_latency":0.209658,"stddev_latency":0.45164,"min_latency":0.0,"max_latency":3.454975,"distr_latency":{"25.0000":0.000127,"50.0000":0.000295,"60.0000":0.000335,"70.0000":0.005375,"75.0000":0.009175,"80.0000":0.264447,"85.0000":0.765951,"90.0000":0.955391,"95.0000":1.287167,"96.0000":1.411071,"97.0000":1.543167,"98.0000":1.673215,"99.0000":1.821695,"99.9000":2.267135,"99.9900":2.957311,"99.9990":3.454975,"99.9999":3.454975,"100.0000":3.454975},"allocations":{"total_heap":14037986,"minor_heap":300719,"major_heap":13737868,"promoted_words":601,"promoted_pct":0.2},"domain_alloc_stats":{"0":{"total":14037986,"minor":300719,"promoted":601,"major":13737868,"promoted_pct":0.2}},"collections":{"minor":2099,"major":1049,"forced_major":0,"compactions":0}}
{"version":1,"wall_time":4.18,"cpu_time":4.18,"gc_time":3.22,"gc_overhead":77.02,"max_rss_kb":166156,"domain_stats":{"0":{"wall_time":4.18,"gc_time":3.22,"gc_overhead":77.02}},"mean_latency":0.212419,"stddev_latency":0.459291,"min_latency":0.0,"max_latency":3.108863,"distr_latency":{"25.0000":8.7e-05,"50.0000":0.000295,"60.0000":0.000391,"70.0000":0.005151,"75.0000":0.008447,"80.0000":0.267007,"85.0000":0.743935,"90.0000":0.965119,"95.0000":1.316863,"96.0000":1.427455,"97.0000":1.559551,"98.0000":1.700863,"99.0000":1.843199,"99.9000":2.353151,"99.9900":2.744319,"99.9990":3.108863,"99.9999":3.108863,"100.0000":3.108863},"allocations":{"total_heap":14037986,"minor_heap":300719,"major_heap":13737868,"promoted_words":601,"promoted_pct":0.2},"domain_alloc_stats":{"0":{"total":14037986,"minor":300719,"promoted":601,"major":13737868,"promoted_pct":0.2}},"collections":{"minor":2099,"major":1049,"forced_major":0,"compactions":0}}
{"version":1,"wall_time":4.13,"cpu_time":4.13,"gc_time":3.17,"gc_overhead":76.62,"max_rss_kb":166440,"domain_stats":{"0":{"wall_time":4.13,"gc_time":3.17,"gc_overhead":76.62}},"mean_latency":0.209067,"stddev_latency":0.452285,"min_latency":0.0,"max_latency":3.305471,"distr_latency":{"25.0000":9.5e-05,"50.0000":0.000295,"60.0000":0.000343,"70.0000":0.005295,"75.0000":0.008671,"80.0000":0.255743,"85.0000":0.752127,"90.0000":0.943103,"95.0000":1.309695,"96.0000":1.416191,"97.0000":1.555455,"98.0000":1.685503,"99.0000":1.832959,"99.9000":2.303999,"99.9900":2.684927,"99.9990":3.305471,"99.9999":3.305471,"100.0000":3.305471},"allocations":{"total_heap":14037986,"minor_heap":300719,"major_heap":13737868,"promoted_words":601,"promoted_pct":0.2},"domain_alloc_stats":{"0":{"total":14037986,"minor":300719,"promoted":601,"major":13737868,"promoted_pct":0.2}},"collections":{"minor":2099,"major":1049,"forced_major":0,"compactions":0}}
