{"version":1,"wall_time":3.38,"cpu_time":3.38,"gc_time":0.78,"gc_overhead":22.92,"max_rss_kb":335436,"domain_stats":{"0":{"wall_time":3.38,"gc_time":0.78,"gc_overhead":22.92}},"mean_latency":0.229382,"stddev_latency":0.335184,"min_latency":0.0,"max_latency":4.505599,"distr_latency":{"25.0000":0.032175,"50.0000":0.102143,"60.0000":0.144895,"70.0000":0.223231,"75.0000":0.314367,"80.0000":0.354047,"85.0000":0.468991,"90.0000":0.616447,"95.0000":0.821759,"96.0000":0.955903,"97.0000":1.117183,"98.0000":1.380351,"99.0000":1.581055,"99.9000":2.566143,"99.9900":4.505599,"99.9990":4.505599,"99.9999":4.505599,"100.0000":4.505599},"allocations":{"total_heap":433989371,"minor_heap":418002109,"major_heap":138674025,"promoted_words":122686763,"promoted_pct":29.35},"domain_alloc_stats":{"0":{"total":433989371,"minor":418002109,"promoted":122686763,"major":138674025,"promoted_pct":29.35}},"collections":{"minor":1627,"major":29,"forced_major":0,"compactions":0}}
{"version":1,"wall_time":3.36,"cpu_time":3.36,"gc_time":0.77,"gc_overhead":22.96,"max_rss_kb":335560,"domain_stats":{"0":{"wall_time":3.36,"gc_time":0.77,"gc_overhead":22.96}},"mean_latency":0.227978,"stddev_latency":0.333042,"min_latency":0.0,"max_latency":4.509695,"distr_latency":{"25.0000":0.032447,"50.0000":0.102143,"60.0000":0.143231,"70.0000":0.223359,"75.0000":0.313343,"80.0000":0.353791,"85.0000":0.466687,"90.0000":0.612863,"95.0000":0.824831,"96.0000":0.935423,"97.0000":1.103871,"98.0000":1.370111,"99.0000":1.585151,"99.9000":2.578431,"99.9900":4.509695,"99.9990":4.509695,"99.9999":4.509695,"100.0000":4.509695},"allocations":{"total_heap":433989371,"minor_heap":418002109,"major_heap":138674025,"promoted_words":122686763,"promoted_pct":29.35},"domain_alloc_stats":{"0":{"total":433989371,"minor":418002109,"promoted":122686763,"major":138674025,"promoted_pct":29.35}},"collections":{"minor":1627,"major":29,"forced_major":0,"compactions":0}}
{"version":1,"wall_time":3.38,"cpu_time":3.38,"gc_time":0.77,"gc_overhead":22.9,"max_rss_kb":335556,"domain_stats":{"0":{"wall_time":3.38,"gc_time":0.77,"gc_overhead":22.9}},"mean_latency":0.228968,"stddev_latency":0.334911,"min_latency":0.0,"max_latency":4.534271,"distr_latency":{"25.0000":0.032463,"50.0000":0.102079,"60.0000":0.144255,"70.0000":0.220159,"75.0000":0.315903,"80.0000":0.356863,"85.0000":0.466431,"90.0000":0.611839,"95.0000":0.816127,"96.0000":0.933887,"97.0000":1.117183,"98.0000":1.384447,"99.0000":1.556479,"99.9000":2.588671,"99.9900":4.534271,"99.9990":4.534271,"99.9999":4.534271,"100.0000":4.534271},"allocations":{"total_heap":433989371,"minor_heap":418002109,"major_heap":138674025,"promoted_words":122686763,"promoted_pct":29.35},"domain_alloc_stats":{"0":{"total":433989371,"minor":418002109,"promoted":122686763,"major":138674025,"promoted_pct":29.35}},"collections":{"minor":1627,"major":29,"forced_major":0,"compactions":0}}
