{"version":1,"wall_time":4.98,"cpu_time":4.98,"gc_time":3.1,"gc_overhead":62.2,"max_rss_kb":172640,"domain_stats":{"0":{"wall_time":4.98,"gc_time":3.1,"gc_overhead":62.2}},"mean_latency":0.207168,"stddev_latency":0.437508,"min_latency":0.0,"max_latency":3.178495,"distr_latency":{"25.0000":4.7e-05,"50.0000":0.000327,"60.0000":0.000455,"70.0000":0.005183,"75.0000":0.010431,"80.0000":0.299519,"85.0000":0.792575,"90.0000":0.941055,"95.0000":1.245183,"96.0000":1.349631,"97.0000":1.480703,"98.0000":1.608703,"99.0000":1.753087,"99.9000":2.061311,"99.9900":2.863103,"99.9990":3.178495,"99.9999":3.178495,"100.0000":3.178495},"allocations":{"total_heap":14038036,"minor_heap":300769,"major_heap":13737868,"promoted_words":601,"promoted_pct":0.2},"domain_alloc_stats":{"0":{"total":14038036,"minor":300769,"promoted":601,"major":13737868,"promoted_pct":0.2}},"collections":{"minor":1963,"major":981,"forced_major":0,"compactions":0}}
{"version":1,"wall_time":5.01,"cpu_time":5.01,"gc_time":3.13,"gc_overhead":62.51,"max_rss_kb":172776,"domain_stats":{"0":{"wall_time":5.01,"gc_time":3.13,"gc_overhead":62.51}},"mean_latency":0.209506,"stddev_latency":0.444849,"min_latency":0.0,"max_latency":3.473407,"distr_latency":{"25.0000":6.3e-05,"50.0000":0.000311,"60.0000":0.000431,"70.0000":0.005247,"75.0000":0.010471,"80.0000":0.302335,"85.0000":0.796671,"90.0000":0.941567,"95.0000":1.246207,"96.0000":1.366015,"97.0000":1.505279,"98.0000":1.640447,"99.0000":1.787903,"99.9000":2.252799,"99.9900":2.744319,"99.9990":3.473407,"99.9999":3.473407,"100.0000":3.473407},"allocations":{"total_heap":14038036,"minor_heap":300769,"major_heap":13737868,"promoted_words":601,"promoted_pct":0.2},"domain_alloc_stats":{"0":{"total":14038036,"minor":300769,"promoted":601,"major":13737868,"promoted_pct":0.2}},"collections":{"minor":1963,"major":981,"forced_major":0,"compactions":0}}
{"version":1,"wall_time":4.98,"cpu_time":4.98,"gc_time":3.11,"gc_overhead":62.56,"max_rss_kb":172756,"domain_stats":{"0":{"wall_time":4.98,"gc_time":3.11,"gc_overhead":62.56}},"mean_latency":0.208271,"stddev_latency":0.441385,"min_latency":0.0,"max_latency":3.577855,"distr_latency":{"25.0000":4.7e-05,"50.0000":0.000327,"60.0000":0.000471,"70.0000":0.005175,"75.0000":0.010383,"80.0000":0.300031,"85.0000":0.790527,"90.0000":0.941055,"95.0000":1.238015,"96.0000":1.362943,"97.0000":1.495039,"98.0000":1.625087,"99.0000":1.770495,"99.9000":2.234367,"99.9900":2.990079,"99.9990":3.577855,"99.9999":3.577855,"100.0000":3.577855},"allocations":{"total_heap":14038036,"minor_heap":300769,"major_heap":13737868,"promoted_words":601,"promoted_pct":0.2},"domain_alloc_stats":{"0":{"total":14038036,"minor":300769,"promoted":601,"major":13737868,"promoted_pct":0.2}},"collections":{"minor":1963,"major":981,"forced_major":0,"compactions":0}}
