{"version":1,"wall_time":4.83,"cpu_time":4.83,"gc_time":3.54,"gc_overhead":73.15,"max_rss_kb":187768,"domain_stats":{"0":{"wall_time":4.83,"gc_time":3.54,"gc_overhead":73.15}},"mean_latency":0.294838,"stddev_latency":0.45525,"min_latency":0.0,"max_latency":3.778559,"distr_latency":{"25.0000":0.000287,"50.0000":0.000407,"60.0000":0.011871,"70.0000":0.319999,"75.0000":0.583167,"80.0000":0.865791,"85.0000":1.084415,"90.0000":1.097727,"95.0000":1.107967,"96.0000":1.111039,"97.0000":1.115135,"98.0000":1.122303,"99.0000":1.447935,"99.9000":1.829887,"99.9900":2.766847,"99.9990":3.778559,"99.9999":3.778559,"100.0000":3.778559},"allocations":{"total_heap":14037791,"minor_heap":300524,"major_heap":13737835,"promoted_words":568,"promoted_pct":0.19},"domain_alloc_stats":{"0":{"total":14037791,"minor":300524,"promoted":568,"major":13737835,"promoted_pct":0.19}},"collections":{"minor":1158,"major":1158,"forced_major":0,"compactions":0}}
{"version":1,"wall_time":4.8,"cpu_time":4.8,"gc_time":3.51,"gc_overhead":73.24,"max_rss_kb":187140,"domain_stats":{"0":{"wall_time":4.8,"gc_time":3.51,"gc_overhead":73.24}},"mean_latency":0.292882,"stddev_latency":0.450893,"min_latency":0.0,"max_latency":3.203071,"distr_latency":{"25.0000":0.000287,"50.0000":0.000407,"60.0000":0.011463,"70.0000":0.322559,"75.0000":0.585215,"80.0000":0.867839,"85.0000":1.075199,"90.0000":1.086463,"95.0000":1.098751,"96.0000":1.102847,"97.0000":1.107967,"98.0000":1.118207,"99.0000":1.370111,"99.9000":1.826815,"99.9900":3.078143,"99.9990":3.203071,"99.9999":3.203071,"100.0000":3.203071},"allocations":{"total_heap":14037791,"minor_heap":300524,"major_heap":13737835,"promoted_words":568,"promoted_pct":0.19},"domain_alloc_stats":{"0":{"total":14037791,"minor":300524,"promoted":568,"major":13737835,"promoted_pct":0.19}},"collections":{"minor":1158,"major":1158,"forced_major":0,"compactions":0}}
{"version":1,"wall_time":4.78,"cpu_time":4.78,"gc_time":3.5,"gc_overhead":73.33,"max_rss_kb":187556,"domain_stats":{"0":{"wall_time":4.78,"gc_time":3.5,"gc_overhead":73.33}},"mean_latency":0.291967,"stddev_latency":0.449739,"min_latency":0.0,"max_latency":2.936831,"distr_latency":{"25.0000":0.000287,"50.0000":0.000391,"60.0000":0.011335,"70.0000":0.318463,"75.0000":0.584703,"80.0000":0.863743,"85.0000":1.074175,"90.0000":1.087487,"95.0000":1.097727,"96.0000":1.100799,"97.0000":1.103871,"98.0000":1.110015,"99.0000":1.328127,"99.9000":1.828863,"99.9900":2.785279,"99.9990":2.936831,"99.9999":2.936831,"100.0000":2.936831},"allocations":{"total_heap":14037791,"minor_heap":300524,"major_heap":13737835,"promoted_words":568,"promoted_pct":0.19},"domain_alloc_stats":{"0":{"total":14037791,"minor":300524,"promoted":568,"major":13737835,"promoted_pct":0.19}},"collections":{"minor":1158,"major":1158,"forced_major":0,"compactions":0}}
