{"version":1,"wall_time":2.53,"cpu_time":2.53,"gc_time":1.1,"gc_overhead":43.37,"max_rss_kb":396108,"domain_stats":{"0":{"wall_time":2.53,"gc_time":1.1,"gc_overhead":43.37}},"mean_latency":4.092081,"stddev_latency":5.219525,"min_latency":0.0,"max_latency":34.603007,"distr_latency":{"25.0000":1.106943,"50.0000":2.478079,"60.0000":3.434495,"70.0000":4.206591,"75.0000":4.616191,"80.0000":5.500927,"85.0000":6.418431,"90.0000":8.814591,"95.0000":15.646719,"96.0000":18.268159,"97.0000":21.200895,"98.0000":22.036479,"99.0000":22.937599,"99.9000":34.603007,"99.9900":34.603007,"99.9990":34.603007,"99.9999":34.603007,"100.0000":34.603007},"allocations":{"total_heap":278755865,"minor_heap":265508673,"major_heap":95548469,"promoted_words":82301277,"promoted_pct":31.0},"domain_alloc_stats":{"0":{"total":278755865,"minor":265508673,"promoted":82301277,"major":95548469,"promoted_pct":31.0}},"collections":{"minor":146,"major":38,"forced_major":0,"compactions":0}}
{"version":1,"wall_time":2.53,"cpu_time":2.53,"gc_time":1.1,"gc_overhead":43.32,"max_rss_kb":396000,"domain_stats":{"0":{"wall_time":2.53,"gc_time":1.1,"gc_overhead":43.32}},"mean_latency":4.091108,"stddev_latency":5.245966,"min_latency":0.0,"max_latency":34.897919,"distr_latency":{"25.0000":1.122303,"50.0000":2.545663,"60.0000":3.403775,"70.0000":4.155391,"75.0000":4.718591,"80.0000":5.492735,"85.0000":6.430719,"90.0000":8.896511,"95.0000":15.654911,"96.0000":18.202623,"97.0000":21.397503,"98.0000":22.003711,"99.0000":23.216127,"99.9000":34.897919,"99.9900":34.897919,"99.9990":34.897919,"99.9999":34.897919,"100.0000":34.897919},"allocations":{"total_heap":278755865,"minor_heap":265508673,"major_heap":95548469,"promoted_words":82301277,"promoted_pct":31.0},"domain_alloc_stats":{"0":{"total":278755865,"minor":265508673,"promoted":82301277,"major":95548469,"promoted_pct":31.0}},"collections":{"minor":146,"major":38,"forced_major":0,"compactions":0}}
{"version":1,"wall_time":2.55,"cpu_time":2.55,"gc_time":1.1,"gc_overhead":43.33,"max_rss_kb":394948,"domain_stats":{"0":{"wall_time":2.55,"gc_time":1.1,"gc_overhead":43.33}},"mean_latency":4.11538,"stddev_latency":5.264385,"min_latency":0.0,"max_latency":35.258367,"distr_latency":{"25.0000":1.087487,"50.0000":2.564095,"60.0000":3.387391,"70.0000":4.214783,"75.0000":4.800511,"80.0000":5.541887,"85.0000":6.529023,"90.0000":8.830975,"95.0000":15.753215,"96.0000":18.268159,"97.0000":21.331967,"98.0000":22.183935,"99.0000":23.445503,"99.9000":35.258367,"99.9900":35.258367,"99.9990":35.258367,"99.9999":35.258367,"100.0000":35.258367},"allocations":{"total_heap":278755865,"minor_heap":265508673,"major_heap":95548469,"promoted_words":82301277,"promoted_pct":31.0},"domain_alloc_stats":{"0":{"total":278755865,"minor":265508673,"promoted":82301277,"major":95548469,"promoted_pct":31.0}},"collections":{"minor":146,"major":38,"forced_major":0,"compactions":0}}
