{"version":1,"wall_time":3.52,"cpu_time":3.52,"gc_time":3.25,"gc_overhead":92.43,"max_rss_kb":112084,"domain_stats":{"0":{"wall_time":3.52,"gc_time":3.25,"gc_overhead":92.43}},"mean_latency":0.27036,"stddev_latency":0.428905,"min_latency":0.0,"max_latency":3.530751,"distr_latency":{"25.0000":0.000287,"50.0000":0.000327,"60.0000":0.008511,"70.0000":0.256895,"75.0000":0.535039,"80.0000":0.810495,"85.0000":1.041407,"90.0000":1.054719,"95.0000":1.062911,"96.0000":1.064959,"97.0000":1.065983,"98.0000":1.068031,"99.0000":1.072127,"99.9000":1.819647,"99.9900":3.241983,"99.9990":3.530751,"99.9999":3.530751,"100.0000":3.530751},"allocations":{"total_heap":13497877,"minor_heap":120631,"major_heap":13377793,"promoted_words":547,"promoted_pct":0.45},"domain_alloc_stats":{"0":{"total":13497877,"minor":120631,"promoted":547,"major":13377793,"promoted_pct":0.45}},"collections":{"minor":1162,"major":1162,"forced_major":0,"compactions":0}}
{"version":1,"wall_time":3.49,"cpu_time":3.49,"gc_time":3.22,"gc_overhead":92.34,"max_rss_kb":112068,"domain_stats":{"0":{"wall_time":3.49,"gc_time":3.22,"gc_overhead":92.34}},"mean_latency":0.267797,"stddev_latency":0.424054,"min_latency":0.0,"max_latency":3.016703,"distr_latency":{"25.0000":0.000287,"50.0000":0.000311,"60.0000":0.006991,"70.0000":0.256895,"75.0000":0.534015,"80.0000":0.806911,"85.0000":1.035263,"90.0000":1.044991,"95.0000":1.052671,"96.0000":1.054719,"97.0000":1.055743,"98.0000":1.057791,"99.0000":1.062911,"99.9000":1.821695,"99.9900":2.729983,"99.9990":3.016703,"99.9999":3.016703,"100.0000":3.016703},"allocations":{"total_heap":13497877,"minor_heap":120631,"major_heap":13377793,"promoted_words":547,"promoted_pct":0.45},"domain_alloc_stats":{"0":{"total":13497877,"minor":120631,"promoted":547,"major":13377793,"promoted_pct":0.45}},"collections":{"minor":1162,"major":1162,"forced_major":0,"compactions":0}}
{"version":1,"wall_time":3.46,"cpu_time":3.46,"gc_time":3.2,"gc_overhead":92.26,"max_rss_kb":112020,"domain_stats":{"0":{"wall_time":3.46,"gc_time":3.2,"gc_overhead":92.26}},"mean_latency":0.265676,"stddev_latency":0.420644,"min_latency":0.0,"max_latency":3.106815,"distr_latency":{"25.0000":0.000287,"50.0000":0.000335,"60.0000":0.007015,"70.0000":0.252799,"75.0000":0.525311,"80.0000":0.797183,"85.0000":1.027583,"90.0000":1.042431,"95.0000":1.050623,"96.0000":1.052671,"97.0000":1.054719,"98.0000":1.056767,"99.0000":1.061887,"99.9000":1.817599,"99.9900":2.779135,"99.9990":3.106815,"99.9999":3.106815,"100.0000":3.106815},"allocations":{"total_heap":13497877,"minor_heap":120631,"major_heap":13377793,"promoted_words":547,"promoted_pct":0.45},"domain_alloc_stats":{"0":{"total":13497877,"minor":120631,"promoted":547,"major":13377793,"promoted_pct":0.45}},"collections":{"minor":1162,"major":1162,"forced_major":0,"compactions":0}}
