{"version":1,"wall_time":3.59,"cpu_time":3.59,"gc_time":3.55,"gc_overhead":98.84,"max_rss_kb":111612,"domain_stats":{"0":{"wall_time":3.59,"gc_time":3.55,"gc_overhead":98.84}},"mean_latency":0.229234,"stddev_latency":0.541235,"min_latency":0.0,"max_latency":3.590143,"distr_latency":{"25.0000":0.000103,"50.0000":0.000295,"60.0000":0.000327,"70.0000":0.006063,"75.0000":0.007111,"80.0000":0.024399,"85.0000":0.696831,"90.0000":1.061887,"95.0000":1.575935,"96.0000":1.713151,"97.0000":1.827839,"98.0000":1.990655,"99.0000":2.252799,"99.9000":3.069951,"99.9900":3.545087,"99.9990":3.590143,"99.9999":3.590143,"100.0000":3.590143},"allocations":{"total_heap":14037986,"minor_heap":300719,"major_heap":13737868,"promoted_words":601,"promoted_pct":0.2},"domain_alloc_stats":{"0":{"total":14037986,"minor":300719,"promoted":601,"major":13737868,"promoted_pct":0.2}},"collections":{"minor":2313,"major":1156,"forced_major":0,"compactions":0}}
{"version":1,"wall_time":3.28,"cpu_time":3.28,"gc_time":3.24,"gc_overhead":98.72,"max_rss_kb":111680,"domain_stats":{"0":{"wall_time":3.28,"gc_time":3.24,"gc_overhead":98.72}},"mean_latency":0.20952,"stddev_latency":0.487136,"min_latency":0.0,"max_latency":3.407871,"distr_latency":{"25.0000":8.7e-05,"50.0000":0.000295,"60.0000":0.000367,"70.0000":0.006167,"75.0000":0.007087,"80.0000":0.024463,"85.0000":0.627711,"90.0000":1.044479,"95.0000":1.438719,"96.0000":1.569791,"97.0000":1.696767,"98.0000":1.832959,"99.0000":1.982463,"99.9000":2.381823,"99.9900":3.166207,"99.9990":3.407871,"99.9999":3.407871,"100.0000":3.407871},"allocations":{"total_heap":14037986,"minor_heap":300719,"major_heap":13737868,"promoted_words":601,"promoted_pct":0.2},"domain_alloc_stats":{"0":{"total":14037986,"minor":300719,"promoted":601,"major":13737868,"promoted_pct":0.2}},"collections":{"minor":2313,"major":1156,"forced_major":0,"compactions":0}}
{"version":1,"wall_time":3.33,"cpu_time":3.33,"gc_time":3.29,"gc_overhead":98.75,"max_rss_kb":111820,"domain_stats":{"0":{"wall_time":3.33,"gc_time":3.29,"gc_overhead":98.75}},"mean_latency":0.212684,"stddev_latency":0.495571,"min_latency":0.0,"max_latency":3.287039,"distr_latency":{"25.0000":0.000103,"50.0000":0.000295,"60.0000":0.000351,"70.0000":0.006167,"75.0000":0.007167,"80.0000":0.024847,"85.0000":0.630783,"90.0000":1.054719,"95.0000":1.464319,"96.0000":1.588223,"97.0000":1.725439,"98.0000":1.864703,"99.0000":2.006015,"99.9000":2.512895,"99.9900":2.885631,"99.9990":3.287039,"99.9999":3.287039,"100.0000":3.287039},"allocations":{"total_heap":14037986,"minor_heap":300719,"major_heap":13737868,"promoted_words":601,"promoted_pct":0.2},"domain_alloc_stats":{"0":{"total":14037986,"minor":300719,"promoted":601,"major":13737868,"promoted_pct":0.2}},"collections":{"minor":2313,"major":1156,"forced_major":0,"compactions":0}}
