{"version":1,"wall_time":7.33,"cpu_time":7.33,"gc_time":1.38,"gc_overhead":18.76,"max_rss_kb":35796,"domain_stats":{"0":{"wall_time":7.33,"gc_time":1.38,"gc_overhead":18.76}},"mean_latency":0.063386,"stddev_latency":0.076666,"min_latency":0.0,"max_latency":0.298751,"distr_latency":{"25.0000":0.017007,"50.0000":0.022735,"60.0000":0.028063,"70.0000":0.054303,"75.0000":0.101759,"80.0000":0.126207,"85.0000":0.182783,"90.0000":0.212991,"95.0000":0.231679,"96.0000":0.235775,"97.0000":0.239615,"98.0000":0.243839,"99.0000":0.255999,"99.9000":0.266239,"99.9900":0.271615,"99.9990":0.298751,"99.9999":0.298751,"100.0000":0.298751},"allocations":{"total_heap":6639282470,"minor_heap":5691336185,"major_heap":1062224310,"promoted_words":114278025,"promoted_pct":2.01},"domain_alloc_stats":{"0":{"total":6639282470,"minor":5691336185,"promoted":114278025,"major":1062224310,"promoted_pct":2.01}},"collections":{"minor":13311,"major":4909,"forced_major":0,"compactions":0}}
{"version":1,"wall_time":7.48,"cpu_time":7.48,"gc_time":1.4,"gc_overhead":18.77,"max_rss_kb":35796,"domain_stats":{"0":{"wall_time":7.48,"gc_time":1.4,"gc_overhead":18.77}},"mean_latency":0.064699,"stddev_latency":0.077575,"min_latency":0.0,"max_latency":0.358143,"distr_latency":{"25.0000":0.017087,"50.0000":0.022799,"60.0000":0.030143,"70.0000":0.056383,"75.0000":0.104127,"80.0000":0.129343,"85.0000":0.184575,"90.0000":0.215935,"95.0000":0.234495,"96.0000":0.238079,"97.0000":0.241791,"98.0000":0.246527,"99.0000":0.258431,"99.9000":0.269311,"99.9900":0.279295,"99.9990":0.358143,"99.9999":0.358143,"100.0000":0.358143},"allocations":{"total_heap":6639282470,"minor_heap":5691336185,"major_heap":1062224310,"promoted_words":114278025,"promoted_pct":2.01},"domain_alloc_stats":{"0":{"total":6639282470,"minor":5691336185,"promoted":114278025,"major":1062224310,"promoted_pct":2.01}},"collections":{"minor":13311,"major":4909,"forced_major":0,"compactions":0}}
{"version":1,"wall_time":7.25,"cpu_time":7.25,"gc_time":1.38,"gc_overhead":19.02,"max_rss_kb":35768,"domain_stats":{"0":{"wall_time":7.25,"gc_time":1.38,"gc_overhead":19.02}},"mean_latency":0.063491,"stddev_latency":0.077167,"min_latency":0.0,"max_latency":0.274431,"distr_latency":{"25.0000":0.016575,"50.0000":0.022383,"60.0000":0.027855,"70.0000":0.054751,"75.0000":0.102527,"80.0000":0.126975,"85.0000":0.184063,"90.0000":0.213759,"95.0000":0.232575,"96.0000":0.237183,"97.0000":0.240511,"98.0000":0.244991,"99.0000":0.258175,"99.9000":0.267007,"99.9900":0.273919,"99.9990":0.274431,"99.9999":0.274431,"100.0000":0.274431},"allocations":{"total_heap":6639282470,"minor_heap":5691336185,"major_heap":1062224310,"promoted_words":114278025,"promoted_pct":2.01},"domain_alloc_stats":{"0":{"total":6639282470,"minor":5691336185,"promoted":114278025,"major":1062224310,"promoted_pct":2.01}},"collections":{"minor":13311,"major":4909,"forced_major":0,"compactions":0}}
