{"version":1,"wall_time":2.74,"cpu_time":2.74,"gc_time":2.69,"gc_overhead":98.34,"max_rss_kb":111384,"domain_stats":{"0":{"wall_time":2.74,"gc_time":2.69,"gc_overhead":98.34}},"mean_latency":0.181419,"stddev_latency":0.403056,"min_latency":0.0,"max_latency":3.018751,"distr_latency":{"25.0000":0.000103,"50.0000":0.000295,"60.0000":0.000303,"70.0000":0.004295,"75.0000":0.007127,"80.0000":0.040703,"85.0000":0.731135,"90.0000":0.862719,"95.0000":1.120255,"96.0000":1.238015,"97.0000":1.353727,"98.0000":1.478655,"99.0000":1.604607,"99.9000":2.263039,"99.9900":2.621439,"99.9990":3.018751,"99.9999":3.018751,"100.0000":3.018751},"allocations":{"total_heap":14037987,"minor_heap":300720,"major_heap":13737868,"promoted_words":601,"promoted_pct":0.2},"domain_alloc_stats":{"0":{"total":14037987,"minor":300720,"promoted":601,"major":13737868,"promoted_pct":0.2}},"collections":{"minor":1889,"major":944,"forced_major":0,"compactions":0}}
{"version":1,"wall_time":2.77,"cpu_time":2.77,"gc_time":2.72,"gc_overhead":98.35,"max_rss_kb":111376,"domain_stats":{"0":{"wall_time":2.77,"gc_time":2.72,"gc_overhead":98.35}},"mean_latency":0.183456,"stddev_latency":0.407295,"min_latency":0.0,"max_latency":3.336191,"distr_latency":{"25.0000":0.000103,"50.0000":0.000295,"60.0000":0.000311,"70.0000":0.003863,"75.0000":0.008127,"80.0000":0.039039,"85.0000":0.744447,"90.0000":0.864767,"95.0000":1.136639,"96.0000":1.230847,"97.0000":1.352703,"98.0000":1.483775,"99.0000":1.620991,"99.9000":2.146303,"99.9900":2.533375,"99.9990":3.336191,"99.9999":3.336191,"100.0000":3.336191},"allocations":{"total_heap":14037987,"minor_heap":300720,"major_heap":13737868,"promoted_words":601,"promoted_pct":0.2},"domain_alloc_stats":{"0":{"total":14037987,"minor":300720,"promoted":601,"major":13737868,"promoted_pct":0.2}},"collections":{"minor":1889,"major":944,"forced_major":0,"compactions":0}}
{"version":1,"wall_time":2.72,"cpu_time":2.72,"gc_time":2.67,"gc_overhead":98.29,"max_rss_kb":111544,"domain_stats":{"0":{"wall_time":2.72,"gc_time":2.67,"gc_overhead":98.29}},"mean_latency":0.18016,"stddev_latency":0.399064,"min_latency":0.0,"max_latency":3.526655,"distr_latency":{"25.0000":0.000103,"50.0000":0.000295,"60.0000":0.000351,"70.0000":0.003895,"75.0000":0.007767,"80.0000":0.039615,"85.0000":0.735743,"90.0000":0.862719,"95.0000":1.098751,"96.0000":1.216511,"97.0000":1.328127,"98.0000":1.470463,"99.0000":1.597439,"99.9000":2.088959,"99.9900":2.519039,"99.9990":3.526655,"99.9999":3.526655,"100.0000":3.526655},"allocations":{"total_heap":14037987,"minor_heap":300720,"major_heap":13737868,"promoted_words":601,"promoted_pct":0.2},"domain_alloc_stats":{"0":{"total":14037987,"minor":300720,"promoted":601,"major":13737868,"promoted_pct":0.2}},"collections":{"minor":1889,"major":944,"forced_major":0,"compactions":0}}
