{"version":1,"wall_time":4.49,"cpu_time":4.49,"gc_time":1.55,"gc_overhead":34.59,"max_rss_kb":1406288,"domain_stats":{"0":{"wall_time":4.49,"gc_time":1.55,"gc_overhead":34.59}},"mean_latency":0.558986,"stddev_latency":0.596771,"min_latency":0.0,"max_latency":8.175615,"distr_latency":{"25.0000":0.205055,"50.0000":0.488959,"60.0000":0.521727,"70.0000":0.734207,"75.0000":0.752127,"80.0000":0.780799,"85.0000":0.823807,"90.0000":0.923647,"95.0000":1.584127,"96.0000":1.822719,"97.0000":2.062335,"98.0000":2.344959,"99.0000":2.772991,"99.9000":5.644287,"99.9900":8.175615,"99.9990":8.175615,"99.9999":8.175615,"100.0000":8.175615},"allocations":{"total_heap":2913045436,"minor_heap":2900534693,"major_heap":363155793,"promoted_words":350645050,"promoted_pct":12.09},"domain_alloc_stats":{"0":{"total":2913045436,"minor":2900534693,"promoted":350645050,"major":363155793,"promoted_pct":12.09}},"collections":{"minor":1394,"major":19,"forced_major":0,"compactions":0}}
{"version":1,"wall_time":4.43,"cpu_time":4.43,"gc_time":1.55,"gc_overhead":34.98,"max_rss_kb":1406724,"domain_stats":{"0":{"wall_time":4.43,"gc_time":1.55,"gc_overhead":34.98}},"mean_latency":0.558216,"stddev_latency":0.595293,"min_latency":0.0,"max_latency":8.253439,"distr_latency":{"25.0000":0.204543,"50.0000":0.482303,"60.0000":0.517887,"70.0000":0.736767,"75.0000":0.756223,"80.0000":0.782847,"85.0000":0.833535,"90.0000":0.946175,"95.0000":1.575935,"96.0000":1.805311,"97.0000":2.054143,"98.0000":2.338815,"99.0000":2.729983,"99.9000":5.709823,"99.9900":8.253439,"99.9990":8.253439,"99.9999":8.253439,"100.0000":8.253439},"allocations":{"total_heap":2913045436,"minor_heap":2900534693,"major_heap":363155793,"promoted_words":350645050,"promoted_pct":12.09},"domain_alloc_stats":{"0":{"total":2913045436,"minor":2900534693,"promoted":350645050,"major":363155793,"promoted_pct":12.09}},"collections":{"minor":1394,"major":19,"forced_major":0,"compactions":0}}
{"version":1,"wall_time":4.45,"cpu_time":4.45,"gc_time":1.55,"gc_overhead":34.75,"max_rss_kb":1406492,"domain_stats":{"0":{"wall_time":4.45,"gc_time":1.55,"gc_overhead":34.75}},"mean_latency":0.557244,"stddev_latency":0.592836,"min_latency":0.0,"max_latency":7.991295,"distr_latency":{"25.0000":0.202623,"50.0000":0.486143,"60.0000":0.519167,"70.0000":0.734719,"75.0000":0.754175,"80.0000":0.779263,"85.0000":0.826879,"90.0000":0.927743,"95.0000":1.612799,"96.0000":1.812479,"97.0000":2.040831,"98.0000":2.351103,"99.0000":2.615295,"99.9000":5.636095,"99.9900":7.991295,"99.9990":7.991295,"99.9999":7.991295,"100.0000":7.991295},"allocations":{"total_heap":2913045436,"minor_heap":2900534693,"major_heap":363155793,"promoted_words":350645050,"promoted_pct":12.09},"domain_alloc_stats":{"0":{"total":2913045436,"minor":2900534693,"promoted":350645050,"major":363155793,"promoted_pct":12.09}},"collections":{"minor":1394,"major":19,"forced_major":0,"compactions":0}}
