{"version":1,"wall_time":3.31,"cpu_time":3.31,"gc_time":3.27,"gc_overhead":98.76,"max_rss_kb":111784,"domain_stats":{"0":{"wall_time":3.31,"gc_time":3.27,"gc_overhead":98.76}},"mean_latency":0.211102,"stddev_latency":0.492699,"min_latency":0.0,"max_latency":3.319807,"distr_latency":{"25.0000":9.5e-05,"50.0000":0.000295,"60.0000":0.000375,"70.0000":0.006271,"75.0000":0.007575,"80.0000":0.024975,"85.0000":0.629247,"90.0000":1.054719,"95.0000":1.440767,"96.0000":1.570815,"97.0000":1.716223,"98.0000":1.849343,"99.0000":1.996799,"99.9000":2.676735,"99.9900":3.178495,"99.9990":3.319807,"99.9999":3.319807,"100.0000":3.319807},"allocations":{"total_heap":14037986,"minor_heap":300719,"major_heap":13737868,"promoted_words":601,"promoted_pct":0.2},"domain_alloc_stats":{"0":{"total":14037986,"minor":300719,"promoted":601,"major":13737868,"promoted_pct":0.2}},"collections":{"minor":2313,"major":1156,"forced_major":0,"compactions":0}}
{"version":1,"wall_time":3.31,"cpu_time":3.31,"gc_time":3.27,"gc_overhead":98.75,"max_rss_kb":111692,"domain_stats":{"0":{"wall_time":3.31,"gc_time":3.27,"gc_overhead":98.75}},"mean_latency":0.211593,"stddev_latency":0.49246,"min_latency":0.0,"max_latency":3.219455,"distr_latency":{"25.0000":0.000111,"50.0000":0.000295,"60.0000":0.000367,"70.0000":0.006503,"75.0000":0.007751,"80.0000":0.023983,"85.0000":0.631807,"90.0000":1.058815,"95.0000":1.442815,"96.0000":1.572863,"97.0000":1.712127,"98.0000":1.852415,"99.0000":1.994751,"99.9000":2.582527,"99.9900":2.981887,"99.9990":3.219455,"99.9999":3.219455,"100.0000":3.219455},"allocations":{"total_heap":14037986,"minor_heap":300719,"major_heap":13737868,"promoted_words":601,"promoted_pct":0.2},"domain_alloc_stats":{"0":{"total":14037986,"minor":300719,"promoted":601,"major":13737868,"promoted_pct":0.2}},"collections":{"minor":2313,"major":1156,"forced_major":0,"compactions":0}}
{"version":1,"wall_time":3.28,"cpu_time":3.28,"gc_time":3.24,"gc_overhead":98.68,"max_rss_kb":111728,"domain_stats":{"0":{"wall_time":3.28,"gc_time":3.24,"gc_overhead":98.68}},"mean_latency":0.209488,"stddev_latency":0.486044,"min_latency":0.0,"max_latency":3.272703,"distr_latency":{"25.0000":0.000103,"50.0000":0.000295,"60.0000":0.000311,"70.0000":0.006263,"75.0000":0.007551,"80.0000":0.026303,"85.0000":0.637439,"90.0000":1.053695,"95.0000":1.429503,"96.0000":1.548287,"97.0000":1.688575,"98.0000":1.826815,"99.0000":1.967103,"99.9000":2.457599,"99.9900":3.096575,"99.9990":3.272703,"99.9999":3.272703,"100.0000":3.272703},"allocations":{"total_heap":14037986,"minor_heap":300719,"major_heap":13737868,"promoted_words":601,"promoted_pct":0.2},"domain_alloc_stats":{"0":{"total":14037986,"minor":300719,"promoted":601,"major":13737868,"promoted_pct":0.2}},"collections":{"minor":2313,"major":1156,"forced_major":0,"compactions":0}}
