{"version":1,"wall_time":2.59,"cpu_time":2.59,"gc_time":2.54,"gc_overhead":98.33,"max_rss_kb":111296,"domain_stats":{"0":{"wall_time":2.59,"gc_time":2.54,"gc_overhead":98.33}},"mean_latency":0.173,"stddev_latency":0.3791,"min_latency":0.0,"max_latency":2.938879,"distr_latency":{"25.0000":0.000127,"50.0000":0.000295,"60.0000":0.000311,"70.0000":0.004127,"75.0000":0.007855,"80.0000":0.061727,"85.0000":0.749055,"90.0000":0.827903,"95.0000":1.012223,"96.0000":1.140735,"97.0000":1.261567,"98.0000":1.386495,"99.0000":1.519615,"99.9000":1.956863,"99.9900":2.476031,"99.9990":2.938879,"99.9999":2.938879,"100.0000":2.938879},"allocations":{"total_heap":14037937,"minor_heap":300670,"major_heap":13737868,"promoted_words":601,"promoted_pct":0.2},"domain_alloc_stats":{"0":{"total":14037937,"minor":300670,"promoted":601,"major":13737868,"promoted_pct":0.2}},"collections":{"minor":1799,"major":899,"forced_major":0,"compactions":0}}
{"version":1,"wall_time":2.6,"cpu_time":2.6,"gc_time":2.56,"gc_overhead":98.32,"max_rss_kb":111280,"domain_stats":{"0":{"wall_time":2.6,"gc_time":2.56,"gc_overhead":98.32}},"mean_latency":0.173802,"stddev_latency":0.381806,"min_latency":0.0,"max_latency":2.916351,"distr_latency":{"25.0000":0.000111,"50.0000":0.000295,"60.0000":0.000311,"70.0000":0.004375,"75.0000":0.008487,"80.0000":0.061631,"85.0000":0.751103,"90.0000":0.818175,"95.0000":1.040383,"96.0000":1.168383,"97.0000":1.287167,"98.0000":1.415167,"99.0000":1.532927,"99.9000":1.880063,"99.9900":2.400255,"99.9990":2.916351,"99.9999":2.916351,"100.0000":2.916351},"allocations":{"total_heap":14037937,"minor_heap":300670,"major_heap":13737868,"promoted_words":601,"promoted_pct":0.2},"domain_alloc_stats":{"0":{"total":14037937,"minor":300670,"promoted":601,"major":13737868,"promoted_pct":0.2}},"collections":{"minor":1799,"major":899,"forced_major":0,"compactions":0}}
{"version":1,"wall_time":2.59,"cpu_time":2.59,"gc_time":2.55,"gc_overhead":98.36,"max_rss_kb":111424,"domain_stats":{"0":{"wall_time":2.59,"gc_time":2.55,"gc_overhead":98.36}},"mean_latency":0.17358,"stddev_latency":0.382701,"min_latency":0.0,"max_latency":3.033087,"distr_latency":{"25.0000":0.000111,"50.0000":0.000295,"60.0000":0.000311,"70.0000":0.004407,"75.0000":0.008255,"80.0000":0.058879,"85.0000":0.741375,"90.0000":0.818175,"95.0000":1.044991,"96.0000":1.160191,"97.0000":1.284095,"98.0000":1.407999,"99.0000":1.532927,"99.9000":2.045951,"99.9900":2.762751,"99.9990":3.033087,"99.9999":3.033087,"100.0000":3.033087},"allocations":{"total_heap":14037937,"minor_heap":300670,"major_heap":13737868,"promoted_words":601,"promoted_pct":0.2},"domain_alloc_stats":{"0":{"total":14037937,"minor":300670,"promoted":601,"major":13737868,"promoted_pct":0.2}},"collections":{"minor":1799,"major":899,"forced_major":0,"compactions":0}}
