{"version":1,"wall_time":3.84,"cpu_time":3.84,"gc_time":1.17,"gc_overhead":30.52,"max_rss_kb":302732,"domain_stats":{"0":{"wall_time":3.84,"gc_time":1.17,"gc_overhead":30.52}},"mean_latency":0.692207,"stddev_latency":1.296725,"min_latency":0.0,"max_latency":10.215423,"distr_latency":{"25.0000":0.056639,"50.0000":0.252415,"60.0000":0.379647,"70.0000":0.648703,"75.0000":0.755199,"80.0000":0.915455,"85.0000":1.132543,"90.0000":1.518591,"95.0000":3.403775,"96.0000":3.923967,"97.0000":4.222975,"98.0000":5.357567,"99.0000":7.413759,"99.9000":9.797631,"99.9900":10.215423,"99.9990":10.215423,"99.9999":10.215423,"100.0000":10.215423},"allocations":{"total_heap":434069651,"minor_heap":418159426,"major_heap":128384878,"promoted_words":112474653,"promoted_pct":26.9},"domain_alloc_stats":{"0":{"total":434069651,"minor":418159426,"promoted":112474653,"major":128384878,"promoted_pct":26.9}},"collections":{"minor":843,"major":64,"forced_major":0,"compactions":0}}
{"version":1,"wall_time":3.82,"cpu_time":3.82,"gc_time":1.17,"gc_overhead":30.62,"max_rss_kb":303028,"domain_stats":{"0":{"wall_time":3.82,"gc_time":1.17,"gc_overhead":30.62}},"mean_latency":0.691005,"stddev_latency":1.32316,"min_latency":0.0,"max_latency":10.379263,"distr_latency":{"25.0000":0.056799,"50.0000":0.245247,"60.0000":0.364543,"70.0000":0.645631,"75.0000":0.748031,"80.0000":0.917503,"85.0000":1.119231,"90.0000":1.505279,"95.0000":3.446783,"96.0000":4.014079,"97.0000":4.321279,"98.0000":5.464063,"99.0000":7.602175,"99.9000":9.912319,"99.9900":10.379263,"99.9990":10.379263,"99.9999":10.379263,"100.0000":10.379263},"allocations":{"total_heap":434155032,"minor_heap":418244807,"major_heap":128055339,"promoted_words":112145114,"promoted_pct":26.81},"domain_alloc_stats":{"0":{"total":434155032,"minor":418244807,"promoted":112145114,"major":128055339,"promoted_pct":26.81}},"collections":{"minor":842,"major":65,"forced_major":0,"compactions":0}}
{"version":1,"wall_time":3.82,"cpu_time":3.82,"gc_time":1.17,"gc_overhead":30.64,"max_rss_kb":303004,"domain_stats":{"0":{"wall_time":3.82,"gc_time":1.17,"gc_overhead":30.64}},"mean_latency":0.6915,"stddev_latency":1.319984,"min_latency":0.0,"max_latency":10.354687,"distr_latency":{"25.0000":0.056703,"50.0000":0.244223,"60.0000":0.363263,"70.0000":0.651263,"75.0000":0.736255,"80.0000":0.918527,"85.0000":1.133567,"90.0000":1.510399,"95.0000":3.454975,"96.0000":3.940351,"97.0000":4.288511,"98.0000":5.500927,"99.0000":7.602175,"99.9000":9.617407,"99.9900":10.354687,"99.9990":10.354687,"99.9999":10.354687,"100.0000":10.354687},"allocations":{"total_heap":434155032,"minor_heap":418244807,"major_heap":128055332,"promoted_words":112145107,"promoted_pct":26.81},"domain_alloc_stats":{"0":{"total":434155032,"minor":418244807,"promoted":112145107,"major":128055332,"promoted_pct":26.81}},"collections":{"minor":841,"major":65,"forced_major":0,"compactions":0}}
