{"version":1,"wall_time":1.79,"cpu_time":1.79,"gc_time":0.18,"gc_overhead":10.3,"max_rss_kb":54188,"domain_stats":{"0":{"wall_time":1.79,"gc_time":0.18,"gc_overhead":10.3}},"mean_latency":0.006597,"stddev_latency":0.004964,"min_latency":0.0,"max_latency":0.073215,"distr_latency":{"25.0000":4.7e-05,"50.0000":0.008295,"60.0000":0.009055,"70.0000":0.009575,"75.0000":0.009815,"80.0000":0.010415,"85.0000":0.011023,"90.0000":0.011991,"95.0000":0.013575,"96.0000":0.014055,"97.0000":0.014487,"98.0000":0.015031,"99.0000":0.015823,"99.9000":0.018719,"99.9900":0.028687,"99.9990":0.073215,"99.9999":0.073215,"100.0000":0.073215},"allocations":{"total_heap":3993945990,"minor_heap":4706127,"major_heap":3989275332,"promoted_words":35469,"promoted_pct":0.75},"domain_alloc_stats":{"0":{"total":3993945990,"minor":4706127,"promoted":35469,"major":3989275332,"promoted_pct":0.75}},"collections":{"minor":18661,"major":18660,"forced_major":0,"compactions":0}}
{"version":1,"wall_time":1.81,"cpu_time":1.81,"gc_time":0.2,"gc_overhead":11.12,"max_rss_kb":53792,"domain_stats":{"0":{"wall_time":1.81,"gc_time":0.2,"gc_overhead":11.12}},"mean_latency":0.007181,"stddev_latency":0.00529,"min_latency":0.0,"max_latency":0.070335,"distr_latency":{"25.0000":3.1e-05,"50.0000":0.009327,"60.0000":0.009983,"70.0000":0.010615,"75.0000":0.010743,"80.0000":0.011087,"85.0000":0.011575,"90.0000":0.012151,"95.0000":0.013951,"96.0000":0.014471,"97.0000":0.015015,"98.0000":0.015687,"99.0000":0.016591,"99.9000":0.019375,"99.9900":0.023839,"99.9990":0.070335,"99.9999":0.070335,"100.0000":0.070335},"allocations":{"total_heap":3993945990,"minor_heap":4706127,"major_heap":3989275332,"promoted_words":35469,"promoted_pct":0.75},"domain_alloc_stats":{"0":{"total":3993945990,"minor":4706127,"promoted":35469,"major":3989275332,"promoted_pct":0.75}},"collections":{"minor":18661,"major":18660,"forced_major":0,"compactions":0}}
{"version":1,"wall_time":1.8,"cpu_time":1.8,"gc_time":0.19,"gc_overhead":10.55,"max_rss_kb":54052,"domain_stats":{"0":{"wall_time":1.8,"gc_time":0.19,"gc_overhead":10.55}},"mean_latency":0.006773,"stddev_latency":0.005023,"min_latency":0.0,"max_latency":0.072319,"distr_latency":{"25.0000":3.1e-05,"50.0000":0.008655,"60.0000":0.009335,"70.0000":0.009967,"75.0000":0.010087,"80.0000":0.010543,"85.0000":0.010935,"90.0000":0.011703,"95.0000":0.013511,"96.0000":0.013943,"97.0000":0.014431,"98.0000":0.015071,"99.0000":0.015943,"99.9000":0.019023,"99.9900":0.025263,"99.9990":0.072319,"99.9999":0.072319,"100.0000":0.072319},"allocations":{"total_heap":3993945990,"minor_heap":4706127,"major_heap":3989275332,"promoted_words":35469,"promoted_pct":0.75},"domain_alloc_stats":{"0":{"total":3993945990,"minor":4706127,"promoted":35469,"major":3989275332,"promoted_pct":0.75}},"collections":{"minor":18661,"major":18660,"forced_major":0,"compactions":0}}
