{"version":1,"wall_time":4.17,"cpu_time":4.17,"gc_time":0.27,"gc_overhead":6.44,"max_rss_kb":27580,"domain_stats":{"0":{"wall_time":4.17,"gc_time":0.27,"gc_overhead":6.44}},"mean_latency":0.010512,"stddev_latency":0.01031,"min_latency":0.0,"max_latency":0.108607,"distr_latency":{"25.0000":0.000295,"50.0000":0.008895,"60.0000":0.012983,"70.0000":0.016783,"75.0000":0.018479,"80.0000":0.020255,"85.0000":0.022159,"90.0000":0.024255,"95.0000":0.027471,"96.0000":0.028415,"97.0000":0.030559,"98.0000":0.032639,"99.0000":0.035327,"99.9000":0.066367,"99.9900":0.100095,"99.9990":0.108607,"99.9999":0.108607,"100.0000":0.108607},"allocations":{"total_heap":1736432920,"minor_heap":1630351310,"major_heap":202658550,"promoted_words":96576940,"promoted_pct":5.92},"domain_alloc_stats":{"0":{"total":1736432920,"minor":1630351310,"promoted":96576940,"major":202658550,"promoted_pct":5.92}},"collections":{"minor":13743,"major":2492,"forced_major":0,"compactions":0}}
{"version":1,"wall_time":4.15,"cpu_time":4.15,"gc_time":0.27,"gc_overhead":6.48,"max_rss_kb":27712,"domain_stats":{"0":{"wall_time":4.15,"gc_time":0.27,"gc_overhead":6.48}},"mean_latency":0.01053,"stddev_latency":0.010328,"min_latency":0.0,"max_latency":0.109439,"distr_latency":{"25.0000":0.000287,"50.0000":0.008831,"60.0000":0.012967,"70.0000":0.016943,"75.0000":0.018543,"80.0000":0.020223,"85.0000":0.022223,"90.0000":0.024303,"95.0000":0.027535,"96.0000":0.028495,"97.0000":0.030527,"98.0000":0.032447,"99.0000":0.035263,"99.9000":0.065983,"99.9900":0.099903,"99.9990":0.109439,"99.9999":0.109439,"100.0000":0.109439},"allocations":{"total_heap":1736432920,"minor_heap":1630351310,"major_heap":202658550,"promoted_words":96576940,"promoted_pct":5.92},"domain_alloc_stats":{"0":{"total":1736432920,"minor":1630351310,"promoted":96576940,"major":202658550,"promoted_pct":5.92}},"collections":{"minor":13743,"major":2492,"forced_major":0,"compactions":0}}
{"version":1,"wall_time":4.18,"cpu_time":4.18,"gc_time":0.27,"gc_overhead":6.37,"max_rss_kb":27420,"domain_stats":{"0":{"wall_time":4.18,"gc_time":0.27,"gc_overhead":6.37}},"mean_latency":0.010428,"stddev_latency":0.010227,"min_latency":0.0,"max_latency":0.107263,"distr_latency":{"25.0000":0.000287,"50.0000":0.008743,"60.0000":0.012807,"70.0000":0.016719,"75.0000":0.018303,"80.0000":0.020079,"85.0000":0.022079,"90.0000":0.024095,"95.0000":0.027263,"96.0000":0.028319,"97.0000":0.030159,"98.0000":0.032191,"99.0000":0.035071,"99.9000":0.065727,"99.9900":0.098431,"99.9990":0.107263,"99.9999":0.107263,"100.0000":0.107263},"allocations":{"total_heap":1736432920,"minor_heap":1630351310,"major_heap":202658550,"promoted_words":96576940,"promoted_pct":5.92},"domain_alloc_stats":{"0":{"total":1736432920,"minor":1630351310,"promoted":96576940,"major":202658550,"promoted_pct":5.92}},"collections":{"minor":13743,"major":2492,"forced_major":0,"compactions":0}}
