{"version":1,"wall_time":3.16,"cpu_time":3.16,"gc_time":0.97,"gc_overhead":30.81,"max_rss_kb":1060716,"domain_stats":{"0":{"wall_time":3.16,"gc_time":0.97,"gc_overhead":30.81}},"mean_latency":0.096206,"stddev_latency":0.10119,"min_latency":0.0,"max_latency":4.739071,"distr_latency":{"25.0000":0.026399,"50.0000":0.094399,"60.0000":0.106559,"70.0000":0.117311,"75.0000":0.122175,"80.0000":0.133631,"85.0000":0.150655,"90.0000":0.173311,"95.0000":0.201727,"96.0000":0.218111,"97.0000":0.241279,"98.0000":0.307455,"99.0000":0.389119,"99.9000":0.781823,"99.9900":2.856959,"99.9990":4.739071,"99.9999":4.739071,"100.0000":4.739071},"allocations":{"total_heap":1329097387,"minor_heap":1326043898,"major_heap":151535864,"promoted_words":148482375,"promoted_pct":11.2},"domain_alloc_stats":{"0":{"total":1329097387,"minor":1326043898,"promoted":148482375,"major":151535864,"promoted_pct":11.2}},"collections":{"minor":5065,"major":10,"forced_major":0,"compactions":0}}
{"version":1,"wall_time":3.18,"cpu_time":3.18,"gc_time":0.97,"gc_overhead":30.38,"max_rss_kb":1051252,"domain_stats":{"0":{"wall_time":3.18,"gc_time":0.97,"gc_overhead":30.38}},"mean_latency":0.095376,"stddev_latency":0.101345,"min_latency":0.0,"max_latency":4.751359,"distr_latency":{"25.0000":0.026447,"50.0000":0.093055,"60.0000":0.105279,"70.0000":0.115391,"75.0000":0.120703,"80.0000":0.132863,"85.0000":0.149247,"90.0000":0.172415,"95.0000":0.201855,"96.0000":0.219007,"97.0000":0.241023,"98.0000":0.295423,"99.0000":0.387327,"99.9000":0.781311,"99.9900":2.863103,"99.9990":4.751359,"99.9999":4.751359,"100.0000":4.751359},"allocations":{"total_heap":1329097387,"minor_heap":1326043898,"major_heap":151535864,"promoted_words":148482375,"promoted_pct":11.2},"domain_alloc_stats":{"0":{"total":1329097387,"minor":1326043898,"promoted":148482375,"major":151535864,"promoted_pct":11.2}},"collections":{"minor":5065,"major":10,"forced_major":0,"compactions":0}}
{"version":1,"wall_time":3.17,"cpu_time":3.17,"gc_time":0.97,"gc_overhead":30.49,"max_rss_kb":1054384,"domain_stats":{"0":{"wall_time":3.17,"gc_time":0.97,"gc_overhead":30.49}},"mean_latency":0.095517,"stddev_latency":0.101074,"min_latency":0.0,"max_latency":4.734975,"distr_latency":{"25.0000":0.026111,"50.0000":0.093311,"60.0000":0.105087,"70.0000":0.115455,"75.0000":0.120831,"80.0000":0.131839,"85.0000":0.148991,"90.0000":0.172799,"95.0000":0.202751,"96.0000":0.220031,"97.0000":0.246399,"98.0000":0.309247,"99.0000":0.388095,"99.9000":0.763391,"99.9900":2.842623,"99.9990":4.734975,"99.9999":4.734975,"100.0000":4.734975},"allocations":{"total_heap":1329097387,"minor_heap":1326043898,"major_heap":151535864,"promoted_words":148482375,"promoted_pct":11.2},"domain_alloc_stats":{"0":{"total":1329097387,"minor":1326043898,"promoted":148482375,"major":151535864,"promoted_pct":11.2}},"collections":{"minor":5065,"major":10,"forced_major":0,"compactions":0}}
