{"version":1,"wall_time":3.28,"cpu_time":3.28,"gc_time":1.08,"gc_overhead":33.04,"max_rss_kb":996132,"domain_stats":{"0":{"wall_time":3.28,"gc_time":1.08,"gc_overhead":33.04}},"mean_latency":0.106916,"stddev_latency":0.079569,"min_latency":0.0,"max_latency":0.900607,"distr_latency":{"25.0000":0.040639,"50.0000":0.098111,"60.0000":0.112831,"70.0000":0.124223,"75.0000":0.142463,"80.0000":0.158335,"85.0000":0.179327,"90.0000":0.201471,"95.0000":0.251263,"96.0000":0.268799,"97.0000":0.292863,"98.0000":0.326399,"99.0000":0.376575,"99.9000":0.536063,"99.9900":0.839167,"99.9990":0.900607,"99.9999":0.900607,"100.0000":0.900607},"allocations":{"total_heap":1329097332,"minor_heap":1326043705,"major_heap":151546974,"promoted_words":148493347,"promoted_pct":11.2},"domain_alloc_stats":{"0":{"total":1329097332,"minor":1326043705,"promoted":148493347,"major":151546974,"promoted_pct":11.2}},"collections":{"minor":5066,"major":12,"forced_major":0,"compactions":0}}
{"version":1,"wall_time":3.3,"cpu_time":3.3,"gc_time":1.09,"gc_overhead":32.95,"max_rss_kb":990432,"domain_stats":{"0":{"wall_time":3.3,"gc_time":1.09,"gc_overhead":32.95}},"mean_latency":0.107476,"stddev_latency":0.079133,"min_latency":0.0,"max_latency":0.902143,"distr_latency":{"25.0000":0.040831,"50.0000":0.100031,"60.0000":0.114687,"70.0000":0.126399,"75.0000":0.141823,"80.0000":0.158207,"85.0000":0.178303,"90.0000":0.200959,"95.0000":0.250239,"96.0000":0.266751,"97.0000":0.293119,"98.0000":0.327935,"99.0000":0.367871,"99.9000":0.545791,"99.9900":0.816127,"99.9990":0.902143,"99.9999":0.902143,"100.0000":0.902143},"allocations":{"total_heap":1329097330,"minor_heap":1326043703,"major_heap":151546974,"promoted_words":148493347,"promoted_pct":11.2},"domain_alloc_stats":{"0":{"total":1329097330,"minor":1326043703,"promoted":148493347,"major":151546974,"promoted_pct":11.2}},"collections":{"minor":5066,"major":12,"forced_major":0,"compactions":0}}
{"version":1,"wall_time":3.32,"cpu_time":3.32,"gc_time":1.1,"gc_overhead":33.06,"max_rss_kb":989176,"domain_stats":{"0":{"wall_time":3.32,"gc_time":1.1,"gc_overhead":33.06}},"mean_latency":0.108221,"stddev_latency":0.078907,"min_latency":0.0,"max_latency":0.892415,"distr_latency":{"25.0000":0.042303,"50.0000":0.100991,"60.0000":0.115583,"70.0000":0.126719,"75.0000":0.142591,"80.0000":0.157823,"85.0000":0.179711,"90.0000":0.201343,"95.0000":0.251007,"96.0000":0.265727,"97.0000":0.289535,"98.0000":0.324863,"99.0000":0.372735,"99.9000":0.548863,"99.9900":0.811519,"99.9990":0.892415,"99.9999":0.892415,"100.0000":0.892415},"allocations":{"total_heap":1329097330,"minor_heap":1326043703,"major_heap":151546974,"promoted_words":148493347,"promoted_pct":11.2},"domain_alloc_stats":{"0":{"total":1329097330,"minor":1326043703,"promoted":148493347,"major":151546974,"promoted_pct":11.2}},"collections":{"minor":5066,"major":12,"forced_major":0,"compactions":0}}
