{"version":1,"wall_time":3.16,"cpu_time":3.16,"gc_time":0.9,"gc_overhead":28.43,"max_rss_kb":349188,"domain_stats":{"0":{"wall_time":3.16,"gc_time":0.9,"gc_overhead":28.43}},"mean_latency":0.196818,"stddev_latency":0.343848,"min_latency":0.0,"max_latency":8.126463,"distr_latency":{"25.0000":0.021503,"50.0000":0.086719,"60.0000":0.133887,"70.0000":0.185855,"75.0000":0.234623,"80.0000":0.297727,"85.0000":0.378367,"90.0000":0.494079,"95.0000":0.681983,"96.0000":0.761343,"97.0000":0.864767,"98.0000":1.240063,"99.0000":1.754111,"99.9000":3.119103,"99.9900":8.126463,"99.9990":8.126463,"99.9999":8.126463,"100.0000":8.126463},"allocations":{"total_heap":606050719,"minor_heap":583677676,"major_heap":161752073,"promoted_words":139379030,"promoted_pct":23.88},"domain_alloc_stats":{"0":{"total":606050719,"minor":583677676,"promoted":139379030,"major":161752073,"promoted_pct":23.88}},"collections":{"minor":2260,"major":28,"forced_major":0,"compactions":0}}
{"version":1,"wall_time":3.16,"cpu_time":3.16,"gc_time":0.91,"gc_overhead":28.61,"max_rss_kb":349196,"domain_stats":{"0":{"wall_time":3.16,"gc_time":0.91,"gc_overhead":28.61}},"mean_latency":0.198372,"stddev_latency":0.349005,"min_latency":0.0,"max_latency":8.536063,"distr_latency":{"25.0000":0.021151,"50.0000":0.086463,"60.0000":0.134015,"70.0000":0.188927,"75.0000":0.239615,"80.0000":0.303103,"85.0000":0.384255,"90.0000":0.496127,"95.0000":0.689663,"96.0000":0.765439,"97.0000":0.884223,"98.0000":1.231871,"99.0000":1.769471,"99.9000":3.180543,"99.9900":8.536063,"99.9990":8.536063,"99.9999":8.536063,"100.0000":8.536063},"allocations":{"total_heap":606050719,"minor_heap":583677676,"major_heap":161752073,"promoted_words":139379030,"promoted_pct":23.88},"domain_alloc_stats":{"0":{"total":606050719,"minor":583677676,"promoted":139379030,"major":161752073,"promoted_pct":23.88}},"collections":{"minor":2260,"major":28,"forced_major":0,"compactions":0}}
{"version":1,"wall_time":3.14,"cpu_time":3.14,"gc_time":0.91,"gc_overhead":28.85,"max_rss_kb":349080,"domain_stats":{"0":{"wall_time":3.14,"gc_time":0.91,"gc_overhead":28.85}},"mean_latency":0.198795,"stddev_latency":0.351075,"min_latency":0.0,"max_latency":8.421375,"distr_latency":{"25.0000":0.021247,"50.0000":0.087871,"60.0000":0.133375,"70.0000":0.185343,"75.0000":0.236159,"80.0000":0.301311,"85.0000":0.387071,"90.0000":0.499967,"95.0000":0.679423,"96.0000":0.775167,"97.0000":0.895999,"98.0000":1.236991,"99.0000":1.791999,"99.9000":3.239935,"99.9900":8.421375,"99.9990":8.421375,"99.9999":8.421375,"100.0000":8.421375},"allocations":{"total_heap":606050719,"minor_heap":583677676,"major_heap":161752073,"promoted_words":139379030,"promoted_pct":23.88},"domain_alloc_stats":{"0":{"total":606050719,"minor":583677676,"promoted":139379030,"major":161752073,"promoted_pct":23.88}},"collections":{"minor":2260,"major":28,"forced_major":0,"compactions":0}}
