{"version":1,"wall_time":3.37,"cpu_time":3.37,"gc_time":3.01,"gc_overhead":89.47,"max_rss_kb":192960,"domain_stats":{"0":{"wall_time":3.37,"gc_time":3.01,"gc_overhead":89.47}},"mean_latency":0.251079,"stddev_latency":0.388976,"min_latency":0.0,"max_latency":3.330047,"distr_latency":{"25.0000":0.000287,"50.0000":0.000295,"60.0000":0.010231,"70.0000":0.260991,"75.0000":0.491007,"80.0000":0.769023,"85.0000":0.952319,"90.0000":0.958463,"95.0000":0.964095,"96.0000":0.965631,"97.0000":0.967167,"98.0000":0.969215,"99.0000":0.976895,"99.9000":1.647615,"99.9900":2.824191,"99.9990":3.330047,"99.9999":3.330047,"100.0000":3.330047},"allocations":{"total_heap":14037941,"minor_heap":300674,"major_heap":13737835,"promoted_words":568,"promoted_pct":0.19},"domain_alloc_stats":{"0":{"total":14037941,"minor":300674,"promoted":568,"major":13737835,"promoted_pct":0.19}},"collections":{"minor":1050,"major":1050,"forced_major":0,"compactions":0}}
{"version":1,"wall_time":3.37,"cpu_time":3.37,"gc_time":3.02,"gc_overhead":89.44,"max_rss_kb":192708,"domain_stats":{"0":{"wall_time":3.37,"gc_time":3.02,"gc_overhead":89.44}},"mean_latency":0.251607,"stddev_latency":0.389852,"min_latency":0.0,"max_latency":3.848191,"distr_latency":{"25.0000":0.000287,"50.0000":0.000303,"60.0000":0.010471,"70.0000":0.272383,"75.0000":0.492799,"80.0000":0.772095,"85.0000":0.951295,"90.0000":0.957951,"95.0000":0.963583,"96.0000":0.965119,"97.0000":0.967167,"98.0000":0.969727,"99.0000":0.978431,"99.9000":1.646591,"99.9900":2.828287,"99.9990":3.848191,"99.9999":3.848191,"100.0000":3.848191},"allocations":{"total_heap":14037941,"minor_heap":300674,"major_heap":13737835,"promoted_words":568,"promoted_pct":0.19},"domain_alloc_stats":{"0":{"total":14037941,"minor":300674,"promoted":568,"major":13737835,"promoted_pct":0.19}},"collections":{"minor":1050,"major":1050,"forced_major":0,"compactions":0}}
{"version":1,"wall_time":3.38,"cpu_time":3.38,"gc_time":3.02,"gc_overhead":89.32,"max_rss_kb":192872,"domain_stats":{"0":{"wall_time":3.38,"gc_time":3.02,"gc_overhead":89.32}},"mean_latency":0.251583,"stddev_latency":0.389449,"min_latency":0.0,"max_latency":2.895871,"distr_latency":{"25.0000":0.000287,"50.0000":0.000303,"60.0000":0.010255,"70.0000":0.275711,"75.0000":0.494079,"80.0000":0.772607,"85.0000":0.949247,"90.0000":0.955903,"95.0000":0.962047,"96.0000":0.963583,"97.0000":0.965119,"98.0000":0.967679,"99.0000":0.982527,"99.9000":1.650687,"99.9900":2.809855,"99.9990":2.895871,"99.9999":2.895871,"100.0000":2.895871},"allocations":{"total_heap":14037941,"minor_heap":300674,"major_heap":13737835,"promoted_words":568,"promoted_pct":0.19},"domain_alloc_stats":{"0":{"total":14037941,"minor":300674,"promoted":568,"major":13737835,"promoted_pct":0.19}},"collections":{"minor":1050,"major":1050,"forced_major":0,"compactions":0}}
