{"version":1,"wall_time":4.24,"cpu_time":4.24,"gc_time":1.6,"gc_overhead":37.8,"max_rss_kb":268744,"domain_stats":{"0":{"wall_time":4.24,"gc_time":1.6,"gc_overhead":37.8}},"mean_latency":0.239016,"stddev_latency":0.386128,"min_latency":0.0,"max_latency":3.500031,"distr_latency":{"25.0000":0.047007,"50.0000":0.098367,"60.0000":0.168447,"70.0000":0.226815,"75.0000":0.260223,"80.0000":0.295167,"85.0000":0.349951,"90.0000":0.484607,"95.0000":0.994815,"96.0000":1.204223,"97.0000":1.487871,"98.0000":1.777663,"99.0000":1.874943,"99.9000":2.695167,"99.9900":3.420159,"99.9990":3.500031,"99.9999":3.500031,"100.0000":3.500031},"allocations":{"total_heap":434232134,"minor_heap":418244872,"major_heap":153527101,"promoted_words":137539839,"promoted_pct":32.89},"domain_alloc_stats":{"0":{"total":434232134,"minor":418244872,"promoted":137539839,"major":153527101,"promoted_pct":32.89}},"collections":{"minor":3268,"major":93,"forced_major":0,"compactions":0}}
{"version":1,"wall_time":4.24,"cpu_time":4.24,"gc_time":1.61,"gc_overhead":37.95,"max_rss_kb":268620,"domain_stats":{"0":{"wall_time":4.24,"gc_time":1.61,"gc_overhead":37.95}},"mean_latency":0.240094,"stddev_latency":0.389593,"min_latency":0.0,"max_latency":3.575807,"distr_latency":{"25.0000":0.047199,"50.0000":0.098367,"60.0000":0.168319,"70.0000":0.227455,"75.0000":0.260735,"80.0000":0.295935,"85.0000":0.351487,"90.0000":0.483327,"95.0000":1.019903,"96.0000":1.212415,"97.0000":1.504255,"98.0000":1.791999,"99.0000":1.915903,"99.9000":2.678783,"99.9900":3.502079,"99.9990":3.575807,"99.9999":3.575807,"100.0000":3.575807},"allocations":{"total_heap":434232134,"minor_heap":418244872,"major_heap":153527101,"promoted_words":137539839,"promoted_pct":32.89},"domain_alloc_stats":{"0":{"total":434232134,"minor":418244872,"promoted":137539839,"major":153527101,"promoted_pct":32.89}},"collections":{"minor":3268,"major":93,"forced_major":0,"compactions":0}}
{"version":1,"wall_time":4.22,"cpu_time":4.22,"gc_time":1.6,"gc_overhead":37.94,"max_rss_kb":268168,"domain_stats":{"0":{"wall_time":4.22,"gc_time":1.6,"gc_overhead":37.94}},"mean_latency":0.238958,"stddev_latency":0.387896,"min_latency":0.0,"max_latency":3.518463,"distr_latency":{"25.0000":0.046847,"50.0000":0.097663,"60.0000":0.167167,"70.0000":0.225407,"75.0000":0.259455,"80.0000":0.294399,"85.0000":0.351231,"90.0000":0.492799,"95.0000":1.001983,"96.0000":1.216511,"97.0000":1.500159,"98.0000":1.789951,"99.0000":1.883135,"99.9000":2.658303,"99.9900":3.442687,"99.9990":3.518463,"99.9999":3.518463,"100.0000":3.518463},"allocations":{"total_heap":434232134,"minor_heap":418244872,"major_heap":153527101,"promoted_words":137539839,"promoted_pct":32.89},"domain_alloc_stats":{"0":{"total":434232134,"minor":418244872,"promoted":137539839,"major":153527101,"promoted_pct":32.89}},"collections":{"minor":3268,"major":93,"forced_major":0,"compactions":0}}
