{"version":1,"wall_time":3.07,"cpu_time":3.07,"gc_time":2.8,"gc_overhead":91.01,"max_rss_kb":199568,"domain_stats":{"0":{"wall_time":3.07,"gc_time":2.8,"gc_overhead":91.01}},"mean_latency":0.23302,"stddev_latency":0.365874,"min_latency":0.0,"max_latency":2.885631,"distr_latency":{"25.0000":0.000287,"50.0000":0.000303,"60.0000":0.009951,"70.0000":0.234879,"75.0000":0.468991,"80.0000":0.740351,"85.0000":0.888831,"90.0000":0.893951,"95.0000":0.899583,"96.0000":0.901119,"97.0000":0.902655,"98.0000":0.904703,"99.0000":0.909311,"99.9000":1.540095,"99.9900":2.779135,"99.9990":2.885631,"99.9999":2.885631,"100.0000":2.885631},"allocations":{"total_heap":14037841,"minor_heap":300574,"major_heap":13737835,"promoted_words":568,"promoted_pct":0.19},"domain_alloc_stats":{"0":{"total":14037841,"minor":300574,"promoted":568,"major":13737835,"promoted_pct":0.19}},"collections":{"minor":981,"major":981,"forced_major":0,"compactions":0}}
{"version":1,"wall_time":3.07,"cpu_time":3.07,"gc_time":2.8,"gc_overhead":90.91,"max_rss_kb":199376,"domain_stats":{"0":{"wall_time":3.07,"gc_time":2.8,"gc_overhead":90.91}},"mean_latency":0.23303,"stddev_latency":0.365758,"min_latency":0.0,"max_latency":3.143679,"distr_latency":{"25.0000":0.000287,"50.0000":0.000295,"60.0000":0.010015,"70.0000":0.232831,"75.0000":0.465151,"80.0000":0.740863,"85.0000":0.888831,"90.0000":0.894975,"95.0000":0.900607,"96.0000":0.902143,"97.0000":0.904191,"98.0000":0.906239,"99.0000":0.911871,"99.9000":1.538047,"99.9900":2.856959,"99.9990":3.143679,"99.9999":3.143679,"100.0000":3.143679},"allocations":{"total_heap":14037841,"minor_heap":300574,"major_heap":13737835,"promoted_words":568,"promoted_pct":0.19},"domain_alloc_stats":{"0":{"total":14037841,"minor":300574,"promoted":568,"major":13737835,"promoted_pct":0.19}},"collections":{"minor":981,"major":981,"forced_major":0,"compactions":0}}
{"version":1,"wall_time":3.09,"cpu_time":3.09,"gc_time":2.81,"gc_overhead":91.0,"max_rss_kb":199616,"domain_stats":{"0":{"wall_time":3.09,"gc_time":2.81,"gc_overhead":91.0}},"mean_latency":0.234649,"stddev_latency":0.369305,"min_latency":0.0,"max_latency":3.237887,"distr_latency":{"25.0000":0.000287,"50.0000":0.000295,"60.0000":0.009975,"70.0000":0.231551,"75.0000":0.467711,"80.0000":0.748031,"85.0000":0.892927,"90.0000":0.899071,"95.0000":0.904703,"96.0000":0.906239,"97.0000":0.907775,"98.0000":0.910335,"99.0000":0.916479,"99.9000":1.545215,"99.9900":2.836479,"99.9990":3.237887,"99.9999":3.237887,"100.0000":3.237887},"allocations":{"total_heap":14037841,"minor_heap":300574,"major_heap":13737835,"promoted_words":568,"promoted_pct":0.19},"domain_alloc_stats":{"0":{"total":14037841,"minor":300574,"promoted":568,"major":13737835,"promoted_pct":0.19}},"collections":{"minor":981,"major":981,"forced_major":0,"compactions":0}}
