{"version":1,"wall_time":2.03,"cpu_time":2.03,"gc_time":0.6,"gc_overhead":29.64,"max_rss_kb":496892,"domain_stats":{"0":{"wall_time":2.03,"gc_time":0.6,"gc_overhead":29.64}},"mean_latency":2.237472,"stddev_latency":2.179809,"min_latency":0.0,"max_latency":13.688831,"distr_latency":{"25.0000":0.612351,"50.0000":1.447935,"60.0000":1.895423,"70.0000":2.951167,"75.0000":3.434495,"80.0000":3.870719,"85.0000":4.386815,"90.0000":5.103615,"95.0000":6.586367,"96.0000":6.795263,"97.0000":7.008255,"98.0000":8.060927,"99.0000":8.749055,"99.9000":13.688831,"99.9900":13.688831,"99.9990":13.688831,"99.9999":13.688831,"100.0000":13.688831},"allocations":{"total_heap":277510643,"minor_heap":264263451,"major_heap":91874570,"promoted_words":78627378,"promoted_pct":29.75},"domain_alloc_stats":{"0":{"total":277510643,"minor":264263451,"promoted":78627378,"major":91874570,"promoted_pct":29.75}},"collections":{"minor":136,"major":18,"forced_major":0,"compactions":0}}
{"version":1,"wall_time":2.03,"cpu_time":2.03,"gc_time":0.61,"gc_overhead":29.86,"max_rss_kb":496872,"domain_stats":{"0":{"wall_time":2.03,"gc_time":0.61,"gc_overhead":29.86}},"mean_latency":2.249884,"stddev_latency":2.190724,"min_latency":0.0,"max_latency":13.672447,"distr_latency":{"25.0000":0.624127,"50.0000":1.418239,"60.0000":1.842175,"70.0000":2.924543,"75.0000":3.604479,"80.0000":3.973119,"85.0000":4.444159,"90.0000":5.201919,"95.0000":6.524927,"96.0000":6.811647,"97.0000":6.995967,"98.0000":7.933951,"99.0000":8.781823,"99.9000":13.672447,"99.9900":13.672447,"99.9990":13.672447,"99.9999":13.672447,"100.0000":13.672447},"allocations":{"total_heap":277510643,"minor_heap":264263451,"major_heap":91874570,"promoted_words":78627378,"promoted_pct":29.75},"domain_alloc_stats":{"0":{"total":277510643,"minor":264263451,"promoted":78627378,"major":91874570,"promoted_pct":29.75}},"collections":{"minor":136,"major":18,"forced_major":0,"compactions":0}}
{"version":1,"wall_time":2.03,"cpu_time":2.03,"gc_time":0.61,"gc_overhead":29.91,"max_rss_kb":496832,"domain_stats":{"0":{"wall_time":2.03,"gc_time":0.61,"gc_overhead":29.91}},"mean_latency":2.253247,"stddev_latency":2.210514,"min_latency":0.0,"max_latency":13.893631,"distr_latency":{"25.0000":0.623615,"50.0000":1.420287,"60.0000":1.844223,"70.0000":2.996223,"75.0000":3.463167,"80.0000":3.979263,"85.0000":4.530175,"90.0000":5.238783,"95.0000":6.610943,"96.0000":6.848511,"97.0000":7.032831,"98.0000":8.249343,"99.0000":8.806399,"99.9000":13.893631,"99.9900":13.893631,"99.9990":13.893631,"99.9999":13.893631,"100.0000":13.893631},"allocations":{"total_heap":277510643,"minor_heap":264263451,"major_heap":91874570,"promoted_words":78627378,"promoted_pct":29.75},"domain_alloc_stats":{"0":{"total":277510643,"minor":264263451,"promoted":78627378,"major":91874570,"promoted_pct":29.75}},"collections":{"minor":136,"major":18,"forced_major":0,"compactions":0}}
