{"version":1,"wall_time":2.71,"cpu_time":2.71,"gc_time":0.99,"gc_overhead":36.42,"max_rss_kb":171852,"domain_stats":{"0":{"wall_time":2.71,"gc_time":0.99,"gc_overhead":36.42}},"mean_latency":0.004933,"stddev_latency":0.003724,"min_latency":0.0,"max_latency":0.061983,"distr_latency":{"25.0000":3.1e-05,"50.0000":0.006951,"60.0000":0.007183,"70.0000":0.007447,"75.0000":0.007591,"80.0000":0.007727,"85.0000":0.007967,"90.0000":0.008287,"95.0000":0.009431,"96.0000":0.009863,"97.0000":0.010391,"98.0000":0.011047,"99.0000":0.011983,"99.9000":0.015015,"99.9900":0.017967,"99.9990":0.026607,"99.9999":0.061983,"100.0000":0.061983},"allocations":{"total_heap":3994359311,"minor_heap":4706222,"major_heap":3989907106,"promoted_words":254017,"promoted_pct":5.4},"domain_alloc_stats":{"0":{"total":3994359311,"minor":4706222,"promoted":254017,"major":3989907106,"promoted_pct":5.4}},"collections":{"minor":126359,"major":126349,"forced_major":0,"compactions":0}}
{"version":1,"wall_time":2.96,"cpu_time":2.96,"gc_time":1.24,"gc_overhead":41.74,"max_rss_kb":174876,"domain_stats":{"0":{"wall_time":2.96,"gc_time":1.24,"gc_overhead":41.74}},"mean_latency":0.006184,"stddev_latency":0.004615,"min_latency":0.0,"max_latency":0.065983,"distr_latency":{"25.0000":3.1e-05,"50.0000":0.008983,"60.0000":0.009167,"70.0000":0.009375,"75.0000":0.009543,"80.0000":0.009743,"85.0000":0.009967,"90.0000":0.010255,"95.0000":0.011367,"96.0000":0.011783,"97.0000":0.012343,"98.0000":0.013007,"99.0000":0.013983,"99.9000":0.016991,"99.9900":0.022671,"99.9990":0.028031,"99.9999":0.065983,"100.0000":0.065983},"allocations":{"total_heap":3994359311,"minor_heap":4706222,"major_heap":3989907106,"promoted_words":254017,"promoted_pct":5.4},"domain_alloc_stats":{"0":{"total":3994359311,"minor":4706222,"promoted":254017,"major":3989907106,"promoted_pct":5.4}},"collections":{"minor":126359,"major":126349,"forced_major":0,"compactions":0}}
{"version":1,"wall_time":2.98,"cpu_time":2.98,"gc_time":1.24,"gc_overhead":41.75,"max_rss_kb":173980,"domain_stats":{"0":{"wall_time":2.98,"gc_time":1.24,"gc_overhead":41.75}},"mean_latency":0.006214,"stddev_latency":0.004648,"min_latency":0.0,"max_latency":0.103807,"distr_latency":{"25.0000":3.1e-05,"50.0000":0.009007,"60.0000":0.009207,"70.0000":0.009423,"75.0000":0.009591,"80.0000":0.009791,"85.0000":0.010023,"90.0000":0.010311,"95.0000":0.011471,"96.0000":0.011927,"97.0000":0.012511,"98.0000":0.013175,"99.0000":0.014167,"99.9000":0.017119,"99.9900":0.020703,"99.9990":0.030015,"99.9999":0.103807,"100.0000":0.103807},"allocations":{"total_heap":3994359311,"minor_heap":4706222,"major_heap":3989907106,"promoted_words":254017,"promoted_pct":5.4},"domain_alloc_stats":{"0":{"total":3994359311,"minor":4706222,"promoted":254017,"major":3989907106,"promoted_pct":5.4}},"collections":{"minor":126359,"major":126349,"forced_major":0,"compactions":0}}
