{"version":1,"wall_time":4.77,"cpu_time":4.77,"gc_time":1.87,"gc_overhead":39.16,"max_rss_kb":1129032,"domain_stats":{"0":{"wall_time":4.77,"gc_time":1.87,"gc_overhead":39.16}},"mean_latency":0.672031,"stddev_latency":0.90338,"min_latency":0.0,"max_latency":15.015935,"distr_latency":{"25.0000":0.196735,"50.0000":0.555007,"60.0000":0.599039,"70.0000":0.799231,"75.0000":0.821247,"80.0000":0.859135,"85.0000":0.907263,"90.0000":1.065983,"95.0000":1.929215,"96.0000":2.215935,"97.0000":2.437119,"98.0000":2.758655,"99.0000":4.550655,"99.9000":11.395071,"99.9900":15.015935,"99.9990":15.015935,"99.9999":15.015935,"100.0000":15.015935},"allocations":{"total_heap":2912087103,"minor_heap":2899486743,"major_heap":362945735,"promoted_words":350345375,"promoted_pct":12.08},"domain_alloc_stats":{"0":{"total":2912087103,"minor":2899486743,"promoted":350345375,"major":362945735,"promoted_pct":12.08}},"collections":{"minor":1394,"major":20,"forced_major":0,"compactions":0}}
{"version":1,"wall_time":4.73,"cpu_time":4.73,"gc_time":1.85,"gc_overhead":39.06,"max_rss_kb":1129008,"domain_stats":{"0":{"wall_time":4.73,"gc_time":1.85,"gc_overhead":39.06}},"mean_latency":0.664942,"stddev_latency":0.904721,"min_latency":0.0,"max_latency":15.147007,"distr_latency":{"25.0000":0.194687,"50.0000":0.538111,"60.0000":0.585215,"70.0000":0.785407,"75.0000":0.811007,"80.0000":0.854015,"85.0000":0.897023,"90.0000":1.065983,"95.0000":1.881087,"96.0000":2.222079,"97.0000":2.418687,"98.0000":2.736127,"99.0000":4.558847,"99.9000":11.419647,"99.9900":15.147007,"99.9990":15.147007,"99.9999":15.147007,"100.0000":15.147007},"allocations":{"total_heap":2912087103,"minor_heap":2899486743,"major_heap":362945735,"promoted_words":350345375,"promoted_pct":12.08},"domain_alloc_stats":{"0":{"total":2912087103,"minor":2899486743,"promoted":350345375,"major":362945735,"promoted_pct":12.08}},"collections":{"minor":1394,"major":20,"forced_major":0,"compactions":0}}
{"version":1,"wall_time":4.75,"cpu_time":4.75,"gc_time":1.84,"gc_overhead":38.84,"max_rss_kb":1129028,"domain_stats":{"0":{"wall_time":4.75,"gc_time":1.84,"gc_overhead":38.84}},"mean_latency":0.6632,"stddev_latency":0.905196,"min_latency":0.0,"max_latency":15.147007,"distr_latency":{"25.0000":0.194943,"50.0000":0.537087,"60.0000":0.583167,"70.0000":0.786943,"75.0000":0.807935,"80.0000":0.845823,"85.0000":0.892415,"90.0000":1.064959,"95.0000":1.881087,"96.0000":2.203647,"97.0000":2.416639,"98.0000":2.760703,"99.0000":4.562943,"99.9000":11.542527,"99.9900":15.147007,"99.9990":15.147007,"99.9999":15.147007,"100.0000":15.147007},"allocations":{"total_heap":2912087103,"minor_heap":2899486743,"major_heap":362945735,"promoted_words":350345375,"promoted_pct":12.08},"domain_alloc_stats":{"0":{"total":2912087103,"minor":2899486743,"promoted":350345375,"major":362945735,"promoted_pct":12.08}},"collections":{"minor":1394,"major":20,"forced_major":0,"compactions":0}}
