{"version":1,"wall_time":13.75,"cpu_time":13.75,"gc_time":3.25,"gc_overhead":23.63,"max_rss_kb":399360,"domain_stats":{"0":{"wall_time":13.75,"gc_time":3.25,"gc_overhead":23.63}},"mean_latency":0.698038,"stddev_latency":1.700052,"min_latency":0.0,"max_latency":30.048255,"distr_latency":{"25.0000":0.066751,"50.0000":0.167679,"60.0000":0.257023,"70.0000":0.379391,"75.0000":0.461823,"80.0000":0.577023,"85.0000":0.924671,"90.0000":2.081791,"95.0000":3.217407,"96.0000":3.733503,"97.0000":4.702207,"98.0000":6.070271,"99.0000":7.921663,"99.9000":15.949823,"99.9900":30.048255,"99.9990":30.048255,"99.9999":30.048255,"100.0000":30.048255},"allocations":{"total_heap":2410430406,"minor_heap":2361726195,"major_heap":293735907,"promoted_words":245031696,"promoted_pct":10.38},"domain_alloc_stats":{"0":{"total":2410430406,"minor":2361726195,"promoted":245031696,"major":293735907,"promoted_pct":10.38}},"collections":{"minor":2313,"major":83,"forced_major":0,"compactions":0}}
{"version":1,"wall_time":13.71,"cpu_time":13.71,"gc_time":3.23,"gc_overhead":23.53,"max_rss_kb":399472,"domain_stats":{"0":{"wall_time":13.71,"gc_time":3.23,"gc_overhead":23.53}},"mean_latency":0.693119,"stddev_latency":1.695812,"min_latency":0.0,"max_latency":29.900799,"distr_latency":{"25.0000":0.066111,"50.0000":0.165375,"60.0000":0.256255,"70.0000":0.375551,"75.0000":0.463103,"80.0000":0.574975,"85.0000":0.929791,"90.0000":2.060287,"95.0000":3.194879,"96.0000":3.725311,"97.0000":4.722687,"98.0000":6.086655,"99.0000":7.847935,"99.9000":16.130047,"99.9900":29.900799,"99.9990":29.900799,"99.9999":29.900799,"100.0000":29.900799},"allocations":{"total_heap":2410430406,"minor_heap":2361726195,"major_heap":293735907,"promoted_words":245031696,"promoted_pct":10.38},"domain_alloc_stats":{"0":{"total":2410430406,"minor":2361726195,"promoted":245031696,"major":293735907,"promoted_pct":10.38}},"collections":{"minor":2313,"major":83,"forced_major":0,"compactions":0}}
{"version":1,"wall_time":13.71,"cpu_time":13.71,"gc_time":3.25,"gc_overhead":23.71,"max_rss_kb":399496,"domain_stats":{"0":{"wall_time":13.71,"gc_time":3.25,"gc_overhead":23.71}},"mean_latency":0.698324,"stddev_latency":1.715237,"min_latency":0.0,"max_latency":31.031295,"distr_latency":{"25.0000":0.065791,"50.0000":0.166527,"60.0000":0.257407,"70.0000":0.378111,"75.0000":0.468223,"80.0000":0.579583,"85.0000":0.928255,"90.0000":2.039807,"95.0000":3.184639,"96.0000":3.713023,"97.0000":4.718591,"98.0000":6.152191,"99.0000":7.999487,"99.9000":16.326655,"99.9900":31.031295,"99.9990":31.031295,"99.9999":31.031295,"100.0000":31.031295},"allocations":{"total_heap":2410430406,"minor_heap":2361726195,"major_heap":293735907,"promoted_words":245031696,"promoted_pct":10.38},"domain_alloc_stats":{"0":{"total":2410430406,"minor":2361726195,"promoted":245031696,"major":293735907,"promoted_pct":10.38}},"collections":{"minor":2313,"major":83,"forced_major":0,"compactions":0}}
