{"version":1,"wall_time":3.19,"cpu_time":3.19,"gc_time":2.92,"gc_overhead":91.6,"max_rss_kb":112444,"domain_stats":{"0":{"wall_time":3.19,"gc_time":2.92,"gc_overhead":91.6}},"mean_latency":0.193858,"stddev_latency":0.434236,"min_latency":0.0,"max_latency":4.147199,"distr_latency":{"25.0000":3.1e-05,"50.0000":0.000303,"60.0000":0.000375,"70.0000":0.003967,"75.0000":0.007543,"80.0000":0.024127,"85.0000":0.722943,"90.0000":0.953343,"95.0000":1.228799,"96.0000":1.354751,"97.0000":1.482751,"98.0000":1.609727,"99.0000":1.731583,"99.9000":1.854463,"99.9900":2.574335,"99.9990":4.147199,"99.9999":4.147199,"100.0000":4.147199},"allocations":{"total_heap":13497982,"minor_heap":120736,"major_heap":13377826,"promoted_words":580,"promoted_pct":0.48},"domain_alloc_stats":{"0":{"total":13497982,"minor":120736,"promoted":580,"major":13377826,"promoted_pct":0.48}},"collections":{"minor":2099,"major":1049,"forced_major":0,"compactions":0}}
{"version":1,"wall_time":3.23,"cpu_time":3.23,"gc_time":2.96,"gc_overhead":91.67,"max_rss_kb":112552,"domain_stats":{"0":{"wall_time":3.23,"gc_time":2.96,"gc_overhead":91.67}},"mean_latency":0.19612,"stddev_latency":0.440216,"min_latency":0.0,"max_latency":3.782655,"distr_latency":{"25.0000":5.5e-05,"50.0000":0.000303,"60.0000":0.000343,"70.0000":0.003887,"75.0000":0.007111,"80.0000":0.023647,"85.0000":0.733183,"90.0000":0.953855,"95.0000":1.253375,"96.0000":1.375231,"97.0000":1.500159,"98.0000":1.631231,"99.0000":1.746943,"99.9000":2.154495,"99.9900":2.615295,"99.9990":3.782655,"99.9999":3.782655,"100.0000":3.782655},"allocations":{"total_heap":13497982,"minor_heap":120736,"major_heap":13377826,"promoted_words":580,"promoted_pct":0.48},"domain_alloc_stats":{"0":{"total":13497982,"minor":120736,"promoted":580,"major":13377826,"promoted_pct":0.48}},"collections":{"minor":2099,"major":1049,"forced_major":0,"compactions":0}}
{"version":1,"wall_time":3.18,"cpu_time":3.18,"gc_time":2.91,"gc_overhead":91.59,"max_rss_kb":112516,"domain_stats":{"0":{"wall_time":3.18,"gc_time":2.91,"gc_overhead":91.59}},"mean_latency":0.193141,"stddev_latency":0.433768,"min_latency":0.0,"max_latency":3.059711,"distr_latency":{"25.0000":3.1e-05,"50.0000":0.000303,"60.0000":0.000351,"70.0000":0.003975,"75.0000":0.006951,"80.0000":0.023711,"85.0000":0.714751,"90.0000":0.939007,"95.0000":1.239039,"96.0000":1.364991,"97.0000":1.488895,"98.0000":1.619967,"99.0000":1.736703,"99.9000":1.941503,"99.9900":2.693119,"99.9990":3.059711,"99.9999":3.059711,"100.0000":3.059711},"allocations":{"total_heap":13497982,"minor_heap":120736,"major_heap":13377826,"promoted_words":580,"promoted_pct":0.48},"domain_alloc_stats":{"0":{"total":13497982,"minor":120736,"promoted":580,"major":13377826,"promoted_pct":0.48}},"collections":{"minor":2099,"major":1049,"forced_major":0,"compactions":0}}
