{"version":1,"wall_time":2.56,"cpu_time":2.56,"gc_time":2.53,"gc_overhead":98.91,"max_rss_kb":111528,"domain_stats":{"0":{"wall_time":2.56,"gc_time":2.53,"gc_overhead":98.91}},"mean_latency":0.21096,"stddev_latency":0.33852,"min_latency":0.0,"max_latency":3.059711,"distr_latency":{"25.0000":0.000287,"50.0000":0.000295,"60.0000":0.005623,"70.0000":0.143103,"75.0000":0.419071,"80.0000":0.695295,"85.0000":0.816639,"90.0000":0.823807,"95.0000":0.829439,"96.0000":0.830975,"97.0000":0.833023,"98.0000":0.836607,"99.0000":0.844287,"99.9000":1.411071,"99.9900":1.418239,"99.9990":3.059711,"99.9999":3.059711,"100.0000":3.059711},"allocations":{"total_heap":14037841,"minor_heap":300574,"major_heap":13737835,"promoted_words":568,"promoted_pct":0.19},"domain_alloc_stats":{"0":{"total":14037841,"minor":300574,"promoted":568,"major":13737835,"promoted_pct":0.19}},"collections":{"minor":899,"major":899,"forced_major":0,"compactions":0}}
{"version":1,"wall_time":2.53,"cpu_time":2.53,"gc_time":2.51,"gc_overhead":98.89,"max_rss_kb":111404,"domain_stats":{"0":{"wall_time":2.53,"gc_time":2.51,"gc_overhead":98.89}},"mean_latency":0.208943,"stddev_latency":0.335455,"min_latency":0.0,"max_latency":3.932159,"distr_latency":{"25.0000":0.000287,"50.0000":0.000295,"60.0000":0.005663,"70.0000":0.143999,"75.0000":0.413695,"80.0000":0.687615,"85.0000":0.809983,"90.0000":0.817663,"95.0000":0.823295,"96.0000":0.824831,"97.0000":0.826367,"98.0000":0.828415,"99.0000":0.831999,"99.9000":1.409023,"99.9900":1.434623,"99.9990":3.932159,"99.9999":3.932159,"100.0000":3.932159},"allocations":{"total_heap":14037841,"minor_heap":300574,"major_heap":13737835,"promoted_words":568,"promoted_pct":0.19},"domain_alloc_stats":{"0":{"total":14037841,"minor":300574,"promoted":568,"major":13737835,"promoted_pct":0.19}},"collections":{"minor":899,"major":899,"forced_major":0,"compactions":0}}
{"version":1,"wall_time":2.54,"cpu_time":2.54,"gc_time":2.51,"gc_overhead":98.89,"max_rss_kb":111492,"domain_stats":{"0":{"wall_time":2.54,"gc_time":2.51,"gc_overhead":98.89}},"mean_latency":0.209201,"stddev_latency":0.335467,"min_latency":0.0,"max_latency":3.346431,"distr_latency":{"25.0000":0.000287,"50.0000":0.000295,"60.0000":0.005247,"70.0000":0.143231,"75.0000":0.415999,"80.0000":0.693247,"85.0000":0.811519,"90.0000":0.818175,"95.0000":0.822783,"96.0000":0.823807,"97.0000":0.825343,"98.0000":0.827391,"99.0000":0.831999,"99.9000":1.412095,"99.9900":1.424383,"99.9990":3.346431,"99.9999":3.346431,"100.0000":3.346431},"allocations":{"total_heap":14037841,"minor_heap":300574,"major_heap":13737835,"promoted_words":568,"promoted_pct":0.19},"domain_alloc_stats":{"0":{"total":14037841,"minor":300574,"promoted":568,"major":13737835,"promoted_pct":0.19}},"collections":{"minor":899,"major":899,"forced_major":0,"compactions":0}}
