{"version":1,"wall_time":5.97,"cpu_time":5.97,"gc_time":4.69,"gc_overhead":78.45,"max_rss_kb":88620,"domain_stats":{"0":{"wall_time":5.97,"gc_time":4.69,"gc_overhead":78.45}},"mean_latency":1.011377,"stddev_latency":0.532362,"min_latency":0.0,"max_latency":2.682879,"distr_latency":{"25.0000":0.779263,"50.0000":1.291263,"60.0000":1.302527,"70.0000":1.312767,"75.0000":1.317887,"80.0000":1.323007,"85.0000":1.330175,"90.0000":1.339391,"95.0000":1.355775,"96.0000":1.360895,"97.0000":1.370111,"98.0000":1.462271,"99.0000":1.776639,"99.9000":2.293759,"99.9900":2.682879,"99.9990":2.682879,"99.9999":2.682879,"100.0000":2.682879},"allocations":{"total_heap":659665880,"minor_heap":625165158,"major_heap":70516363,"promoted_words":36015641,"promoted_pct":5.76},"domain_alloc_stats":{"0":{"total":659665880,"minor":625165158,"promoted":36015641,"major":70516363,"promoted_pct":5.76}},"collections":{"minor":7117,"major":3458,"forced_major":1116,"compactions":0}}
{"version":1,"wall_time":6.0,"cpu_time":6.0,"gc_time":4.65,"gc_overhead":77.52,"max_rss_kb":88780,"domain_stats":{"0":{"wall_time":6.0,"gc_time":4.65,"gc_overhead":77.52}},"mean_latency":1.003524,"stddev_latency":0.527244,"min_latency":0.0,"max_latency":2.478079,"distr_latency":{"25.0000":0.769023,"50.0000":1.284095,"60.0000":1.294335,"70.0000":1.303551,"75.0000":1.309695,"80.0000":1.313791,"85.0000":1.319935,"90.0000":1.329151,"95.0000":1.343487,"96.0000":1.352703,"97.0000":1.360895,"98.0000":1.434623,"99.0000":1.742847,"99.9000":2.199551,"99.9900":2.478079,"99.9990":2.478079,"99.9999":2.478079,"100.0000":2.478079},"allocations":{"total_heap":659665872,"minor_heap":625165150,"major_heap":70516335,"promoted_words":36015613,"promoted_pct":5.76},"domain_alloc_stats":{"0":{"total":659665872,"minor":625165150,"promoted":36015613,"major":70516335,"promoted_pct":5.76}},"collections":{"minor":7117,"major":3458,"forced_major":1116,"compactions":0}}
{"version":1,"wall_time":5.97,"cpu_time":5.97,"gc_time":4.68,"gc_overhead":78.43,"max_rss_kb":88744,"domain_stats":{"0":{"wall_time":5.97,"gc_time":4.68,"gc_overhead":78.43}},"mean_latency":1.009744,"stddev_latency":0.530812,"min_latency":0.0,"max_latency":2.650111,"distr_latency":{"25.0000":0.771071,"50.0000":1.290239,"60.0000":1.301503,"70.0000":1.311743,"75.0000":1.316863,"80.0000":1.323007,"85.0000":1.329151,"90.0000":1.338367,"95.0000":1.355775,"96.0000":1.362943,"97.0000":1.373183,"98.0000":1.452031,"99.0000":1.742847,"99.9000":2.220031,"99.9900":2.650111,"99.9990":2.650111,"99.9999":2.650111,"100.0000":2.650111},"allocations":{"total_heap":659665878,"minor_heap":625165156,"major_heap":70516340,"promoted_words":36015618,"promoted_pct":5.76},"domain_alloc_stats":{"0":{"total":659665878,"minor":625165156,"promoted":36015618,"major":70516340,"promoted_pct":5.76}},"collections":{"minor":7117,"major":3458,"forced_major":1116,"compactions":0}}
