{"version":1,"wall_time":7.2,"cpu_time":7.2,"gc_time":1.26,"gc_overhead":17.46,"max_rss_kb":33944,"domain_stats":{"0":{"wall_time":7.2,"gc_time":1.26,"gc_overhead":17.46}},"mean_latency":0.231597,"stddev_latency":0.015929,"min_latency":0.08,"max_latency":0.452351,"distr_latency":{"25.0000":0.222463,"50.0000":0.231039,"60.0000":0.234495,"70.0000":0.238847,"75.0000":0.241663,"80.0000":0.245119,"85.0000":0.248959,"90.0000":0.253311,"95.0000":0.258175,"96.0000":0.259839,"97.0000":0.261247,"98.0000":0.263167,"99.0000":0.264959,"99.9000":0.270847,"99.9900":0.285951,"99.9990":0.452351,"99.9999":0.452351,"100.0000":0.452351},"allocations":{"total_heap":6638486151,"minor_heap":5690608376,"major_heap":996374105,"promoted_words":48496330,"promoted_pct":0.85},"domain_alloc_stats":{"0":{"total":6638486151,"minor":5690608376,"promoted":48496330,"major":996374105,"promoted_pct":0.85}},"collections":{"minor":5428,"major":5427,"forced_major":0,"compactions":0}}
{"version":1,"wall_time":7.24,"cpu_time":7.24,"gc_time":1.27,"gc_overhead":17.57,"max_rss_kb":34020,"domain_stats":{"0":{"wall_time":7.24,"gc_time":1.27,"gc_overhead":17.57}},"mean_latency":0.234454,"stddev_latency":0.016061,"min_latency":0.09,"max_latency":0.325887,"distr_latency":{"25.0000":0.225151,"50.0000":0.234367,"60.0000":0.237695,"70.0000":0.241919,"75.0000":0.244479,"80.0000":0.247423,"85.0000":0.252031,"90.0000":0.256639,"95.0000":0.262911,"96.0000":0.264191,"97.0000":0.265215,"98.0000":0.266239,"99.0000":0.268287,"99.9000":0.279295,"99.9900":0.285695,"99.9990":0.325887,"99.9999":0.325887,"100.0000":0.325887},"allocations":{"total_heap":6638486151,"minor_heap":5690608376,"major_heap":996374105,"promoted_words":48496330,"promoted_pct":0.85},"domain_alloc_stats":{"0":{"total":6638486151,"minor":5690608376,"promoted":48496330,"major":996374105,"promoted_pct":0.85}},"collections":{"minor":5428,"major":5427,"forced_major":0,"compactions":0}}
{"version":1,"wall_time":7.2,"cpu_time":7.2,"gc_time":1.28,"gc_overhead":17.76,"max_rss_kb":33972,"domain_stats":{"0":{"wall_time":7.2,"gc_time":1.28,"gc_overhead":17.76}},"mean_latency":0.235556,"stddev_latency":0.016403,"min_latency":0.1,"max_latency":0.340479,"distr_latency":{"25.0000":0.225919,"50.0000":0.235647,"60.0000":0.239231,"70.0000":0.243199,"75.0000":0.245375,"80.0000":0.248447,"85.0000":0.253055,"90.0000":0.257791,"95.0000":0.263679,"96.0000":0.264959,"97.0000":0.266239,"98.0000":0.268031,"99.0000":0.270335,"99.9000":0.288511,"99.9900":0.338943,"99.9990":0.340479,"99.9999":0.340479,"100.0000":0.340479},"allocations":{"total_heap":6638486151,"minor_heap":5690608376,"major_heap":996374105,"promoted_words":48496330,"promoted_pct":0.85},"domain_alloc_stats":{"0":{"total":6638486151,"minor":5690608376,"promoted":48496330,"major":996374105,"promoted_pct":0.85}},"collections":{"minor":5428,"major":5427,"forced_major":0,"compactions":0}}
