{"version":1,"wall_time":3.2,"cpu_time":3.2,"gc_time":2.93,"gc_overhead":91.69,"max_rss_kb":111936,"domain_stats":{"0":{"wall_time":3.2,"gc_time":2.93,"gc_overhead":91.69}},"mean_latency":0.244012,"stddev_latency":0.389775,"min_latency":0.0,"max_latency":3.028991,"distr_latency":{"25.0000":0.000287,"50.0000":0.000335,"60.0000":0.008503,"70.0000":0.205055,"75.0000":0.479999,"80.0000":0.758783,"85.0000":0.947711,"90.0000":0.955391,"95.0000":0.962047,"96.0000":0.963071,"97.0000":0.965119,"98.0000":0.966655,"99.0000":0.970239,"99.9000":1.650687,"99.9900":2.795519,"99.9990":3.028991,"99.9999":3.028991,"100.0000":3.028991},"allocations":{"total_heap":13497940,"minor_heap":120691,"major_heap":13377796,"promoted_words":547,"promoted_pct":0.45},"domain_alloc_stats":{"0":{"total":13497940,"minor":120691,"promoted":547,"major":13377796,"promoted_pct":0.45}},"collections":{"minor":1053,"major":1053,"forced_major":0,"compactions":0}}
{"version":1,"wall_time":3.23,"cpu_time":3.23,"gc_time":2.97,"gc_overhead":91.7,"max_rss_kb":111960,"domain_stats":{"0":{"wall_time":3.23,"gc_time":2.97,"gc_overhead":91.7}},"mean_latency":0.246642,"stddev_latency":0.395701,"min_latency":0.0,"max_latency":3.059711,"distr_latency":{"25.0000":0.000287,"50.0000":0.000311,"60.0000":0.008391,"70.0000":0.207103,"75.0000":0.484351,"80.0000":0.761855,"85.0000":0.945151,"90.0000":0.953855,"95.0000":0.959999,"96.0000":0.961535,"97.0000":0.963071,"98.0000":0.965119,"99.0000":1.023999,"99.9000":1.654783,"99.9900":2.836479,"99.9990":3.059711,"99.9999":3.059711,"100.0000":3.059711},"allocations":{"total_heap":13497940,"minor_heap":120691,"major_heap":13377796,"promoted_words":547,"promoted_pct":0.45},"domain_alloc_stats":{"0":{"total":13497940,"minor":120691,"promoted":547,"major":13377796,"promoted_pct":0.45}},"collections":{"minor":1053,"major":1053,"forced_major":0,"compactions":0}}
{"version":1,"wall_time":3.18,"cpu_time":3.18,"gc_time":2.91,"gc_overhead":91.61,"max_rss_kb":111968,"domain_stats":{"0":{"wall_time":3.18,"gc_time":2.91,"gc_overhead":91.61}},"mean_latency":0.241913,"stddev_latency":0.386933,"min_latency":0.0,"max_latency":3.145727,"distr_latency":{"25.0000":0.000287,"50.0000":0.000327,"60.0000":0.006751,"70.0000":0.206463,"75.0000":0.478463,"80.0000":0.751103,"85.0000":0.932863,"90.0000":0.944127,"95.0000":0.953343,"96.0000":0.955391,"97.0000":0.957439,"98.0000":0.959487,"99.0000":0.964607,"99.9000":1.651711,"99.9900":2.852863,"99.9990":3.145727,"99.9999":3.145727,"100.0000":3.145727},"allocations":{"total_heap":13497940,"minor_heap":120691,"major_heap":13377796,"promoted_words":547,"promoted_pct":0.45},"domain_alloc_stats":{"0":{"total":13497940,"minor":120691,"promoted":547,"major":13377796,"promoted_pct":0.45}},"collections":{"minor":1053,"major":1053,"forced_major":0,"compactions":0}}
