{"version":1,"wall_time":4.13,"cpu_time":4.13,"gc_time":1.76,"gc_overhead":42.67,"max_rss_kb":252020,"domain_stats":{"0":{"wall_time":4.13,"gc_time":1.76,"gc_overhead":42.67}},"mean_latency":0.385283,"stddev_latency":0.79164,"min_latency":0.0,"max_latency":13.803519,"distr_latency":{"25.0000":0.040799,"50.0000":0.119487,"60.0000":0.196863,"70.0000":0.345343,"75.0000":0.414463,"80.0000":0.504319,"85.0000":0.618495,"90.0000":0.795647,"95.0000":1.662975,"96.0000":1.952767,"97.0000":2.537471,"98.0000":3.307519,"99.0000":4.073471,"99.9000":6.578175,"99.9900":13.803519,"99.9990":13.803519,"99.9999":13.803519,"100.0000":13.803519},"allocations":{"total_heap":606104990,"minor_heap":583732273,"major_heap":161799123,"promoted_words":139426406,"promoted_pct":23.89},"domain_alloc_stats":{"0":{"total":606104990,"minor":583732273,"promoted":139426406,"major":161799123,"promoted_pct":23.89}},"collections":{"minor":2283,"major":70,"forced_major":0,"compactions":0}}
{"version":1,"wall_time":4.15,"cpu_time":4.15,"gc_time":1.77,"gc_overhead":42.63,"max_rss_kb":252176,"domain_stats":{"0":{"wall_time":4.15,"gc_time":1.77,"gc_overhead":42.63}},"mean_latency":0.387023,"stddev_latency":0.792809,"min_latency":0.0,"max_latency":14.450687,"distr_latency":{"25.0000":0.040767,"50.0000":0.120319,"60.0000":0.199679,"70.0000":0.350719,"75.0000":0.417791,"80.0000":0.508415,"85.0000":0.626687,"90.0000":0.808447,"95.0000":1.671167,"96.0000":1.956863,"97.0000":2.557951,"98.0000":3.293183,"99.0000":4.065279,"99.9000":6.582271,"99.9900":14.450687,"99.9990":14.450687,"99.9999":14.450687,"100.0000":14.450687},"allocations":{"total_heap":606104990,"minor_heap":583732273,"major_heap":161799123,"promoted_words":139426406,"promoted_pct":23.89},"domain_alloc_stats":{"0":{"total":606104990,"minor":583732273,"promoted":139426406,"major":161799123,"promoted_pct":23.89}},"collections":{"minor":2283,"major":70,"forced_major":0,"compactions":0}}
{"version":1,"wall_time":4.1,"cpu_time":4.1,"gc_time":1.75,"gc_overhead":42.7,"max_rss_kb":251968,"domain_stats":{"0":{"wall_time":4.1,"gc_time":1.75,"gc_overhead":42.7}},"mean_latency":0.383476,"stddev_latency":0.787081,"min_latency":0.0,"max_latency":13.975551,"distr_latency":{"25.0000":0.040447,"50.0000":0.120575,"60.0000":0.193407,"70.0000":0.346111,"75.0000":0.410879,"80.0000":0.501503,"85.0000":0.619007,"90.0000":0.799743,"95.0000":1.674239,"96.0000":1.974271,"97.0000":2.531327,"98.0000":3.270655,"99.0000":4.036607,"99.9000":6.795263,"99.9900":13.975551,"99.9990":13.975551,"99.9999":13.975551,"100.0000":13.975551},"allocations":{"total_heap":606104990,"minor_heap":583732273,"major_heap":161799123,"promoted_words":139426406,"promoted_pct":23.89},"domain_alloc_stats":{"0":{"total":606104990,"minor":583732273,"promoted":139426406,"major":161799123,"promoted_pct":23.89}},"collections":{"minor":2283,"major":70,"forced_major":0,"compactions":0}}
