{"version":1,"wall_time":2.33,"cpu_time":2.33,"gc_time":0.42,"gc_overhead":17.8,"max_rss_kb":107992,"domain_stats":{"0":{"wall_time":2.33,"gc_time":0.42,"gc_overhead":17.8}},"mean_latency":0.001731,"stddev_latency":0.002116,"min_latency":0.0,"max_latency":0.035103,"distr_latency":{"25.0000":3.1e-05,"50.0000":0.000823,"60.0000":0.001943,"70.0000":0.002111,"75.0000":0.002847,"80.0000":0.004231,"85.0000":0.004543,"90.0000":0.004671,"95.0000":0.005255,"96.0000":0.005495,"97.0000":0.005991,"98.0000":0.007343,"99.0000":0.008927,"99.9000":0.011743,"99.9900":0.014815,"99.9990":0.021407,"99.9999":0.035103,"100.0000":0.035103},"allocations":{"total_heap":3994359314,"minor_heap":4706225,"major_heap":3989808744,"promoted_words":155655,"promoted_pct":3.31},"domain_alloc_stats":{"0":{"total":3994359314,"minor":4706225,"promoted":155655,"major":3989808744,"promoted_pct":3.31}},"collections":{"minor":80222,"major":40106,"forced_major":0,"compactions":0}}
{"version":1,"wall_time":2.32,"cpu_time":2.32,"gc_time":0.4,"gc_overhead":17.2,"max_rss_kb":109324,"domain_stats":{"0":{"wall_time":2.32,"gc_time":0.4,"gc_overhead":17.2}},"mean_latency":0.001659,"stddev_latency":0.002041,"min_latency":0.0,"max_latency":0.030943,"distr_latency":{"25.0000":3.1e-05,"50.0000":0.000807,"60.0000":0.001911,"70.0000":0.002087,"75.0000":0.002791,"80.0000":0.003551,"85.0000":0.004215,"90.0000":0.004487,"95.0000":0.004975,"96.0000":0.005295,"97.0000":0.005943,"98.0000":0.007391,"99.0000":0.008991,"99.9000":0.011823,"99.9900":0.014743,"99.9990":0.025215,"99.9999":0.030943,"100.0000":0.030943},"allocations":{"total_heap":3994359314,"minor_heap":4706225,"major_heap":3989808744,"promoted_words":155655,"promoted_pct":3.31},"domain_alloc_stats":{"0":{"total":3994359314,"minor":4706225,"promoted":155655,"major":3989808744,"promoted_pct":3.31}},"collections":{"minor":80222,"major":40106,"forced_major":0,"compactions":0}}
{"version":1,"wall_time":2.29,"cpu_time":2.29,"gc_time":0.37,"gc_overhead":16.24,"max_rss_kb":110208,"domain_stats":{"0":{"wall_time":2.29,"gc_time":0.37,"gc_overhead":16.24}},"mean_latency":0.00155,"stddev_latency":0.001884,"min_latency":0.0,"max_latency":0.021919,"distr_latency":{"25.0000":3.1e-05,"50.0000":0.000823,"60.0000":0.001927,"70.0000":0.002071,"75.0000":0.002783,"80.0000":0.003247,"85.0000":0.003511,"90.0000":0.003831,"95.0000":0.004407,"96.0000":0.004711,"97.0000":0.005735,"98.0000":0.007287,"99.0000":0.008823,"99.9000":0.011583,"99.9900":0.014055,"99.9990":0.019151,"99.9999":0.021919,"100.0000":0.021919},"allocations":{"total_heap":3994359314,"minor_heap":4706225,"major_heap":3989808744,"promoted_words":155655,"promoted_pct":3.31},"domain_alloc_stats":{"0":{"total":3994359314,"minor":4706225,"promoted":155655,"major":3989808744,"promoted_pct":3.31}},"collections":{"minor":80222,"major":40106,"forced_major":0,"compactions":0}}
