{"version":1,"wall_time":12.12,"cpu_time":12.12,"gc_time":1.83,"gc_overhead":15.12,"max_rss_kb":485596,"domain_stats":{"0":{"wall_time":12.12,"gc_time":1.83,"gc_overhead":15.12}},"mean_latency":0.39594,"stddev_latency":0.855657,"min_latency":0.0,"max_latency":12.140543,"distr_latency":{"25.0000":0.048191,"50.0000":0.111231,"60.0000":0.151423,"70.0000":0.211967,"75.0000":0.251135,"80.0000":0.321791,"85.0000":0.526847,"90.0000":1.267711,"95.0000":2.170879,"96.0000":2.385919,"97.0000":2.668543,"98.0000":3.045375,"99.0000":3.727359,"99.9000":8.286207,"99.9900":12.140543,"99.9990":12.140543,"99.9999":12.140543,"100.0000":12.140543},"allocations":{"total_heap":2410324409,"minor_heap":2361620198,"major_heap":292409726,"promoted_words":243705515,"promoted_pct":10.32},"domain_alloc_stats":{"0":{"total":2410324409,"minor":2361620198,"promoted":243705515,"major":292409726,"promoted_pct":10.32}},"collections":{"minor":2284,"major":37,"forced_major":0,"compactions":0}}
{"version":1,"wall_time":12.13,"cpu_time":12.13,"gc_time":1.77,"gc_overhead":14.59,"max_rss_kb":485472,"domain_stats":{"0":{"wall_time":12.13,"gc_time":1.77,"gc_overhead":14.59}},"mean_latency":0.382737,"stddev_latency":0.838731,"min_latency":0.0,"max_latency":12.115967,"distr_latency":{"25.0000":0.045087,"50.0000":0.103935,"60.0000":0.145023,"70.0000":0.206975,"75.0000":0.243327,"80.0000":0.314879,"85.0000":0.516863,"90.0000":1.247231,"95.0000":2.025471,"96.0000":2.260991,"97.0000":2.648063,"98.0000":3.039231,"99.0000":3.708927,"99.9000":8.130559,"99.9900":12.115967,"99.9990":12.115967,"99.9999":12.115967,"100.0000":12.115967},"allocations":{"total_heap":2410324409,"minor_heap":2361620198,"major_heap":292409726,"promoted_words":243705515,"promoted_pct":10.32},"domain_alloc_stats":{"0":{"total":2410324409,"minor":2361620198,"promoted":243705515,"major":292409726,"promoted_pct":10.32}},"collections":{"minor":2284,"major":37,"forced_major":0,"compactions":0}}
{"version":1,"wall_time":12.1,"cpu_time":12.1,"gc_time":1.77,"gc_overhead":14.66,"max_rss_kb":485604,"domain_stats":{"0":{"wall_time":12.1,"gc_time":1.77,"gc_overhead":14.66}},"mean_latency":0.383556,"stddev_latency":0.844556,"min_latency":0.0,"max_latency":12.189695,"distr_latency":{"25.0000":0.045119,"50.0000":0.103423,"60.0000":0.144639,"70.0000":0.209023,"75.0000":0.244095,"80.0000":0.314623,"85.0000":0.519679,"90.0000":1.233919,"95.0000":2.037759,"96.0000":2.277375,"97.0000":2.619391,"98.0000":3.018751,"99.0000":3.753983,"99.9000":8.228863,"99.9900":12.189695,"99.9990":12.189695,"99.9999":12.189695,"100.0000":12.189695},"allocations":{"total_heap":2410324409,"minor_heap":2361620198,"major_heap":292409726,"promoted_words":243705515,"promoted_pct":10.32},"domain_alloc_stats":{"0":{"total":2410324409,"minor":2361620198,"promoted":243705515,"major":292409726,"promoted_pct":10.32}},"collections":{"minor":2284,"major":37,"forced_major":0,"compactions":0}}
