{"version":1,"wall_time":1.58,"cpu_time":1.58,"gc_time":0.38,"gc_overhead":24.39,"max_rss_kb":406516,"domain_stats":{"0":{"wall_time":1.58,"gc_time":0.38,"gc_overhead":24.39}},"mean_latency":0.473924,"stddev_latency":0.988003,"min_latency":0.0,"max_latency":6.995967,"distr_latency":{"25.0000":0.018463,"50.0000":0.076735,"60.0000":0.101823,"70.0000":0.222975,"75.0000":0.330751,"80.0000":0.552959,"85.0000":1.006079,"90.0000":1.498111,"95.0000":2.392063,"96.0000":3.031039,"97.0000":3.344383,"98.0000":3.883007,"99.0000":5.181439,"99.9000":6.520831,"99.9900":6.995967,"99.9990":6.995967,"99.9999":6.995967,"100.0000":6.995967},"allocations":{"total_heap":849800304,"minor_heap":846541031,"major_heap":68221282,"promoted_words":64962009,"promoted_pct":7.67},"domain_alloc_stats":{"0":{"total":849800304,"minor":846541031,"promoted":64962009,"major":68221282,"promoted_pct":7.67}},"collections":{"minor":412,"major":13,"forced_major":0,"compactions":0}}
{"version":1,"wall_time":1.57,"cpu_time":1.57,"gc_time":0.38,"gc_overhead":24.38,"max_rss_kb":406680,"domain_stats":{"0":{"wall_time":1.57,"gc_time":0.38,"gc_overhead":24.38}},"mean_latency":0.472038,"stddev_latency":0.982694,"min_latency":0.0,"max_latency":6.987775,"distr_latency":{"25.0000":0.018383,"50.0000":0.076223,"60.0000":0.103679,"70.0000":0.227199,"75.0000":0.334335,"80.0000":0.553471,"85.0000":0.998399,"90.0000":1.460223,"95.0000":2.390015,"96.0000":3.037183,"97.0000":3.291135,"98.0000":3.801087,"99.0000":5.033983,"99.9000":6.549503,"99.9900":6.987775,"99.9990":6.987775,"99.9999":6.987775,"100.0000":6.987775},"allocations":{"total_heap":849800304,"minor_heap":846541031,"major_heap":68221282,"promoted_words":64962009,"promoted_pct":7.67},"domain_alloc_stats":{"0":{"total":849800304,"minor":846541031,"promoted":64962009,"major":68221282,"promoted_pct":7.67}},"collections":{"minor":412,"major":13,"forced_major":0,"compactions":0}}
{"version":1,"wall_time":1.57,"cpu_time":1.57,"gc_time":0.38,"gc_overhead":24.36,"max_rss_kb":406572,"domain_stats":{"0":{"wall_time":1.57,"gc_time":0.38,"gc_overhead":24.36}},"mean_latency":0.472097,"stddev_latency":0.985169,"min_latency":0.0,"max_latency":6.930431,"distr_latency":{"25.0000":0.018591,"50.0000":0.074239,"60.0000":0.099647,"70.0000":0.221183,"75.0000":0.332799,"80.0000":0.548863,"85.0000":0.983551,"90.0000":1.459199,"95.0000":2.402303,"96.0000":3.028991,"97.0000":3.297279,"98.0000":3.719167,"99.0000":5.042175,"99.9000":6.615039,"99.9900":6.930431,"99.9990":6.930431,"99.9999":6.930431,"100.0000":6.930431},"allocations":{"total_heap":849800304,"minor_heap":846541031,"major_heap":68221282,"promoted_words":64962009,"promoted_pct":7.67},"domain_alloc_stats":{"0":{"total":849800304,"minor":846541031,"promoted":64962009,"major":68221282,"promoted_pct":7.67}},"collections":{"minor":412,"major":13,"forced_major":0,"compactions":0}}
