{"version":1,"wall_time":1.92,"cpu_time":1.92,"gc_time":0.52,"gc_overhead":27.32,"max_rss_kb":581288,"domain_stats":{"0":{"wall_time":1.92,"gc_time":0.52,"gc_overhead":27.32}},"mean_latency":0.953527,"stddev_latency":0.971717,"min_latency":0.0,"max_latency":7.090175,"distr_latency":{"25.0000":0.289535,"50.0000":0.562175,"60.0000":0.797183,"70.0000":1.245183,"75.0000":1.438719,"80.0000":1.663999,"85.0000":1.873919,"90.0000":2.094079,"95.0000":2.770943,"96.0000":2.961407,"97.0000":3.250175,"98.0000":3.559423,"99.0000":3.909631,"99.9000":6.938623,"99.9900":7.090175,"99.9990":7.090175,"99.9999":7.090175,"100.0000":7.090175},"allocations":{"total_heap":279286928,"minor_heap":265908662,"major_heap":105012726,"promoted_words":91634460,"promoted_pct":34.46},"domain_alloc_stats":{"0":{"total":279286928,"minor":265908662,"promoted":91634460,"major":105012726,"promoted_pct":34.46}},"collections":{"minor":265,"major":15,"forced_major":0,"compactions":0}}
{"version":1,"wall_time":1.92,"cpu_time":1.92,"gc_time":0.52,"gc_overhead":27.05,"max_rss_kb":582308,"domain_stats":{"0":{"wall_time":1.92,"gc_time":0.52,"gc_overhead":27.05}},"mean_latency":0.943039,"stddev_latency":0.963438,"min_latency":0.0,"max_latency":7.159807,"distr_latency":{"25.0000":0.290303,"50.0000":0.556543,"60.0000":0.800255,"70.0000":1.233919,"75.0000":1.426431,"80.0000":1.651711,"85.0000":1.816575,"90.0000":2.099199,"95.0000":2.672639,"96.0000":2.988031,"97.0000":3.227647,"98.0000":3.547135,"99.0000":3.921919,"99.9000":6.868991,"99.9900":7.159807,"99.9990":7.159807,"99.9999":7.159807,"100.0000":7.159807},"allocations":{"total_heap":279286928,"minor_heap":265908662,"major_heap":105012726,"promoted_words":91634460,"promoted_pct":34.46},"domain_alloc_stats":{"0":{"total":279286928,"minor":265908662,"promoted":91634460,"major":105012726,"promoted_pct":34.46}},"collections":{"minor":265,"major":15,"forced_major":0,"compactions":0}}
{"version":1,"wall_time":1.94,"cpu_time":1.94,"gc_time":0.53,"gc_overhead":27.14,"max_rss_kb":578708,"domain_stats":{"0":{"wall_time":1.94,"gc_time":0.53,"gc_overhead":27.14}},"mean_latency":0.954798,"stddev_latency":0.971812,"min_latency":0.0,"max_latency":7.036927,"distr_latency":{"25.0000":0.300543,"50.0000":0.558591,"60.0000":0.800255,"70.0000":1.255423,"75.0000":1.427455,"80.0000":1.721343,"85.0000":1.844223,"90.0000":2.109439,"95.0000":2.746367,"96.0000":3.131391,"97.0000":3.280895,"98.0000":3.522559,"99.0000":3.895295,"99.9000":6.811647,"99.9900":7.036927,"99.9990":7.036927,"99.9999":7.036927,"100.0000":7.036927},"allocations":{"total_heap":279286928,"minor_heap":265908662,"major_heap":105012726,"promoted_words":91634460,"promoted_pct":34.46},"domain_alloc_stats":{"0":{"total":279286928,"minor":265908662,"promoted":91634460,"major":105012726,"promoted_pct":34.46}},"collections":{"minor":265,"major":15,"forced_major":0,"compactions":0}}
