{"version":1,"wall_time":4.29,"cpu_time":4.29,"gc_time":3.33,"gc_overhead":77.49,"max_rss_kb":166240,"domain_stats":{"0":{"wall_time":4.29,"gc_time":3.33,"gc_overhead":77.49}},"mean_latency":0.219728,"stddev_latency":0.477327,"min_latency":0.0,"max_latency":3.205119,"distr_latency":{"25.0000":8.7e-05,"50.0000":0.000295,"60.0000":0.000335,"70.0000":0.005503,"75.0000":0.008847,"80.0000":0.268287,"85.0000":0.785407,"90.0000":0.969727,"95.0000":1.377279,"96.0000":1.491967,"97.0000":1.627135,"98.0000":1.741823,"99.0000":1.881087,"99.9000":2.656255,"99.9900":2.918399,"99.9990":3.205119,"99.9999":3.205119,"100.0000":3.205119},"allocations":{"total_heap":14037986,"minor_heap":300719,"major_heap":13737868,"promoted_words":601,"promoted_pct":0.2},"domain_alloc_stats":{"0":{"total":14037986,"minor":300719,"promoted":601,"major":13737868,"promoted_pct":0.2}},"collections":{"minor":2099,"major":1049,"forced_major":0,"compactions":0}}
{"version":1,"wall_time":4.14,"cpu_time":4.14,"gc_time":3.19,"gc_overhead":76.96,"max_rss_kb":166376,"domain_stats":{"0":{"wall_time":4.14,"gc_time":3.19,"gc_overhead":76.96}},"mean_latency":0.210355,"stddev_latency":0.454114,"min_latency":0.0,"max_latency":3.622911,"distr_latency":{"25.0000":8.7e-05,"50.0000":0.000295,"60.0000":0.000343,"70.0000":0.005143,"75.0000":0.008671,"80.0000":0.265983,"85.0000":0.735231,"90.0000":0.962559,"95.0000":1.293311,"96.0000":1.411071,"97.0000":1.559551,"98.0000":1.690623,"99.0000":1.835007,"99.9000":2.263039,"99.9900":2.697215,"99.9990":3.622911,"99.9999":3.622911,"100.0000":3.622911},"allocations":{"total_heap":14037986,"minor_heap":300719,"major_heap":13737868,"promoted_words":601,"promoted_pct":0.2},"domain_alloc_stats":{"0":{"total":14037986,"minor":300719,"promoted":601,"major":13737868,"promoted_pct":0.2}},"collections":{"minor":2099,"major":1049,"forced_major":0,"compactions":0}}
{"version":1,"wall_time":4.27,"cpu_time":4.27,"gc_time":3.31,"gc_overhead":77.4,"max_rss_kb":166348,"domain_stats":{"0":{"wall_time":4.27,"gc_time":3.31,"gc_overhead":77.4}},"mean_latency":0.218394,"stddev_latency":0.476849,"min_latency":0.0,"max_latency":3.125247,"distr_latency":{"25.0000":8.7e-05,"50.0000":0.000295,"60.0000":0.000343,"70.0000":0.005287,"75.0000":0.008495,"80.0000":0.263423,"85.0000":0.779775,"90.0000":0.966143,"95.0000":1.381375,"96.0000":1.484799,"97.0000":1.640447,"98.0000":1.756159,"99.0000":1.892351,"99.9000":2.672639,"99.9900":2.924543,"99.9990":3.125247,"99.9999":3.125247,"100.0000":3.125247},"allocations":{"total_heap":14037986,"minor_heap":300719,"major_heap":13737868,"promoted_words":601,"promoted_pct":0.2},"domain_alloc_stats":{"0":{"total":14037986,"minor":300719,"promoted":601,"major":13737868,"promoted_pct":0.2}},"collections":{"minor":2099,"major":1049,"forced_major":0,"compactions":0}}
