{"version":1,"wall_time":3.53,"cpu_time":3.53,"gc_time":0.91,"gc_overhead":25.69,"max_rss_kb":300064,"domain_stats":{"0":{"wall_time":3.53,"gc_time":0.91,"gc_overhead":25.69}},"mean_latency":0.533881,"stddev_latency":0.891115,"min_latency":0.0,"max_latency":8.413183,"distr_latency":{"25.0000":0.061119,"50.0000":0.223615,"60.0000":0.290303,"70.0000":0.514815,"75.0000":0.655359,"80.0000":0.740863,"85.0000":0.956415,"90.0000":1.257471,"95.0000":2.185215,"96.0000":2.476031,"97.0000":2.945023,"98.0000":3.756031,"99.0000":4.636671,"99.9000":7.237631,"99.9900":8.413183,"99.9990":8.413183,"99.9999":8.413183,"100.0000":8.413183},"allocations":{"total_heap":434069696,"minor_heap":418159471,"major_heap":127815565,"promoted_words":111905340,"promoted_pct":26.76},"domain_alloc_stats":{"0":{"total":434069696,"minor":418159471,"promoted":111905340,"major":127815565,"promoted_pct":26.76}},"collections":{"minor":829,"major":39,"forced_major":0,"compactions":0}}
{"version":1,"wall_time":3.53,"cpu_time":3.53,"gc_time":0.92,"gc_overhead":26.02,"max_rss_kb":299988,"domain_stats":{"0":{"wall_time":3.53,"gc_time":0.92,"gc_overhead":26.02}},"mean_latency":0.540986,"stddev_latency":0.905449,"min_latency":0.0,"max_latency":8.089599,"distr_latency":{"25.0000":0.062111,"50.0000":0.231039,"60.0000":0.297983,"70.0000":0.525823,"75.0000":0.661503,"80.0000":0.746495,"85.0000":0.954879,"90.0000":1.260543,"95.0000":2.256895,"96.0000":2.537471,"97.0000":3.031039,"98.0000":3.844095,"99.0000":4.788223,"99.9000":7.438335,"99.9900":8.089599,"99.9990":8.089599,"99.9999":8.089599,"100.0000":8.089599},"allocations":{"total_heap":434069696,"minor_heap":418159471,"major_heap":127815565,"promoted_words":111905340,"promoted_pct":26.76},"domain_alloc_stats":{"0":{"total":434069696,"minor":418159471,"promoted":111905340,"major":127815565,"promoted_pct":26.76}},"collections":{"minor":829,"major":39,"forced_major":0,"compactions":0}}
{"version":1,"wall_time":3.51,"cpu_time":3.51,"gc_time":0.91,"gc_overhead":26.01,"max_rss_kb":299952,"domain_stats":{"0":{"wall_time":3.51,"gc_time":0.91,"gc_overhead":26.01}},"mean_latency":0.538423,"stddev_latency":0.898929,"min_latency":0.0,"max_latency":8.089599,"distr_latency":{"25.0000":0.060671,"50.0000":0.227967,"60.0000":0.295167,"70.0000":0.521215,"75.0000":0.652799,"80.0000":0.744447,"85.0000":0.962559,"90.0000":1.258495,"95.0000":2.217983,"96.0000":2.492415,"97.0000":2.981887,"98.0000":3.774463,"99.0000":4.730879,"99.9000":7.258111,"99.9900":8.089599,"99.9990":8.089599,"99.9999":8.089599,"100.0000":8.089599},"allocations":{"total_heap":434069696,"minor_heap":418159471,"major_heap":127815565,"promoted_words":111905340,"promoted_pct":26.76},"domain_alloc_stats":{"0":{"total":434069696,"minor":418159471,"promoted":111905340,"major":127815565,"promoted_pct":26.76}},"collections":{"minor":829,"major":39,"forced_major":0,"compactions":0}}
