{"version":1,"wall_time":2.0,"cpu_time":2.0,"gc_time":0.2,"gc_overhead":9.86,"max_rss_kb":54256,"domain_stats":{"0":{"wall_time":2.0,"gc_time":0.2,"gc_overhead":9.86}},"mean_latency":0.002688,"stddev_latency":0.002719,"min_latency":0.0,"max_latency":0.034591,"distr_latency":{"25.0000":0.000847,"50.0000":0.002055,"60.0000":0.002727,"70.0000":0.004591,"75.0000":0.004647,"80.0000":0.004671,"85.0000":0.004895,"90.0000":0.004991,"95.0000":0.006407,"96.0000":0.007647,"97.0000":0.009423,"98.0000":0.011295,"99.0000":0.013855,"99.9000":0.018383,"99.9900":0.021423,"99.9990":0.030575,"99.9999":0.034591,"100.0000":0.034591},"allocations":{"total_heap":3994217621,"minor_heap":4706213,"major_heap":3989583359,"promoted_words":71951,"promoted_pct":1.53},"domain_alloc_stats":{"0":{"total":3994217621,"minor":4706213,"promoted":71951,"major":3989583359,"promoted_pct":1.53}},"collections":{"minor":36664,"major":18331,"forced_major":0,"compactions":0}}
{"version":1,"wall_time":1.99,"cpu_time":1.99,"gc_time":0.19,"gc_overhead":9.57,"max_rss_kb":54308,"domain_stats":{"0":{"wall_time":1.99,"gc_time":0.19,"gc_overhead":9.57}},"mean_latency":0.002601,"stddev_latency":0.002714,"min_latency":0.0,"max_latency":0.030015,"distr_latency":{"25.0000":0.000863,"50.0000":0.002063,"60.0000":0.002751,"70.0000":0.003983,"75.0000":0.004031,"80.0000":0.004263,"85.0000":0.004335,"90.0000":0.004727,"95.0000":0.006543,"96.0000":0.008063,"97.0000":0.009943,"98.0000":0.011847,"99.0000":0.014383,"99.9000":0.018799,"99.9900":0.021871,"99.9990":0.024639,"99.9999":0.030015,"100.0000":0.030015},"allocations":{"total_heap":3994217621,"minor_heap":4706213,"major_heap":3989583359,"promoted_words":71951,"promoted_pct":1.53},"domain_alloc_stats":{"0":{"total":3994217621,"minor":4706213,"promoted":71951,"major":3989583359,"promoted_pct":1.53}},"collections":{"minor":36664,"major":18331,"forced_major":0,"compactions":0}}
{"version":1,"wall_time":2.0,"cpu_time":2.0,"gc_time":0.19,"gc_overhead":9.58,"max_rss_kb":54348,"domain_stats":{"0":{"wall_time":2.0,"gc_time":0.19,"gc_overhead":9.58}},"mean_latency":0.002608,"stddev_latency":0.002704,"min_latency":0.0,"max_latency":0.033727,"distr_latency":{"25.0000":0.000871,"50.0000":0.002031,"60.0000":0.002711,"70.0000":0.004103,"75.0000":0.004287,"80.0000":0.004311,"85.0000":0.004527,"90.0000":0.004663,"95.0000":0.006535,"96.0000":0.007935,"97.0000":0.009727,"98.0000":0.011695,"99.0000":0.014191,"99.9000":0.018591,"99.9900":0.021631,"99.9990":0.028143,"99.9999":0.033727,"100.0000":0.033727},"allocations":{"total_heap":3994217621,"minor_heap":4706213,"major_heap":3989583359,"promoted_words":71951,"promoted_pct":1.53},"domain_alloc_stats":{"0":{"total":3994217621,"minor":4706213,"promoted":71951,"major":3989583359,"promoted_pct":1.53}},"collections":{"minor":36664,"major":18331,"forced_major":0,"compactions":0}}
