{"version":1,"wall_time":3.17,"cpu_time":3.17,"gc_time":0.55,"gc_overhead":17.29,"max_rss_kb":432936,"domain_stats":{"0":{"wall_time":3.17,"gc_time":0.55,"gc_overhead":17.29}},"mean_latency":1.333811,"stddev_latency":1.816751,"min_latency":0.0,"max_latency":10.477567,"distr_latency":{"25.0000":0.073919,"50.0000":0.534015,"60.0000":1.040383,"70.0000":1.375231,"75.0000":1.620991,"80.0000":2.177023,"85.0000":3.055615,"90.0000":3.692543,"95.0000":5.611519,"96.0000":6.225919,"97.0000":6.369279,"98.0000":6.598655,"99.0000":8.052735,"99.9000":10.477567,"99.9900":10.477567,"99.9990":10.477567,"99.9999":10.477567,"100.0000":10.477567},"allocations":{"total_heap":433382267,"minor_heap":417472042,"major_heap":95527704,"promoted_words":79617479,"promoted_pct":19.07},"domain_alloc_stats":{"0":{"total":433382267,"minor":417472042,"promoted":79617479,"major":95527704,"promoted_pct":19.07}},"collections":{"minor":209,"major":19,"forced_major":0,"compactions":0}}
{"version":1,"wall_time":3.19,"cpu_time":3.19,"gc_time":0.55,"gc_overhead":17.09,"max_rss_kb":432936,"domain_stats":{"0":{"wall_time":3.19,"gc_time":0.55,"gc_overhead":17.09}},"mean_latency":1.32631,"stddev_latency":1.817992,"min_latency":0.0,"max_latency":10.502143,"distr_latency":{"25.0000":0.074815,"50.0000":0.542207,"60.0000":1.037311,"70.0000":1.336319,"75.0000":1.585151,"80.0000":2.244607,"85.0000":3.139583,"90.0000":3.743743,"95.0000":5.382143,"96.0000":6.053887,"97.0000":6.332415,"98.0000":6.664191,"99.0000":8.212479,"99.9000":10.502143,"99.9900":10.502143,"99.9990":10.502143,"99.9999":10.502143,"100.0000":10.502143},"allocations":{"total_heap":433382267,"minor_heap":417472042,"major_heap":95527704,"promoted_words":79617479,"promoted_pct":19.07},"domain_alloc_stats":{"0":{"total":433382267,"minor":417472042,"promoted":79617479,"major":95527704,"promoted_pct":19.07}},"collections":{"minor":209,"major":19,"forced_major":0,"compactions":0}}
{"version":1,"wall_time":3.19,"cpu_time":3.19,"gc_time":0.56,"gc_overhead":17.42,"max_rss_kb":432880,"domain_stats":{"0":{"wall_time":3.19,"gc_time":0.56,"gc_overhead":17.42}},"mean_latency":1.35111,"stddev_latency":1.845793,"min_latency":0.0,"max_latency":10.239999,"distr_latency":{"25.0000":0.078015,"50.0000":0.537599,"60.0000":1.046527,"70.0000":1.389567,"75.0000":1.591295,"80.0000":2.185215,"85.0000":3.168255,"90.0000":3.940351,"95.0000":5.705727,"96.0000":6.123519,"97.0000":6.455295,"98.0000":6.762495,"99.0000":8.028159,"99.9000":10.239999,"99.9900":10.239999,"99.9990":10.239999,"99.9999":10.239999,"100.0000":10.239999},"allocations":{"total_heap":433382267,"minor_heap":417472042,"major_heap":95527704,"promoted_words":79617479,"promoted_pct":19.07},"domain_alloc_stats":{"0":{"total":433382267,"minor":417472042,"promoted":79617479,"major":95527704,"promoted_pct":19.07}},"collections":{"minor":209,"major":19,"forced_major":0,"compactions":0}}
