{"version":1,"wall_time":2.64,"cpu_time":2.64,"gc_time":1.23,"gc_overhead":46.38,"max_rss_kb":354956,"domain_stats":{"0":{"wall_time":2.64,"gc_time":1.23,"gc_overhead":46.38}},"mean_latency":0.553921,"stddev_latency":0.851683,"min_latency":0.0,"max_latency":7.725055,"distr_latency":{"25.0000":0.115775,"50.0000":0.306431,"60.0000":0.370943,"70.0000":0.466431,"75.0000":0.529407,"80.0000":0.625663,"85.0000":0.780799,"90.0000":1.380351,"95.0000":2.559999,"96.0000":2.752511,"97.0000":3.000319,"98.0000":3.682303,"99.0000":4.139007,"99.9000":5.636095,"99.9900":7.725055,"99.9990":7.725055,"99.9999":7.725055,"100.0000":7.725055},"allocations":{"total_heap":279382673,"minor_heap":265913326,"major_heap":121553906,"promoted_words":108084559,"promoted_pct":40.65},"domain_alloc_stats":{"0":{"total":279382673,"minor":265913326,"promoted":108084559,"major":121553906,"promoted_pct":40.65}},"collections":{"minor":1065,"major":60,"forced_major":0,"compactions":0}}
{"version":1,"wall_time":2.63,"cpu_time":2.63,"gc_time":1.22,"gc_overhead":46.49,"max_rss_kb":354848,"domain_stats":{"0":{"wall_time":2.63,"gc_time":1.22,"gc_overhead":46.49}},"mean_latency":0.552669,"stddev_latency":0.855743,"min_latency":0.0,"max_latency":7.704575,"distr_latency":{"25.0000":0.114239,"50.0000":0.302847,"60.0000":0.367615,"70.0000":0.460287,"75.0000":0.530431,"80.0000":0.620543,"85.0000":0.771583,"90.0000":1.399807,"95.0000":2.570239,"96.0000":2.777087,"97.0000":3.057663,"98.0000":3.719167,"99.0000":4.149247,"99.9000":5.681151,"99.9900":7.704575,"99.9990":7.704575,"99.9999":7.704575,"100.0000":7.704575},"allocations":{"total_heap":279382673,"minor_heap":265913326,"major_heap":121553906,"promoted_words":108084559,"promoted_pct":40.65},"domain_alloc_stats":{"0":{"total":279382673,"minor":265913326,"promoted":108084559,"major":121553906,"promoted_pct":40.65}},"collections":{"minor":1065,"major":60,"forced_major":0,"compactions":0}}
{"version":1,"wall_time":2.64,"cpu_time":2.64,"gc_time":1.23,"gc_overhead":46.64,"max_rss_kb":354912,"domain_stats":{"0":{"wall_time":2.64,"gc_time":1.23,"gc_overhead":46.64}},"mean_latency":0.557424,"stddev_latency":0.859111,"min_latency":0.0,"max_latency":7.766015,"distr_latency":{"25.0000":0.116287,"50.0000":0.304639,"60.0000":0.369151,"70.0000":0.468479,"75.0000":0.535551,"80.0000":0.627199,"85.0000":0.787967,"90.0000":1.407999,"95.0000":2.586623,"96.0000":2.793471,"97.0000":3.018751,"98.0000":3.725311,"99.0000":4.222975,"99.9000":5.648383,"99.9900":7.766015,"99.9990":7.766015,"99.9999":7.766015,"100.0000":7.766015},"allocations":{"total_heap":279382673,"minor_heap":265913326,"major_heap":121553906,"promoted_words":108084559,"promoted_pct":40.65},"domain_alloc_stats":{"0":{"total":279382673,"minor":265913326,"promoted":108084559,"major":121553906,"promoted_pct":40.65}},"collections":{"minor":1065,"major":60,"forced_major":0,"compactions":0}}
