{"version":1,"wall_time":3.19,"cpu_time":3.19,"gc_time":2.92,"gc_overhead":91.6,"max_rss_kb":112452,"domain_stats":{"0":{"wall_time":3.19,"gc_time":2.92,"gc_overhead":91.6}},"mean_latency":0.19374,"stddev_latency":0.434391,"min_latency":0.0,"max_latency":3.428351,"distr_latency":{"25.0000":5.5e-05,"50.0000":0.000303,"60.0000":0.000343,"70.0000":0.004031,"75.0000":0.007231,"80.0000":0.023919,"85.0000":0.723455,"90.0000":0.951295,"95.0000":1.223679,"96.0000":1.358847,"97.0000":1.482751,"98.0000":1.610751,"99.0000":1.743871,"99.9000":1.949695,"99.9900":2.525183,"99.9990":3.428351,"99.9999":3.428351,"100.0000":3.428351},"allocations":{"total_heap":13497982,"minor_heap":120736,"major_heap":13377826,"promoted_words":580,"promoted_pct":0.48},"domain_alloc_stats":{"0":{"total":13497982,"minor":120736,"promoted":580,"major":13377826,"promoted_pct":0.48}},"collections":{"minor":2099,"major":1049,"forced_major":0,"compactions":0}}
{"version":1,"wall_time":3.17,"cpu_time":3.17,"gc_time":2.9,"gc_overhead":91.51,"max_rss_kb":112544,"domain_stats":{"0":{"wall_time":3.17,"gc_time":2.9,"gc_overhead":91.51}},"mean_latency":0.192628,"stddev_latency":0.431713,"min_latency":0.0,"max_latency":3.051519,"distr_latency":{"25.0000":6.3e-05,"50.0000":0.000303,"60.0000":0.000375,"70.0000":0.004015,"75.0000":0.007207,"80.0000":0.023423,"85.0000":0.718335,"90.0000":0.949247,"95.0000":1.219583,"96.0000":1.342463,"97.0000":1.475583,"98.0000":1.612799,"99.0000":1.729535,"99.9000":1.876991,"99.9900":2.768895,"99.9990":3.051519,"99.9999":3.051519,"100.0000":3.051519},"allocations":{"total_heap":13497982,"minor_heap":120736,"major_heap":13377826,"promoted_words":580,"promoted_pct":0.48},"domain_alloc_stats":{"0":{"total":13497982,"minor":120736,"promoted":580,"major":13377826,"promoted_pct":0.48}},"collections":{"minor":2099,"major":1049,"forced_major":0,"compactions":0}}
{"version":1,"wall_time":3.22,"cpu_time":3.22,"gc_time":2.96,"gc_overhead":91.67,"max_rss_kb":112620,"domain_stats":{"0":{"wall_time":3.22,"gc_time":2.96,"gc_overhead":91.67}},"mean_latency":0.196051,"stddev_latency":0.44119,"min_latency":0.0,"max_latency":3.090431,"distr_latency":{"25.0000":4.7e-05,"50.0000":0.000295,"60.0000":0.000343,"70.0000":0.003991,"75.0000":0.007687,"80.0000":0.024959,"85.0000":0.721407,"90.0000":0.953343,"95.0000":1.260543,"96.0000":1.378303,"97.0000":1.511423,"98.0000":1.639423,"99.0000":1.759231,"99.9000":2.195455,"99.9900":2.883583,"99.9990":3.090431,"99.9999":3.090431,"100.0000":3.090431},"allocations":{"total_heap":13497982,"minor_heap":120736,"major_heap":13377826,"promoted_words":580,"promoted_pct":0.48},"domain_alloc_stats":{"0":{"total":13497982,"minor":120736,"promoted":580,"major":13377826,"promoted_pct":0.48}},"collections":{"minor":2099,"major":1049,"forced_major":0,"compactions":0}}
