{"version":1,"wall_time":4.21,"cpu_time":4.21,"gc_time":0.31,"gc_overhead":7.33,"max_rss_kb":28264,"domain_stats":{"0":{"wall_time":4.21,"gc_time":0.31,"gc_overhead":7.33}},"mean_latency":0.012079,"stddev_latency":0.010473,"min_latency":0.0,"max_latency":0.081087,"distr_latency":{"25.0000":0.000295,"50.0000":0.012423,"60.0000":0.015415,"70.0000":0.017823,"75.0000":0.019119,"80.0000":0.020415,"85.0000":0.022431,"90.0000":0.024751,"95.0000":0.028895,"96.0000":0.030591,"97.0000":0.032511,"98.0000":0.034719,"99.0000":0.038847,"99.9000":0.067135,"99.9900":0.080191,"99.9990":0.081087,"99.9999":0.081087,"100.0000":0.081087},"allocations":{"total_heap":1736432078,"minor_heap":1630350473,"major_heap":205946757,"promoted_words":99865152,"promoted_pct":6.13},"domain_alloc_stats":{"0":{"total":1736432078,"minor":1630350473,"promoted":99865152,"major":205946757,"promoted_pct":6.13}},"collections":{"minor":14426,"major":3791,"forced_major":0,"compactions":0}}
{"version":1,"wall_time":4.18,"cpu_time":4.18,"gc_time":0.3,"gc_overhead":7.28,"max_rss_kb":28240,"domain_stats":{"0":{"wall_time":4.18,"gc_time":0.3,"gc_overhead":7.28}},"mean_latency":0.011917,"stddev_latency":0.010367,"min_latency":0.0,"max_latency":0.086335,"distr_latency":{"25.0000":0.000303,"50.0000":0.012247,"60.0000":0.015183,"70.0000":0.017535,"75.0000":0.018815,"80.0000":0.020191,"85.0000":0.022079,"90.0000":0.024287,"95.0000":0.028351,"96.0000":0.029967,"97.0000":0.031743,"98.0000":0.034495,"99.0000":0.038207,"99.9000":0.068351,"99.9900":0.084479,"99.9990":0.086335,"99.9999":0.086335,"100.0000":0.086335},"allocations":{"total_heap":1736432078,"minor_heap":1630350473,"major_heap":205946757,"promoted_words":99865152,"promoted_pct":6.13},"domain_alloc_stats":{"0":{"total":1736432078,"minor":1630350473,"promoted":99865152,"major":205946757,"promoted_pct":6.13}},"collections":{"minor":14426,"major":3791,"forced_major":0,"compactions":0}}
{"version":1,"wall_time":4.27,"cpu_time":4.27,"gc_time":0.31,"gc_overhead":7.22,"max_rss_kb":28256,"domain_stats":{"0":{"wall_time":4.27,"gc_time":0.31,"gc_overhead":7.22}},"mean_latency":0.012088,"stddev_latency":0.010506,"min_latency":0.0,"max_latency":0.105215,"distr_latency":{"25.0000":0.000295,"50.0000":0.012423,"60.0000":0.015415,"70.0000":0.017743,"75.0000":0.019023,"80.0000":0.020463,"85.0000":0.022463,"90.0000":0.024767,"95.0000":0.028895,"96.0000":0.030495,"97.0000":0.032559,"98.0000":0.034623,"99.0000":0.038399,"99.9000":0.067711,"99.9900":0.083775,"99.9990":0.105215,"99.9999":0.105215,"100.0000":0.105215},"allocations":{"total_heap":1736432078,"minor_heap":1630350473,"major_heap":205946757,"promoted_words":99865152,"promoted_pct":6.13},"domain_alloc_stats":{"0":{"total":1736432078,"minor":1630350473,"promoted":99865152,"major":205946757,"promoted_pct":6.13}},"collections":{"minor":14426,"major":3791,"forced_major":0,"compactions":0}}
