{"version":1,"wall_time":3.12,"cpu_time":3.12,"gc_time":0.83,"gc_overhead":26.62,"max_rss_kb":477904,"domain_stats":{"0":{"wall_time":3.12,"gc_time":0.83,"gc_overhead":26.62}},"mean_latency":0.687143,"stddev_latency":0.952926,"min_latency":0.0,"max_latency":9.265151,"distr_latency":{"25.0000":0.116479,"50.0000":0.365823,"60.0000":0.516607,"70.0000":0.675327,"75.0000":0.823807,"80.0000":1.008639,"85.0000":1.354751,"90.0000":1.765375,"95.0000":2.553855,"96.0000":2.740223,"97.0000":2.889727,"98.0000":3.796991,"99.0000":4.734975,"99.9000":7.700479,"99.9900":9.265151,"99.9990":9.265151,"99.9999":9.265151,"100.0000":9.265151},"allocations":{"total_heap":605165447,"minor_heap":582792702,"major_heap":159120115,"promoted_words":136747370,"promoted_pct":23.46},"domain_alloc_stats":{"0":{"total":605165447,"minor":582792702,"promoted":136747370,"major":159120115,"promoted_pct":23.46}},"collections":{"minor":585,"major":22,"forced_major":0,"compactions":0}}
{"version":1,"wall_time":3.12,"cpu_time":3.12,"gc_time":0.85,"gc_overhead":27.1,"max_rss_kb":477888,"domain_stats":{"0":{"wall_time":3.12,"gc_time":0.85,"gc_overhead":27.1}},"mean_latency":0.699438,"stddev_latency":0.972516,"min_latency":0.0,"max_latency":9.265151,"distr_latency":{"25.0000":0.119935,"50.0000":0.367871,"60.0000":0.524287,"70.0000":0.689151,"75.0000":0.832511,"80.0000":1.014783,"85.0000":1.378303,"90.0000":1.776639,"95.0000":2.609151,"96.0000":2.830335,"97.0000":2.926591,"98.0000":3.923967,"99.0000":4.800511,"99.9000":8.056831,"99.9900":9.265151,"99.9990":9.265151,"99.9999":9.265151,"100.0000":9.265151},"allocations":{"total_heap":605165447,"minor_heap":582792702,"major_heap":159120115,"promoted_words":136747370,"promoted_pct":23.46},"domain_alloc_stats":{"0":{"total":605165447,"minor":582792702,"promoted":136747370,"major":159120115,"promoted_pct":23.46}},"collections":{"minor":585,"major":22,"forced_major":0,"compactions":0}}
{"version":1,"wall_time":3.14,"cpu_time":3.14,"gc_time":0.83,"gc_overhead":26.57,"max_rss_kb":477800,"domain_stats":{"0":{"wall_time":3.14,"gc_time":0.83,"gc_overhead":26.57}},"mean_latency":0.688879,"stddev_latency":0.966736,"min_latency":0.0,"max_latency":9.814015,"distr_latency":{"25.0000":0.116031,"50.0000":0.368895,"60.0000":0.516351,"70.0000":0.678399,"75.0000":0.818687,"80.0000":0.995839,"85.0000":1.350655,"90.0000":1.764351,"95.0000":2.574335,"96.0000":2.734079,"97.0000":2.893823,"98.0000":3.764223,"99.0000":4.792319,"99.9000":8.310783,"99.9900":9.814015,"99.9990":9.814015,"99.9999":9.814015,"100.0000":9.814015},"allocations":{"total_heap":605165447,"minor_heap":582792702,"major_heap":159120115,"promoted_words":136747370,"promoted_pct":23.46},"domain_alloc_stats":{"0":{"total":605165447,"minor":582792702,"promoted":136747370,"major":159120115,"promoted_pct":23.46}},"collections":{"minor":585,"major":22,"forced_major":0,"compactions":0}}
