{"version":1,"wall_time":7.37,"cpu_time":7.37,"gc_time":2.1,"gc_overhead":28.58,"max_rss_kb":951228,"domain_stats":{"0":{"wall_time":7.37,"gc_time":2.1,"gc_overhead":28.58}},"mean_latency":0.041649,"stddev_latency":0.092396,"min_latency":0.0,"max_latency":8.912895,"distr_latency":{"25.0000":0.000647,"50.0000":0.001487,"60.0000":0.007751,"70.0000":0.027903,"75.0000":0.050367,"80.0000":0.074815,"85.0000":0.102399,"90.0000":0.137599,"95.0000":0.199679,"96.0000":0.217471,"97.0000":0.237567,"98.0000":0.289791,"99.0000":0.404223,"99.9000":0.672767,"99.9900":1.051647,"99.9990":3.403775,"99.9999":8.912895,"100.0000":8.912895},"allocations":{"total_heap":3290194912,"minor_heap":3152447348,"major_heap":479220528,"promoted_words":341472964,"promoted_pct":10.83},"domain_alloc_stats":{"0":{"total":3290194912,"minor":3152447348,"promoted":341472964,"major":479220528,"promoted_pct":10.83}},"collections":{"minor":24091,"major":47,"forced_major":0,"compactions":0}}
{"version":1,"wall_time":7.45,"cpu_time":7.45,"gc_time":2.1,"gc_overhead":28.24,"max_rss_kb":951072,"domain_stats":{"0":{"wall_time":7.45,"gc_time":2.1,"gc_overhead":28.24}},"mean_latency":0.041609,"stddev_latency":0.091782,"min_latency":0.0,"max_latency":8.978431,"distr_latency":{"25.0000":0.000687,"50.0000":0.001543,"60.0000":0.007871,"70.0000":0.028271,"75.0000":0.050655,"80.0000":0.074623,"85.0000":0.103295,"90.0000":0.138367,"95.0000":0.200447,"96.0000":0.218111,"97.0000":0.240767,"98.0000":0.291071,"99.0000":0.395775,"99.9000":0.656895,"99.9900":1.032191,"99.9990":3.405823,"99.9999":8.978431,"100.0000":8.978431},"allocations":{"total_heap":3290194912,"minor_heap":3152447348,"major_heap":479220528,"promoted_words":341472964,"promoted_pct":10.83},"domain_alloc_stats":{"0":{"total":3290194912,"minor":3152447348,"promoted":341472964,"major":479220528,"promoted_pct":10.83}},"collections":{"minor":24091,"major":47,"forced_major":0,"compactions":0}}
{"version":1,"wall_time":7.42,"cpu_time":7.42,"gc_time":2.12,"gc_overhead":28.52,"max_rss_kb":950952,"domain_stats":{"0":{"wall_time":7.42,"gc_time":2.12,"gc_overhead":28.52}},"mean_latency":0.041853,"stddev_latency":0.092623,"min_latency":0.0,"max_latency":9.134079,"distr_latency":{"25.0000":0.000647,"50.0000":0.001511,"60.0000":0.007847,"70.0000":0.028431,"75.0000":0.050911,"80.0000":0.075583,"85.0000":0.103039,"90.0000":0.138751,"95.0000":0.202623,"96.0000":0.219647,"97.0000":0.241535,"98.0000":0.289023,"99.0000":0.395263,"99.9000":0.673791,"99.9900":1.044991,"99.9990":3.485695,"99.9999":9.134079,"100.0000":9.134079},"allocations":{"total_heap":3290194912,"minor_heap":3152447348,"major_heap":479220528,"promoted_words":341472964,"promoted_pct":10.83},"domain_alloc_stats":{"0":{"total":3290194912,"minor":3152447348,"promoted":341472964,"major":479220528,"promoted_pct":10.83}},"collections":{"minor":24091,"major":47,"forced_major":0,"compactions":0}}
