{"version":1,"wall_time":6.11,"cpu_time":6.11,"gc_time":4.81,"gc_overhead":78.81,"max_rss_kb":82972,"domain_stats":{"0":{"wall_time":6.11,"gc_time":4.81,"gc_overhead":78.81}},"mean_latency":0.985652,"stddev_latency":0.54737,"min_latency":0.0,"max_latency":2.363391,"distr_latency":{"25.0000":0.378623,"50.0000":1.317887,"60.0000":1.329151,"70.0000":1.338367,"75.0000":1.342463,"80.0000":1.347583,"85.0000":1.353727,"90.0000":1.362943,"95.0000":1.379327,"96.0000":1.385471,"97.0000":1.397759,"98.0000":1.434623,"99.0000":1.583103,"99.9000":2.273279,"99.9900":2.363391,"99.9990":2.363391,"99.9999":2.363391,"100.0000":2.363391},"allocations":{"total_heap":659665478,"minor_heap":625164756,"major_heap":84439780,"promoted_words":49939058,"promoted_pct":7.99},"domain_alloc_stats":{"0":{"total":659665478,"minor":625164756,"promoted":49939058,"major":84439780,"promoted_pct":7.99}},"collections":{"minor":7325,"major":3481,"forced_major":1116,"compactions":0}}
{"version":1,"wall_time":6.08,"cpu_time":6.08,"gc_time":4.79,"gc_overhead":78.75,"max_rss_kb":82656,"domain_stats":{"0":{"wall_time":6.08,"gc_time":4.79,"gc_overhead":78.75}},"mean_latency":0.980839,"stddev_latency":0.543441,"min_latency":0.0,"max_latency":2.588671,"distr_latency":{"25.0000":0.391679,"50.0000":1.305599,"60.0000":1.316863,"70.0000":1.327103,"75.0000":1.332223,"80.0000":1.338367,"85.0000":1.345535,"90.0000":1.355775,"95.0000":1.371135,"96.0000":1.378303,"97.0000":1.389567,"98.0000":1.432575,"99.0000":1.583103,"99.9000":2.228223,"99.9900":2.588671,"99.9990":2.588671,"99.9999":2.588671,"100.0000":2.588671},"allocations":{"total_heap":659665480,"minor_heap":625164758,"major_heap":84439774,"promoted_words":49939052,"promoted_pct":7.99},"domain_alloc_stats":{"0":{"total":659665480,"minor":625164758,"promoted":49939052,"major":84439774,"promoted_pct":7.99}},"collections":{"minor":7325,"major":3481,"forced_major":1116,"compactions":0}}
{"version":1,"wall_time":6.21,"cpu_time":6.21,"gc_time":4.92,"gc_overhead":79.2,"max_rss_kb":83052,"domain_stats":{"0":{"wall_time":6.21,"gc_time":4.92,"gc_overhead":79.2}},"mean_latency":1.007733,"stddev_latency":0.559365,"min_latency":0.0,"max_latency":2.369535,"distr_latency":{"25.0000":0.394239,"50.0000":1.348607,"60.0000":1.356799,"70.0000":1.364991,"75.0000":1.369087,"80.0000":1.375231,"85.0000":1.382399,"90.0000":1.391615,"95.0000":1.405951,"96.0000":1.414143,"97.0000":1.429503,"98.0000":1.474559,"99.0000":1.617919,"99.9000":2.215935,"99.9900":2.369535,"99.9990":2.369535,"99.9999":2.369535,"100.0000":2.369535},"allocations":{"total_heap":659665480,"minor_heap":625164758,"major_heap":84439770,"promoted_words":49939048,"promoted_pct":7.99},"domain_alloc_stats":{"0":{"total":659665480,"minor":625164758,"promoted":49939048,"major":84439770,"promoted_pct":7.99}},"collections":{"minor":7325,"major":3481,"forced_major":1116,"compactions":0}}
