{"version":1,"wall_time":3.03,"cpu_time":3.03,"gc_time":2.99,"gc_overhead":98.65,"max_rss_kb":111676,"domain_stats":{"0":{"wall_time":3.03,"gc_time":2.99,"gc_overhead":98.65}},"mean_latency":0.197437,"stddev_latency":0.449218,"min_latency":0.0,"max_latency":3.006463,"distr_latency":{"25.0000":9.5e-05,"50.0000":0.000295,"60.0000":0.000327,"70.0000":0.006087,"75.0000":0.007327,"80.0000":0.031071,"85.0000":0.683519,"90.0000":0.958463,"95.0000":1.289215,"96.0000":1.410047,"97.0000":1.546239,"98.0000":1.669119,"99.0000":1.802239,"99.9000":2.416639,"99.9900":2.693119,"99.9990":3.006463,"99.9999":3.006463,"100.0000":3.006463},"allocations":{"total_heap":14037986,"minor_heap":300719,"major_heap":13737868,"promoted_words":601,"promoted_pct":0.2},"domain_alloc_stats":{"0":{"total":14037986,"minor":300719,"promoted":601,"major":13737868,"promoted_pct":0.2}},"collections":{"minor":2099,"major":1049,"forced_major":0,"compactions":0}}
{"version":1,"wall_time":3.0,"cpu_time":3.0,"gc_time":2.96,"gc_overhead":98.63,"max_rss_kb":111500,"domain_stats":{"0":{"wall_time":3.0,"gc_time":2.96,"gc_overhead":98.63}},"mean_latency":0.195435,"stddev_latency":0.443626,"min_latency":0.0,"max_latency":3.028991,"distr_latency":{"25.0000":0.000103,"50.0000":0.000295,"60.0000":0.000367,"70.0000":0.006615,"75.0000":0.008327,"80.0000":0.030543,"85.0000":0.677887,"90.0000":0.959487,"95.0000":1.256447,"96.0000":1.382399,"97.0000":1.519615,"98.0000":1.655807,"99.0000":1.799167,"99.9000":2.287615,"99.9900":2.693119,"99.9990":3.028991,"99.9999":3.028991,"100.0000":3.028991},"allocations":{"total_heap":14037986,"minor_heap":300719,"major_heap":13737868,"promoted_words":601,"promoted_pct":0.2},"domain_alloc_stats":{"0":{"total":14037986,"minor":300719,"promoted":601,"major":13737868,"promoted_pct":0.2}},"collections":{"minor":2099,"major":1049,"forced_major":0,"compactions":0}}
{"version":1,"wall_time":2.98,"cpu_time":2.98,"gc_time":2.94,"gc_overhead":98.61,"max_rss_kb":111504,"domain_stats":{"0":{"wall_time":2.98,"gc_time":2.94,"gc_overhead":98.61}},"mean_latency":0.193888,"stddev_latency":0.439238,"min_latency":0.0,"max_latency":2.871295,"distr_latency":{"25.0000":9.5e-05,"50.0000":0.000295,"60.0000":0.000375,"70.0000":0.006335,"75.0000":0.008247,"80.0000":0.030303,"85.0000":0.675839,"90.0000":0.956415,"95.0000":1.257471,"96.0000":1.374207,"97.0000":1.509375,"98.0000":1.639423,"99.0000":1.770495,"99.9000":2.289663,"99.9900":2.830335,"99.9990":2.871295,"99.9999":2.871295,"100.0000":2.871295},"allocations":{"total_heap":14037986,"minor_heap":300719,"major_heap":13737868,"promoted_words":601,"promoted_pct":0.2},"domain_alloc_stats":{"0":{"total":14037986,"minor":300719,"promoted":601,"major":13737868,"promoted_pct":0.2}},"collections":{"minor":2099,"major":1049,"forced_major":0,"compactions":0}}
