{"version":1,"wall_time":8.32,"cpu_time":8.32,"gc_time":3.04,"gc_overhead":36.53,"max_rss_kb":753592,"domain_stats":{"0":{"wall_time":8.32,"gc_time":3.04,"gc_overhead":36.53}},"mean_latency":0.977632,"stddev_latency":1.747467,"min_latency":0.0,"max_latency":19.152895,"distr_latency":{"25.0000":0.000951,"50.0000":0.002623,"60.0000":0.191487,"70.0000":0.883711,"75.0000":1.453055,"80.0000":1.964031,"85.0000":2.658303,"90.0000":3.237887,"95.0000":4.726783,"96.0000":5.234687,"97.0000":5.779455,"98.0000":6.660095,"99.0000":7.245823,"99.9000":11.739135,"99.9900":19.152895,"99.9990":19.152895,"99.9999":19.152895,"100.0000":19.152895},"allocations":{"total_heap":3289751346,"minor_heap":3151997855,"major_heap":440266679,"promoted_words":302513188,"promoted_pct":9.6},"domain_alloc_stats":{"0":{"total":3289751346,"minor":3151997855,"promoted":302513188,"major":440266679,"promoted_pct":9.6}},"collections":{"minor":1554,"major":63,"forced_major":0,"compactions":0}}
{"version":1,"wall_time":8.31,"cpu_time":8.31,"gc_time":2.99,"gc_overhead":36.06,"max_rss_kb":753660,"domain_stats":{"0":{"wall_time":8.31,"gc_time":2.99,"gc_overhead":36.06}},"mean_latency":0.96318,"stddev_latency":1.726181,"min_latency":0.0,"max_latency":19.103743,"distr_latency":{"25.0000":0.000903,"50.0000":0.002471,"60.0000":0.196607,"70.0000":0.870911,"75.0000":1.411071,"80.0000":1.934335,"85.0000":2.598911,"90.0000":3.137535,"95.0000":4.669439,"96.0000":5.210111,"97.0000":5.791743,"98.0000":6.635519,"99.0000":7.241727,"99.9000":11.599871,"99.9900":19.103743,"99.9990":19.103743,"99.9999":19.103743,"100.0000":19.103743},"allocations":{"total_heap":3289751346,"minor_heap":3151997855,"major_heap":440266679,"promoted_words":302513188,"promoted_pct":9.6},"domain_alloc_stats":{"0":{"total":3289751346,"minor":3151997855,"promoted":302513188,"major":440266679,"promoted_pct":9.6}},"collections":{"minor":1554,"major":63,"forced_major":0,"compactions":0}}
{"version":1,"wall_time":8.37,"cpu_time":8.37,"gc_time":3.01,"gc_overhead":35.97,"max_rss_kb":753620,"domain_stats":{"0":{"wall_time":8.37,"gc_time":3.01,"gc_overhead":35.97}},"mean_latency":0.968047,"stddev_latency":1.735171,"min_latency":0.0,"max_latency":19.070975,"distr_latency":{"25.0000":0.000951,"50.0000":0.002535,"60.0000":0.202623,"70.0000":0.873471,"75.0000":1.428479,"80.0000":1.953791,"85.0000":2.594815,"90.0000":3.176447,"95.0000":4.644863,"96.0000":5.218303,"97.0000":5.771263,"98.0000":6.631423,"99.0000":7.360511,"99.9000":11.804671,"99.9900":19.070975,"99.9990":19.070975,"99.9999":19.070975,"100.0000":19.070975},"allocations":{"total_heap":3289751346,"minor_heap":3151997855,"major_heap":440266679,"promoted_words":302513188,"promoted_pct":9.6},"domain_alloc_stats":{"0":{"total":3289751346,"minor":3151997855,"promoted":302513188,"major":440266679,"promoted_pct":9.6}},"collections":{"minor":1554,"major":63,"forced_major":0,"compactions":0}}
