{"version":1,"wall_time":2.91,"cpu_time":2.91,"gc_time":2.64,"gc_overhead":90.81,"max_rss_kb":111816,"domain_stats":{"0":{"wall_time":2.91,"gc_time":2.64,"gc_overhead":90.81}},"mean_latency":0.219901,"stddev_latency":0.35488,"min_latency":0.0,"max_latency":3.074047,"distr_latency":{"25.0000":0.000287,"50.0000":0.000311,"60.0000":0.006687,"70.0000":0.157311,"75.0000":0.433151,"80.0000":0.709631,"85.0000":0.854015,"90.0000":0.860671,"95.0000":0.865791,"96.0000":0.866815,"97.0000":0.868863,"98.0000":0.870399,"99.0000":0.874495,"99.9000":1.485823,"99.9900":2.353151,"99.9990":3.074047,"99.9999":3.074047,"100.0000":3.074047},"allocations":{"total_heap":13497877,"minor_heap":120631,"major_heap":13377793,"promoted_words":547,"promoted_pct":0.45},"domain_alloc_stats":{"0":{"total":13497877,"minor":120631,"promoted":547,"major":13377793,"promoted_pct":0.45}},"collections":{"minor":947,"major":947,"forced_major":0,"compactions":0}}
{"version":1,"wall_time":2.92,"cpu_time":2.92,"gc_time":2.66,"gc_overhead":90.91,"max_rss_kb":111868,"domain_stats":{"0":{"wall_time":2.92,"gc_time":2.66,"gc_overhead":90.91}},"mean_latency":0.221065,"stddev_latency":0.357528,"min_latency":0.0,"max_latency":3.205119,"distr_latency":{"25.0000":0.000287,"50.0000":0.000335,"60.0000":0.006735,"70.0000":0.158207,"75.0000":0.435967,"80.0000":0.713727,"85.0000":0.852991,"90.0000":0.860671,"95.0000":0.866303,"96.0000":0.867839,"97.0000":0.869375,"98.0000":0.871935,"99.0000":0.880127,"99.9000":1.488895,"99.9900":2.361343,"99.9990":3.205119,"99.9999":3.205119,"100.0000":3.205119},"allocations":{"total_heap":13497877,"minor_heap":120631,"major_heap":13377793,"promoted_words":547,"promoted_pct":0.45},"domain_alloc_stats":{"0":{"total":13497877,"minor":120631,"promoted":547,"major":13377793,"promoted_pct":0.45}},"collections":{"minor":947,"major":947,"forced_major":0,"compactions":0}}
{"version":1,"wall_time":2.94,"cpu_time":2.94,"gc_time":2.68,"gc_overhead":90.95,"max_rss_kb":111896,"domain_stats":{"0":{"wall_time":2.94,"gc_time":2.68,"gc_overhead":90.95}},"mean_latency":0.222811,"stddev_latency":0.361418,"min_latency":0.0,"max_latency":3.856383,"distr_latency":{"25.0000":0.000287,"50.0000":0.000311,"60.0000":0.006663,"70.0000":0.158079,"75.0000":0.433407,"80.0000":0.716287,"85.0000":0.850943,"90.0000":0.859135,"95.0000":0.867839,"96.0000":0.870399,"97.0000":0.876031,"98.0000":0.904191,"99.0000":1.156095,"99.9000":1.487871,"99.9900":3.158015,"99.9990":3.856383,"99.9999":3.856383,"100.0000":3.856383},"allocations":{"total_heap":13497877,"minor_heap":120631,"major_heap":13377793,"promoted_words":547,"promoted_pct":0.45},"domain_alloc_stats":{"0":{"total":13497877,"minor":120631,"promoted":547,"major":13377793,"promoted_pct":0.45}},"collections":{"minor":947,"major":947,"forced_major":0,"compactions":0}}
