{"version":1,"wall_time":4.04,"cpu_time":4.04,"gc_time":1.56,"gc_overhead":38.68,"max_rss_kb":241148,"domain_stats":{"0":{"wall_time":4.04,"gc_time":1.56,"gc_overhead":38.68}},"mean_latency":1.230381,"stddev_latency":2.022121,"min_latency":0.0,"max_latency":19.693567,"distr_latency":{"25.0000":0.135039,"50.0000":0.500223,"60.0000":0.758271,"70.0000":1.151999,"75.0000":1.489919,"80.0000":1.899519,"85.0000":2.396159,"90.0000":3.080191,"95.0000":4.558847,"96.0000":5.419007,"97.0000":6.701055,"98.0000":8.470527,"99.0000":10.821631,"99.9000":16.752639,"99.9900":19.693567,"99.9990":19.693567,"99.9999":19.693567,"100.0000":19.693567},"allocations":{"total_heap":629377939,"minor_heap":606077360,"major_heap":165628815,"promoted_words":142328236,"promoted_pct":23.48},"domain_alloc_stats":{"0":{"total":629377939,"minor":606077360,"promoted":142328236,"major":165628815,"promoted_pct":23.48}},"collections":{"minor":619,"major":42,"forced_major":0,"compactions":0}}
{"version":1,"wall_time":4.07,"cpu_time":4.07,"gc_time":1.57,"gc_overhead":38.52,"max_rss_kb":241072,"domain_stats":{"0":{"wall_time":4.07,"gc_time":1.57,"gc_overhead":38.52}},"mean_latency":1.232863,"stddev_latency":2.025952,"min_latency":0.0,"max_latency":19.742719,"distr_latency":{"25.0000":0.138623,"50.0000":0.503551,"60.0000":0.758271,"70.0000":1.168383,"75.0000":1.489919,"80.0000":1.912831,"85.0000":2.404351,"90.0000":3.092479,"95.0000":4.538367,"96.0000":5.435391,"97.0000":6.754303,"98.0000":8.454143,"99.0000":10.772479,"99.9000":16.678911,"99.9900":19.742719,"99.9990":19.742719,"99.9999":19.742719,"100.0000":19.742719},"allocations":{"total_heap":629377939,"minor_heap":606077360,"major_heap":165628815,"promoted_words":142328236,"promoted_pct":23.48},"domain_alloc_stats":{"0":{"total":629377939,"minor":606077360,"promoted":142328236,"major":165628815,"promoted_pct":23.48}},"collections":{"minor":619,"major":42,"forced_major":0,"compactions":0}}
{"version":1,"wall_time":4.07,"cpu_time":4.07,"gc_time":1.57,"gc_overhead":38.64,"max_rss_kb":241028,"domain_stats":{"0":{"wall_time":4.07,"gc_time":1.57,"gc_overhead":38.64}},"mean_latency":1.236389,"stddev_latency":2.03463,"min_latency":0.0,"max_latency":20.037631,"distr_latency":{"25.0000":0.135935,"50.0000":0.501759,"60.0000":0.762879,"70.0000":1.154047,"75.0000":1.524735,"80.0000":1.921023,"85.0000":2.398207,"90.0000":3.080191,"95.0000":4.530175,"96.0000":5.451775,"97.0000":6.766591,"98.0000":8.511487,"99.0000":10.952703,"99.9000":16.687103,"99.9900":20.037631,"99.9990":20.037631,"99.9999":20.037631,"100.0000":20.037631},"allocations":{"total_heap":629377939,"minor_heap":606077360,"major_heap":165628815,"promoted_words":142328236,"promoted_pct":23.48},"domain_alloc_stats":{"0":{"total":629377939,"minor":606077360,"promoted":142328236,"major":165628815,"promoted_pct":23.48}},"collections":{"minor":619,"major":42,"forced_major":0,"compactions":0}}
