{"version":1,"wall_time":7.43,"cpu_time":7.43,"gc_time":2.2,"gc_overhead":29.63,"max_rss_kb":823132,"domain_stats":{"0":{"wall_time":7.43,"gc_time":2.2,"gc_overhead":29.63}},"mean_latency":0.178167,"stddev_latency":0.355889,"min_latency":0.0,"max_latency":14.548991,"distr_latency":{"25.0000":0.000751,"50.0000":0.001775,"60.0000":0.019743,"70.0000":0.158207,"75.0000":0.225023,"80.0000":0.384511,"85.0000":0.480511,"90.0000":0.601599,"95.0000":0.791039,"96.0000":0.905727,"97.0000":1.035775,"98.0000":1.165311,"99.0000":1.427455,"99.9000":2.073599,"99.9900":10.436607,"99.9990":14.548991,"99.9999":14.548991,"100.0000":14.548991},"allocations":{"total_heap":3290012322,"minor_heap":3152258337,"major_heap":451637103,"promoted_words":313883118,"promoted_pct":9.96},"domain_alloc_stats":{"0":{"total":3290012322,"minor":3152258337,"promoted":313883118,"major":451637103,"promoted_pct":9.96}},"collections":{"minor":6048,"major":46,"forced_major":0,"compactions":0}}
{"version":1,"wall_time":7.38,"cpu_time":7.38,"gc_time":2.18,"gc_overhead":29.61,"max_rss_kb":823064,"domain_stats":{"0":{"wall_time":7.38,"gc_time":2.18,"gc_overhead":29.61}},"mean_latency":0.176886,"stddev_latency":0.353652,"min_latency":0.0,"max_latency":14.540799,"distr_latency":{"25.0000":0.000767,"50.0000":0.001711,"60.0000":0.019535,"70.0000":0.155391,"75.0000":0.219903,"80.0000":0.381439,"85.0000":0.476159,"90.0000":0.603135,"95.0000":0.782847,"96.0000":0.897023,"97.0000":1.030655,"98.0000":1.163263,"99.0000":1.414143,"99.9000":2.020351,"99.9900":10.444799,"99.9990":14.540799,"99.9999":14.540799,"100.0000":14.540799},"allocations":{"total_heap":3290012322,"minor_heap":3152258337,"major_heap":451637103,"promoted_words":313883118,"promoted_pct":9.96},"domain_alloc_stats":{"0":{"total":3290012322,"minor":3152258337,"promoted":313883118,"major":451637103,"promoted_pct":9.96}},"collections":{"minor":6048,"major":46,"forced_major":0,"compactions":0}}
{"version":1,"wall_time":7.45,"cpu_time":7.45,"gc_time":2.22,"gc_overhead":29.75,"max_rss_kb":823164,"domain_stats":{"0":{"wall_time":7.45,"gc_time":2.22,"gc_overhead":29.75}},"mean_latency":0.179413,"stddev_latency":0.35728,"min_latency":0.0,"max_latency":14.573567,"distr_latency":{"25.0000":0.000751,"50.0000":0.001735,"60.0000":0.019727,"70.0000":0.156287,"75.0000":0.222975,"80.0000":0.390911,"85.0000":0.485119,"90.0000":0.612351,"95.0000":0.804351,"96.0000":0.915455,"97.0000":1.047551,"98.0000":1.192959,"99.0000":1.405951,"99.9000":2.037759,"99.9900":10.395647,"99.9990":14.573567,"99.9999":14.573567,"100.0000":14.573567},"allocations":{"total_heap":3290012322,"minor_heap":3152258337,"major_heap":451637103,"promoted_words":313883118,"promoted_pct":9.96},"domain_alloc_stats":{"0":{"total":3290012322,"minor":3152258337,"promoted":313883118,"major":451637103,"promoted_pct":9.96}},"collections":{"minor":6048,"major":46,"forced_major":0,"compactions":0}}
