{"version":1,"wall_time":11.93,"cpu_time":11.93,"gc_time":1.63,"gc_overhead":13.63,"max_rss_kb":513972,"domain_stats":{"0":{"wall_time":11.93,"gc_time":1.63,"gc_overhead":13.63}},"mean_latency":0.351351,"stddev_latency":0.739282,"min_latency":0.0,"max_latency":9.543679,"distr_latency":{"25.0000":0.039295,"50.0000":0.089919,"60.0000":0.124863,"70.0000":0.178047,"75.0000":0.218879,"80.0000":0.291839,"85.0000":0.513023,"90.0000":1.139711,"95.0000":1.977343,"96.0000":2.177023,"97.0000":2.420735,"98.0000":2.682879,"99.0000":3.287039,"99.9000":6.574079,"99.9900":9.543679,"99.9990":9.543679,"99.9999":9.543679,"100.0000":9.543679},"allocations":{"total_heap":2409962941,"minor_heap":2361258730,"major_heap":292955677,"promoted_words":244251466,"promoted_pct":10.34},"domain_alloc_stats":{"0":{"total":2409962941,"minor":2361258730,"promoted":244251466,"major":292955677,"promoted_pct":10.34}},"collections":{"minor":2280,"major":33,"forced_major":0,"compactions":0}}
{"version":1,"wall_time":11.96,"cpu_time":11.96,"gc_time":1.63,"gc_overhead":13.62,"max_rss_kb":514064,"domain_stats":{"0":{"wall_time":11.96,"gc_time":1.63,"gc_overhead":13.62}},"mean_latency":0.352007,"stddev_latency":0.740713,"min_latency":0.0,"max_latency":9.715711,"distr_latency":{"25.0000":0.039679,"50.0000":0.090431,"60.0000":0.125439,"70.0000":0.178431,"75.0000":0.220287,"80.0000":0.292607,"85.0000":0.519679,"90.0000":1.154047,"95.0000":1.982463,"96.0000":2.183167,"97.0000":2.428927,"98.0000":2.678783,"99.0000":3.252223,"99.9000":6.619135,"99.9900":9.715711,"99.9990":9.715711,"99.9999":9.715711,"100.0000":9.715711},"allocations":{"total_heap":2409962941,"minor_heap":2361258730,"major_heap":292955677,"promoted_words":244251466,"promoted_pct":10.34},"domain_alloc_stats":{"0":{"total":2409962941,"minor":2361258730,"promoted":244251466,"major":292955677,"promoted_pct":10.34}},"collections":{"minor":2280,"major":33,"forced_major":0,"compactions":0}}
{"version":1,"wall_time":11.96,"cpu_time":11.96,"gc_time":1.62,"gc_overhead":13.56,"max_rss_kb":514044,"domain_stats":{"0":{"wall_time":11.96,"gc_time":1.62,"gc_overhead":13.56}},"mean_latency":0.350564,"stddev_latency":0.738171,"min_latency":0.0,"max_latency":9.551871,"distr_latency":{"25.0000":0.039263,"50.0000":0.089599,"60.0000":0.124799,"70.0000":0.177151,"75.0000":0.218111,"80.0000":0.291839,"85.0000":0.520703,"90.0000":1.140735,"95.0000":1.991679,"96.0000":2.166783,"97.0000":2.418687,"98.0000":2.697215,"99.0000":3.295231,"99.9000":6.709247,"99.9900":9.551871,"99.9990":9.551871,"99.9999":9.551871,"100.0000":9.551871},"allocations":{"total_heap":2409962941,"minor_heap":2361258730,"major_heap":292955677,"promoted_words":244251466,"promoted_pct":10.34},"domain_alloc_stats":{"0":{"total":2409962941,"minor":2361258730,"promoted":244251466,"major":292955677,"promoted_pct":10.34}},"collections":{"minor":2280,"major":33,"forced_major":0,"compactions":0}}
