{"version":1,"wall_time":2.92,"cpu_time":2.92,"gc_time":2.65,"gc_overhead":90.84,"max_rss_kb":111868,"domain_stats":{"0":{"wall_time":2.92,"gc_time":2.65,"gc_overhead":90.84}},"mean_latency":0.220463,"stddev_latency":0.355634,"min_latency":0.0,"max_latency":3.207167,"distr_latency":{"25.0000":0.000287,"50.0000":0.000327,"60.0000":0.006575,"70.0000":0.158591,"75.0000":0.435711,"80.0000":0.710655,"85.0000":0.855039,"90.0000":0.861695,"95.0000":0.867327,"96.0000":0.868863,"97.0000":0.869887,"98.0000":0.871935,"99.0000":0.876543,"99.9000":1.489919,"99.9900":2.396159,"99.9990":3.207167,"99.9999":3.207167,"100.0000":3.207167},"allocations":{"total_heap":13497877,"minor_heap":120631,"major_heap":13377793,"promoted_words":547,"promoted_pct":0.45},"domain_alloc_stats":{"0":{"total":13497877,"minor":120631,"promoted":547,"major":13377793,"promoted_pct":0.45}},"collections":{"minor":947,"major":947,"forced_major":0,"compactions":0}}
{"version":1,"wall_time":2.88,"cpu_time":2.88,"gc_time":2.62,"gc_overhead":90.71,"max_rss_kb":111760,"domain_stats":{"0":{"wall_time":2.88,"gc_time":2.62,"gc_overhead":90.71}},"mean_latency":0.2177,"stddev_latency":0.350834,"min_latency":0.0,"max_latency":3.160063,"distr_latency":{"25.0000":0.000287,"50.0000":0.000327,"60.0000":0.006671,"70.0000":0.158591,"75.0000":0.430079,"80.0000":0.703999,"85.0000":0.844287,"90.0000":0.851967,"95.0000":0.858623,"96.0000":0.860159,"97.0000":0.861695,"98.0000":0.864255,"99.0000":0.870911,"99.9000":1.484799,"99.9900":2.355199,"99.9990":3.160063,"99.9999":3.160063,"100.0000":3.160063},"allocations":{"total_heap":13497877,"minor_heap":120631,"major_heap":13377793,"promoted_words":547,"promoted_pct":0.45},"domain_alloc_stats":{"0":{"total":13497877,"minor":120631,"promoted":547,"major":13377793,"promoted_pct":0.45}},"collections":{"minor":947,"major":947,"forced_major":0,"compactions":0}}
{"version":1,"wall_time":2.91,"cpu_time":2.91,"gc_time":2.64,"gc_overhead":90.84,"max_rss_kb":111736,"domain_stats":{"0":{"wall_time":2.91,"gc_time":2.64,"gc_overhead":90.84}},"mean_latency":0.219698,"stddev_latency":0.355433,"min_latency":0.0,"max_latency":3.166207,"distr_latency":{"25.0000":0.000287,"50.0000":0.000335,"60.0000":0.006871,"70.0000":0.156799,"75.0000":0.435199,"80.0000":0.711167,"85.0000":0.841215,"90.0000":0.850431,"95.0000":0.859135,"96.0000":0.861695,"97.0000":0.864255,"98.0000":0.866303,"99.0000":0.871935,"99.9000":1.489919,"99.9900":2.371583,"99.9990":3.166207,"99.9999":3.166207,"100.0000":3.166207},"allocations":{"total_heap":13497877,"minor_heap":120631,"major_heap":13377793,"promoted_words":547,"promoted_pct":0.45},"domain_alloc_stats":{"0":{"total":13497877,"minor":120631,"promoted":547,"major":13377793,"promoted_pct":0.45}},"collections":{"minor":947,"major":947,"forced_major":0,"compactions":0}}
