{"version":1,"wall_time":5.49,"cpu_time":5.49,"gc_time":3.61,"gc_overhead":65.79,"max_rss_kb":159860,"domain_stats":{"0":{"wall_time":5.49,"gc_time":3.61,"gc_overhead":65.79}},"mean_latency":0.233484,"stddev_latency":0.515332,"min_latency":0.0,"max_latency":3.321855,"distr_latency":{"25.0000":4.7e-05,"50.0000":0.000335,"60.0000":0.000471,"70.0000":0.008631,"75.0000":0.010183,"80.0000":0.305663,"85.0000":0.660991,"90.0000":1.094655,"95.0000":1.523711,"96.0000":1.668095,"97.0000":1.798143,"98.0000":1.942527,"99.0000":2.096127,"99.9000":2.568191,"99.9900":3.086335,"99.9990":3.321855,"99.9999":3.321855,"100.0000":3.321855},"allocations":{"total_heap":14037986,"minor_heap":300719,"major_heap":13737868,"promoted_words":601,"promoted_pct":0.2},"domain_alloc_stats":{"0":{"total":14037986,"minor":300719,"promoted":601,"major":13737868,"promoted_pct":0.2}},"collections":{"minor":2313,"major":1156,"forced_major":0,"compactions":0}}
{"version":1,"wall_time":5.6,"cpu_time":5.6,"gc_time":3.72,"gc_overhead":66.37,"max_rss_kb":159816,"domain_stats":{"0":{"wall_time":5.6,"gc_time":3.72,"gc_overhead":66.37}},"mean_latency":0.240219,"stddev_latency":0.531741,"min_latency":0.0,"max_latency":3.471359,"distr_latency":{"25.0000":4.7e-05,"50.0000":0.000343,"60.0000":0.000535,"70.0000":0.008967,"75.0000":0.011103,"80.0000":0.319487,"85.0000":0.691199,"90.0000":1.091583,"95.0000":1.569791,"96.0000":1.719295,"97.0000":1.847295,"98.0000":1.990655,"99.0000":2.144255,"99.9000":2.813951,"99.9900":3.205119,"99.9990":3.471359,"99.9999":3.471359,"100.0000":3.471359},"allocations":{"total_heap":14037986,"minor_heap":300719,"major_heap":13737868,"promoted_words":601,"promoted_pct":0.2},"domain_alloc_stats":{"0":{"total":14037986,"minor":300719,"promoted":601,"major":13737868,"promoted_pct":0.2}},"collections":{"minor":2313,"major":1156,"forced_major":0,"compactions":0}}
{"version":1,"wall_time":5.56,"cpu_time":5.56,"gc_time":3.68,"gc_overhead":66.1,"max_rss_kb":159428,"domain_stats":{"0":{"wall_time":5.56,"gc_time":3.68,"gc_overhead":66.1}},"mean_latency":0.237601,"stddev_latency":0.523731,"min_latency":0.0,"max_latency":3.432447,"distr_latency":{"25.0000":4.7e-05,"50.0000":0.000335,"60.0000":0.000471,"70.0000":0.008503,"75.0000":0.009895,"80.0000":0.321279,"85.0000":0.688127,"90.0000":1.096703,"95.0000":1.535999,"96.0000":1.674239,"97.0000":1.815551,"98.0000":1.953791,"99.0000":2.117631,"99.9000":2.793471,"99.9900":3.239935,"99.9990":3.432447,"99.9999":3.432447,"100.0000":3.432447},"allocations":{"total_heap":14037986,"minor_heap":300719,"major_heap":13737868,"promoted_words":601,"promoted_pct":0.2},"domain_alloc_stats":{"0":{"total":14037986,"minor":300719,"promoted":601,"major":13737868,"promoted_pct":0.2}},"collections":{"minor":2313,"major":1156,"forced_major":0,"compactions":0}}
