{"version":1,"wall_time":4.13,"cpu_time":4.13,"gc_time":0.22,"gc_overhead":5.41,"max_rss_kb":24000,"domain_stats":{"0":{"wall_time":4.13,"gc_time":0.22,"gc_overhead":5.41}},"mean_latency":0.017489,"stddev_latency":0.01183,"min_latency":0.0,"max_latency":0.097663,"distr_latency":{"25.0000":0.009975,"50.0000":0.017567,"60.0000":0.020399,"70.0000":0.023103,"75.0000":0.024543,"80.0000":0.026095,"85.0000":0.028143,"90.0000":0.030575,"95.0000":0.035743,"96.0000":0.037055,"97.0000":0.039103,"98.0000":0.042911,"99.0000":0.054047,"99.9000":0.081535,"99.9900":0.095423,"99.9990":0.097663,"99.9999":0.097663,"100.0000":0.097663},"allocations":{"total_heap":1736376914,"minor_heap":1630305375,"major_heap":171980410,"promoted_words":65908871,"promoted_pct":4.04},"domain_alloc_stats":{"0":{"total":1736376914,"minor":1630305375,"promoted":65908871,"major":171980410,"promoted_pct":4.04}},"collections":{"minor":7802,"major":3077,"forced_major":0,"compactions":0}}
{"version":1,"wall_time":4.12,"cpu_time":4.12,"gc_time":0.22,"gc_overhead":5.33,"max_rss_kb":23840,"domain_stats":{"0":{"wall_time":4.12,"gc_time":0.22,"gc_overhead":5.33}},"mean_latency":0.017208,"stddev_latency":0.011664,"min_latency":0.0,"max_latency":0.097407,"distr_latency":{"25.0000":0.009663,"50.0000":0.017263,"60.0000":0.019935,"70.0000":0.022559,"75.0000":0.024175,"80.0000":0.025695,"85.0000":0.027695,"90.0000":0.030079,"95.0000":0.035359,"96.0000":0.036703,"97.0000":0.038239,"98.0000":0.042175,"99.0000":0.054111,"99.9000":0.082623,"99.9900":0.097023,"99.9990":0.097407,"99.9999":0.097407,"100.0000":0.097407},"allocations":{"total_heap":1736376914,"minor_heap":1630305375,"major_heap":171980410,"promoted_words":65908871,"promoted_pct":4.04},"domain_alloc_stats":{"0":{"total":1736376914,"minor":1630305375,"promoted":65908871,"major":171980410,"promoted_pct":4.04}},"collections":{"minor":7802,"major":3077,"forced_major":0,"compactions":0}}
{"version":1,"wall_time":4.13,"cpu_time":4.13,"gc_time":0.22,"gc_overhead":5.35,"max_rss_kb":23876,"domain_stats":{"0":{"wall_time":4.13,"gc_time":0.22,"gc_overhead":5.35}},"mean_latency":0.017316,"stddev_latency":0.01161,"min_latency":0.0,"max_latency":0.095807,"distr_latency":{"25.0000":0.009655,"50.0000":0.017679,"60.0000":0.020287,"70.0000":0.022687,"75.0000":0.024191,"80.0000":0.025695,"85.0000":0.027743,"90.0000":0.030111,"95.0000":0.035231,"96.0000":0.036607,"97.0000":0.038271,"98.0000":0.041887,"99.0000":0.053695,"99.9000":0.080703,"99.9900":0.093375,"99.9990":0.095807,"99.9999":0.095807,"100.0000":0.095807},"allocations":{"total_heap":1736376914,"minor_heap":1630305375,"major_heap":171980410,"promoted_words":65908871,"promoted_pct":4.04},"domain_alloc_stats":{"0":{"total":1736376914,"minor":1630305375,"promoted":65908871,"major":171980410,"promoted_pct":4.04}},"collections":{"minor":7802,"major":3077,"forced_major":0,"compactions":0}}
