{"version":1,"wall_time":5.19,"cpu_time":5.19,"gc_time":3.07,"gc_overhead":59.06,"max_rss_kb":172888,"domain_stats":{"0":{"wall_time":5.19,"gc_time":3.07,"gc_overhead":59.06}},"mean_latency":0.206709,"stddev_latency":0.429164,"min_latency":0.0,"max_latency":3.153919,"distr_latency":{"25.0000":5.5e-05,"50.0000":0.000327,"60.0000":0.000455,"70.0000":0.003791,"75.0000":0.010207,"80.0000":0.370175,"85.0000":0.860159,"90.0000":0.905727,"95.0000":1.173503,"96.0000":1.302527,"97.0000":1.420287,"98.0000":1.548287,"99.0000":1.689599,"99.9000":2.062335,"99.9900":2.639871,"99.9990":3.153919,"99.9999":3.153919,"100.0000":3.153919},"allocations":{"total_heap":14037986,"minor_heap":300719,"major_heap":13737868,"promoted_words":601,"promoted_pct":0.2},"domain_alloc_stats":{"0":{"total":14037986,"minor":300719,"promoted":601,"major":13737868,"promoted_pct":0.2}},"collections":{"minor":1889,"major":944,"forced_major":0,"compactions":0}}
{"version":1,"wall_time":5.24,"cpu_time":5.24,"gc_time":3.08,"gc_overhead":58.81,"max_rss_kb":172836,"domain_stats":{"0":{"wall_time":5.24,"gc_time":3.08,"gc_overhead":58.81}},"mean_latency":0.207931,"stddev_latency":0.431298,"min_latency":0.0,"max_latency":2.922495,"distr_latency":{"25.0000":4.7e-05,"50.0000":0.000335,"60.0000":0.000455,"70.0000":0.003863,"75.0000":0.009767,"80.0000":0.376319,"85.0000":0.880639,"90.0000":0.906239,"95.0000":1.179647,"96.0000":1.308671,"97.0000":1.434623,"98.0000":1.553407,"99.0000":1.699839,"99.9000":2.134015,"99.9900":2.643967,"99.9990":2.922495,"99.9999":2.922495,"100.0000":2.922495},"allocations":{"total_heap":14037986,"minor_heap":300719,"major_heap":13737868,"promoted_words":601,"promoted_pct":0.2},"domain_alloc_stats":{"0":{"total":14037986,"minor":300719,"promoted":601,"major":13737868,"promoted_pct":0.2}},"collections":{"minor":1889,"major":944,"forced_major":0,"compactions":0}}
{"version":1,"wall_time":5.19,"cpu_time":5.19,"gc_time":3.06,"gc_overhead":59.02,"max_rss_kb":173112,"domain_stats":{"0":{"wall_time":5.19,"gc_time":3.06,"gc_overhead":59.02}},"mean_latency":0.206628,"stddev_latency":0.428079,"min_latency":0.0,"max_latency":2.897919,"distr_latency":{"25.0000":5.5e-05,"50.0000":0.000327,"60.0000":0.000431,"70.0000":0.003847,"75.0000":0.009663,"80.0000":0.372223,"85.0000":0.868863,"90.0000":0.907775,"95.0000":1.165311,"96.0000":1.306623,"97.0000":1.428479,"98.0000":1.541119,"99.0000":1.683455,"99.9000":1.985535,"99.9900":2.709503,"99.9990":2.897919,"99.9999":2.897919,"100.0000":2.897919},"allocations":{"total_heap":14037986,"minor_heap":300719,"major_heap":13737868,"promoted_words":601,"promoted_pct":0.2},"domain_alloc_stats":{"0":{"total":14037986,"minor":300719,"promoted":601,"major":13737868,"promoted_pct":0.2}},"collections":{"minor":1889,"major":944,"forced_major":0,"compactions":0}}
