{"version":1,"wall_time":11.68,"cpu_time":11.68,"gc_time":1.48,"gc_overhead":12.65,"max_rss_kb":545300,"domain_stats":{"0":{"wall_time":11.68,"gc_time":1.48,"gc_overhead":12.65}},"mean_latency":0.319928,"stddev_latency":0.676672,"min_latency":0.0,"max_latency":7.667711,"distr_latency":{"25.0000":0.035071,"50.0000":0.079487,"60.0000":0.104319,"70.0000":0.150399,"75.0000":0.183423,"80.0000":0.249855,"85.0000":0.451839,"90.0000":1.099775,"95.0000":1.880063,"96.0000":2.027519,"97.0000":2.224127,"98.0000":2.455551,"99.0000":3.096575,"99.9000":5.935103,"99.9900":7.667711,"99.9990":7.667711,"99.9999":7.667711,"100.0000":7.667711},"allocations":{"total_heap":2409729361,"minor_heap":2361025150,"major_heap":292468248,"promoted_words":243764037,"promoted_pct":10.32},"domain_alloc_stats":{"0":{"total":2409729361,"minor":2361025150,"promoted":243764037,"major":292468248,"promoted_pct":10.32}},"collections":{"minor":2277,"major":29,"forced_major":0,"compactions":0}}
{"version":1,"wall_time":11.76,"cpu_time":11.76,"gc_time":1.49,"gc_overhead":12.63,"max_rss_kb":545144,"domain_stats":{"0":{"wall_time":11.76,"gc_time":1.49,"gc_overhead":12.63}},"mean_latency":0.321814,"stddev_latency":0.682063,"min_latency":0.0,"max_latency":7.651327,"distr_latency":{"25.0000":0.034879,"50.0000":0.079039,"60.0000":0.105535,"70.0000":0.152447,"75.0000":0.183935,"80.0000":0.249855,"85.0000":0.452607,"90.0000":1.104895,"95.0000":1.903615,"96.0000":2.036735,"97.0000":2.260991,"98.0000":2.457599,"99.0000":3.088383,"99.9000":6.000639,"99.9900":7.651327,"99.9990":7.651327,"99.9999":7.651327,"100.0000":7.651327},"allocations":{"total_heap":2409729361,"minor_heap":2361025150,"major_heap":292468248,"promoted_words":243764037,"promoted_pct":10.32},"domain_alloc_stats":{"0":{"total":2409729361,"minor":2361025150,"promoted":243764037,"major":292468248,"promoted_pct":10.32}},"collections":{"minor":2277,"major":29,"forced_major":0,"compactions":0}}
{"version":1,"wall_time":11.83,"cpu_time":11.83,"gc_time":1.49,"gc_overhead":12.56,"max_rss_kb":545264,"domain_stats":{"0":{"wall_time":11.83,"gc_time":1.49,"gc_overhead":12.56}},"mean_latency":0.321672,"stddev_latency":0.679918,"min_latency":0.0,"max_latency":7.679999,"distr_latency":{"25.0000":0.035071,"50.0000":0.079679,"60.0000":0.104895,"70.0000":0.151423,"75.0000":0.184447,"80.0000":0.249983,"85.0000":0.451327,"90.0000":1.113087,"95.0000":1.891327,"96.0000":2.022399,"97.0000":2.252799,"98.0000":2.463743,"99.0000":3.096575,"99.9000":5.939199,"99.9900":7.679999,"99.9990":7.679999,"99.9999":7.679999,"100.0000":7.679999},"allocations":{"total_heap":2409729361,"minor_heap":2361025150,"major_heap":292468248,"promoted_words":243764037,"promoted_pct":10.32},"domain_alloc_stats":{"0":{"total":2409729361,"minor":2361025150,"promoted":243764037,"major":292468248,"promoted_pct":10.32}},"collections":{"minor":2277,"major":29,"forced_major":0,"compactions":0}}
