{"version":1,"wall_time":5.37,"cpu_time":5.37,"gc_time":2.5,"gc_overhead":46.52,"max_rss_kb":914640,"domain_stats":{"0":{"wall_time":5.37,"gc_time":2.5,"gc_overhead":46.52}},"mean_latency":0.112466,"stddev_latency":0.284993,"min_latency":0.0,"max_latency":13.107199,"distr_latency":{"25.0000":0.036927,"50.0000":0.073855,"60.0000":0.078911,"70.0000":0.106559,"75.0000":0.113023,"80.0000":0.166015,"85.0000":0.184191,"90.0000":0.208639,"95.0000":0.267007,"96.0000":0.292095,"97.0000":0.369407,"98.0000":0.504831,"99.0000":0.844287,"99.9000":3.866623,"99.9900":11.812863,"99.9990":13.107199,"99.9999":13.107199,"100.0000":13.107199},"allocations":{"total_heap":2913931430,"minor_heap":2901324560,"major_heap":388588333,"promoted_words":375981463,"promoted_pct":12.96},"domain_alloc_stats":{"0":{"total":2913931430,"minor":2901324560,"promoted":375981463,"major":388588333,"promoted_pct":12.96}},"collections":{"minor":11099,"major":43,"forced_major":0,"compactions":0}}
{"version":1,"wall_time":5.49,"cpu_time":5.49,"gc_time":2.52,"gc_overhead":45.84,"max_rss_kb":914512,"domain_stats":{"0":{"wall_time":5.49,"gc_time":2.52,"gc_overhead":45.84}},"mean_latency":0.113206,"stddev_latency":0.283693,"min_latency":0.0,"max_latency":12.959743,"distr_latency":{"25.0000":0.036959,"50.0000":0.073983,"60.0000":0.079167,"70.0000":0.106559,"75.0000":0.113279,"80.0000":0.170367,"85.0000":0.185471,"90.0000":0.210559,"95.0000":0.273919,"96.0000":0.297215,"97.0000":0.379391,"98.0000":0.508671,"99.0000":0.848383,"99.9000":3.909631,"99.9900":11.657215,"99.9990":12.959743,"99.9999":12.959743,"100.0000":12.959743},"allocations":{"total_heap":2913931430,"minor_heap":2901324560,"major_heap":388588333,"promoted_words":375981463,"promoted_pct":12.96},"domain_alloc_stats":{"0":{"total":2913931430,"minor":2901324560,"promoted":375981463,"major":388588333,"promoted_pct":12.96}},"collections":{"minor":11099,"major":43,"forced_major":0,"compactions":0}}
{"version":1,"wall_time":5.46,"cpu_time":5.46,"gc_time":2.52,"gc_overhead":46.11,"max_rss_kb":914536,"domain_stats":{"0":{"wall_time":5.46,"gc_time":2.52,"gc_overhead":46.11}},"mean_latency":0.113197,"stddev_latency":0.286601,"min_latency":0.0,"max_latency":13.287423,"distr_latency":{"25.0000":0.036703,"50.0000":0.073663,"60.0000":0.078783,"70.0000":0.106431,"75.0000":0.113023,"80.0000":0.170623,"85.0000":0.187775,"90.0000":0.210559,"95.0000":0.266751,"96.0000":0.293631,"97.0000":0.376063,"98.0000":0.506367,"99.0000":0.859135,"99.9000":3.899391,"99.9900":11.878399,"99.9990":13.287423,"99.9999":13.287423,"100.0000":13.287423},"allocations":{"total_heap":2913931430,"minor_heap":2901324560,"major_heap":388588333,"promoted_words":375981463,"promoted_pct":12.96},"domain_alloc_stats":{"0":{"total":2913931430,"minor":2901324560,"promoted":375981463,"major":388588333,"promoted_pct":12.96}},"collections":{"minor":11099,"major":43,"forced_major":0,"compactions":0}}
