{"version":1,"wall_time":1.69,"cpu_time":1.69,"gc_time":0.48,"gc_overhead":28.37,"max_rss_kb":310952,"domain_stats":{"0":{"wall_time":1.69,"gc_time":0.48,"gc_overhead":28.37}},"mean_latency":0.590884,"stddev_latency":1.225537,"min_latency":0.0,"max_latency":12.607487,"distr_latency":{"25.0000":0.049791,"50.0000":0.085951,"60.0000":0.133503,"70.0000":0.257919,"75.0000":0.393215,"80.0000":0.718847,"85.0000":1.402879,"90.0000":1.975295,"95.0000":3.008511,"96.0000":3.639295,"97.0000":3.850239,"98.0000":4.415487,"99.0000":6.287359,"99.9000":8.372223,"99.9900":12.607487,"99.9990":12.607487,"99.9999":12.607487,"100.0000":12.607487},"allocations":{"total_heap":849560061,"minor_heap":846443788,"major_heap":67202168,"promoted_words":64085895,"promoted_pct":7.57},"domain_alloc_stats":{"0":{"total":849560061,"minor":846443788,"promoted":64085895,"major":67202168,"promoted_pct":7.57}},"collections":{"minor":411,"major":13,"forced_major":0,"compactions":0}}
{"version":1,"wall_time":1.69,"cpu_time":1.69,"gc_time":0.48,"gc_overhead":28.39,"max_rss_kb":310928,"domain_stats":{"0":{"wall_time":1.69,"gc_time":0.48,"gc_overhead":28.39}},"mean_latency":0.590683,"stddev_latency":1.22464,"min_latency":0.0,"max_latency":12.451839,"distr_latency":{"25.0000":0.049503,"50.0000":0.087167,"60.0000":0.130111,"70.0000":0.260607,"75.0000":0.391935,"80.0000":0.735743,"85.0000":1.383423,"90.0000":1.993727,"95.0000":3.047423,"96.0000":3.670015,"97.0000":3.891199,"98.0000":4.280319,"99.0000":6.328319,"99.9000":8.134655,"99.9900":12.451839,"99.9990":12.451839,"99.9999":12.451839,"100.0000":12.451839},"allocations":{"total_heap":849560061,"minor_heap":846443788,"major_heap":67202168,"promoted_words":64085895,"promoted_pct":7.57},"domain_alloc_stats":{"0":{"total":849560061,"minor":846443788,"promoted":64085895,"major":67202168,"promoted_pct":7.57}},"collections":{"minor":411,"major":13,"forced_major":0,"compactions":0}}
{"version":1,"wall_time":1.69,"cpu_time":1.69,"gc_time":0.48,"gc_overhead":28.42,"max_rss_kb":310848,"domain_stats":{"0":{"wall_time":1.69,"gc_time":0.48,"gc_overhead":28.42}},"mean_latency":0.592696,"stddev_latency":1.227764,"min_latency":0.0,"max_latency":12.476415,"distr_latency":{"25.0000":0.050335,"50.0000":0.089855,"60.0000":0.135807,"70.0000":0.263935,"75.0000":0.396031,"80.0000":0.684031,"85.0000":1.354751,"90.0000":1.974271,"95.0000":3.022847,"96.0000":3.649535,"97.0000":3.903487,"98.0000":4.268031,"99.0000":6.279167,"99.9000":8.237055,"99.9900":12.476415,"99.9990":12.476415,"99.9999":12.476415,"100.0000":12.476415},"allocations":{"total_heap":849560061,"minor_heap":846443788,"major_heap":67202168,"promoted_words":64085895,"promoted_pct":7.57},"domain_alloc_stats":{"0":{"total":849560061,"minor":846443788,"promoted":64085895,"major":67202168,"promoted_pct":7.57}},"collections":{"minor":411,"major":13,"forced_major":0,"compactions":0}}
