{"version":1,"wall_time":2.79,"cpu_time":2.79,"gc_time":2.52,"gc_overhead":90.43,"max_rss_kb":112208,"domain_stats":{"0":{"wall_time":2.79,"gc_time":2.52,"gc_overhead":90.43}},"mean_latency":0.172201,"stddev_latency":0.374,"min_latency":0.0,"max_latency":3.069951,"distr_latency":{"25.0000":4.7e-05,"50.0000":0.000295,"60.0000":0.000327,"70.0000":0.002871,"75.0000":0.006823,"80.0000":0.106367,"85.0000":0.785407,"90.0000":0.819711,"95.0000":0.998399,"96.0000":1.123327,"97.0000":1.235967,"98.0000":1.361919,"99.0000":1.478655,"99.9000":1.604607,"99.9900":2.723839,"99.9990":3.069951,"99.9999":3.069951,"100.0000":3.069951},"allocations":{"total_heap":13497963,"minor_heap":120717,"major_heap":13377826,"promoted_words":580,"promoted_pct":0.48},"domain_alloc_stats":{"0":{"total":13497963,"minor":120717,"promoted":580,"major":13377826,"promoted_pct":0.48}},"collections":{"minor":1799,"major":899,"forced_major":0,"compactions":0}}
{"version":1,"wall_time":3.41,"cpu_time":3.41,"gc_time":3.14,"gc_overhead":92.16,"max_rss_kb":112224,"domain_stats":{"0":{"wall_time":3.41,"gc_time":3.14,"gc_overhead":92.16}},"mean_latency":0.214856,"stddev_latency":0.48901,"min_latency":0.0,"max_latency":3.092479,"distr_latency":{"25.0000":5.5e-05,"50.0000":0.000303,"60.0000":0.000335,"70.0000":0.002983,"75.0000":0.007375,"80.0000":0.121535,"85.0000":0.802815,"90.0000":0.861183,"95.0000":1.410047,"96.0000":1.415167,"97.0000":1.476607,"98.0000":1.725439,"99.0000":2.197503,"99.9000":2.693119,"99.9900":2.756607,"99.9990":3.092479,"99.9999":3.092479,"100.0000":3.092479},"allocations":{"total_heap":13497963,"minor_heap":120717,"major_heap":13377826,"promoted_words":580,"promoted_pct":0.48},"domain_alloc_stats":{"0":{"total":13497963,"minor":120717,"promoted":580,"major":13377826,"promoted_pct":0.48}},"collections":{"minor":1799,"major":899,"forced_major":0,"compactions":0}}
{"version":1,"wall_time":2.77,"cpu_time":2.77,"gc_time":2.5,"gc_overhead":90.33,"max_rss_kb":112200,"domain_stats":{"0":{"wall_time":2.77,"gc_time":2.5,"gc_overhead":90.33}},"mean_latency":0.170892,"stddev_latency":0.370486,"min_latency":0.0,"max_latency":3.256319,"distr_latency":{"25.0000":5.5e-05,"50.0000":0.000303,"60.0000":0.000343,"70.0000":0.003071,"75.0000":0.007183,"80.0000":0.104319,"85.0000":0.778751,"90.0000":0.819711,"95.0000":0.985599,"96.0000":1.110015,"97.0000":1.230847,"98.0000":1.355775,"99.0000":1.471487,"99.9000":1.593343,"99.9900":1.914879,"99.9990":3.256319,"99.9999":3.256319,"100.0000":3.256319},"allocations":{"total_heap":13497963,"minor_heap":120717,"major_heap":13377826,"promoted_words":580,"promoted_pct":0.48},"domain_alloc_stats":{"0":{"total":13497963,"minor":120717,"promoted":580,"major":13377826,"promoted_pct":0.48}},"collections":{"minor":1799,"major":899,"forced_major":0,"compactions":0}}
