{"version":1,"wall_time":4.24,"cpu_time":4.24,"gc_time":2.98,"gc_overhead":70.29,"max_rss_kb":199456,"domain_stats":{"0":{"wall_time":4.24,"gc_time":2.98,"gc_overhead":70.29}},"mean_latency":0.248218,"stddev_latency":0.389453,"min_latency":0.0,"max_latency":4.853759,"distr_latency":{"25.0000":0.000287,"50.0000":0.000375,"60.0000":0.010183,"70.0000":0.265727,"75.0000":0.508159,"80.0000":0.782335,"85.0000":0.926719,"90.0000":0.934911,"95.0000":0.944127,"96.0000":0.946687,"97.0000":0.950783,"98.0000":0.956927,"99.0000":0.974847,"99.9000":1.548287,"99.9900":2.859007,"99.9990":4.853759,"99.9999":4.853759,"100.0000":4.853759},"allocations":{"total_heap":14037841,"minor_heap":300574,"major_heap":13737835,"promoted_words":568,"promoted_pct":0.19},"domain_alloc_stats":{"0":{"total":14037841,"minor":300574,"promoted":568,"major":13737835,"promoted_pct":0.19}},"collections":{"minor":981,"major":981,"forced_major":0,"compactions":0}}
{"version":1,"wall_time":4.21,"cpu_time":4.21,"gc_time":2.95,"gc_overhead":70.08,"max_rss_kb":199108,"domain_stats":{"0":{"wall_time":4.21,"gc_time":2.95,"gc_overhead":70.08}},"mean_latency":0.245686,"stddev_latency":0.383755,"min_latency":0.0,"max_latency":2.904063,"distr_latency":{"25.0000":0.000287,"50.0000":0.000375,"60.0000":0.010015,"70.0000":0.262143,"75.0000":0.509695,"80.0000":0.777727,"85.0000":0.911359,"90.0000":0.923135,"95.0000":0.935423,"96.0000":0.937983,"97.0000":0.941055,"98.0000":0.946687,"99.0000":0.957439,"99.9000":1.553407,"99.9900":2.734079,"99.9990":2.904063,"99.9999":2.904063,"100.0000":2.904063},"allocations":{"total_heap":14037841,"minor_heap":300574,"major_heap":13737835,"promoted_words":568,"promoted_pct":0.19},"domain_alloc_stats":{"0":{"total":14037841,"minor":300574,"promoted":568,"major":13737835,"promoted_pct":0.19}},"collections":{"minor":981,"major":981,"forced_major":0,"compactions":0}}
{"version":1,"wall_time":4.22,"cpu_time":4.22,"gc_time":2.98,"gc_overhead":70.67,"max_rss_kb":199712,"domain_stats":{"0":{"wall_time":4.22,"gc_time":2.98,"gc_overhead":70.67}},"mean_latency":0.248707,"stddev_latency":0.389959,"min_latency":0.0,"max_latency":4.026367,"distr_latency":{"25.0000":0.000287,"50.0000":0.000383,"60.0000":0.010095,"70.0000":0.258559,"75.0000":0.505855,"80.0000":0.783871,"85.0000":0.930303,"90.0000":0.937983,"95.0000":0.946687,"96.0000":0.949247,"97.0000":0.952319,"98.0000":0.956927,"99.0000":0.970239,"99.9000":1.551359,"99.9900":2.781183,"99.9990":4.026367,"99.9999":4.026367,"100.0000":4.026367},"allocations":{"total_heap":14037841,"minor_heap":300574,"major_heap":13737835,"promoted_words":568,"promoted_pct":0.19},"domain_alloc_stats":{"0":{"total":14037841,"minor":300574,"promoted":568,"major":13737835,"promoted_pct":0.19}},"collections":{"minor":981,"major":981,"forced_major":0,"compactions":0}}
