{"version":1,"wall_time":4.05,"cpu_time":4.05,"gc_time":0.14,"gc_overhead":3.48,"max_rss_kb":23448,"domain_stats":{"0":{"wall_time":4.05,"gc_time":0.14,"gc_overhead":3.48}},"mean_latency":0.022045,"stddev_latency":0.014474,"min_latency":0.0,"max_latency":0.157567,"distr_latency":{"25.0000":0.013383,"50.0000":0.020143,"60.0000":0.023951,"70.0000":0.027007,"75.0000":0.028575,"80.0000":0.030527,"85.0000":0.032703,"90.0000":0.035967,"95.0000":0.043103,"96.0000":0.049343,"97.0000":0.060383,"98.0000":0.071359,"99.0000":0.074687,"99.9000":0.103487,"99.9900":0.113791,"99.9990":0.157567,"99.9999":0.157567,"100.0000":0.157567},"allocations":{"total_heap":1736395207,"minor_heap":1630340917,"major_heap":146854014,"promoted_words":40799724,"promoted_pct":2.5},"domain_alloc_stats":{"0":{"total":1736395207,"minor":1630340917,"promoted":40799724,"major":146854014,"promoted_pct":2.5}},"collections":{"minor":4055,"major":1864,"forced_major":0,"compactions":0}}
{"version":1,"wall_time":4.05,"cpu_time":4.05,"gc_time":0.14,"gc_overhead":3.51,"max_rss_kb":23464,"domain_stats":{"0":{"wall_time":4.05,"gc_time":0.14,"gc_overhead":3.51}},"mean_latency":0.022217,"stddev_latency":0.014423,"min_latency":0.0,"max_latency":0.112319,"distr_latency":{"25.0000":0.013375,"50.0000":0.020463,"60.0000":0.024271,"70.0000":0.027215,"75.0000":0.028895,"80.0000":0.030671,"85.0000":0.032799,"90.0000":0.035807,"95.0000":0.043199,"96.0000":0.049791,"97.0000":0.060287,"98.0000":0.071935,"99.0000":0.075519,"99.9000":0.103551,"99.9900":0.106111,"99.9990":0.112319,"99.9999":0.112319,"100.0000":0.112319},"allocations":{"total_heap":1736395207,"minor_heap":1630340917,"major_heap":146854014,"promoted_words":40799724,"promoted_pct":2.5},"domain_alloc_stats":{"0":{"total":1736395207,"minor":1630340917,"promoted":40799724,"major":146854014,"promoted_pct":2.5}},"collections":{"minor":4055,"major":1864,"forced_major":0,"compactions":0}}
{"version":1,"wall_time":4.05,"cpu_time":4.05,"gc_time":0.14,"gc_overhead":3.48,"max_rss_kb":23380,"domain_stats":{"0":{"wall_time":4.05,"gc_time":0.14,"gc_overhead":3.48}},"mean_latency":0.02204,"stddev_latency":0.014422,"min_latency":0.0,"max_latency":0.112767,"distr_latency":{"25.0000":0.013327,"50.0000":0.020143,"60.0000":0.024047,"70.0000":0.027007,"75.0000":0.028591,"80.0000":0.030495,"85.0000":0.032575,"90.0000":0.035903,"95.0000":0.043071,"96.0000":0.049535,"97.0000":0.060767,"98.0000":0.071615,"99.0000":0.075135,"99.9000":0.103807,"99.9900":0.105535,"99.9990":0.112767,"99.9999":0.112767,"100.0000":0.112767},"allocations":{"total_heap":1736395207,"minor_heap":1630340917,"major_heap":146854014,"promoted_words":40799724,"promoted_pct":2.5},"domain_alloc_stats":{"0":{"total":1736395207,"minor":1630340917,"promoted":40799724,"major":146854014,"promoted_pct":2.5}},"collections":{"minor":4055,"major":1864,"forced_major":0,"compactions":0}}
