{"version":1,"wall_time":3.2,"cpu_time":3.2,"gc_time":1.03,"gc_overhead":32.12,"max_rss_kb":1018372,"domain_stats":{"0":{"wall_time":3.2,"gc_time":1.03,"gc_overhead":32.12}},"mean_latency":0.406086,"stddev_latency":0.419107,"min_latency":0.0,"max_latency":9.158655,"distr_latency":{"25.0000":0.116095,"50.0000":0.374015,"60.0000":0.425727,"70.0000":0.470015,"75.0000":0.507647,"80.0000":0.570367,"85.0000":0.617983,"90.0000":0.729087,"95.0000":0.914943,"96.0000":1.013759,"97.0000":1.123327,"98.0000":1.369087,"99.0000":2.030591,"99.9000":4.141055,"99.9900":9.158655,"99.9990":9.158655,"99.9999":9.158655,"100.0000":9.158655},"allocations":{"total_heap":1328380287,"minor_heap":1325138774,"major_heap":146645161,"promoted_words":143403648,"promoted_pct":10.82},"domain_alloc_stats":{"0":{"total":1328380287,"minor":1325138774,"promoted":143403648,"major":146645161,"promoted_pct":10.82}},"collections":{"minor":1270,"major":10,"forced_major":0,"compactions":0}}
{"version":1,"wall_time":3.19,"cpu_time":3.19,"gc_time":1.02,"gc_overhead":32.15,"max_rss_kb":1026164,"domain_stats":{"0":{"wall_time":3.19,"gc_time":1.02,"gc_overhead":32.15}},"mean_latency":0.404079,"stddev_latency":0.418624,"min_latency":0.0,"max_latency":9.125887,"distr_latency":{"25.0000":0.117183,"50.0000":0.368895,"60.0000":0.424703,"70.0000":0.463615,"75.0000":0.510463,"80.0000":0.566783,"85.0000":0.616447,"90.0000":0.728575,"95.0000":0.911359,"96.0000":1.009663,"97.0000":1.147903,"98.0000":1.362943,"99.0000":2.016255,"99.9000":4.143103,"99.9900":9.125887,"99.9990":9.125887,"99.9999":9.125887,"100.0000":9.125887},"allocations":{"total_heap":1328380287,"minor_heap":1325138774,"major_heap":146645161,"promoted_words":143403648,"promoted_pct":10.82},"domain_alloc_stats":{"0":{"total":1328380287,"minor":1325138774,"promoted":143403648,"major":146645161,"promoted_pct":10.82}},"collections":{"minor":1270,"major":10,"forced_major":0,"compactions":0}}
{"version":1,"wall_time":3.19,"cpu_time":3.19,"gc_time":1.03,"gc_overhead":32.31,"max_rss_kb":1026100,"domain_stats":{"0":{"wall_time":3.19,"gc_time":1.03,"gc_overhead":32.31}},"mean_latency":0.405992,"stddev_latency":0.421215,"min_latency":0.0,"max_latency":9.191423,"distr_latency":{"25.0000":0.114879,"50.0000":0.371455,"60.0000":0.424959,"70.0000":0.466687,"75.0000":0.508671,"80.0000":0.570879,"85.0000":0.622079,"90.0000":0.729087,"95.0000":0.911871,"96.0000":0.996351,"97.0000":1.123327,"98.0000":1.373183,"99.0000":1.984511,"99.9000":4.143103,"99.9900":9.191423,"99.9990":9.191423,"99.9999":9.191423,"100.0000":9.191423},"allocations":{"total_heap":1328380287,"minor_heap":1325138774,"major_heap":146645161,"promoted_words":143403648,"promoted_pct":10.82},"domain_alloc_stats":{"0":{"total":1328380287,"minor":1325138774,"promoted":143403648,"major":146645161,"promoted_pct":10.82}},"collections":{"minor":1270,"major":10,"forced_major":0,"compactions":0}}
