{"version":1,"wall_time":2.92,"cpu_time":2.92,"gc_time":2.67,"gc_overhead":91.53,"max_rss_kb":199572,"domain_stats":{"0":{"wall_time":2.92,"gc_time":2.67,"gc_overhead":91.53}},"mean_latency":0.222992,"stddev_latency":0.352154,"min_latency":0.0,"max_latency":3.833855,"distr_latency":{"25.0000":0.000287,"50.0000":0.000295,"60.0000":0.009855,"70.0000":0.218239,"75.0000":0.444415,"80.0000":0.718335,"85.0000":0.849919,"90.0000":0.856575,"95.0000":0.863231,"96.0000":0.864767,"97.0000":0.866303,"98.0000":0.868863,"99.0000":0.873983,"99.9000":1.483775,"99.9900":2.250751,"99.9990":3.833855,"99.9999":3.833855,"100.0000":3.833855},"allocations":{"total_heap":14037792,"minor_heap":300525,"major_heap":13737835,"promoted_words":568,"promoted_pct":0.19},"domain_alloc_stats":{"0":{"total":14037792,"minor":300525,"promoted":568,"major":13737835,"promoted_pct":0.19}},"collections":{"minor":944,"major":944,"forced_major":0,"compactions":0}}
{"version":1,"wall_time":2.93,"cpu_time":2.93,"gc_time":2.69,"gc_overhead":91.56,"max_rss_kb":199648,"domain_stats":{"0":{"wall_time":2.93,"gc_time":2.69,"gc_overhead":91.56}},"mean_latency":0.223996,"stddev_latency":0.353609,"min_latency":0.0,"max_latency":3.067903,"distr_latency":{"25.0000":0.000287,"50.0000":0.000295,"60.0000":0.009791,"70.0000":0.216063,"75.0000":0.444671,"80.0000":0.716799,"85.0000":0.857599,"90.0000":0.862719,"95.0000":0.867839,"96.0000":0.868863,"97.0000":0.870399,"98.0000":0.872447,"99.0000":0.879103,"99.9000":1.485823,"99.9900":2.283519,"99.9990":3.067903,"99.9999":3.067903,"100.0000":3.067903},"allocations":{"total_heap":14037792,"minor_heap":300525,"major_heap":13737835,"promoted_words":568,"promoted_pct":0.19},"domain_alloc_stats":{"0":{"total":14037792,"minor":300525,"promoted":568,"major":13737835,"promoted_pct":0.19}},"collections":{"minor":944,"major":944,"forced_major":0,"compactions":0}}
{"version":1,"wall_time":2.93,"cpu_time":2.93,"gc_time":2.68,"gc_overhead":91.52,"max_rss_kb":199512,"domain_stats":{"0":{"wall_time":2.93,"gc_time":2.68,"gc_overhead":91.52}},"mean_latency":0.22368,"stddev_latency":0.353084,"min_latency":0.0,"max_latency":2.953215,"distr_latency":{"25.0000":0.000287,"50.0000":0.000295,"60.0000":0.009671,"70.0000":0.216191,"75.0000":0.445183,"80.0000":0.714239,"85.0000":0.855551,"90.0000":0.860671,"95.0000":0.865791,"96.0000":0.867327,"97.0000":0.868863,"98.0000":0.870911,"99.0000":0.878079,"99.9000":1.483775,"99.9900":2.244607,"99.9990":2.953215,"99.9999":2.953215,"100.0000":2.953215},"allocations":{"total_heap":14037792,"minor_heap":300525,"major_heap":13737835,"promoted_words":568,"promoted_pct":0.19},"domain_alloc_stats":{"0":{"total":14037792,"minor":300525,"promoted":568,"major":13737835,"promoted_pct":0.19}},"collections":{"minor":944,"major":944,"forced_major":0,"compactions":0}}
