{"version":1,"wall_time":2.53,"cpu_time":2.53,"gc_time":0.5,"gc_overhead":19.85,"max_rss_kb":130624,"domain_stats":{"0":{"wall_time":2.53,"gc_time":0.5,"gc_overhead":19.85}},"mean_latency":0.001983,"stddev_latency":0.002096,"min_latency":0.0,"max_latency":0.025951,"distr_latency":{"25.0000":3.1e-05,"50.0000":0.001951,"60.0000":0.002031,"70.0000":0.002847,"75.0000":0.003503,"80.0000":0.003695,"85.0000":0.003991,"90.0000":0.004423,"95.0000":0.005263,"96.0000":0.006103,"97.0000":0.007143,"98.0000":0.008143,"99.0000":0.009335,"99.9000":0.012623,"99.9900":0.017535,"99.9990":0.023039,"99.9999":0.025951,"100.0000":0.025951},"allocations":{"total_heap":3994359349,"minor_heap":4706260,"major_heap":3989860330,"promoted_words":207241,"promoted_pct":4.4},"domain_alloc_stats":{"0":{"total":3994359349,"minor":4706260,"promoted":207241,"major":3989860330,"promoted_pct":4.4}},"collections":{"minor":106784,"major":53387,"forced_major":0,"compactions":0}}
{"version":1,"wall_time":2.54,"cpu_time":2.54,"gc_time":0.51,"gc_overhead":20.05,"max_rss_kb":130020,"domain_stats":{"0":{"wall_time":2.54,"gc_time":0.51,"gc_overhead":20.05}},"mean_latency":0.002011,"stddev_latency":0.002115,"min_latency":0.0,"max_latency":0.051231,"distr_latency":{"25.0000":3.1e-05,"50.0000":0.001943,"60.0000":0.002023,"70.0000":0.002727,"75.0000":0.003703,"80.0000":0.004151,"85.0000":0.004247,"90.0000":0.004423,"95.0000":0.005127,"96.0000":0.005927,"97.0000":0.006975,"98.0000":0.008015,"99.0000":0.009207,"99.9000":0.012391,"99.9900":0.015911,"99.9990":0.021391,"99.9999":0.051231,"100.0000":0.051231},"allocations":{"total_heap":3994359349,"minor_heap":4706260,"major_heap":3989860330,"promoted_words":207241,"promoted_pct":4.4},"domain_alloc_stats":{"0":{"total":3994359349,"minor":4706260,"promoted":207241,"major":3989860330,"promoted_pct":4.4}},"collections":{"minor":106784,"major":53387,"forced_major":0,"compactions":0}}
{"version":1,"wall_time":2.52,"cpu_time":2.52,"gc_time":0.49,"gc_overhead":19.3,"max_rss_kb":131064,"domain_stats":{"0":{"wall_time":2.52,"gc_time":0.49,"gc_overhead":19.3}},"mean_latency":0.001921,"stddev_latency":0.002026,"min_latency":0.0,"max_latency":0.024303,"distr_latency":{"25.0000":3.1e-05,"50.0000":0.001951,"60.0000":0.002047,"70.0000":0.002783,"75.0000":0.003327,"80.0000":0.003495,"85.0000":0.003863,"90.0000":0.004063,"95.0000":0.004863,"96.0000":0.005927,"97.0000":0.007071,"98.0000":0.008071,"99.0000":0.009287,"99.9000":0.012543,"99.9900":0.015991,"99.9990":0.021775,"99.9999":0.024303,"100.0000":0.024303},"allocations":{"total_heap":3994359349,"minor_heap":4706260,"major_heap":3989860330,"promoted_words":207241,"promoted_pct":4.4},"domain_alloc_stats":{"0":{"total":3994359349,"minor":4706260,"promoted":207241,"major":3989860330,"promoted_pct":4.4}},"collections":{"minor":106784,"major":53387,"forced_major":0,"compactions":0}}
