{"version":1,"wall_time":12.23,"cpu_time":12.23,"gc_time":1.89,"gc_overhead":15.43,"max_rss_kb":916396,"domain_stats":{"0":{"wall_time":12.23,"gc_time":1.89,"gc_overhead":15.43}},"mean_latency":0.102504,"stddev_latency":0.144437,"min_latency":0.0,"max_latency":1.995775,"distr_latency":{"25.0000":0.025663,"50.0000":0.052287,"60.0000":0.069311,"70.0000":0.094079,"75.0000":0.112383,"80.0000":0.136959,"85.0000":0.180735,"90.0000":0.264703,"95.0000":0.377087,"96.0000":0.423679,"97.0000":0.479999,"98.0000":0.563711,"99.0000":0.709631,"99.9000":1.340415,"99.9900":1.699839,"99.9990":1.995775,"99.9999":1.995775,"100.0000":1.995775},"allocations":{"total_heap":2410205847,"minor_heap":2361501636,"major_heap":433333419,"promoted_words":384629208,"promoted_pct":16.29},"domain_alloc_stats":{"0":{"total":2410205847,"minor":2361501636,"promoted":384629208,"major":433333419,"promoted_pct":16.29}},"collections":{"minor":9045,"major":34,"forced_major":0,"compactions":0}}
{"version":1,"wall_time":12.21,"cpu_time":12.21,"gc_time":1.88,"gc_overhead":15.41,"max_rss_kb":918456,"domain_stats":{"0":{"wall_time":12.21,"gc_time":1.88,"gc_overhead":15.41}},"mean_latency":0.102247,"stddev_latency":0.144831,"min_latency":0.0,"max_latency":2.030591,"distr_latency":{"25.0000":0.025375,"50.0000":0.051999,"60.0000":0.068863,"70.0000":0.093759,"75.0000":0.112255,"80.0000":0.136575,"85.0000":0.180095,"90.0000":0.263679,"95.0000":0.377599,"96.0000":0.425471,"97.0000":0.477695,"98.0000":0.562687,"99.0000":0.708095,"99.9000":1.348607,"99.9900":1.747967,"99.9990":2.030591,"99.9999":2.030591,"100.0000":2.030591},"allocations":{"total_heap":2410205847,"minor_heap":2361501636,"major_heap":433333419,"promoted_words":384629208,"promoted_pct":16.29},"domain_alloc_stats":{"0":{"total":2410205847,"minor":2361501636,"promoted":384629208,"major":433333419,"promoted_pct":16.29}},"collections":{"minor":9045,"major":34,"forced_major":0,"compactions":0}}
{"version":1,"wall_time":12.29,"cpu_time":12.29,"gc_time":1.88,"gc_overhead":15.29,"max_rss_kb":918480,"domain_stats":{"0":{"wall_time":12.29,"gc_time":1.88,"gc_overhead":15.29}},"mean_latency":0.102055,"stddev_latency":0.144615,"min_latency":0.0,"max_latency":2.019327,"distr_latency":{"25.0000":0.025407,"50.0000":0.051775,"60.0000":0.068799,"70.0000":0.093887,"75.0000":0.112063,"80.0000":0.137215,"85.0000":0.180351,"90.0000":0.264447,"95.0000":0.373759,"96.0000":0.419071,"97.0000":0.477951,"98.0000":0.556543,"99.0000":0.712191,"99.9000":1.347583,"99.9900":1.758207,"99.9990":2.019327,"99.9999":2.019327,"100.0000":2.019327},"allocations":{"total_heap":2410205847,"minor_heap":2361501636,"major_heap":433333419,"promoted_words":384629208,"promoted_pct":16.29},"domain_alloc_stats":{"0":{"total":2410205847,"minor":2361501636,"promoted":384629208,"major":433333419,"promoted_pct":16.29}},"collections":{"minor":9045,"major":34,"forced_major":0,"compactions":0}}
