{"version":1,"wall_time":1.69,"cpu_time":1.69,"gc_time":0.51,"gc_overhead":30.13,"max_rss_kb":324440,"domain_stats":{"0":{"wall_time":1.69,"gc_time":0.51,"gc_overhead":30.13}},"mean_latency":0.311799,"stddev_latency":0.641506,"min_latency":0.0,"max_latency":6.275071,"distr_latency":{"25.0000":0.023055,"50.0000":0.056895,"60.0000":0.083647,"70.0000":0.132991,"75.0000":0.210047,"80.0000":0.471039,"85.0000":0.651263,"90.0000":1.060863,"95.0000":1.579007,"96.0000":1.689599,"97.0000":1.868799,"98.0000":2.160639,"99.0000":3.573759,"99.9000":4.591615,"99.9900":6.275071,"99.9990":6.275071,"99.9999":6.275071,"100.0000":6.275071},"allocations":{"total_heap":849784527,"minor_heap":846018570,"major_heap":72045324,"promoted_words":68279367,"promoted_pct":8.07},"domain_alloc_stats":{"0":{"total":849784527,"minor":846018570,"promoted":68279367,"major":72045324,"promoted_pct":8.07}},"collections":{"minor":817,"major":16,"forced_major":0,"compactions":0}}
{"version":1,"wall_time":1.69,"cpu_time":1.69,"gc_time":0.51,"gc_overhead":30.13,"max_rss_kb":324528,"domain_stats":{"0":{"wall_time":1.69,"gc_time":0.51,"gc_overhead":30.13}},"mean_latency":0.312643,"stddev_latency":0.647071,"min_latency":0.0,"max_latency":6.356991,"distr_latency":{"25.0000":0.022431,"50.0000":0.056191,"60.0000":0.083199,"70.0000":0.135807,"75.0000":0.209535,"80.0000":0.470783,"85.0000":0.647679,"90.0000":1.052671,"95.0000":1.598463,"96.0000":1.681407,"97.0000":1.847295,"98.0000":2.152447,"99.0000":3.598335,"99.9000":5.103615,"99.9900":6.356991,"99.9990":6.356991,"99.9999":6.356991,"100.0000":6.356991},"allocations":{"total_heap":849784527,"minor_heap":846018570,"major_heap":72045324,"promoted_words":68279367,"promoted_pct":8.07},"domain_alloc_stats":{"0":{"total":849784527,"minor":846018570,"promoted":68279367,"major":72045324,"promoted_pct":8.07}},"collections":{"minor":817,"major":16,"forced_major":0,"compactions":0}}
{"version":1,"wall_time":1.69,"cpu_time":1.69,"gc_time":0.5,"gc_overhead":29.86,"max_rss_kb":324548,"domain_stats":{"0":{"wall_time":1.69,"gc_time":0.5,"gc_overhead":29.86}},"mean_latency":0.308932,"stddev_latency":0.639637,"min_latency":0.0,"max_latency":6.344703,"distr_latency":{"25.0000":0.022527,"50.0000":0.055903,"60.0000":0.082943,"70.0000":0.132863,"75.0000":0.208767,"80.0000":0.466943,"85.0000":0.637951,"90.0000":1.042943,"95.0000":1.579007,"96.0000":1.666047,"97.0000":1.811455,"98.0000":2.156543,"99.0000":3.557375,"99.9000":4.640767,"99.9900":6.344703,"99.9990":6.344703,"99.9999":6.344703,"100.0000":6.344703},"allocations":{"total_heap":849784527,"minor_heap":846018570,"major_heap":72045324,"promoted_words":68279367,"promoted_pct":8.07},"domain_alloc_stats":{"0":{"total":849784527,"minor":846018570,"promoted":68279367,"major":72045324,"promoted_pct":8.07}},"collections":{"minor":817,"major":16,"forced_major":0,"compactions":0}}
