{"version":1,"wall_time":1.68,"cpu_time":1.68,"gc_time":0.5,"gc_overhead":29.88,"max_rss_kb":302652,"domain_stats":{"0":{"wall_time":1.68,"gc_time":0.5,"gc_overhead":29.88}},"mean_latency":0.154344,"stddev_latency":0.318745,"min_latency":0.0,"max_latency":5.591039,"distr_latency":{"25.0000":0.022943,"50.0000":0.044959,"60.0000":0.055487,"70.0000":0.072767,"75.0000":0.096447,"80.0000":0.175359,"85.0000":0.285695,"90.0000":0.445951,"95.0000":0.759807,"96.0000":0.849407,"97.0000":0.970239,"98.0000":1.129471,"99.0000":1.692671,"99.9000":2.725887,"99.9900":5.591039,"99.9990":5.591039,"99.9999":5.591039,"100.0000":5.591039},"allocations":{"total_heap":850385731,"minor_heap":846619774,"major_heap":78568481,"promoted_words":74802524,"promoted_pct":8.84},"domain_alloc_stats":{"0":{"total":850385731,"minor":846619774,"promoted":74802524,"major":78568481,"promoted_pct":8.84}},"collections":{"minor":1627,"major":18,"forced_major":0,"compactions":0}}
{"version":1,"wall_time":1.7,"cpu_time":1.7,"gc_time":0.51,"gc_overhead":29.76,"max_rss_kb":302436,"domain_stats":{"0":{"wall_time":1.7,"gc_time":0.51,"gc_overhead":29.76}},"mean_latency":0.155697,"stddev_latency":0.320009,"min_latency":0.0,"max_latency":5.640191,"distr_latency":{"25.0000":0.023103,"50.0000":0.045535,"60.0000":0.057055,"70.0000":0.072831,"75.0000":0.096703,"80.0000":0.183551,"85.0000":0.289535,"90.0000":0.453375,"95.0000":0.776191,"96.0000":0.848383,"97.0000":0.984063,"98.0000":1.142783,"99.0000":1.691647,"99.9000":2.756607,"99.9900":5.640191,"99.9990":5.640191,"99.9999":5.640191,"100.0000":5.640191},"allocations":{"total_heap":850385731,"minor_heap":846619774,"major_heap":78568481,"promoted_words":74802524,"promoted_pct":8.84},"domain_alloc_stats":{"0":{"total":850385731,"minor":846619774,"promoted":74802524,"major":78568481,"promoted_pct":8.84}},"collections":{"minor":1627,"major":18,"forced_major":0,"compactions":0}}
{"version":1,"wall_time":1.69,"cpu_time":1.69,"gc_time":0.5,"gc_overhead":29.88,"max_rss_kb":302476,"domain_stats":{"0":{"wall_time":1.69,"gc_time":0.5,"gc_overhead":29.88}},"mean_latency":0.155025,"stddev_latency":0.320704,"min_latency":0.0,"max_latency":5.615615,"distr_latency":{"25.0000":0.022607,"50.0000":0.045183,"60.0000":0.055999,"70.0000":0.073023,"75.0000":0.096703,"80.0000":0.173439,"85.0000":0.281343,"90.0000":0.454143,"95.0000":0.766975,"96.0000":0.838143,"97.0000":0.978431,"98.0000":1.145855,"99.0000":1.699839,"99.9000":2.791423,"99.9900":5.615615,"99.9990":5.615615,"99.9999":5.615615,"100.0000":5.615615},"allocations":{"total_heap":850385731,"minor_heap":846619774,"major_heap":78568481,"promoted_words":74802524,"promoted_pct":8.84},"domain_alloc_stats":{"0":{"total":850385731,"minor":846619774,"promoted":74802524,"major":78568481,"promoted_pct":8.84}},"collections":{"minor":1627,"major":18,"forced_major":0,"compactions":0}}
