{"version":1,"wall_time":2.14,"cpu_time":2.14,"gc_time":0.91,"gc_overhead":42.46,"max_rss_kb":276928,"domain_stats":{"0":{"wall_time":2.14,"gc_time":0.91,"gc_overhead":42.46}},"mean_latency":0.139301,"stddev_latency":0.326818,"min_latency":0.0,"max_latency":6.242303,"distr_latency":{"25.0000":0.020575,"50.0000":0.033023,"60.0000":0.047167,"70.0000":0.105855,"75.0000":0.129087,"80.0000":0.158975,"85.0000":0.209663,"90.0000":0.310527,"95.0000":0.514047,"96.0000":0.712191,"97.0000":0.806399,"98.0000":1.269759,"99.0000":1.940479,"99.9000":3.076095,"99.9900":5.206015,"99.9990":6.242303,"99.9999":6.242303,"100.0000":6.242303},"allocations":{"total_heap":850519021,"minor_heap":846661725,"major_heap":86492747,"promoted_words":82635451,"promoted_pct":9.76},"domain_alloc_stats":{"0":{"total":850519021,"minor":846661725,"promoted":82635451,"major":86492747,"promoted_pct":9.76}},"collections":{"minor":3259,"major":49,"forced_major":0,"compactions":0}}
{"version":1,"wall_time":2.12,"cpu_time":2.12,"gc_time":0.9,"gc_overhead":42.59,"max_rss_kb":277088,"domain_stats":{"0":{"wall_time":2.12,"gc_time":0.9,"gc_overhead":42.59}},"mean_latency":0.138613,"stddev_latency":0.322877,"min_latency":0.0,"max_latency":6.262783,"distr_latency":{"25.0000":0.020671,"50.0000":0.033311,"60.0000":0.047039,"70.0000":0.105471,"75.0000":0.130751,"80.0000":0.158463,"85.0000":0.209535,"90.0000":0.305151,"95.0000":0.514815,"96.0000":0.695807,"97.0000":0.800255,"98.0000":1.260543,"99.0000":1.887231,"99.9000":2.992127,"99.9900":5.160959,"99.9990":6.262783,"99.9999":6.262783,"100.0000":6.262783},"allocations":{"total_heap":850519021,"minor_heap":846661725,"major_heap":86492747,"promoted_words":82635451,"promoted_pct":9.76},"domain_alloc_stats":{"0":{"total":850519021,"minor":846661725,"promoted":82635451,"major":86492747,"promoted_pct":9.76}},"collections":{"minor":3259,"major":49,"forced_major":0,"compactions":0}}
{"version":1,"wall_time":2.12,"cpu_time":2.12,"gc_time":0.9,"gc_overhead":42.67,"max_rss_kb":276968,"domain_stats":{"0":{"wall_time":2.12,"gc_time":0.9,"gc_overhead":42.67}},"mean_latency":0.138773,"stddev_latency":0.325923,"min_latency":0.0,"max_latency":6.299647,"distr_latency":{"25.0000":0.020415,"50.0000":0.032799,"60.0000":0.047039,"70.0000":0.104447,"75.0000":0.130367,"80.0000":0.157567,"85.0000":0.210175,"90.0000":0.305919,"95.0000":0.512255,"96.0000":0.709119,"97.0000":0.801279,"98.0000":1.289215,"99.0000":1.887231,"99.9000":3.016703,"99.9900":5.185535,"99.9990":6.299647,"99.9999":6.299647,"100.0000":6.299647},"allocations":{"total_heap":850519021,"minor_heap":846661725,"major_heap":86492747,"promoted_words":82635451,"promoted_pct":9.76},"domain_alloc_stats":{"0":{"total":850519021,"minor":846661725,"promoted":82635451,"major":86492747,"promoted_pct":9.76}},"collections":{"minor":3259,"major":49,"forced_major":0,"compactions":0}}
