{"version":1,"wall_time":1.7,"cpu_time":1.7,"gc_time":0.49,"gc_overhead":28.9,"max_rss_kb":436896,"domain_stats":{"0":{"wall_time":1.7,"gc_time":0.49,"gc_overhead":28.9}},"mean_latency":0.037872,"stddev_latency":0.059037,"min_latency":0.0,"max_latency":0.903679,"distr_latency":{"25.0000":0.009375,"50.0000":0.019343,"60.0000":0.023471,"70.0000":0.030687,"75.0000":0.038111,"80.0000":0.050943,"85.0000":0.066687,"90.0000":0.084991,"95.0000":0.147071,"96.0000":0.170367,"97.0000":0.188031,"98.0000":0.212863,"99.0000":0.286463,"99.9000":0.502015,"99.9900":0.797695,"99.9990":0.903679,"99.9999":0.903679,"100.0000":0.903679},"allocations":{"total_heap":850692871,"minor_heap":846835575,"major_heap":95452641,"promoted_words":91595345,"promoted_pct":10.82},"domain_alloc_stats":{"0":{"total":850692871,"minor":846835575,"promoted":91595345,"major":95452641,"promoted_pct":10.82}},"collections":{"minor":6472,"major":18,"forced_major":0,"compactions":0}}
{"version":1,"wall_time":1.71,"cpu_time":1.71,"gc_time":0.49,"gc_overhead":28.91,"max_rss_kb":436844,"domain_stats":{"0":{"wall_time":1.71,"gc_time":0.49,"gc_overhead":28.91}},"mean_latency":0.038055,"stddev_latency":0.059423,"min_latency":0.0,"max_latency":0.924159,"distr_latency":{"25.0000":0.009367,"50.0000":0.019343,"60.0000":0.023679,"70.0000":0.030815,"75.0000":0.038399,"80.0000":0.051391,"85.0000":0.066495,"90.0000":0.085503,"95.0000":0.148735,"96.0000":0.170367,"97.0000":0.189823,"98.0000":0.214655,"99.0000":0.289279,"99.9000":0.503295,"99.9900":0.803327,"99.9990":0.924159,"99.9999":0.924159,"100.0000":0.924159},"allocations":{"total_heap":850692871,"minor_heap":846835575,"major_heap":95452641,"promoted_words":91595345,"promoted_pct":10.82},"domain_alloc_stats":{"0":{"total":850692871,"minor":846835575,"promoted":91595345,"major":95452641,"promoted_pct":10.82}},"collections":{"minor":6472,"major":18,"forced_major":0,"compactions":0}}
{"version":1,"wall_time":1.7,"cpu_time":1.7,"gc_time":0.49,"gc_overhead":28.89,"max_rss_kb":436576,"domain_stats":{"0":{"wall_time":1.7,"gc_time":0.49,"gc_overhead":28.89}},"mean_latency":0.037957,"stddev_latency":0.059003,"min_latency":0.0,"max_latency":0.913919,"distr_latency":{"25.0000":0.009471,"50.0000":0.019391,"60.0000":0.023599,"70.0000":0.030767,"75.0000":0.038175,"80.0000":0.051199,"85.0000":0.066815,"90.0000":0.085759,"95.0000":0.145151,"96.0000":0.169471,"97.0000":0.190207,"98.0000":0.214143,"99.0000":0.292095,"99.9000":0.502015,"99.9900":0.799743,"99.9990":0.913919,"99.9999":0.913919,"100.0000":0.913919},"allocations":{"total_heap":850692871,"minor_heap":846835575,"major_heap":95452641,"promoted_words":91595345,"promoted_pct":10.82},"domain_alloc_stats":{"0":{"total":850692871,"minor":846835575,"promoted":91595345,"major":95452641,"promoted_pct":10.82}},"collections":{"minor":6472,"major":18,"forced_major":0,"compactions":0}}
