{"version":1,"wall_time":6.26,"cpu_time":6.26,"gc_time":4.99,"gc_overhead":79.63,"max_rss_kb":67520,"domain_stats":{"0":{"wall_time":6.26,"gc_time":4.99,"gc_overhead":79.63}},"mean_latency":0.557233,"stddev_latency":0.585317,"min_latency":0.0,"max_latency":2.596863,"distr_latency":{"25.0000":0.007327,"50.0000":0.181375,"60.0000":0.733695,"70.0000":1.245183,"75.0000":1.258495,"80.0000":1.269759,"85.0000":1.281023,"90.0000":1.293311,"95.0000":1.311743,"96.0000":1.317887,"97.0000":1.325055,"98.0000":1.335295,"99.0000":1.359871,"99.9000":2.045951,"99.9900":2.576383,"99.9990":2.596863,"99.9999":2.596863,"100.0000":2.596863},"allocations":{"total_heap":659662525,"minor_heap":625165151,"major_heap":97956374,"promoted_words":63459000,"promoted_pct":10.15},"domain_alloc_stats":{"0":{"total":659662525,"minor":625165151,"promoted":63459000,"major":97956374,"promoted_pct":10.15}},"collections":{"minor":9273,"major":3735,"forced_major":1116,"compactions":0}}
{"version":1,"wall_time":6.33,"cpu_time":6.33,"gc_time":5.05,"gc_overhead":79.84,"max_rss_kb":66964,"domain_stats":{"0":{"wall_time":6.33,"gc_time":5.05,"gc_overhead":79.84}},"mean_latency":0.564433,"stddev_latency":0.593056,"min_latency":0.0,"max_latency":2.639871,"distr_latency":{"25.0000":0.007463,"50.0000":0.183679,"60.0000":0.740863,"70.0000":1.260543,"75.0000":1.274879,"80.0000":1.287167,"85.0000":1.299455,"90.0000":1.311743,"95.0000":1.328127,"96.0000":1.333247,"97.0000":1.339391,"98.0000":1.345535,"99.0000":1.371135,"99.9000":2.076671,"99.9900":2.582527,"99.9990":2.639871,"99.9999":2.639871,"100.0000":2.639871},"allocations":{"total_heap":659662525,"minor_heap":625165151,"major_heap":97956374,"promoted_words":63459000,"promoted_pct":10.15},"domain_alloc_stats":{"0":{"total":659662525,"minor":625165151,"promoted":63459000,"major":97956374,"promoted_pct":10.15}},"collections":{"minor":9273,"major":3735,"forced_major":1116,"compactions":0}}
{"version":1,"wall_time":6.32,"cpu_time":6.32,"gc_time":5.05,"gc_overhead":79.91,"max_rss_kb":67136,"domain_stats":{"0":{"wall_time":6.32,"gc_time":5.05,"gc_overhead":79.91}},"mean_latency":0.564526,"stddev_latency":0.593822,"min_latency":0.0,"max_latency":2.447359,"distr_latency":{"25.0000":0.007391,"50.0000":0.182271,"60.0000":0.736767,"70.0000":1.263615,"75.0000":1.281023,"80.0000":1.293311,"85.0000":1.304575,"90.0000":1.316863,"95.0000":1.331199,"96.0000":1.336319,"97.0000":1.341439,"98.0000":1.349631,"99.0000":1.366015,"99.9000":2.083839,"99.9900":2.342911,"99.9990":2.447359,"99.9999":2.447359,"100.0000":2.447359},"allocations":{"total_heap":659662533,"minor_heap":625165159,"major_heap":97956374,"promoted_words":63459000,"promoted_pct":10.15},"domain_alloc_stats":{"0":{"total":659662533,"minor":625165159,"promoted":63459000,"major":97956374,"promoted_pct":10.15}},"collections":{"minor":9273,"major":3735,"forced_major":1116,"compactions":0}}
