{"version":1,"wall_time":3.52,"cpu_time":3.52,"gc_time":1.06,"gc_overhead":30.12,"max_rss_kb":351736,"domain_stats":{"0":{"wall_time":3.52,"gc_time":1.06,"gc_overhead":30.12}},"mean_latency":0.847644,"stddev_latency":1.154863,"min_latency":0.0,"max_latency":11.444223,"distr_latency":{"25.0000":0.097983,"50.0000":0.420607,"60.0000":0.581631,"70.0000":0.909311,"75.0000":1.101823,"80.0000":1.430527,"85.0000":1.805311,"90.0000":2.334719,"95.0000":3.082239,"96.0000":3.297279,"97.0000":3.655679,"98.0000":4.616191,"99.0000":5.275647,"99.9000":7.106559,"99.9900":11.444223,"99.9990":11.444223,"99.9999":11.444223,"100.0000":11.444223},"allocations":{"total_heap":629057618,"minor_heap":605757037,"major_heap":165443472,"promoted_words":142142891,"promoted_pct":23.47},"domain_alloc_stats":{"0":{"total":629057618,"minor":605757037,"promoted":142142891,"major":165443472,"promoted_pct":23.47}},"collections":{"minor":606,"major":23,"forced_major":0,"compactions":0}}
{"version":1,"wall_time":3.53,"cpu_time":3.53,"gc_time":1.06,"gc_overhead":30.09,"max_rss_kb":351644,"domain_stats":{"0":{"wall_time":3.53,"gc_time":1.06,"gc_overhead":30.09}},"mean_latency":0.848255,"stddev_latency":1.15281,"min_latency":0.0,"max_latency":11.550719,"distr_latency":{"25.0000":0.100223,"50.0000":0.427263,"60.0000":0.577535,"70.0000":0.912895,"75.0000":1.121279,"80.0000":1.419263,"85.0000":1.801215,"90.0000":2.340863,"95.0000":3.059711,"96.0000":3.270655,"97.0000":3.629055,"98.0000":4.636671,"99.0000":5.349375,"99.9000":7.036927,"99.9900":11.550719,"99.9990":11.550719,"99.9999":11.550719,"100.0000":11.550719},"allocations":{"total_heap":629057618,"minor_heap":605757037,"major_heap":165443472,"promoted_words":142142891,"promoted_pct":23.47},"domain_alloc_stats":{"0":{"total":629057618,"minor":605757037,"promoted":142142891,"major":165443472,"promoted_pct":23.47}},"collections":{"minor":606,"major":23,"forced_major":0,"compactions":0}}
{"version":1,"wall_time":3.52,"cpu_time":3.52,"gc_time":1.06,"gc_overhead":30.19,"max_rss_kb":351756,"domain_stats":{"0":{"wall_time":3.52,"gc_time":1.06,"gc_overhead":30.19}},"mean_latency":0.848207,"stddev_latency":1.154786,"min_latency":0.0,"max_latency":11.599871,"distr_latency":{"25.0000":0.101823,"50.0000":0.424703,"60.0000":0.576511,"70.0000":0.915455,"75.0000":1.129471,"80.0000":1.411071,"85.0000":1.811455,"90.0000":2.340863,"95.0000":3.049471,"96.0000":3.264511,"97.0000":3.620863,"98.0000":4.595711,"99.0000":5.349375,"99.9000":7.090175,"99.9900":11.599871,"99.9990":11.599871,"99.9999":11.599871,"100.0000":11.599871},"allocations":{"total_heap":629057618,"minor_heap":605757037,"major_heap":165443472,"promoted_words":142142891,"promoted_pct":23.47},"domain_alloc_stats":{"0":{"total":629057618,"minor":605757037,"promoted":142142891,"major":165443472,"promoted_pct":23.47}},"collections":{"minor":606,"major":23,"forced_major":0,"compactions":0}}
