{"version":1,"wall_time":2.98,"cpu_time":2.98,"gc_time":0.96,"gc_overhead":32.05,"max_rss_kb":1015736,"domain_stats":{"0":{"wall_time":2.98,"gc_time":0.96,"gc_overhead":32.05}},"mean_latency":0.218292,"stddev_latency":0.154751,"min_latency":0.0,"max_latency":1.671167,"distr_latency":{"25.0000":0.081727,"50.0000":0.218623,"60.0000":0.232319,"70.0000":0.258303,"75.0000":0.284415,"80.0000":0.312575,"85.0000":0.356351,"90.0000":0.397567,"95.0000":0.491007,"96.0000":0.516863,"97.0000":0.562175,"98.0000":0.617983,"99.0000":0.696319,"99.9000":1.422335,"99.9900":1.671167,"99.9990":1.671167,"99.9999":1.671167,"100.0000":1.671167},"allocations":{"total_heap":1149831432,"minor_heap":1146861602,"major_heap":143804849,"promoted_words":140835019,"promoted_pct":12.28},"domain_alloc_stats":{"0":{"total":1149831432,"minor":1146861602,"promoted":140835019,"major":143804849,"promoted_pct":12.28}},"collections":{"minor":2197,"major":16,"forced_major":0,"compactions":0}}
{"version":1,"wall_time":3.01,"cpu_time":3.01,"gc_time":0.96,"gc_overhead":32.02,"max_rss_kb":1060408,"domain_stats":{"0":{"wall_time":3.01,"gc_time":0.96,"gc_overhead":32.02}},"mean_latency":0.220173,"stddev_latency":0.15636,"min_latency":0.0,"max_latency":1.625087,"distr_latency":{"25.0000":0.085503,"50.0000":0.217215,"60.0000":0.231423,"70.0000":0.262399,"75.0000":0.287743,"80.0000":0.319487,"85.0000":0.363519,"90.0000":0.406527,"95.0000":0.504063,"96.0000":0.526335,"97.0000":0.568831,"98.0000":0.615423,"99.0000":0.704511,"99.9000":1.343487,"99.9900":1.625087,"99.9990":1.625087,"99.9999":1.625087,"100.0000":1.625087},"allocations":{"total_heap":1149831432,"minor_heap":1146861602,"major_heap":143804849,"promoted_words":140835019,"promoted_pct":12.28},"domain_alloc_stats":{"0":{"total":1149831432,"minor":1146861602,"promoted":140835019,"major":143804849,"promoted_pct":12.28}},"collections":{"minor":2197,"major":16,"forced_major":0,"compactions":0}}
{"version":1,"wall_time":2.99,"cpu_time":2.99,"gc_time":0.95,"gc_overhead":31.96,"max_rss_kb":1014700,"domain_stats":{"0":{"wall_time":2.99,"gc_time":0.95,"gc_overhead":31.96}},"mean_latency":0.217853,"stddev_latency":0.15464,"min_latency":0.0,"max_latency":1.688575,"distr_latency":{"25.0000":0.081919,"50.0000":0.217343,"60.0000":0.230911,"70.0000":0.258047,"75.0000":0.284927,"80.0000":0.312831,"85.0000":0.359423,"90.0000":0.397567,"95.0000":0.493055,"96.0000":0.518399,"97.0000":0.566271,"98.0000":0.615423,"99.0000":0.688127,"99.9000":1.385471,"99.9900":1.688575,"99.9990":1.688575,"99.9999":1.688575,"100.0000":1.688575},"allocations":{"total_heap":1149831432,"minor_heap":1146861602,"major_heap":143804849,"promoted_words":140835019,"promoted_pct":12.28},"domain_alloc_stats":{"0":{"total":1149831432,"minor":1146861602,"promoted":140835019,"major":143804849,"promoted_pct":12.28}},"collections":{"minor":2197,"major":16,"forced_major":0,"compactions":0}}
