{"version":1,"wall_time":1.78,"cpu_time":1.78,"gc_time":0.17,"gc_overhead":9.71,"max_rss_kb":54312,"domain_stats":{"0":{"wall_time":1.78,"gc_time":0.17,"gc_overhead":9.71}},"mean_latency":0.006174,"stddev_latency":0.00464,"min_latency":0.0,"max_latency":0.072255,"distr_latency":{"25.0000":4.7e-05,"50.0000":0.007583,"60.0000":0.008271,"70.0000":0.009151,"75.0000":0.009327,"80.0000":0.009791,"85.0000":0.010175,"90.0000":0.010975,"95.0000":0.012727,"96.0000":0.013143,"97.0000":0.013647,"98.0000":0.014223,"99.0000":0.015103,"99.9000":0.017743,"99.9900":0.021103,"99.9990":0.072255,"99.9999":0.072255,"100.0000":0.072255},"allocations":{"total_heap":3993945989,"minor_heap":4706126,"major_heap":3989275332,"promoted_words":35469,"promoted_pct":0.75},"domain_alloc_stats":{"0":{"total":3993945989,"minor":4706126,"promoted":35469,"major":3989275332,"promoted_pct":0.75}},"collections":{"minor":18661,"major":18660,"forced_major":0,"compactions":0}}
{"version":1,"wall_time":1.79,"cpu_time":1.79,"gc_time":0.18,"gc_overhead":10.06,"max_rss_kb":54044,"domain_stats":{"0":{"wall_time":1.79,"gc_time":0.18,"gc_overhead":10.06}},"mean_latency":0.00643,"stddev_latency":0.004834,"min_latency":0.0,"max_latency":0.071231,"distr_latency":{"25.0000":3.1e-05,"50.0000":0.008215,"60.0000":0.008727,"70.0000":0.009567,"75.0000":0.009791,"80.0000":0.010007,"85.0000":0.010543,"90.0000":0.011223,"95.0000":0.013031,"96.0000":0.013527,"97.0000":0.014063,"98.0000":0.014695,"99.0000":0.015671,"99.9000":0.018975,"99.9900":0.036159,"99.9990":0.071231,"99.9999":0.071231,"100.0000":0.071231},"allocations":{"total_heap":3993945989,"minor_heap":4706126,"major_heap":3989275332,"promoted_words":35469,"promoted_pct":0.75},"domain_alloc_stats":{"0":{"total":3993945989,"minor":4706126,"promoted":35469,"major":3989275332,"promoted_pct":0.75}},"collections":{"minor":18661,"major":18660,"forced_major":0,"compactions":0}}
{"version":1,"wall_time":1.79,"cpu_time":1.79,"gc_time":0.19,"gc_overhead":10.54,"max_rss_kb":53556,"domain_stats":{"0":{"wall_time":1.79,"gc_time":0.19,"gc_overhead":10.54}},"mean_latency":0.00676,"stddev_latency":0.005007,"min_latency":0.0,"max_latency":0.074815,"distr_latency":{"25.0000":4.7e-05,"50.0000":0.008631,"60.0000":0.009327,"70.0000":0.009887,"75.0000":0.010055,"80.0000":0.010543,"85.0000":0.010903,"90.0000":0.011663,"95.0000":0.013423,"96.0000":0.013855,"97.0000":0.014327,"98.0000":0.014927,"99.0000":0.015815,"99.9000":0.019231,"99.9900":0.027135,"99.9990":0.074815,"99.9999":0.074815,"100.0000":0.074815},"allocations":{"total_heap":3993945989,"minor_heap":4706126,"major_heap":3989275332,"promoted_words":35469,"promoted_pct":0.75},"domain_alloc_stats":{"0":{"total":3993945989,"minor":4706126,"promoted":35469,"major":3989275332,"promoted_pct":0.75}},"collections":{"minor":18661,"major":18660,"forced_major":0,"compactions":0}}
