{"version":1,"wall_time":3.18,"cpu_time":3.18,"gc_time":1.13,"gc_overhead":35.5,"max_rss_kb":984192,"domain_stats":{"0":{"wall_time":3.18,"gc_time":1.13,"gc_overhead":35.5}},"mean_latency":0.2574,"stddev_latency":0.2134,"min_latency":0.0,"max_latency":3.235839,"distr_latency":{"25.0000":0.106879,"50.0000":0.226303,"60.0000":0.241407,"70.0000":0.281599,"75.0000":0.321279,"80.0000":0.374271,"85.0000":0.437247,"90.0000":0.522751,"95.0000":0.631807,"96.0000":0.675839,"97.0000":0.718847,"98.0000":0.792575,"99.0000":0.904703,"99.9000":2.660351,"99.9900":3.235839,"99.9990":3.235839,"99.9999":3.235839,"100.0000":3.235839},"allocations":{"total_heap":1149831377,"minor_heap":1146861443,"major_heap":143700788,"promoted_words":140730854,"promoted_pct":12.27},"domain_alloc_stats":{"0":{"total":1149831377,"minor":1146861443,"promoted":140730854,"major":143700788,"promoted_pct":12.27}},"collections":{"minor":2199,"major":20,"forced_major":0,"compactions":0}}
{"version":1,"wall_time":3.14,"cpu_time":3.14,"gc_time":1.1,"gc_overhead":35.06,"max_rss_kb":999336,"domain_stats":{"0":{"wall_time":3.14,"gc_time":1.1,"gc_overhead":35.06}},"mean_latency":0.25159,"stddev_latency":0.209123,"min_latency":0.0,"max_latency":3.239935,"distr_latency":{"25.0000":0.105855,"50.0000":0.219647,"60.0000":0.236799,"70.0000":0.274943,"75.0000":0.310271,"80.0000":0.365311,"85.0000":0.421631,"90.0000":0.510463,"95.0000":0.613887,"96.0000":0.664575,"97.0000":0.706559,"98.0000":0.763391,"99.0000":0.884223,"99.9000":2.672639,"99.9900":3.239935,"99.9990":3.239935,"99.9999":3.239935,"100.0000":3.239935},"allocations":{"total_heap":1149831377,"minor_heap":1146861443,"major_heap":143700788,"promoted_words":140730854,"promoted_pct":12.27},"domain_alloc_stats":{"0":{"total":1149831377,"minor":1146861443,"promoted":140730854,"major":143700788,"promoted_pct":12.27}},"collections":{"minor":2199,"major":20,"forced_major":0,"compactions":0}}
{"version":1,"wall_time":3.15,"cpu_time":3.15,"gc_time":1.11,"gc_overhead":35.28,"max_rss_kb":997688,"domain_stats":{"0":{"wall_time":3.15,"gc_time":1.11,"gc_overhead":35.28}},"mean_latency":0.253432,"stddev_latency":0.213339,"min_latency":0.0,"max_latency":3.311615,"distr_latency":{"25.0000":0.106239,"50.0000":0.220671,"60.0000":0.234751,"70.0000":0.273151,"75.0000":0.311295,"80.0000":0.368127,"85.0000":0.430335,"90.0000":0.518399,"95.0000":0.620031,"96.0000":0.670207,"97.0000":0.719871,"98.0000":0.780799,"99.0000":0.884223,"99.9000":2.699263,"99.9900":3.311615,"99.9990":3.311615,"99.9999":3.311615,"100.0000":3.311615},"allocations":{"total_heap":1149831377,"minor_heap":1146861443,"major_heap":143700788,"promoted_words":140730854,"promoted_pct":12.27},"domain_alloc_stats":{"0":{"total":1149831377,"minor":1146861443,"promoted":140730854,"major":143700788,"promoted_pct":12.27}},"collections":{"minor":2199,"major":20,"forced_major":0,"compactions":0}}
