{"version":1,"wall_time":2.03,"cpu_time":2.03,"gc_time":0.66,"gc_overhead":32.72,"max_rss_kb":427212,"domain_stats":{"0":{"wall_time":2.03,"gc_time":0.66,"gc_overhead":32.72}},"mean_latency":0.152934,"stddev_latency":0.191223,"min_latency":0.0,"max_latency":3.528703,"distr_latency":{"25.0000":0.028671,"50.0000":0.077887,"60.0000":0.141311,"70.0000":0.186111,"75.0000":0.228607,"80.0000":0.257919,"85.0000":0.312575,"90.0000":0.372223,"95.0000":0.441855,"96.0000":0.481535,"97.0000":0.608255,"98.0000":0.645119,"99.0000":0.852991,"99.9000":2.072575,"99.9900":3.528703,"99.9990":3.528703,"99.9999":3.528703,"100.0000":3.528703},"allocations":{"total_heap":279422691,"minor_heap":265953344,"major_heap":125813450,"promoted_words":112344103,"promoted_pct":42.24},"domain_alloc_stats":{"0":{"total":279422691,"minor":265953344,"promoted":112344103,"major":125813450,"promoted_pct":42.24}},"collections":{"minor":2076,"major":22,"forced_major":0,"compactions":0}}
{"version":1,"wall_time":2.03,"cpu_time":2.03,"gc_time":0.66,"gc_overhead":32.75,"max_rss_kb":427336,"domain_stats":{"0":{"wall_time":2.03,"gc_time":0.66,"gc_overhead":32.75}},"mean_latency":0.152965,"stddev_latency":0.190709,"min_latency":0.0,"max_latency":3.506175,"distr_latency":{"25.0000":0.028687,"50.0000":0.078015,"60.0000":0.140927,"70.0000":0.186239,"75.0000":0.231039,"80.0000":0.258431,"85.0000":0.311551,"90.0000":0.372223,"95.0000":0.437247,"96.0000":0.483071,"97.0000":0.597503,"98.0000":0.637439,"99.0000":0.854015,"99.9000":2.067455,"99.9900":3.506175,"99.9990":3.506175,"99.9999":3.506175,"100.0000":3.506175},"allocations":{"total_heap":279422691,"minor_heap":265953344,"major_heap":125813450,"promoted_words":112344103,"promoted_pct":42.24},"domain_alloc_stats":{"0":{"total":279422691,"minor":265953344,"promoted":112344103,"major":125813450,"promoted_pct":42.24}},"collections":{"minor":2076,"major":22,"forced_major":0,"compactions":0}}
{"version":1,"wall_time":2.04,"cpu_time":2.04,"gc_time":0.68,"gc_overhead":33.52,"max_rss_kb":427300,"domain_stats":{"0":{"wall_time":2.04,"gc_time":0.68,"gc_overhead":33.52}},"mean_latency":0.157286,"stddev_latency":0.194748,"min_latency":0.0,"max_latency":3.514367,"distr_latency":{"25.0000":0.029055,"50.0000":0.079167,"60.0000":0.143487,"70.0000":0.190847,"75.0000":0.237823,"80.0000":0.275455,"85.0000":0.319999,"90.0000":0.380927,"95.0000":0.456191,"96.0000":0.500735,"97.0000":0.616447,"98.0000":0.655359,"99.0000":0.866815,"99.9000":2.078719,"99.9900":3.514367,"99.9990":3.514367,"99.9999":3.514367,"100.0000":3.514367},"allocations":{"total_heap":279422691,"minor_heap":265953344,"major_heap":125813450,"promoted_words":112344103,"promoted_pct":42.24},"domain_alloc_stats":{"0":{"total":279422691,"minor":265953344,"promoted":112344103,"major":125813450,"promoted_pct":42.24}},"collections":{"minor":2076,"major":22,"forced_major":0,"compactions":0}}
