{"version":1,"wall_time":3.02,"cpu_time":3.02,"gc_time":0.77,"gc_overhead":25.37,"max_rss_kb":512888,"domain_stats":{"0":{"wall_time":3.02,"gc_time":0.77,"gc_overhead":25.37}},"mean_latency":0.635559,"stddev_latency":0.936311,"min_latency":0.0,"max_latency":9.011199,"distr_latency":{"25.0000":0.075647,"50.0000":0.303871,"60.0000":0.419583,"70.0000":0.609279,"75.0000":0.753663,"80.0000":0.946175,"85.0000":1.324031,"90.0000":1.763327,"95.0000":2.482175,"96.0000":2.658303,"97.0000":2.887679,"98.0000":3.213311,"99.0000":4.530175,"99.9000":7.835647,"99.9900":9.011199,"99.9990":9.011199,"99.9999":9.011199,"100.0000":9.011199},"allocations":{"total_heap":605350023,"minor_heap":582977278,"major_heap":159272549,"promoted_words":136899804,"promoted_pct":23.48},"domain_alloc_stats":{"0":{"total":605350023,"minor":582977278,"promoted":136899804,"major":159272549,"promoted_pct":23.48}},"collections":{"minor":582,"major":19,"forced_major":0,"compactions":0}}
{"version":1,"wall_time":3.04,"cpu_time":3.04,"gc_time":0.77,"gc_overhead":25.19,"max_rss_kb":512960,"domain_stats":{"0":{"wall_time":3.04,"gc_time":0.77,"gc_overhead":25.19}},"mean_latency":0.637128,"stddev_latency":0.940561,"min_latency":0.0,"max_latency":9.060351,"distr_latency":{"25.0000":0.075071,"50.0000":0.304639,"60.0000":0.418815,"70.0000":0.616959,"75.0000":0.759295,"80.0000":0.968703,"85.0000":1.320959,"90.0000":1.733631,"95.0000":2.510847,"96.0000":2.695167,"97.0000":2.967551,"98.0000":3.215359,"99.0000":4.526079,"99.9000":7.901183,"99.9900":9.060351,"99.9990":9.060351,"99.9999":9.060351,"100.0000":9.060351},"allocations":{"total_heap":605350023,"minor_heap":582977278,"major_heap":159272549,"promoted_words":136899804,"promoted_pct":23.48},"domain_alloc_stats":{"0":{"total":605350023,"minor":582977278,"promoted":136899804,"major":159272549,"promoted_pct":23.48}},"collections":{"minor":582,"major":19,"forced_major":0,"compactions":0}}
{"version":1,"wall_time":3.02,"cpu_time":3.02,"gc_time":0.77,"gc_overhead":25.5,"max_rss_kb":512992,"domain_stats":{"0":{"wall_time":3.02,"gc_time":0.77,"gc_overhead":25.5}},"mean_latency":0.639032,"stddev_latency":0.942452,"min_latency":0.0,"max_latency":9.093119,"distr_latency":{"25.0000":0.074751,"50.0000":0.304127,"60.0000":0.421375,"70.0000":0.621055,"75.0000":0.754687,"80.0000":0.980991,"85.0000":1.330175,"90.0000":1.751039,"95.0000":2.568191,"96.0000":2.738175,"97.0000":2.908159,"98.0000":3.262463,"99.0000":4.509695,"99.9000":7.860223,"99.9900":9.093119,"99.9990":9.093119,"99.9999":9.093119,"100.0000":9.093119},"allocations":{"total_heap":605350023,"minor_heap":582977278,"major_heap":159272549,"promoted_words":136899804,"promoted_pct":23.48},"domain_alloc_stats":{"0":{"total":605350023,"minor":582977278,"promoted":136899804,"major":159272549,"promoted_pct":23.48}},"collections":{"minor":582,"major":19,"forced_major":0,"compactions":0}}
