{"version":1,"wall_time":3.32,"cpu_time":3.32,"gc_time":1.21,"gc_overhead":36.57,"max_rss_kb":1028880,"domain_stats":{"0":{"wall_time":3.32,"gc_time":1.21,"gc_overhead":36.57}},"mean_latency":0.069241,"stddev_latency":0.082409,"min_latency":0.0,"max_latency":5.787647,"distr_latency":{"25.0000":0.026191,"50.0000":0.055199,"60.0000":0.061695,"70.0000":0.071231,"75.0000":0.080831,"80.0000":0.096319,"85.0000":0.119423,"90.0000":0.145535,"95.0000":0.182911,"96.0000":0.195327,"97.0000":0.212863,"98.0000":0.239615,"99.0000":0.292351,"99.9000":0.625151,"99.9900":1.530879,"99.9990":5.787647,"99.9999":5.787647,"100.0000":5.787647},"allocations":{"total_heap":1150069295,"minor_heap":1146841187,"major_heap":150945056,"promoted_words":147716948,"promoted_pct":12.88},"domain_alloc_stats":{"0":{"total":1150069295,"minor":1146841187,"promoted":147716948,"major":150945056,"promoted_pct":12.88}},"collections":{"minor":8762,"major":21,"forced_major":0,"compactions":0}}
{"version":1,"wall_time":3.34,"cpu_time":3.34,"gc_time":1.22,"gc_overhead":36.49,"max_rss_kb":1052192,"domain_stats":{"0":{"wall_time":3.34,"gc_time":1.22,"gc_overhead":36.49}},"mean_latency":0.069585,"stddev_latency":0.083176,"min_latency":0.0,"max_latency":5.804031,"distr_latency":{"25.0000":0.026559,"50.0000":0.055071,"60.0000":0.061375,"70.0000":0.071167,"75.0000":0.080383,"80.0000":0.095807,"85.0000":0.120383,"90.0000":0.146943,"95.0000":0.184703,"96.0000":0.197887,"97.0000":0.216703,"98.0000":0.243327,"99.0000":0.293887,"99.9000":0.626687,"99.9900":1.554431,"99.9990":5.804031,"99.9999":5.804031,"100.0000":5.804031},"allocations":{"total_heap":1150069295,"minor_heap":1146841187,"major_heap":150945056,"promoted_words":147716948,"promoted_pct":12.88},"domain_alloc_stats":{"0":{"total":1150069295,"minor":1146841187,"promoted":147716948,"major":150945056,"promoted_pct":12.88}},"collections":{"minor":8762,"major":21,"forced_major":0,"compactions":0}}
{"version":1,"wall_time":3.32,"cpu_time":3.32,"gc_time":1.21,"gc_overhead":36.36,"max_rss_kb":1028836,"domain_stats":{"0":{"wall_time":3.32,"gc_time":1.21,"gc_overhead":36.36}},"mean_latency":0.068848,"stddev_latency":0.081925,"min_latency":0.0,"max_latency":5.791743,"distr_latency":{"25.0000":0.027007,"50.0000":0.054879,"60.0000":0.061375,"70.0000":0.070911,"75.0000":0.080255,"80.0000":0.094655,"85.0000":0.117055,"90.0000":0.142847,"95.0000":0.179967,"96.0000":0.192639,"97.0000":0.209535,"98.0000":0.238207,"99.0000":0.292095,"99.9000":0.622079,"99.9900":1.573887,"99.9990":5.791743,"99.9999":5.791743,"100.0000":5.791743},"allocations":{"total_heap":1150069295,"minor_heap":1146841187,"major_heap":150945056,"promoted_words":147716948,"promoted_pct":12.88},"domain_alloc_stats":{"0":{"total":1150069295,"minor":1146841187,"promoted":147716948,"major":150945056,"promoted_pct":12.88}},"collections":{"minor":8762,"major":21,"forced_major":0,"compactions":0}}
