{"version":1,"wall_time":5.22,"cpu_time":5.22,"gc_time":3.1,"gc_overhead":59.3,"max_rss_kb":173040,"domain_stats":{"0":{"wall_time":5.22,"gc_time":3.1,"gc_overhead":59.3}},"mean_latency":0.208911,"stddev_latency":0.435254,"min_latency":0.0,"max_latency":3.100671,"distr_latency":{"25.0000":4.7e-05,"50.0000":0.000335,"60.0000":0.000471,"70.0000":0.003895,"75.0000":0.010231,"80.0000":0.374783,"85.0000":0.873471,"90.0000":0.908799,"95.0000":1.184767,"96.0000":1.320959,"97.0000":1.451007,"98.0000":1.560575,"99.0000":1.705983,"99.9000":2.336767,"99.9900":2.822143,"99.9990":3.100671,"99.9999":3.100671,"100.0000":3.100671},"allocations":{"total_heap":14037987,"minor_heap":300720,"major_heap":13737868,"promoted_words":601,"promoted_pct":0.2},"domain_alloc_stats":{"0":{"total":14037987,"minor":300720,"promoted":601,"major":13737868,"promoted_pct":0.2}},"collections":{"minor":1889,"major":944,"forced_major":0,"compactions":0}}
{"version":1,"wall_time":5.28,"cpu_time":5.28,"gc_time":3.13,"gc_overhead":59.28,"max_rss_kb":172348,"domain_stats":{"0":{"wall_time":5.28,"gc_time":3.13,"gc_overhead":59.28}},"mean_latency":0.211265,"stddev_latency":0.442155,"min_latency":0.0,"max_latency":3.196927,"distr_latency":{"25.0000":5.5e-05,"50.0000":0.000327,"60.0000":0.000447,"70.0000":0.003895,"75.0000":0.009671,"80.0000":0.378367,"85.0000":0.881151,"90.0000":0.910335,"95.0000":1.199103,"96.0000":1.336319,"97.0000":1.475583,"98.0000":1.572863,"99.0000":1.739775,"99.9000":2.404351,"99.9900":2.744319,"99.9990":3.196927,"99.9999":3.196927,"100.0000":3.196927},"allocations":{"total_heap":14037987,"minor_heap":300720,"major_heap":13737868,"promoted_words":601,"promoted_pct":0.2},"domain_alloc_stats":{"0":{"total":14037987,"minor":300720,"promoted":601,"major":13737868,"promoted_pct":0.2}},"collections":{"minor":1889,"major":944,"forced_major":0,"compactions":0}}
{"version":1,"wall_time":5.47,"cpu_time":5.47,"gc_time":3.34,"gc_overhead":61.12,"max_rss_kb":172644,"domain_stats":{"0":{"wall_time":5.47,"gc_time":3.34,"gc_overhead":61.12}},"mean_latency":0.225292,"stddev_latency":0.475073,"min_latency":0.0,"max_latency":3.463167,"distr_latency":{"25.0000":5.5e-05,"50.0000":0.000327,"60.0000":0.000431,"70.0000":0.003855,"75.0000":0.010167,"80.0000":0.386303,"85.0000":0.888319,"90.0000":0.913407,"95.0000":1.379327,"96.0000":1.484799,"97.0000":1.522687,"98.0000":1.671167,"99.0000":1.803263,"99.9000":2.682879,"99.9900":2.953215,"99.9990":3.463167,"99.9999":3.463167,"100.0000":3.463167},"allocations":{"total_heap":14037987,"minor_heap":300720,"major_heap":13737868,"promoted_words":601,"promoted_pct":0.2},"domain_alloc_stats":{"0":{"total":14037987,"minor":300720,"promoted":601,"major":13737868,"promoted_pct":0.2}},"collections":{"minor":1889,"major":944,"forced_major":0,"compactions":0}}
