{"version":1,"wall_time":6.47,"cpu_time":6.47,"gc_time":3.49,"gc_overhead":53.91,"max_rss_kb":803820,"domain_stats":{"0":{"wall_time":6.47,"gc_time":3.49,"gc_overhead":53.91}},"mean_latency":1.252817,"stddev_latency":1.789194,"min_latency":0.0,"max_latency":23.199743,"distr_latency":{"25.0000":0.470783,"50.0000":0.605183,"60.0000":0.794623,"70.0000":1.021951,"75.0000":1.399807,"80.0000":2.144255,"85.0000":2.514943,"90.0000":2.713599,"95.0000":3.907583,"96.0000":4.403199,"97.0000":5.369855,"98.0000":6.467583,"99.0000":7.696383,"99.9000":20.660223,"99.9900":23.199743,"99.9990":23.199743,"99.9999":23.199743,"100.0000":23.199743},"allocations":{"total_heap":2912081374,"minor_heap":2899486644,"major_heap":363111131,"promoted_words":350516401,"promoted_pct":12.09},"domain_alloc_stats":{"0":{"total":2912081374,"minor":2899486644,"promoted":350516401,"major":363111131,"promoted_pct":12.09}},"collections":{"minor":1412,"major":56,"forced_major":0,"compactions":0}}
{"version":1,"wall_time":6.51,"cpu_time":6.51,"gc_time":3.5,"gc_overhead":53.77,"max_rss_kb":797448,"domain_stats":{"0":{"wall_time":6.51,"gc_time":3.5,"gc_overhead":53.77}},"mean_latency":1.258378,"stddev_latency":1.799476,"min_latency":0.0,"max_latency":23.232511,"distr_latency":{"25.0000":0.468479,"50.0000":0.606719,"60.0000":0.793599,"70.0000":1.034239,"75.0000":1.399807,"80.0000":2.168831,"85.0000":2.553855,"90.0000":2.719743,"95.0000":3.870719,"96.0000":4.448255,"97.0000":5.373951,"98.0000":6.557695,"99.0000":7.741439,"99.9000":20.381695,"99.9900":23.232511,"99.9990":23.232511,"99.9999":23.232511,"100.0000":23.232511},"allocations":{"total_heap":2912081374,"minor_heap":2899486644,"major_heap":363111131,"promoted_words":350516401,"promoted_pct":12.09},"domain_alloc_stats":{"0":{"total":2912081374,"minor":2899486644,"promoted":350516401,"major":363111131,"promoted_pct":12.09}},"collections":{"minor":1412,"major":56,"forced_major":0,"compactions":0}}
{"version":1,"wall_time":6.46,"cpu_time":6.46,"gc_time":3.46,"gc_overhead":53.54,"max_rss_kb":803816,"domain_stats":{"0":{"wall_time":6.46,"gc_time":3.46,"gc_overhead":53.54}},"mean_latency":1.242497,"stddev_latency":1.783117,"min_latency":0.0,"max_latency":23.019519,"distr_latency":{"25.0000":0.465663,"50.0000":0.599551,"60.0000":0.786943,"70.0000":1.019903,"75.0000":1.385471,"80.0000":2.107391,"85.0000":2.502655,"90.0000":2.678783,"95.0000":3.866623,"96.0000":4.411391,"97.0000":5.410815,"98.0000":6.455295,"99.0000":7.892991,"99.9000":20.660223,"99.9900":23.019519,"99.9990":23.019519,"99.9999":23.019519,"100.0000":23.019519},"allocations":{"total_heap":2912081374,"minor_heap":2899486644,"major_heap":363111131,"promoted_words":350516401,"promoted_pct":12.09},"domain_alloc_stats":{"0":{"total":2912081374,"minor":2899486644,"promoted":350516401,"major":363111131,"promoted_pct":12.09}},"collections":{"minor":1412,"major":56,"forced_major":0,"compactions":0}}
