{"version":1,"wall_time":2.92,"cpu_time":2.92,"gc_time":2.67,"gc_overhead":91.56,"max_rss_kb":199668,"domain_stats":{"0":{"wall_time":2.92,"gc_time":2.67,"gc_overhead":91.56}},"mean_latency":0.2227,"stddev_latency":0.352317,"min_latency":0.0,"max_latency":3.198975,"distr_latency":{"25.0000":0.000287,"50.0000":0.000295,"60.0000":0.009887,"70.0000":0.213503,"75.0000":0.443647,"80.0000":0.708607,"85.0000":0.851455,"90.0000":0.856575,"95.0000":0.862207,"96.0000":0.863231,"97.0000":0.865279,"98.0000":0.867839,"99.0000":0.876031,"99.9000":1.485823,"99.9900":2.217983,"99.9990":3.198975,"99.9999":3.198975,"100.0000":3.198975},"allocations":{"total_heap":14037792,"minor_heap":300525,"major_heap":13737835,"promoted_words":568,"promoted_pct":0.19},"domain_alloc_stats":{"0":{"total":14037792,"minor":300525,"promoted":568,"major":13737835,"promoted_pct":0.19}},"collections":{"minor":944,"major":944,"forced_major":0,"compactions":0}}
{"version":1,"wall_time":3.05,"cpu_time":3.05,"gc_time":2.8,"gc_overhead":91.76,"max_rss_kb":199436,"domain_stats":{"0":{"wall_time":3.05,"gc_time":2.8,"gc_overhead":91.76}},"mean_latency":0.23311,"stddev_latency":0.373032,"min_latency":0.0,"max_latency":2.875391,"distr_latency":{"25.0000":0.000287,"50.0000":0.000303,"60.0000":0.009903,"70.0000":0.225535,"75.0000":0.464127,"80.0000":0.740351,"85.0000":0.852479,"90.0000":0.859647,"95.0000":0.867839,"96.0000":0.870399,"97.0000":0.875007,"98.0000":0.937983,"99.0000":1.478655,"99.9000":1.487871,"99.9900":2.217983,"99.9990":2.875391,"99.9999":2.875391,"100.0000":2.875391},"allocations":{"total_heap":14037792,"minor_heap":300525,"major_heap":13737835,"promoted_words":568,"promoted_pct":0.19},"domain_alloc_stats":{"0":{"total":14037792,"minor":300525,"promoted":568,"major":13737835,"promoted_pct":0.19}},"collections":{"minor":944,"major":944,"forced_major":0,"compactions":0}}
{"version":1,"wall_time":2.9,"cpu_time":2.9,"gc_time":2.65,"gc_overhead":91.43,"max_rss_kb":199496,"domain_stats":{"0":{"wall_time":2.9,"gc_time":2.65,"gc_overhead":91.43}},"mean_latency":0.221153,"stddev_latency":0.348438,"min_latency":0.0,"max_latency":2.945023,"distr_latency":{"25.0000":0.000287,"50.0000":0.000295,"60.0000":0.009743,"70.0000":0.215807,"75.0000":0.438271,"80.0000":0.707583,"85.0000":0.847359,"90.0000":0.853503,"95.0000":0.859135,"96.0000":0.860671,"97.0000":0.862719,"98.0000":0.865279,"99.0000":0.870399,"99.9000":1.477631,"99.9900":2.228223,"99.9990":2.945023,"99.9999":2.945023,"100.0000":2.945023},"allocations":{"total_heap":14037792,"minor_heap":300525,"major_heap":13737835,"promoted_words":568,"promoted_pct":0.19},"domain_alloc_stats":{"0":{"total":14037792,"minor":300525,"promoted":568,"major":13737835,"promoted_pct":0.19}},"collections":{"minor":944,"major":944,"forced_major":0,"compactions":0}}
