{"version":1,"wall_time":4.21,"cpu_time":4.21,"gc_time":3.17,"gc_overhead":75.27,"max_rss_kb":172140,"domain_stats":{"0":{"wall_time":4.21,"gc_time":3.17,"gc_overhead":75.27}},"mean_latency":0.212221,"stddev_latency":0.457956,"min_latency":0.0,"max_latency":3.473407,"distr_latency":{"25.0000":8.7e-05,"50.0000":0.000295,"60.0000":0.000335,"70.0000":0.004927,"75.0000":0.008975,"80.0000":0.291071,"85.0000":0.777215,"90.0000":0.928255,"95.0000":1.306623,"96.0000":1.417215,"97.0000":1.545215,"98.0000":1.675263,"99.0000":1.823743,"99.9000":2.539519,"99.9900":2.994175,"99.9990":3.473407,"99.9999":3.473407,"100.0000":3.473407},"allocations":{"total_heap":14038036,"minor_heap":300769,"major_heap":13737868,"promoted_words":601,"promoted_pct":0.2},"domain_alloc_stats":{"0":{"total":14038036,"minor":300769,"promoted":601,"major":13737868,"promoted_pct":0.2}},"collections":{"minor":1963,"major":981,"forced_major":0,"compactions":0}}
{"version":1,"wall_time":4.05,"cpu_time":4.05,"gc_time":3.03,"gc_overhead":74.74,"max_rss_kb":172728,"domain_stats":{"0":{"wall_time":4.05,"gc_time":3.03,"gc_overhead":74.74}},"mean_latency":0.202515,"stddev_latency":0.43074,"min_latency":0.0,"max_latency":2.883583,"distr_latency":{"25.0000":9.5e-05,"50.0000":0.000295,"60.0000":0.000335,"70.0000":0.004743,"75.0000":0.008855,"80.0000":0.282111,"85.0000":0.774143,"90.0000":0.917503,"95.0000":1.221631,"96.0000":1.329151,"97.0000":1.471487,"98.0000":1.588223,"99.0000":1.740799,"99.9000":2.193407,"99.9900":2.820095,"99.9990":2.883583,"99.9999":2.883583,"100.0000":2.883583},"allocations":{"total_heap":14038036,"minor_heap":300769,"major_heap":13737868,"promoted_words":601,"promoted_pct":0.2},"domain_alloc_stats":{"0":{"total":14038036,"minor":300769,"promoted":601,"major":13737868,"promoted_pct":0.2}},"collections":{"minor":1963,"major":981,"forced_major":0,"compactions":0}}
{"version":1,"wall_time":4.01,"cpu_time":4.01,"gc_time":2.99,"gc_overhead":74.38,"max_rss_kb":172636,"domain_stats":{"0":{"wall_time":4.01,"gc_time":2.99,"gc_overhead":74.38}},"mean_latency":0.199752,"stddev_latency":0.425395,"min_latency":0.0,"max_latency":4.202495,"distr_latency":{"25.0000":8.7e-05,"50.0000":0.000295,"60.0000":0.000335,"70.0000":0.004991,"75.0000":0.008631,"80.0000":0.282879,"85.0000":0.749567,"90.0000":0.920575,"95.0000":1.187839,"96.0000":1.313791,"97.0000":1.438719,"98.0000":1.577983,"99.0000":1.722367,"99.9000":2.119679,"99.9900":2.922495,"99.9990":4.202495,"99.9999":4.202495,"100.0000":4.202495},"allocations":{"total_heap":14038036,"minor_heap":300769,"major_heap":13737868,"promoted_words":601,"promoted_pct":0.2},"domain_alloc_stats":{"0":{"total":14038036,"minor":300769,"promoted":601,"major":13737868,"promoted_pct":0.2}},"collections":{"minor":1963,"major":981,"forced_major":0,"compactions":0}}
