{"version":1,"wall_time":3.48,"cpu_time":3.48,"gc_time":1.3,"gc_overhead":37.28,"max_rss_kb":981028,"domain_stats":{"0":{"wall_time":3.48,"gc_time":1.3,"gc_overhead":37.28}},"mean_latency":1.020159,"stddev_latency":0.964817,"min_latency":0.0,"max_latency":14.393343,"distr_latency":{"25.0000":0.435967,"50.0000":0.828927,"60.0000":0.968703,"70.0000":1.198079,"75.0000":1.366015,"80.0000":1.475583,"85.0000":1.615871,"90.0000":1.913855,"95.0000":2.469887,"96.0000":2.678783,"97.0000":2.951167,"98.0000":3.405823,"99.0000":4.530175,"99.9000":9.879551,"99.9900":14.393343,"99.9990":14.393343,"99.9999":14.393343,"100.0000":14.393343},"allocations":{"total_heap":1328154350,"minor_heap":1325665006,"major_heap":145056363,"promoted_words":142567019,"promoted_pct":10.75},"domain_alloc_stats":{"0":{"total":1328154350,"minor":1325665006,"promoted":142567019,"major":145056363,"promoted_pct":10.75}},"collections":{"minor":641,"major":15,"forced_major":0,"compactions":0}}
{"version":1,"wall_time":3.49,"cpu_time":3.49,"gc_time":1.32,"gc_overhead":37.75,"max_rss_kb":981144,"domain_stats":{"0":{"wall_time":3.49,"gc_time":1.32,"gc_overhead":37.75}},"mean_latency":1.035074,"stddev_latency":0.978256,"min_latency":0.0,"max_latency":14.581759,"distr_latency":{"25.0000":0.448767,"50.0000":0.828927,"60.0000":0.978431,"70.0000":1.229823,"75.0000":1.385471,"80.0000":1.522687,"85.0000":1.654783,"90.0000":1.952767,"95.0000":2.539519,"96.0000":2.707455,"97.0000":2.992127,"98.0000":3.426303,"99.0000":4.562943,"99.9000":9.986047,"99.9900":14.581759,"99.9990":14.581759,"99.9999":14.581759,"100.0000":14.581759},"allocations":{"total_heap":1328154350,"minor_heap":1325665006,"major_heap":145056363,"promoted_words":142567019,"promoted_pct":10.75},"domain_alloc_stats":{"0":{"total":1328154350,"minor":1325665006,"promoted":142567019,"major":145056363,"promoted_pct":10.75}},"collections":{"minor":641,"major":15,"forced_major":0,"compactions":0}}
{"version":1,"wall_time":3.47,"cpu_time":3.47,"gc_time":1.31,"gc_overhead":37.64,"max_rss_kb":981152,"domain_stats":{"0":{"wall_time":3.47,"gc_time":1.31,"gc_overhead":37.64}},"mean_latency":1.028714,"stddev_latency":0.96797,"min_latency":0.0,"max_latency":14.655487,"distr_latency":{"25.0000":0.451583,"50.0000":0.837631,"60.0000":0.986111,"70.0000":1.209343,"75.0000":1.377279,"80.0000":1.491967,"85.0000":1.626111,"90.0000":1.913855,"95.0000":2.471935,"96.0000":2.656255,"97.0000":2.914303,"98.0000":3.403775,"99.0000":4.562943,"99.9000":9.953279,"99.9900":14.655487,"99.9990":14.655487,"99.9999":14.655487,"100.0000":14.655487},"allocations":{"total_heap":1328154350,"minor_heap":1325665006,"major_heap":145056363,"promoted_words":142567019,"promoted_pct":10.75},"domain_alloc_stats":{"0":{"total":1328154350,"minor":1325665006,"promoted":142567019,"major":145056363,"promoted_pct":10.75}},"collections":{"minor":641,"major":15,"forced_major":0,"compactions":0}}
