{"version":1,"wall_time":4.2,"cpu_time":4.2,"gc_time":2.19,"gc_overhead":52.23,"max_rss_kb":176932,"domain_stats":{"0":{"wall_time":4.2,"gc_time":2.19,"gc_overhead":52.23}},"mean_latency":0.00556,"stddev_latency":0.009937,"min_latency":0.0,"max_latency":0.058175,"distr_latency":{"25.0000":0.000255,"50.0000":0.000271,"60.0000":0.000375,"70.0000":0.001287,"75.0000":0.006631,"80.0000":0.010895,"85.0000":0.012063,"90.0000":0.029487,"95.0000":0.029759,"96.0000":0.029855,"97.0000":0.030159,"98.0000":0.030319,"99.0000":0.030591,"99.9000":0.041023,"99.9900":0.049279,"99.9990":0.051967,"99.9999":0.058175,"100.0000":0.058175},"allocations":{"total_heap":69978795,"minor_heap":68782000,"major_heap":1613934,"promoted_words":417139,"promoted_pct":0.61},"domain_alloc_stats":{"0":{"total":69978795,"minor":68782000,"promoted":417139,"major":1613934,"promoted_pct":0.61}},"collections":{"minor":98467,"major":49233,"forced_major":0,"compactions":0}}
{"version":1,"wall_time":4.54,"cpu_time":4.54,"gc_time":2.55,"gc_overhead":56.16,"max_rss_kb":175580,"domain_stats":{"0":{"wall_time":4.54,"gc_time":2.55,"gc_overhead":56.16}},"mean_latency":0.006465,"stddev_latency":0.012324,"min_latency":0.0,"max_latency":0.072959,"distr_latency":{"25.0000":0.000255,"50.0000":0.000271,"60.0000":0.000343,"70.0000":0.001295,"75.0000":0.006407,"80.0000":0.010647,"85.0000":0.011351,"90.0000":0.036255,"95.0000":0.036959,"96.0000":0.037567,"97.0000":0.039775,"98.0000":0.039935,"99.0000":0.040351,"99.9000":0.044767,"99.9900":0.055615,"99.9990":0.059327,"99.9999":0.072959,"100.0000":0.072959},"allocations":{"total_heap":69978795,"minor_heap":68782000,"major_heap":1613934,"promoted_words":417139,"promoted_pct":0.61},"domain_alloc_stats":{"0":{"total":69978795,"minor":68782000,"promoted":417139,"major":1613934,"promoted_pct":0.61}},"collections":{"minor":98467,"major":49233,"forced_major":0,"compactions":0}}
{"version":1,"wall_time":4.74,"cpu_time":4.74,"gc_time":2.73,"gc_overhead":57.63,"max_rss_kb":175764,"domain_stats":{"0":{"wall_time":4.74,"gc_time":2.73,"gc_overhead":57.63}},"mean_latency":0.006927,"stddev_latency":0.013203,"min_latency":0.0,"max_latency":0.109311,"distr_latency":{"25.0000":0.000255,"50.0000":0.000271,"60.0000":0.000343,"70.0000":0.001311,"75.0000":0.006527,"80.0000":0.011927,"85.0000":0.012663,"90.0000":0.039903,"95.0000":0.040159,"96.0000":0.040255,"97.0000":0.040575,"98.0000":0.040735,"99.0000":0.041119,"99.9000":0.044799,"99.9900":0.054975,"99.9990":0.060639,"99.9999":0.109311,"100.0000":0.109311},"allocations":{"total_heap":69978795,"minor_heap":68782000,"major_heap":1613934,"promoted_words":417139,"promoted_pct":0.61},"domain_alloc_stats":{"0":{"total":69978795,"minor":68782000,"promoted":417139,"major":1613934,"promoted_pct":0.61}},"collections":{"minor":98467,"major":49233,"forced_major":0,"compactions":0}}
