{"version":1,"wall_time":12.62,"cpu_time":12.62,"gc_time":11.04,"gc_overhead":87.47,"max_rss_kb":139056,"domain_stats":{"0":{"wall_time":12.62,"gc_time":11.04,"gc_overhead":87.47}},"mean_latency":0.196003,"stddev_latency":0.438896,"min_latency":0.0,"max_latency":4.665343,"distr_latency":{"25.0000":5.5e-05,"50.0000":0.000303,"60.0000":0.000351,"70.0000":0.005407,"75.0000":0.009375,"80.0000":0.103615,"85.0000":0.712191,"90.0000":0.834047,"95.0000":1.232895,"96.0000":1.359871,"97.0000":1.483775,"98.0000":1.614847,"99.0000":1.813503,"99.9000":2.342911,"99.9900":2.809855,"99.9990":3.104767,"99.9999":4.665343,"100.0000":4.665343},"allocations":{"total_heap":14038024,"minor_heap":300757,"major_heap":13737868,"promoted_words":601,"promoted_pct":0.2},"domain_alloc_stats":{"0":{"total":14038024,"minor":300757,"promoted":601,"major":13737868,"promoted_pct":0.2}},"collections":{"minor":7552,"major":3776,"forced_major":0,"compactions":0}}
{"version":1,"wall_time":12.69,"cpu_time":12.69,"gc_time":11.15,"gc_overhead":87.92,"max_rss_kb":139688,"domain_stats":{"0":{"wall_time":12.69,"gc_time":11.15,"gc_overhead":87.92}},"mean_latency":0.198027,"stddev_latency":0.44626,"min_latency":0.0,"max_latency":3.403775,"distr_latency":{"25.0000":4.7e-05,"50.0000":0.000303,"60.0000":0.000351,"70.0000":0.005455,"75.0000":0.009023,"80.0000":0.101823,"85.0000":0.716799,"90.0000":0.834047,"95.0000":1.240063,"96.0000":1.373183,"97.0000":1.508351,"98.0000":1.650687,"99.0000":1.859583,"99.9000":2.555903,"99.9900":2.963455,"99.9990":3.106815,"99.9999":3.403775,"100.0000":3.403775},"allocations":{"total_heap":14038024,"minor_heap":300757,"major_heap":13737868,"promoted_words":601,"promoted_pct":0.2},"domain_alloc_stats":{"0":{"total":14038024,"minor":300757,"promoted":601,"major":13737868,"promoted_pct":0.2}},"collections":{"minor":7552,"major":3776,"forced_major":0,"compactions":0}}
{"version":1,"wall_time":12.6,"cpu_time":12.6,"gc_time":11.02,"gc_overhead":87.45,"max_rss_kb":139376,"domain_stats":{"0":{"wall_time":12.6,"gc_time":11.02,"gc_overhead":87.45}},"mean_latency":0.195673,"stddev_latency":0.437482,"min_latency":0.0,"max_latency":3.229695,"distr_latency":{"25.0000":5.5e-05,"50.0000":0.000303,"60.0000":0.000343,"70.0000":0.005543,"75.0000":0.008783,"80.0000":0.103295,"85.0000":0.711167,"90.0000":0.835071,"95.0000":1.226751,"96.0000":1.354751,"97.0000":1.481727,"98.0000":1.617919,"99.0000":1.813503,"99.9000":2.289663,"99.9900":2.727935,"99.9990":3.037183,"99.9999":3.229695,"100.0000":3.229695},"allocations":{"total_heap":14038024,"minor_heap":300757,"major_heap":13737868,"promoted_words":601,"promoted_pct":0.2},"domain_alloc_stats":{"0":{"total":14038024,"minor":300757,"promoted":601,"major":13737868,"promoted_pct":0.2}},"collections":{"minor":7552,"major":3776,"forced_major":0,"compactions":0}}
