{"version":1,"wall_time":1.41,"cpu_time":1.41,"gc_time":1.37,"gc_overhead":97.35,"max_rss_kb":110628,"domain_stats":{"0":{"wall_time":1.41,"gc_time":1.37,"gc_overhead":97.35}},"mean_latency":0.196568,"stddev_latency":0.424633,"min_latency":0.0,"max_latency":3.350527,"distr_latency":{"25.0000":9.5e-05,"50.0000":0.000295,"60.0000":0.000303,"70.0000":0.006023,"75.0000":0.007823,"80.0000":0.130111,"85.0000":0.739839,"90.0000":0.961535,"95.0000":1.133567,"96.0000":1.249279,"97.0000":1.339391,"98.0000":1.513471,"99.0000":1.745919,"99.9000":1.951743,"99.9900":2.183167,"99.9990":3.350527,"99.9999":3.350527,"100.0000":3.350527},"allocations":{"total_heap":14037553,"minor_heap":300335,"major_heap":13737819,"promoted_words":601,"promoted_pct":0.2},"domain_alloc_stats":{"0":{"total":14037553,"minor":300335,"promoted":601,"major":13737819,"promoted_pct":0.2}},"collections":{"minor":792,"major":396,"forced_major":0,"compactions":0}}
{"version":1,"wall_time":1.16,"cpu_time":1.16,"gc_time":1.12,"gc_overhead":96.87,"max_rss_kb":110852,"domain_stats":{"0":{"wall_time":1.16,"gc_time":1.12,"gc_overhead":96.87}},"mean_latency":0.160658,"stddev_latency":0.34577,"min_latency":0.0,"max_latency":3.768319,"distr_latency":{"25.0000":9.5e-05,"50.0000":0.000295,"60.0000":0.000303,"70.0000":0.005471,"75.0000":0.007951,"80.0000":0.105343,"85.0000":0.726015,"90.0000":0.743935,"95.0000":0.898047,"96.0000":1.021951,"97.0000":1.132543,"98.0000":1.254399,"99.0000":1.360895,"99.9000":1.721343,"99.9900":2.465791,"99.9990":3.768319,"99.9999":3.768319,"100.0000":3.768319},"allocations":{"total_heap":14037553,"minor_heap":300335,"major_heap":13737819,"promoted_words":601,"promoted_pct":0.2},"domain_alloc_stats":{"0":{"total":14037553,"minor":300335,"promoted":601,"major":13737819,"promoted_pct":0.2}},"collections":{"minor":792,"major":396,"forced_major":0,"compactions":0}}
{"version":1,"wall_time":1.26,"cpu_time":1.26,"gc_time":1.22,"gc_overhead":97.06,"max_rss_kb":110888,"domain_stats":{"0":{"wall_time":1.26,"gc_time":1.22,"gc_overhead":97.06}},"mean_latency":0.174508,"stddev_latency":0.378829,"min_latency":0.0,"max_latency":3.147775,"distr_latency":{"25.0000":0.000111,"50.0000":0.000287,"60.0000":0.000311,"70.0000":0.005583,"75.0000":0.008455,"80.0000":0.114879,"85.0000":0.733183,"90.0000":0.772607,"95.0000":1.023487,"96.0000":1.125375,"97.0000":1.222655,"98.0000":1.332223,"99.0000":1.482751,"99.9000":1.993727,"99.9900":2.355199,"99.9990":3.147775,"99.9999":3.147775,"100.0000":3.147775},"allocations":{"total_heap":14037553,"minor_heap":300335,"major_heap":13737819,"promoted_words":601,"promoted_pct":0.2},"domain_alloc_stats":{"0":{"total":14037553,"minor":300335,"promoted":601,"major":13737819,"promoted_pct":0.2}},"collections":{"minor":792,"major":396,"forced_major":0,"compactions":0}}
