{"version":1,"wall_time":6.5,"cpu_time":6.5,"gc_time":5.22,"gc_overhead":80.22,"max_rss_kb":71168,"domain_stats":{"0":{"wall_time":6.5,"gc_time":5.22,"gc_overhead":80.22}},"mean_latency":0.529011,"stddev_latency":0.563782,"min_latency":0.0,"max_latency":2.293759,"distr_latency":{"25.0000":0.015231,"50.0000":0.162687,"60.0000":0.526335,"70.0000":1.242111,"75.0000":1.260543,"80.0000":1.270783,"85.0000":1.278975,"90.0000":1.288191,"95.0000":1.302527,"96.0000":1.306623,"97.0000":1.312767,"98.0000":1.324031,"99.0000":1.358847,"99.9000":2.063359,"99.9900":2.246655,"99.9990":2.293759,"99.9999":2.293759,"100.0000":2.293759},"allocations":{"total_heap":659181135,"minor_heap":624689341,"major_heap":98512286,"promoted_words":64020492,"promoted_pct":10.25},"domain_alloc_stats":{"0":{"total":659181135,"minor":624689341,"promoted":64020492,"major":98512286,"promoted_pct":10.25}},"collections":{"minor":9401,"major":3941,"forced_major":1116,"compactions":0}}
{"version":1,"wall_time":6.45,"cpu_time":6.45,"gc_time":5.11,"gc_overhead":79.23,"max_rss_kb":70964,"domain_stats":{"0":{"wall_time":6.45,"gc_time":5.11,"gc_overhead":79.23}},"mean_latency":0.518658,"stddev_latency":0.551857,"min_latency":0.0,"max_latency":2.287615,"distr_latency":{"25.0000":0.015367,"50.0000":0.163327,"60.0000":0.514047,"70.0000":1.214463,"75.0000":1.232895,"80.0000":1.242111,"85.0000":1.249279,"90.0000":1.259519,"95.0000":1.273855,"96.0000":1.276927,"97.0000":1.284095,"98.0000":1.294335,"99.0000":1.340415,"99.9000":2.049023,"99.9900":2.207743,"99.9990":2.287615,"99.9999":2.287615,"100.0000":2.287615},"allocations":{"total_heap":659181133,"minor_heap":624689339,"major_heap":98512286,"promoted_words":64020492,"promoted_pct":10.25},"domain_alloc_stats":{"0":{"total":659181133,"minor":624689339,"promoted":64020492,"major":98512286,"promoted_pct":10.25}},"collections":{"minor":9401,"major":3941,"forced_major":1116,"compactions":0}}
{"version":1,"wall_time":6.41,"cpu_time":6.41,"gc_time":5.12,"gc_overhead":79.89,"max_rss_kb":70800,"domain_stats":{"0":{"wall_time":6.41,"gc_time":5.12,"gc_overhead":79.89}},"mean_latency":0.519402,"stddev_latency":0.553376,"min_latency":0.0,"max_latency":2.217983,"distr_latency":{"25.0000":0.015031,"50.0000":0.162687,"60.0000":0.511743,"70.0000":1.219583,"75.0000":1.239039,"80.0000":1.248255,"85.0000":1.256447,"90.0000":1.264639,"95.0000":1.278975,"96.0000":1.283071,"97.0000":1.289215,"98.0000":1.298431,"99.0000":1.337343,"99.9000":2.029567,"99.9900":2.138111,"99.9990":2.217983,"99.9999":2.217983,"100.0000":2.217983},"allocations":{"total_heap":659181133,"minor_heap":624689339,"major_heap":98512286,"promoted_words":64020492,"promoted_pct":10.25},"domain_alloc_stats":{"0":{"total":659181133,"minor":624689339,"promoted":64020492,"major":98512286,"promoted_pct":10.25}},"collections":{"minor":9401,"major":3941,"forced_major":1116,"compactions":0}}
