{"version":1,"wall_time":14.29,"cpu_time":14.29,"gc_time":11.93,"gc_overhead":83.47,"max_rss_kb":286872,"domain_stats":{"0":{"wall_time":14.29,"gc_time":11.93,"gc_overhead":83.47}},"mean_latency":0.02676,"stddev_latency":0.024463,"min_latency":0.0,"max_latency":0.213759,"distr_latency":{"25.0000":4.7e-05,"50.0000":0.044223,"60.0000":0.048287,"70.0000":0.050495,"75.0000":0.050879,"80.0000":0.051295,"85.0000":0.051647,"90.0000":0.052063,"95.0000":0.052767,"96.0000":0.052927,"97.0000":0.053215,"98.0000":0.053663,"99.0000":0.054271,"99.9000":0.060479,"99.9900":0.065663,"99.9990":0.077951,"99.9999":0.213759,"100.0000":0.213759},"allocations":{"total_heap":69978853,"minor_heap":68782058,"major_heap":2270447,"promoted_words":1073652,"promoted_pct":1.56},"domain_alloc_stats":{"0":{"total":69978853,"minor":68782058,"promoted":1073652,"major":2270447,"promoted_pct":1.56}},"collections":{"minor":231726,"major":231726,"forced_major":0,"compactions":0}}
{"version":1,"wall_time":14.43,"cpu_time":14.43,"gc_time":12.07,"gc_overhead":83.65,"max_rss_kb":286852,"domain_stats":{"0":{"wall_time":14.43,"gc_time":12.07,"gc_overhead":83.65}},"mean_latency":0.027072,"stddev_latency":0.024548,"min_latency":0.0,"max_latency":1.096703,"distr_latency":{"25.0000":4.7e-05,"50.0000":0.041823,"60.0000":0.047807,"70.0000":0.051679,"75.0000":0.051871,"80.0000":0.052191,"85.0000":0.052351,"90.0000":0.052671,"95.0000":0.053375,"96.0000":0.053599,"97.0000":0.053983,"98.0000":0.054271,"99.0000":0.054847,"99.9000":0.064607,"99.9900":0.072063,"99.9990":0.077631,"99.9999":1.096703,"100.0000":1.096703},"allocations":{"total_heap":69978853,"minor_heap":68782058,"major_heap":2270447,"promoted_words":1073652,"promoted_pct":1.56},"domain_alloc_stats":{"0":{"total":69978853,"minor":68782058,"promoted":1073652,"major":2270447,"promoted_pct":1.56}},"collections":{"minor":231726,"major":231726,"forced_major":0,"compactions":0}}
{"version":1,"wall_time":13.63,"cpu_time":13.63,"gc_time":11.29,"gc_overhead":82.82,"max_rss_kb":286772,"domain_stats":{"0":{"wall_time":13.63,"gc_time":11.29,"gc_overhead":82.82}},"mean_latency":0.025328,"stddev_latency":0.023354,"min_latency":0.0,"max_latency":1.136639,"distr_latency":{"25.0000":4.7e-05,"50.0000":0.037919,"60.0000":0.042303,"70.0000":0.047743,"75.0000":0.048863,"80.0000":0.050591,"85.0000":0.051007,"90.0000":0.051423,"95.0000":0.052191,"96.0000":0.052447,"97.0000":0.052799,"98.0000":0.053215,"99.0000":0.053919,"99.9000":0.064191,"99.9900":0.071743,"99.9990":0.080831,"99.9999":1.136639,"100.0000":1.136639},"allocations":{"total_heap":69978853,"minor_heap":68782058,"major_heap":2270447,"promoted_words":1073652,"promoted_pct":1.56},"domain_alloc_stats":{"0":{"total":69978853,"minor":68782058,"promoted":1073652,"major":2270447,"promoted_pct":1.56}},"collections":{"minor":231726,"major":231726,"forced_major":0,"compactions":0}}
