{"version":1,"wall_time":3.35,"cpu_time":3.35,"gc_time":0.77,"gc_overhead":23.04,"max_rss_kb":335572,"domain_stats":{"0":{"wall_time":3.35,"gc_time":0.77,"gc_overhead":23.04}},"mean_latency":0.228014,"stddev_latency":0.333734,"min_latency":0.0,"max_latency":4.493311,"distr_latency":{"25.0000":0.032063,"50.0000":0.102783,"60.0000":0.143487,"70.0000":0.219647,"75.0000":0.312831,"80.0000":0.352767,"85.0000":0.470783,"90.0000":0.611327,"95.0000":0.818175,"96.0000":0.918527,"97.0000":1.096703,"98.0000":1.372159,"99.0000":1.571839,"99.9000":2.562047,"99.9900":4.493311,"99.9990":4.493311,"99.9999":4.493311,"100.0000":4.493311},"allocations":{"total_heap":433989371,"minor_heap":418002109,"major_heap":138674025,"promoted_words":122686763,"promoted_pct":29.35},"domain_alloc_stats":{"0":{"total":433989371,"minor":418002109,"promoted":122686763,"major":138674025,"promoted_pct":29.35}},"collections":{"minor":1627,"major":29,"forced_major":0,"compactions":0}}
{"version":1,"wall_time":3.38,"cpu_time":3.38,"gc_time":0.78,"gc_overhead":23.21,"max_rss_kb":335600,"domain_stats":{"0":{"wall_time":3.38,"gc_time":0.78,"gc_overhead":23.21}},"mean_latency":0.231687,"stddev_latency":0.334914,"min_latency":0.0,"max_latency":4.505599,"distr_latency":{"25.0000":0.032111,"50.0000":0.104063,"60.0000":0.146559,"70.0000":0.224895,"75.0000":0.319487,"80.0000":0.364543,"85.0000":0.479999,"90.0000":0.638975,"95.0000":0.844799,"96.0000":0.944127,"97.0000":1.107967,"98.0000":1.358847,"99.0000":1.560575,"99.9000":2.564095,"99.9900":4.505599,"99.9990":4.505599,"99.9999":4.505599,"100.0000":4.505599},"allocations":{"total_heap":433989371,"minor_heap":418002109,"major_heap":138674025,"promoted_words":122686763,"promoted_pct":29.35},"domain_alloc_stats":{"0":{"total":433989371,"minor":418002109,"promoted":122686763,"major":138674025,"promoted_pct":29.35}},"collections":{"minor":1627,"major":29,"forced_major":0,"compactions":0}}
{"version":1,"wall_time":3.36,"cpu_time":3.36,"gc_time":0.78,"gc_overhead":23.07,"max_rss_kb":335560,"domain_stats":{"0":{"wall_time":3.36,"gc_time":0.78,"gc_overhead":23.07}},"mean_latency":0.229484,"stddev_latency":0.33573,"min_latency":0.0,"max_latency":4.476927,"distr_latency":{"25.0000":0.032271,"50.0000":0.102463,"60.0000":0.144383,"70.0000":0.222335,"75.0000":0.315647,"80.0000":0.357119,"85.0000":0.469247,"90.0000":0.616447,"95.0000":0.816639,"96.0000":0.959999,"97.0000":1.110015,"98.0000":1.392639,"99.0000":1.581055,"99.9000":2.564095,"99.9900":4.476927,"99.9990":4.476927,"99.9999":4.476927,"100.0000":4.476927},"allocations":{"total_heap":433989371,"minor_heap":418002109,"major_heap":138674025,"promoted_words":122686763,"promoted_pct":29.35},"domain_alloc_stats":{"0":{"total":433989371,"minor":418002109,"promoted":122686763,"major":138674025,"promoted_pct":29.35}},"collections":{"minor":1627,"major":29,"forced_major":0,"compactions":0}}
