{"version":1,"wall_time":3.0,"cpu_time":3.0,"gc_time":2.96,"gc_overhead":98.65,"max_rss_kb":111516,"domain_stats":{"0":{"wall_time":3.0,"gc_time":2.96,"gc_overhead":98.65}},"mean_latency":0.195168,"stddev_latency":0.443242,"min_latency":0.0,"max_latency":3.215359,"distr_latency":{"25.0000":0.000103,"50.0000":0.000295,"60.0000":0.000311,"70.0000":0.006055,"75.0000":0.007615,"80.0000":0.029743,"85.0000":0.679423,"90.0000":0.955391,"95.0000":1.271807,"96.0000":1.394687,"97.0000":1.521663,"98.0000":1.645567,"99.0000":1.785855,"99.9000":2.254847,"99.9900":2.742271,"99.9990":3.215359,"99.9999":3.215359,"100.0000":3.215359},"allocations":{"total_heap":14037986,"minor_heap":300719,"major_heap":13737868,"promoted_words":601,"promoted_pct":0.2},"domain_alloc_stats":{"0":{"total":14037986,"minor":300719,"promoted":601,"major":13737868,"promoted_pct":0.2}},"collections":{"minor":2099,"major":1049,"forced_major":0,"compactions":0}}
{"version":1,"wall_time":3.13,"cpu_time":3.13,"gc_time":3.09,"gc_overhead":98.71,"max_rss_kb":111704,"domain_stats":{"0":{"wall_time":3.13,"gc_time":3.09,"gc_overhead":98.71}},"mean_latency":0.203936,"stddev_latency":0.466767,"min_latency":0.0,"max_latency":3.080191,"distr_latency":{"25.0000":0.000103,"50.0000":0.000295,"60.0000":0.000367,"70.0000":0.006191,"75.0000":0.007535,"80.0000":0.030095,"85.0000":0.720383,"90.0000":0.947199,"95.0000":1.356799,"96.0000":1.479679,"97.0000":1.606655,"98.0000":1.718271,"99.0000":1.852415,"99.9000":2.586623,"99.9900":2.945023,"99.9990":3.080191,"99.9999":3.080191,"100.0000":3.080191},"allocations":{"total_heap":14037986,"minor_heap":300719,"major_heap":13737868,"promoted_words":601,"promoted_pct":0.2},"domain_alloc_stats":{"0":{"total":14037986,"minor":300719,"promoted":601,"major":13737868,"promoted_pct":0.2}},"collections":{"minor":2099,"major":1049,"forced_major":0,"compactions":0}}
{"version":1,"wall_time":3.0,"cpu_time":3.0,"gc_time":2.96,"gc_overhead":98.67,"max_rss_kb":111524,"domain_stats":{"0":{"wall_time":3.0,"gc_time":2.96,"gc_overhead":98.67}},"mean_latency":0.195385,"stddev_latency":0.44435,"min_latency":0.0,"max_latency":2.904063,"distr_latency":{"25.0000":8.7e-05,"50.0000":0.000295,"60.0000":0.000367,"70.0000":0.006167,"75.0000":0.007535,"80.0000":0.029695,"85.0000":0.675327,"90.0000":0.959487,"95.0000":1.257471,"96.0000":1.381375,"97.0000":1.515519,"98.0000":1.658879,"99.0000":1.806335,"99.9000":2.324479,"99.9900":2.717695,"99.9990":2.904063,"99.9999":2.904063,"100.0000":2.904063},"allocations":{"total_heap":14037986,"minor_heap":300719,"major_heap":13737868,"promoted_words":601,"promoted_pct":0.2},"domain_alloc_stats":{"0":{"total":14037986,"minor":300719,"promoted":601,"major":13737868,"promoted_pct":0.2}},"collections":{"minor":2099,"major":1049,"forced_major":0,"compactions":0}}
