{"version":1,"wall_time":6.01,"cpu_time":6.01,"gc_time":4.74,"gc_overhead":78.84,"max_rss_kb":69632,"domain_stats":{"0":{"wall_time":6.01,"gc_time":4.74,"gc_overhead":78.84}},"mean_latency":0.58454,"stddev_latency":0.598432,"min_latency":0.0,"max_latency":2.230271,"distr_latency":{"25.0000":0.008831,"50.0000":0.185983,"60.0000":1.187839,"70.0000":1.262591,"75.0000":1.273855,"80.0000":1.283071,"85.0000":1.293311,"90.0000":1.304575,"95.0000":1.319935,"96.0000":1.325055,"97.0000":1.331199,"98.0000":1.340415,"99.0000":1.392639,"99.9000":2.051071,"99.9900":2.174975,"99.9990":2.230271,"99.9999":2.230271,"100.0000":2.230271},"allocations":{"total_heap":659181539,"minor_heap":624689745,"major_heap":98241296,"promoted_words":63749502,"promoted_pct":10.2},"domain_alloc_stats":{"0":{"total":659181539,"minor":624689745,"promoted":63749502,"major":98241296,"promoted_pct":10.2}},"collections":{"minor":9044,"major":3519,"forced_major":1116,"compactions":0}}
{"version":1,"wall_time":6.1,"cpu_time":6.1,"gc_time":4.82,"gc_overhead":79.11,"max_rss_kb":69984,"domain_stats":{"0":{"wall_time":6.1,"gc_time":4.82,"gc_overhead":79.11}},"mean_latency":0.595006,"stddev_latency":0.610557,"min_latency":0.0,"max_latency":2.627583,"distr_latency":{"25.0000":0.008687,"50.0000":0.185599,"60.0000":1.208319,"70.0000":1.290239,"75.0000":1.300479,"80.0000":1.308671,"85.0000":1.317887,"90.0000":1.327103,"95.0000":1.340415,"96.0000":1.344511,"97.0000":1.349631,"98.0000":1.358847,"99.0000":1.421311,"99.9000":2.121727,"99.9900":2.301951,"99.9990":2.627583,"99.9999":2.627583,"100.0000":2.627583},"allocations":{"total_heap":659181535,"minor_heap":624689741,"major_heap":98241301,"promoted_words":63749507,"promoted_pct":10.2},"domain_alloc_stats":{"0":{"total":659181535,"minor":624689741,"promoted":63749507,"major":98241301,"promoted_pct":10.2}},"collections":{"minor":9044,"major":3519,"forced_major":1116,"compactions":0}}
{"version":1,"wall_time":6.0,"cpu_time":6.0,"gc_time":4.71,"gc_overhead":78.44,"max_rss_kb":69492,"domain_stats":{"0":{"wall_time":6.0,"gc_time":4.71,"gc_overhead":78.44}},"mean_latency":0.58066,"stddev_latency":0.594698,"min_latency":0.0,"max_latency":2.293759,"distr_latency":{"25.0000":0.008551,"50.0000":0.184063,"60.0000":1.157119,"70.0000":1.255423,"75.0000":1.267711,"80.0000":1.277951,"85.0000":1.287167,"90.0000":1.298431,"95.0000":1.313791,"96.0000":1.318911,"97.0000":1.326079,"98.0000":1.336319,"99.0000":1.392639,"99.9000":2.084863,"99.9900":2.234367,"99.9990":2.293759,"99.9999":2.293759,"100.0000":2.293759},"allocations":{"total_heap":659181535,"minor_heap":624689741,"major_heap":98241296,"promoted_words":63749502,"promoted_pct":10.2},"domain_alloc_stats":{"0":{"total":659181535,"minor":624689741,"promoted":63749502,"major":98241296,"promoted_pct":10.2}},"collections":{"minor":9044,"major":3519,"forced_major":1116,"compactions":0}}
