{"version":1,"wall_time":11.82,"cpu_time":11.82,"gc_time":11.49,"gc_overhead":97.2,"max_rss_kb":144760,"domain_stats":{"0":{"wall_time":11.82,"gc_time":11.49,"gc_overhead":97.2}},"mean_latency":0.255634,"stddev_latency":0.414415,"min_latency":0.0,"max_latency":3.115007,"distr_latency":{"25.0000":0.000287,"50.0000":0.000295,"60.0000":0.009135,"70.0000":0.219007,"75.0000":0.503551,"80.0000":0.787967,"85.0000":0.830463,"90.0000":0.841215,"95.0000":1.182719,"96.0000":1.187839,"97.0000":1.193983,"98.0000":1.205247,"99.0000":1.434623,"99.9000":2.049023,"99.9900":2.061311,"99.9990":3.115007,"99.9999":3.115007,"100.0000":3.115007},"allocations":{"total_heap":14037967,"minor_heap":300700,"major_heap":13737835,"promoted_words":568,"promoted_pct":0.19},"domain_alloc_stats":{"0":{"total":14037967,"minor":300700,"promoted":568,"major":13737835,"promoted_pct":0.19}},"collections":{"minor":3917,"major":3917,"forced_major":0,"compactions":0}}
{"version":1,"wall_time":11.26,"cpu_time":11.26,"gc_time":10.93,"gc_overhead":97.07,"max_rss_kb":144640,"domain_stats":{"0":{"wall_time":11.26,"gc_time":10.93,"gc_overhead":97.07}},"mean_latency":0.243117,"stddev_latency":0.389245,"min_latency":0.0,"max_latency":3.794943,"distr_latency":{"25.0000":0.000287,"50.0000":0.000295,"60.0000":0.009031,"70.0000":0.210175,"75.0000":0.482559,"80.0000":0.756735,"85.0000":0.821247,"90.0000":0.832511,"95.0000":1.159167,"96.0000":1.170431,"97.0000":1.176575,"98.0000":1.183743,"99.0000":1.192959,"99.9000":1.655807,"99.9900":2.057215,"99.9990":3.794943,"99.9999":3.794943,"100.0000":3.794943},"allocations":{"total_heap":14037967,"minor_heap":300700,"major_heap":13737835,"promoted_words":568,"promoted_pct":0.19},"domain_alloc_stats":{"0":{"total":14037967,"minor":300700,"promoted":568,"major":13737835,"promoted_pct":0.19}},"collections":{"minor":3917,"major":3917,"forced_major":0,"compactions":0}}
{"version":1,"wall_time":11.24,"cpu_time":11.24,"gc_time":10.91,"gc_overhead":97.07,"max_rss_kb":144608,"domain_stats":{"0":{"wall_time":11.24,"gc_time":10.91,"gc_overhead":97.07}},"mean_latency":0.242646,"stddev_latency":0.38871,"min_latency":0.0,"max_latency":3.102719,"distr_latency":{"25.0000":0.000287,"50.0000":0.000295,"60.0000":0.008951,"70.0000":0.210943,"75.0000":0.476159,"80.0000":0.750591,"85.0000":0.824831,"90.0000":0.835583,"95.0000":1.165311,"96.0000":1.177599,"97.0000":1.183743,"98.0000":1.188863,"99.0000":1.196031,"99.9000":1.683455,"99.9900":2.131967,"99.9990":3.102719,"99.9999":3.102719,"100.0000":3.102719},"allocations":{"total_heap":14037967,"minor_heap":300700,"major_heap":13737835,"promoted_words":568,"promoted_pct":0.19},"domain_alloc_stats":{"0":{"total":14037967,"minor":300700,"promoted":568,"major":13737835,"promoted_pct":0.19}},"collections":{"minor":3917,"major":3917,"forced_major":0,"compactions":0}}
