{"version":1,"wall_time":5.06,"cpu_time":5.06,"gc_time":3.11,"gc_overhead":61.49,"max_rss_kb":148280,"domain_stats":{"0":{"wall_time":5.06,"gc_time":3.11,"gc_overhead":61.49}},"mean_latency":0.011782,"stddev_latency":0.01849,"min_latency":0.0,"max_latency":0.203775,"distr_latency":{"25.0000":0.001271,"50.0000":0.002343,"60.0000":0.003007,"70.0000":0.004167,"75.0000":0.006351,"80.0000":0.040991,"85.0000":0.046591,"90.0000":0.047135,"95.0000":0.047743,"96.0000":0.047967,"97.0000":0.048191,"98.0000":0.048511,"99.0000":0.050015,"99.9000":0.068415,"99.9900":0.071487,"99.9990":0.077631,"99.9999":0.203775,"100.0000":0.203775},"allocations":{"total_heap":69978853,"minor_heap":68782058,"major_heap":1679101,"promoted_words":482306,"promoted_pct":0.7},"domain_alloc_stats":{"0":{"total":69978853,"minor":68782058,"promoted":482306,"major":1679101,"promoted_pct":0.7}},"collections":{"minor":57719,"major":57719,"forced_major":0,"compactions":0}}
{"version":1,"wall_time":5.12,"cpu_time":5.12,"gc_time":3.16,"gc_overhead":61.71,"max_rss_kb":149040,"domain_stats":{"0":{"wall_time":5.12,"gc_time":3.16,"gc_overhead":61.71}},"mean_latency":0.011978,"stddev_latency":0.019558,"min_latency":0.0,"max_latency":0.184831,"distr_latency":{"25.0000":0.001023,"50.0000":0.001847,"60.0000":0.002471,"70.0000":0.003263,"75.0000":0.005463,"80.0000":0.043967,"85.0000":0.048863,"90.0000":0.049471,"95.0000":0.050143,"96.0000":0.050335,"97.0000":0.050527,"98.0000":0.050815,"99.0000":0.051519,"99.9000":0.064127,"99.9900":0.071167,"99.9990":0.092607,"99.9999":0.184831,"100.0000":0.184831},"allocations":{"total_heap":69978853,"minor_heap":68782058,"major_heap":1679101,"promoted_words":482306,"promoted_pct":0.7},"domain_alloc_stats":{"0":{"total":69978853,"minor":68782058,"promoted":482306,"major":1679101,"promoted_pct":0.7}},"collections":{"minor":57719,"major":57719,"forced_major":0,"compactions":0}}
{"version":1,"wall_time":5.22,"cpu_time":5.22,"gc_time":3.27,"gc_overhead":62.59,"max_rss_kb":149124,"domain_stats":{"0":{"wall_time":5.22,"gc_time":3.27,"gc_overhead":62.59}},"mean_latency":0.012379,"stddev_latency":0.019643,"min_latency":0.0,"max_latency":0.203519,"distr_latency":{"25.0000":0.001231,"50.0000":0.002351,"60.0000":0.002967,"70.0000":0.004151,"75.0000":0.006183,"80.0000":0.044063,"85.0000":0.049375,"90.0000":0.050111,"95.0000":0.050815,"96.0000":0.050943,"97.0000":0.051199,"98.0000":0.051551,"99.0000":0.052031,"99.9000":0.059711,"99.9900":0.066815,"99.9990":0.073983,"99.9999":0.203519,"100.0000":0.203519},"allocations":{"total_heap":69978853,"minor_heap":68782058,"major_heap":1679101,"promoted_words":482306,"promoted_pct":0.7},"domain_alloc_stats":{"0":{"total":69978853,"minor":68782058,"promoted":482306,"major":1679101,"promoted_pct":0.7}},"collections":{"minor":57719,"major":57719,"forced_major":0,"compactions":0}}
