{"version":1,"wall_time":11.12,"cpu_time":11.12,"gc_time":11.05,"gc_overhead":99.43,"max_rss_kb":124440,"domain_stats":{"0":{"wall_time":11.12,"gc_time":11.05,"gc_overhead":99.43}},"mean_latency":0.196248,"stddev_latency":0.447891,"min_latency":0.0,"max_latency":3.254271,"distr_latency":{"25.0000":0.000111,"50.0000":0.000295,"60.0000":0.000311,"70.0000":0.006023,"75.0000":0.007631,"80.0000":0.019375,"85.0000":0.735743,"90.0000":0.868351,"95.0000":1.270783,"96.0000":1.383423,"97.0000":1.497087,"98.0000":1.642495,"99.0000":1.835007,"99.9000":2.496511,"99.9900":3.155967,"99.9990":3.192831,"99.9999":3.254271,"100.0000":3.254271},"allocations":{"total_heap":14038024,"minor_heap":300757,"major_heap":13737868,"promoted_words":601,"promoted_pct":0.2},"domain_alloc_stats":{"0":{"total":14038024,"minor":300757,"promoted":601,"major":13737868,"promoted_pct":0.2}},"collections":{"minor":7552,"major":3776,"forced_major":0,"compactions":0}}
{"version":1,"wall_time":11.39,"cpu_time":11.39,"gc_time":11.33,"gc_overhead":99.45,"max_rss_kb":124604,"domain_stats":{"0":{"wall_time":11.39,"gc_time":11.33,"gc_overhead":99.45}},"mean_latency":0.201125,"stddev_latency":0.46544,"min_latency":0.0,"max_latency":3.291135,"distr_latency":{"25.0000":0.000103,"50.0000":0.000295,"60.0000":0.000311,"70.0000":0.006183,"75.0000":0.007991,"80.0000":0.019455,"85.0000":0.710655,"90.0000":0.892927,"95.0000":1.325055,"96.0000":1.420287,"97.0000":1.563647,"98.0000":1.735679,"99.0000":1.928191,"99.9000":2.693119,"99.9900":3.135487,"99.9990":3.221503,"99.9999":3.291135,"100.0000":3.291135},"allocations":{"total_heap":14038024,"minor_heap":300757,"major_heap":13737868,"promoted_words":601,"promoted_pct":0.2},"domain_alloc_stats":{"0":{"total":14038024,"minor":300757,"promoted":601,"major":13737868,"promoted_pct":0.2}},"collections":{"minor":7552,"major":3776,"forced_major":0,"compactions":0}}
{"version":1,"wall_time":10.66,"cpu_time":10.66,"gc_time":10.6,"gc_overhead":99.41,"max_rss_kb":124556,"domain_stats":{"0":{"wall_time":10.66,"gc_time":10.6,"gc_overhead":99.41}},"mean_latency":0.188148,"stddev_latency":0.428161,"min_latency":0.0,"max_latency":3.379199,"distr_latency":{"25.0000":0.000103,"50.0000":0.000295,"60.0000":0.000311,"70.0000":0.005943,"75.0000":0.007823,"80.0000":0.019903,"85.0000":0.687615,"90.0000":0.813567,"95.0000":1.203199,"96.0000":1.330175,"97.0000":1.456127,"98.0000":1.590271,"99.0000":1.778687,"99.9000":2.146303,"99.9900":2.695167,"99.9990":3.149823,"99.9999":3.379199,"100.0000":3.379199},"allocations":{"total_heap":14038024,"minor_heap":300757,"major_heap":13737868,"promoted_words":601,"promoted_pct":0.2},"domain_alloc_stats":{"0":{"total":14038024,"minor":300757,"promoted":601,"major":13737868,"promoted_pct":0.2}},"collections":{"minor":7552,"major":3776,"forced_major":0,"compactions":0}}
