{"version":1,"wall_time":14.24,"cpu_time":14.24,"gc_time":3.81,"gc_overhead":26.75,"max_rss_kb":466876,"domain_stats":{"0":{"wall_time":14.24,"gc_time":3.81,"gc_overhead":26.75}},"mean_latency":0.20686,"stddev_latency":0.363132,"min_latency":0.0,"max_latency":5.439487,"distr_latency":{"25.0000":0.042783,"50.0000":0.087039,"60.0000":0.113663,"70.0000":0.167295,"75.0000":0.221695,"80.0000":0.302591,"85.0000":0.385279,"90.0000":0.480767,"95.0000":0.687103,"96.0000":0.801791,"97.0000":1.025535,"98.0000":1.494015,"99.0000":1.909759,"99.9000":4.028415,"99.9900":5.033983,"99.9990":5.439487,"99.9999":5.439487,"100.0000":5.439487},"allocations":{"total_heap":2410430056,"minor_heap":2361725845,"major_heap":435869687,"promoted_words":387165476,"promoted_pct":16.39},"domain_alloc_stats":{"0":{"total":2410430056,"minor":2361725845,"promoted":387165476,"major":435869687,"promoted_pct":16.39}},"collections":{"minor":9085,"major":110,"forced_major":0,"compactions":0}}
{"version":1,"wall_time":14.29,"cpu_time":14.29,"gc_time":3.83,"gc_overhead":26.82,"max_rss_kb":466884,"domain_stats":{"0":{"wall_time":14.29,"gc_time":3.83,"gc_overhead":26.82}},"mean_latency":0.208145,"stddev_latency":0.364918,"min_latency":0.0,"max_latency":5.545983,"distr_latency":{"25.0000":0.043327,"50.0000":0.087487,"60.0000":0.113983,"70.0000":0.167807,"75.0000":0.222975,"80.0000":0.302847,"85.0000":0.389119,"90.0000":0.486911,"95.0000":0.695295,"96.0000":0.808959,"97.0000":1.033215,"98.0000":1.504255,"99.0000":1.902591,"99.9000":4.091903,"99.9900":5.177343,"99.9990":5.545983,"99.9999":5.545983,"100.0000":5.545983},"allocations":{"total_heap":2410430056,"minor_heap":2361725845,"major_heap":435869687,"promoted_words":387165476,"promoted_pct":16.39},"domain_alloc_stats":{"0":{"total":2410430056,"minor":2361725845,"promoted":387165476,"major":435869687,"promoted_pct":16.39}},"collections":{"minor":9085,"major":110,"forced_major":0,"compactions":0}}
{"version":1,"wall_time":14.3,"cpu_time":14.3,"gc_time":3.8,"gc_overhead":26.6,"max_rss_kb":466848,"domain_stats":{"0":{"wall_time":14.3,"gc_time":3.8,"gc_overhead":26.6}},"mean_latency":0.206615,"stddev_latency":0.363806,"min_latency":0.0,"max_latency":5.525503,"distr_latency":{"25.0000":0.042559,"50.0000":0.086655,"60.0000":0.112895,"70.0000":0.167295,"75.0000":0.221311,"80.0000":0.302335,"85.0000":0.383231,"90.0000":0.479999,"95.0000":0.693759,"96.0000":0.805375,"97.0000":1.030655,"98.0000":1.476607,"99.0000":1.895423,"99.9000":4.061183,"99.9900":5.165055,"99.9990":5.525503,"99.9999":5.525503,"100.0000":5.525503},"allocations":{"total_heap":2410430056,"minor_heap":2361725845,"major_heap":435869687,"promoted_words":387165476,"promoted_pct":16.39},"domain_alloc_stats":{"0":{"total":2410430056,"minor":2361725845,"promoted":387165476,"major":435869687,"promoted_pct":16.39}},"collections":{"minor":9085,"major":110,"forced_major":0,"compactions":0}}
