{"version":1,"wall_time":14.91,"cpu_time":14.91,"gc_time":4.51,"gc_overhead":30.24,"max_rss_kb":402676,"domain_stats":{"0":{"wall_time":14.91,"gc_time":4.51,"gc_overhead":30.24}},"mean_latency":0.244274,"stddev_latency":0.42479,"min_latency":0.0,"max_latency":9.871359,"distr_latency":{"25.0000":0.046463,"50.0000":0.100031,"60.0000":0.139519,"70.0000":0.220543,"75.0000":0.279807,"80.0000":0.356351,"85.0000":0.450815,"90.0000":0.550911,"95.0000":0.880127,"96.0000":1.033727,"97.0000":1.362943,"98.0000":1.644543,"99.0000":2.026495,"99.9000":4.100095,"99.9900":6.955007,"99.9990":9.871359,"99.9999":9.871359,"100.0000":9.871359},"allocations":{"total_heap":2410430404,"minor_heap":2361726193,"major_heap":433182018,"promoted_words":384477807,"promoted_pct":16.28},"domain_alloc_stats":{"0":{"total":2410430404,"minor":2361726193,"promoted":384477807,"major":433182018,"promoted_pct":16.28}},"collections":{"minor":9100,"major":130,"forced_major":0,"compactions":0}}
{"version":1,"wall_time":14.9,"cpu_time":14.9,"gc_time":4.49,"gc_overhead":30.11,"max_rss_kb":402564,"domain_stats":{"0":{"wall_time":14.9,"gc_time":4.49,"gc_overhead":30.11}},"mean_latency":0.24313,"stddev_latency":0.422746,"min_latency":0.0,"max_latency":9.830399,"distr_latency":{"25.0000":0.046303,"50.0000":0.100095,"60.0000":0.138495,"70.0000":0.218239,"75.0000":0.276223,"80.0000":0.353023,"85.0000":0.449023,"90.0000":0.550399,"95.0000":0.883711,"96.0000":1.036287,"97.0000":1.377279,"98.0000":1.617919,"99.0000":2.023423,"99.9000":4.128767,"99.9900":6.967295,"99.9990":9.830399,"99.9999":9.830399,"100.0000":9.830399},"allocations":{"total_heap":2410430404,"minor_heap":2361726193,"major_heap":433182018,"promoted_words":384477807,"promoted_pct":16.28},"domain_alloc_stats":{"0":{"total":2410430404,"minor":2361726193,"promoted":384477807,"major":433182018,"promoted_pct":16.28}},"collections":{"minor":9100,"major":130,"forced_major":0,"compactions":0}}
{"version":1,"wall_time":14.84,"cpu_time":14.84,"gc_time":4.49,"gc_overhead":30.25,"max_rss_kb":402600,"domain_stats":{"0":{"wall_time":14.84,"gc_time":4.49,"gc_overhead":30.25}},"mean_latency":0.243245,"stddev_latency":0.42191,"min_latency":0.0,"max_latency":9.846783,"distr_latency":{"25.0000":0.046207,"50.0000":0.099967,"60.0000":0.138495,"70.0000":0.217471,"75.0000":0.275967,"80.0000":0.352511,"85.0000":0.449535,"90.0000":0.551423,"95.0000":0.879103,"96.0000":1.037311,"97.0000":1.372159,"98.0000":1.613823,"99.0000":1.999871,"99.9000":4.067327,"99.9900":6.856703,"99.9990":9.846783,"99.9999":9.846783,"100.0000":9.846783},"allocations":{"total_heap":2410430404,"minor_heap":2361726193,"major_heap":433182018,"promoted_words":384477807,"promoted_pct":16.28},"domain_alloc_stats":{"0":{"total":2410430404,"minor":2361726193,"promoted":384477807,"major":433182018,"promoted_pct":16.28}},"collections":{"minor":9100,"major":130,"forced_major":0,"compactions":0}}
