{"version":1,"wall_time":2.09,"cpu_time":2.09,"gc_time":0.42,"gc_overhead":19.99,"max_rss_kb":81628,"domain_stats":{"0":{"wall_time":2.09,"gc_time":0.42,"gc_overhead":19.99}},"mean_latency":0.00284,"stddev_latency":0.002458,"min_latency":0.0,"max_latency":0.056031,"distr_latency":{"25.0000":3.1e-05,"50.0000":0.003335,"60.0000":0.003551,"70.0000":0.004615,"75.0000":0.005135,"80.0000":0.005215,"85.0000":0.005343,"90.0000":0.005967,"95.0000":0.006255,"96.0000":0.006455,"97.0000":0.007047,"98.0000":0.007767,"99.0000":0.009015,"99.9000":0.012367,"99.9900":0.015943,"99.9990":0.049855,"99.9999":0.056031,"100.0000":0.056031},"allocations":{"total_heap":3994323891,"minor_heap":4706222,"major_heap":3989760740,"promoted_words":143071,"promoted_pct":3.04},"domain_alloc_stats":{"0":{"total":3994323891,"minor":4706222,"promoted":143071,"major":3989760740,"promoted_pct":3.04}},"collections":{"minor":39648,"major":39638,"forced_major":0,"compactions":0}}
{"version":1,"wall_time":2.09,"cpu_time":2.09,"gc_time":0.42,"gc_overhead":19.95,"max_rss_kb":81356,"domain_stats":{"0":{"wall_time":2.09,"gc_time":0.42,"gc_overhead":19.95}},"mean_latency":0.002838,"stddev_latency":0.002468,"min_latency":0.0,"max_latency":0.069439,"distr_latency":{"25.0000":3.1e-05,"50.0000":0.003327,"60.0000":0.003511,"70.0000":0.004583,"75.0000":0.005087,"80.0000":0.005223,"85.0000":0.005567,"90.0000":0.005935,"95.0000":0.006503,"96.0000":0.006695,"97.0000":0.007015,"98.0000":0.007711,"99.0000":0.009007,"99.9000":0.012623,"99.9900":0.016143,"99.9990":0.029391,"99.9999":0.069439,"100.0000":0.069439},"allocations":{"total_heap":3994323891,"minor_heap":4706222,"major_heap":3989760740,"promoted_words":143071,"promoted_pct":3.04},"domain_alloc_stats":{"0":{"total":3994323891,"minor":4706222,"promoted":143071,"major":3989760740,"promoted_pct":3.04}},"collections":{"minor":39648,"major":39638,"forced_major":0,"compactions":0}}
{"version":1,"wall_time":2.14,"cpu_time":2.14,"gc_time":0.46,"gc_overhead":21.63,"max_rss_kb":83400,"domain_stats":{"0":{"wall_time":2.14,"gc_time":0.46,"gc_overhead":21.63}},"mean_latency":0.003142,"stddev_latency":0.002595,"min_latency":0.0,"max_latency":0.066751,"distr_latency":{"25.0000":3.1e-05,"50.0000":0.004343,"60.0000":0.004591,"70.0000":0.005047,"75.0000":0.005175,"80.0000":0.005327,"85.0000":0.005503,"90.0000":0.006023,"95.0000":0.006455,"96.0000":0.006807,"97.0000":0.007423,"98.0000":0.008175,"99.0000":0.009303,"99.9000":0.012831,"99.9900":0.016015,"99.9990":0.032991,"99.9999":0.066751,"100.0000":0.066751},"allocations":{"total_heap":3994323891,"minor_heap":4706222,"major_heap":3989760740,"promoted_words":143071,"promoted_pct":3.04},"domain_alloc_stats":{"0":{"total":3994323891,"minor":4706222,"promoted":143071,"major":3989760740,"promoted_pct":3.04}},"collections":{"minor":39648,"major":39638,"forced_major":0,"compactions":0}}
