{"version":1,"wall_time":1.96,"cpu_time":1.96,"gc_time":0.57,"gc_overhead":29.06,"max_rss_kb":626400,"domain_stats":{"0":{"wall_time":1.96,"gc_time":0.57,"gc_overhead":29.06}},"mean_latency":0.25763,"stddev_latency":0.30008,"min_latency":0.0,"max_latency":2.164735,"distr_latency":{"25.0000":0.057535,"50.0000":0.139263,"60.0000":0.201983,"70.0000":0.305919,"75.0000":0.372991,"80.0000":0.435455,"85.0000":0.505343,"90.0000":0.647679,"95.0000":0.767999,"96.0000":0.809471,"97.0000":0.885759,"98.0000":1.276927,"99.0000":1.568767,"99.9000":1.828863,"99.9900":2.164735,"99.9990":2.164735,"99.9999":2.164735,"100.0000":2.164735},"allocations":{"total_heap":279239801,"minor_heap":265770454,"major_heap":121699308,"promoted_words":108229961,"promoted_pct":40.72},"domain_alloc_stats":{"0":{"total":279239801,"minor":265770454,"promoted":108229961,"major":121699308,"promoted_pct":40.72}},"collections":{"minor":1043,"major":19,"forced_major":0,"compactions":0}}
{"version":1,"wall_time":1.96,"cpu_time":1.96,"gc_time":0.57,"gc_overhead":29.3,"max_rss_kb":625944,"domain_stats":{"0":{"wall_time":1.96,"gc_time":0.57,"gc_overhead":29.3}},"mean_latency":0.260267,"stddev_latency":0.303593,"min_latency":0.0,"max_latency":2.201599,"distr_latency":{"25.0000":0.058399,"50.0000":0.140031,"60.0000":0.203263,"70.0000":0.311807,"75.0000":0.378623,"80.0000":0.443647,"85.0000":0.511487,"90.0000":0.648703,"95.0000":0.772607,"96.0000":0.835583,"97.0000":0.922623,"98.0000":1.266687,"99.0000":1.590271,"99.9000":1.852415,"99.9900":2.201599,"99.9990":2.201599,"99.9999":2.201599,"100.0000":2.201599},"allocations":{"total_heap":279239801,"minor_heap":265770454,"major_heap":121699308,"promoted_words":108229961,"promoted_pct":40.72},"domain_alloc_stats":{"0":{"total":279239801,"minor":265770454,"promoted":108229961,"major":121699308,"promoted_pct":40.72}},"collections":{"minor":1043,"major":19,"forced_major":0,"compactions":0}}
{"version":1,"wall_time":1.97,"cpu_time":1.97,"gc_time":0.57,"gc_overhead":29.03,"max_rss_kb":624748,"domain_stats":{"0":{"wall_time":1.97,"gc_time":0.57,"gc_overhead":29.03}},"mean_latency":0.25952,"stddev_latency":0.302386,"min_latency":0.0,"max_latency":2.170879,"distr_latency":{"25.0000":0.057247,"50.0000":0.139775,"60.0000":0.204799,"70.0000":0.305919,"75.0000":0.375039,"80.0000":0.438015,"85.0000":0.512255,"90.0000":0.648703,"95.0000":0.777215,"96.0000":0.841215,"97.0000":0.915455,"98.0000":1.278975,"99.0000":1.567743,"99.9000":1.844223,"99.9900":2.170879,"99.9990":2.170879,"99.9999":2.170879,"100.0000":2.170879},"allocations":{"total_heap":279239801,"minor_heap":265770454,"major_heap":121699308,"promoted_words":108229961,"promoted_pct":40.72},"domain_alloc_stats":{"0":{"total":279239801,"minor":265770454,"promoted":108229961,"major":121699308,"promoted_pct":40.72}},"collections":{"minor":1043,"major":19,"forced_major":0,"compactions":0}}
