{"version":1,"wall_time":2.45,"cpu_time":2.45,"gc_time":0.45,"gc_overhead":18.56,"max_rss_kb":118980,"domain_stats":{"0":{"wall_time":2.45,"gc_time":0.45,"gc_overhead":18.56}},"mean_latency":0.001841,"stddev_latency":0.002099,"min_latency":0.0,"max_latency":0.025311,"distr_latency":{"25.0000":3.1e-05,"50.0000":0.000935,"60.0000":0.002015,"70.0000":0.002695,"75.0000":0.003143,"80.0000":0.003863,"85.0000":0.004127,"90.0000":0.004335,"95.0000":0.004983,"96.0000":0.005375,"97.0000":0.007071,"98.0000":0.008231,"99.0000":0.009383,"99.9000":0.012495,"99.9900":0.015671,"99.9990":0.022271,"99.9999":0.025311,"100.0000":0.025311},"allocations":{"total_heap":3994359349,"minor_heap":4706260,"major_heap":3989835567,"promoted_words":182478,"promoted_pct":3.88},"domain_alloc_stats":{"0":{"total":3994359349,"minor":4706260,"promoted":182478,"major":3989835567,"promoted_pct":3.88}},"collections":{"minor":93606,"major":46798,"forced_major":0,"compactions":0}}
{"version":1,"wall_time":2.46,"cpu_time":2.46,"gc_time":0.47,"gc_overhead":18.92,"max_rss_kb":117936,"domain_stats":{"0":{"wall_time":2.46,"gc_time":0.47,"gc_overhead":18.92}},"mean_latency":0.001888,"stddev_latency":0.002154,"min_latency":0.0,"max_latency":0.034783,"distr_latency":{"25.0000":3.1e-05,"50.0000":0.000927,"60.0000":0.002015,"70.0000":0.002695,"75.0000":0.003151,"80.0000":0.004127,"85.0000":0.004423,"90.0000":0.004647,"95.0000":0.005263,"96.0000":0.005583,"97.0000":0.007007,"98.0000":0.008167,"99.0000":0.009255,"99.9000":0.012303,"99.9900":0.017503,"99.9990":0.025279,"99.9999":0.034783,"100.0000":0.034783},"allocations":{"total_heap":3994359349,"minor_heap":4706260,"major_heap":3989835567,"promoted_words":182478,"promoted_pct":3.88},"domain_alloc_stats":{"0":{"total":3994359349,"minor":4706260,"promoted":182478,"major":3989835567,"promoted_pct":3.88}},"collections":{"minor":93606,"major":46798,"forced_major":0,"compactions":0}}
{"version":1,"wall_time":2.45,"cpu_time":2.45,"gc_time":0.45,"gc_overhead":18.47,"max_rss_kb":118448,"domain_stats":{"0":{"wall_time":2.45,"gc_time":0.45,"gc_overhead":18.47}},"mean_latency":0.001835,"stddev_latency":0.002085,"min_latency":0.0,"max_latency":0.036031,"distr_latency":{"25.0000":3.1e-05,"50.0000":0.000935,"60.0000":0.002015,"70.0000":0.002671,"75.0000":0.003335,"80.0000":0.003775,"85.0000":0.004127,"90.0000":0.004327,"95.0000":0.004967,"96.0000":0.005335,"97.0000":0.006935,"98.0000":0.008175,"99.0000":0.009271,"99.9000":0.012303,"99.9900":0.015863,"99.9990":0.026383,"99.9999":0.036031,"100.0000":0.036031},"allocations":{"total_heap":3994359349,"minor_heap":4706260,"major_heap":3989835567,"promoted_words":182478,"promoted_pct":3.88},"domain_alloc_stats":{"0":{"total":3994359349,"minor":4706260,"promoted":182478,"major":3989835567,"promoted_pct":3.88}},"collections":{"minor":93606,"major":46798,"forced_major":0,"compactions":0}}
