{"version":1,"wall_time":3.24,"cpu_time":3.24,"gc_time":0.63,"gc_overhead":19.28,"max_rss_kb":474144,"domain_stats":{"0":{"wall_time":3.24,"gc_time":0.63,"gc_overhead":19.28}},"mean_latency":0.185115,"stddev_latency":0.277144,"min_latency":0.0,"max_latency":2.439167,"distr_latency":{"25.0000":0.029823,"50.0000":0.076031,"60.0000":0.127167,"70.0000":0.164095,"75.0000":0.234879,"80.0000":0.302847,"85.0000":0.364543,"90.0000":0.476159,"95.0000":0.744447,"96.0000":0.782847,"97.0000":0.829439,"98.0000":1.053695,"99.0000":1.489919,"99.9000":2.144255,"99.9900":2.439167,"99.9990":2.439167,"99.9999":2.439167,"100.0000":2.439167},"allocations":{"total_heap":434048954,"minor_heap":418061692,"major_heap":138901532,"promoted_words":122914270,"promoted_pct":29.4},"domain_alloc_stats":{"0":{"total":434048954,"minor":418061692,"promoted":122914270,"major":138901532,"promoted_pct":29.4}},"collections":{"minor":1625,"major":24,"forced_major":0,"compactions":0}}
{"version":1,"wall_time":3.24,"cpu_time":3.24,"gc_time":0.63,"gc_overhead":19.32,"max_rss_kb":474036,"domain_stats":{"0":{"wall_time":3.24,"gc_time":0.63,"gc_overhead":19.32}},"mean_latency":0.18552,"stddev_latency":0.277641,"min_latency":0.0,"max_latency":2.420735,"distr_latency":{"25.0000":0.030111,"50.0000":0.076223,"60.0000":0.125759,"70.0000":0.167167,"75.0000":0.237311,"80.0000":0.304895,"85.0000":0.366847,"90.0000":0.476671,"95.0000":0.740863,"96.0000":0.780799,"97.0000":0.835071,"98.0000":1.078271,"99.0000":1.514495,"99.9000":2.154495,"99.9900":2.420735,"99.9990":2.420735,"99.9999":2.420735,"100.0000":2.420735},"allocations":{"total_heap":434048954,"minor_heap":418061692,"major_heap":138901532,"promoted_words":122914270,"promoted_pct":29.4},"domain_alloc_stats":{"0":{"total":434048954,"minor":418061692,"promoted":122914270,"major":138901532,"promoted_pct":29.4}},"collections":{"minor":1625,"major":24,"forced_major":0,"compactions":0}}
{"version":1,"wall_time":3.25,"cpu_time":3.25,"gc_time":0.63,"gc_overhead":19.23,"max_rss_kb":472928,"domain_stats":{"0":{"wall_time":3.25,"gc_time":0.63,"gc_overhead":19.23}},"mean_latency":0.185372,"stddev_latency":0.276165,"min_latency":0.0,"max_latency":2.420735,"distr_latency":{"25.0000":0.029919,"50.0000":0.076607,"60.0000":0.127167,"70.0000":0.165119,"75.0000":0.236799,"80.0000":0.305919,"85.0000":0.366335,"90.0000":0.479487,"95.0000":0.748031,"96.0000":0.786943,"97.0000":0.826879,"98.0000":1.036287,"99.0000":1.487871,"99.9000":2.134015,"99.9900":2.420735,"99.9990":2.420735,"99.9999":2.420735,"100.0000":2.420735},"allocations":{"total_heap":434048954,"minor_heap":418061692,"major_heap":138901532,"promoted_words":122914270,"promoted_pct":29.4},"domain_alloc_stats":{"0":{"total":434048954,"minor":418061692,"promoted":122914270,"major":138901532,"promoted_pct":29.4}},"collections":{"minor":1625,"major":24,"forced_major":0,"compactions":0}}
