{"version":1,"wall_time":1.81,"cpu_time":1.81,"gc_time":0.72,"gc_overhead":39.59,"max_rss_kb":459436,"domain_stats":{"0":{"wall_time":1.81,"gc_time":0.72,"gc_overhead":39.59}},"mean_latency":0.254097,"stddev_latency":0.551009,"min_latency":0.0,"max_latency":3.702783,"distr_latency":{"25.0000":4.7e-05,"50.0000":0.000295,"60.0000":0.000391,"70.0000":0.008487,"75.0000":0.011247,"80.0000":0.516351,"85.0000":0.835583,"90.0000":0.983039,"95.0000":1.413119,"96.0000":1.447935,"97.0000":1.590271,"98.0000":1.760255,"99.0000":2.525183,"99.9000":3.444735,"99.9900":3.702783,"99.9990":3.702783,"99.9999":3.702783,"100.0000":3.702783},"allocations":{"total_heap":14037323,"minor_heap":300539,"major_heap":13737385,"promoted_words":601,"promoted_pct":0.2},"domain_alloc_stats":{"0":{"total":14037323,"minor":300539,"promoted":601,"major":13737385,"promoted_pct":0.2}},"collections":{"minor":347,"major":173,"forced_major":0,"compactions":0}}
{"version":1,"wall_time":1.74,"cpu_time":1.74,"gc_time":0.66,"gc_overhead":37.81,"max_rss_kb":459204,"domain_stats":{"0":{"wall_time":1.74,"gc_time":0.66,"gc_overhead":37.81}},"mean_latency":0.233221,"stddev_latency":0.50209,"min_latency":0.0,"max_latency":3.575807,"distr_latency":{"25.0000":4.7e-05,"50.0000":0.000295,"60.0000":0.000351,"70.0000":0.008423,"75.0000":0.011551,"80.0000":0.515839,"85.0000":0.829951,"90.0000":0.913919,"95.0000":1.216511,"96.0000":1.333247,"97.0000":1.444863,"98.0000":1.590271,"99.0000":1.958911,"99.9000":3.371007,"99.9900":3.575807,"99.9990":3.575807,"99.9999":3.575807,"100.0000":3.575807},"allocations":{"total_heap":14037323,"minor_heap":300539,"major_heap":13737385,"promoted_words":601,"promoted_pct":0.2},"domain_alloc_stats":{"0":{"total":14037323,"minor":300539,"promoted":601,"major":13737385,"promoted_pct":0.2}},"collections":{"minor":347,"major":173,"forced_major":0,"compactions":0}}
{"version":1,"wall_time":1.75,"cpu_time":1.75,"gc_time":0.67,"gc_overhead":38.04,"max_rss_kb":459180,"domain_stats":{"0":{"wall_time":1.75,"gc_time":0.67,"gc_overhead":38.04}},"mean_latency":0.235828,"stddev_latency":0.515985,"min_latency":0.0,"max_latency":3.862527,"distr_latency":{"25.0000":5.5e-05,"50.0000":0.000295,"60.0000":0.000367,"70.0000":0.008591,"75.0000":0.011823,"80.0000":0.507647,"85.0000":0.831999,"90.0000":0.918015,"95.0000":1.241087,"96.0000":1.331199,"97.0000":1.428479,"98.0000":1.574911,"99.0000":1.919999,"99.9000":3.573759,"99.9900":3.862527,"99.9990":3.862527,"99.9999":3.862527,"100.0000":3.862527},"allocations":{"total_heap":14037323,"minor_heap":300539,"major_heap":13737385,"promoted_words":601,"promoted_pct":0.2},"domain_alloc_stats":{"0":{"total":14037323,"minor":300539,"promoted":601,"major":13737385,"promoted_pct":0.2}},"collections":{"minor":347,"major":173,"forced_major":0,"compactions":0}}
