{"version":1,"wall_time":12.12,"cpu_time":12.12,"gc_time":1.88,"gc_overhead":15.48,"max_rss_kb":917744,"domain_stats":{"0":{"wall_time":12.12,"gc_time":1.88,"gc_overhead":15.48}},"mean_latency":0.10193,"stddev_latency":0.144515,"min_latency":0.0,"max_latency":2.040831,"distr_latency":{"25.0000":0.025311,"50.0000":0.051615,"60.0000":0.068415,"70.0000":0.093247,"75.0000":0.111615,"80.0000":0.136191,"85.0000":0.178943,"90.0000":0.262399,"95.0000":0.375807,"96.0000":0.423935,"97.0000":0.477183,"98.0000":0.561151,"99.0000":0.716799,"99.9000":1.354751,"99.9900":1.700863,"99.9990":2.040831,"99.9999":2.040831,"100.0000":2.040831},"allocations":{"total_heap":2410205847,"minor_heap":2361501636,"major_heap":433333419,"promoted_words":384629208,"promoted_pct":16.29},"domain_alloc_stats":{"0":{"total":2410205847,"minor":2361501636,"promoted":384629208,"major":433333419,"promoted_pct":16.29}},"collections":{"minor":9045,"major":34,"forced_major":0,"compactions":0}}
{"version":1,"wall_time":12.22,"cpu_time":12.22,"gc_time":1.9,"gc_overhead":15.59,"max_rss_kb":918452,"domain_stats":{"0":{"wall_time":12.22,"gc_time":1.9,"gc_overhead":15.59}},"mean_latency":0.10348,"stddev_latency":0.146058,"min_latency":0.0,"max_latency":2.019327,"distr_latency":{"25.0000":0.025503,"50.0000":0.052863,"60.0000":0.069631,"70.0000":0.095231,"75.0000":0.113663,"80.0000":0.138495,"85.0000":0.180863,"90.0000":0.263167,"95.0000":0.380927,"96.0000":0.432383,"97.0000":0.490239,"98.0000":0.568319,"99.0000":0.713215,"99.9000":1.321983,"99.9900":1.704959,"99.9990":2.019327,"99.9999":2.019327,"100.0000":2.019327},"allocations":{"total_heap":2410205847,"minor_heap":2361501636,"major_heap":433333419,"promoted_words":384629208,"promoted_pct":16.29},"domain_alloc_stats":{"0":{"total":2410205847,"minor":2361501636,"promoted":384629208,"major":433333419,"promoted_pct":16.29}},"collections":{"minor":9045,"major":34,"forced_major":0,"compactions":0}}
{"version":1,"wall_time":12.28,"cpu_time":12.28,"gc_time":1.88,"gc_overhead":15.31,"max_rss_kb":918588,"domain_stats":{"0":{"wall_time":12.28,"gc_time":1.88,"gc_overhead":15.31}},"mean_latency":0.102088,"stddev_latency":0.144342,"min_latency":0.0,"max_latency":2.014207,"distr_latency":{"25.0000":0.025519,"50.0000":0.051903,"60.0000":0.068927,"70.0000":0.093695,"75.0000":0.112511,"80.0000":0.136575,"85.0000":0.179711,"90.0000":0.264703,"95.0000":0.375039,"96.0000":0.423167,"97.0000":0.476671,"98.0000":0.559103,"99.0000":0.708095,"99.9000":1.336319,"99.9900":1.728511,"99.9990":2.014207,"99.9999":2.014207,"100.0000":2.014207},"allocations":{"total_heap":2410205847,"minor_heap":2361501636,"major_heap":433333419,"promoted_words":384629208,"promoted_pct":16.29},"domain_alloc_stats":{"0":{"total":2410205847,"minor":2361501636,"promoted":384629208,"major":433333419,"promoted_pct":16.29}},"collections":{"minor":9045,"major":34,"forced_major":0,"compactions":0}}
