{"version":1,"wall_time":10.62,"cpu_time":10.62,"gc_time":10.58,"gc_overhead":99.65,"max_rss_kb":121816,"domain_stats":{"0":{"wall_time":10.62,"gc_time":10.58,"gc_overhead":99.65}},"mean_latency":0.235388,"stddev_latency":0.381531,"min_latency":0.0,"max_latency":3.219455,"distr_latency":{"25.0000":0.000287,"50.0000":0.000303,"60.0000":0.008943,"70.0000":0.192639,"75.0000":0.466943,"80.0000":0.740863,"85.0000":0.802815,"90.0000":0.810495,"95.0000":1.136639,"96.0000":1.144831,"97.0000":1.149951,"98.0000":1.155071,"99.0000":1.161215,"99.9000":1.833983,"99.9900":1.987583,"99.9990":3.219455,"99.9999":3.219455,"100.0000":3.219455},"allocations":{"total_heap":14037979,"minor_heap":300712,"major_heap":13737835,"promoted_words":568,"promoted_pct":0.19},"domain_alloc_stats":{"0":{"total":14037979,"minor":300712,"promoted":568,"major":13737835,"promoted_pct":0.19}},"collections":{"minor":3770,"major":3770,"forced_major":0,"compactions":0}}
{"version":1,"wall_time":10.57,"cpu_time":10.57,"gc_time":10.53,"gc_overhead":99.66,"max_rss_kb":121828,"domain_stats":{"0":{"wall_time":10.57,"gc_time":10.53,"gc_overhead":99.66}},"mean_latency":0.234323,"stddev_latency":0.379967,"min_latency":0.0,"max_latency":3.252223,"distr_latency":{"25.0000":0.000287,"50.0000":0.000295,"60.0000":0.008911,"70.0000":0.190847,"75.0000":0.465407,"80.0000":0.736767,"85.0000":0.800255,"90.0000":0.809471,"95.0000":1.133567,"96.0000":1.142783,"97.0000":1.147903,"98.0000":1.153023,"99.0000":1.159167,"99.9000":1.740799,"99.9900":1.986559,"99.9990":3.252223,"99.9999":3.252223,"100.0000":3.252223},"allocations":{"total_heap":14037979,"minor_heap":300712,"major_heap":13737835,"promoted_words":568,"promoted_pct":0.19},"domain_alloc_stats":{"0":{"total":14037979,"minor":300712,"promoted":568,"major":13737835,"promoted_pct":0.19}},"collections":{"minor":3770,"major":3770,"forced_major":0,"compactions":0}}
{"version":1,"wall_time":10.58,"cpu_time":10.58,"gc_time":10.54,"gc_overhead":99.65,"max_rss_kb":121788,"domain_stats":{"0":{"wall_time":10.58,"gc_time":10.54,"gc_overhead":99.65}},"mean_latency":0.234606,"stddev_latency":0.379809,"min_latency":0.0,"max_latency":3.123199,"distr_latency":{"25.0000":0.000287,"50.0000":0.000295,"60.0000":0.009335,"70.0000":0.191615,"75.0000":0.465151,"80.0000":0.736255,"85.0000":0.802303,"90.0000":0.811519,"95.0000":1.134591,"96.0000":1.144831,"97.0000":1.150975,"98.0000":1.156095,"99.0000":1.162239,"99.9000":1.558527,"99.9900":1.987583,"99.9990":3.123199,"99.9999":3.123199,"100.0000":3.123199},"allocations":{"total_heap":14037979,"minor_heap":300712,"major_heap":13737835,"promoted_words":568,"promoted_pct":0.19},"domain_alloc_stats":{"0":{"total":14037979,"minor":300712,"promoted":568,"major":13737835,"promoted_pct":0.19}},"collections":{"minor":3770,"major":3770,"forced_major":0,"compactions":0}}
