{"version":1,"wall_time":3.56,"cpu_time":3.56,"gc_time":0.98,"gc_overhead":27.63,"max_rss_kb":313476,"domain_stats":{"0":{"wall_time":3.56,"gc_time":0.98,"gc_overhead":27.63}},"mean_latency":0.289944,"stddev_latency":0.45836,"min_latency":0.0,"max_latency":4.730879,"distr_latency":{"25.0000":0.044895,"50.0000":0.122367,"60.0000":0.174463,"70.0000":0.296447,"75.0000":0.343807,"80.0000":0.423167,"85.0000":0.516863,"90.0000":0.692735,"95.0000":1.138687,"96.0000":1.324031,"97.0000":1.557503,"98.0000":1.976319,"99.0000":2.224127,"99.9000":3.573759,"99.9900":4.730879,"99.9990":4.730879,"99.9999":4.730879,"100.0000":4.730879},"allocations":{"total_heap":434024474,"minor_heap":418037212,"major_heap":138956832,"promoted_words":122969570,"promoted_pct":29.42},"domain_alloc_stats":{"0":{"total":434024474,"minor":418037212,"promoted":122969570,"major":138956832,"promoted_pct":29.42}},"collections":{"minor":1636,"major":47,"forced_major":0,"compactions":0}}
{"version":1,"wall_time":3.58,"cpu_time":3.58,"gc_time":1.0,"gc_overhead":27.79,"max_rss_kb":313532,"domain_stats":{"0":{"wall_time":3.58,"gc_time":1.0,"gc_overhead":27.79}},"mean_latency":0.293259,"stddev_latency":0.467068,"min_latency":0.0,"max_latency":4.714495,"distr_latency":{"25.0000":0.045311,"50.0000":0.124159,"60.0000":0.176255,"70.0000":0.294911,"75.0000":0.344831,"80.0000":0.419327,"85.0000":0.517631,"90.0000":0.687615,"95.0000":1.173503,"96.0000":1.353727,"97.0000":1.589247,"98.0000":2.027519,"99.0000":2.312191,"99.9000":3.637247,"99.9900":4.714495,"99.9990":4.714495,"99.9999":4.714495,"100.0000":4.714495},"allocations":{"total_heap":434024474,"minor_heap":418037212,"major_heap":138956832,"promoted_words":122969570,"promoted_pct":29.42},"domain_alloc_stats":{"0":{"total":434024474,"minor":418037212,"promoted":122969570,"major":138956832,"promoted_pct":29.42}},"collections":{"minor":1636,"major":47,"forced_major":0,"compactions":0}}
{"version":1,"wall_time":3.58,"cpu_time":3.58,"gc_time":0.99,"gc_overhead":27.78,"max_rss_kb":313436,"domain_stats":{"0":{"wall_time":3.58,"gc_time":0.99,"gc_overhead":27.78}},"mean_latency":0.292755,"stddev_latency":0.464275,"min_latency":0.0,"max_latency":4.661247,"distr_latency":{"25.0000":0.044671,"50.0000":0.125503,"60.0000":0.178047,"70.0000":0.298495,"75.0000":0.347647,"80.0000":0.416255,"85.0000":0.517887,"90.0000":0.688127,"95.0000":1.169407,"96.0000":1.331199,"97.0000":1.594367,"98.0000":2.022399,"99.0000":2.275327,"99.9000":3.551231,"99.9900":4.661247,"99.9990":4.661247,"99.9999":4.661247,"100.0000":4.661247},"allocations":{"total_heap":434024474,"minor_heap":418037212,"major_heap":138956832,"promoted_words":122969570,"promoted_pct":29.42},"domain_alloc_stats":{"0":{"total":434024474,"minor":418037212,"promoted":122969570,"major":138956832,"promoted_pct":29.42}},"collections":{"minor":1636,"major":47,"forced_major":0,"compactions":0}}
