{"version":1,"wall_time":2.96,"cpu_time":2.96,"gc_time":2.93,"gc_overhead":99.01,"max_rss_kb":111328,"domain_stats":{"0":{"wall_time":2.96,"gc_time":2.93,"gc_overhead":99.01}},"mean_latency":0.244678,"stddev_latency":0.389783,"min_latency":0.0,"max_latency":4.349951,"distr_latency":{"25.0000":0.000287,"50.0000":0.000295,"60.0000":0.010847,"70.0000":0.211199,"75.0000":0.483583,"80.0000":0.760831,"85.0000":0.932351,"90.0000":0.945151,"95.0000":0.958975,"96.0000":0.962047,"97.0000":0.965119,"98.0000":0.969727,"99.0000":0.978431,"99.9000":1.653759,"99.9900":2.811903,"99.9990":4.349951,"99.9999":4.349951,"100.0000":4.349951},"allocations":{"total_heap":14037941,"minor_heap":300674,"major_heap":13737835,"promoted_words":568,"promoted_pct":0.19},"domain_alloc_stats":{"0":{"total":14037941,"minor":300674,"promoted":568,"major":13737835,"promoted_pct":0.19}},"collections":{"minor":1050,"major":1050,"forced_major":0,"compactions":0}}
{"version":1,"wall_time":2.97,"cpu_time":2.97,"gc_time":2.94,"gc_overhead":99.02,"max_rss_kb":111484,"domain_stats":{"0":{"wall_time":2.97,"gc_time":2.94,"gc_overhead":99.02}},"mean_latency":0.245137,"stddev_latency":0.389131,"min_latency":0.0,"max_latency":3.160063,"distr_latency":{"25.0000":0.000287,"50.0000":0.000295,"60.0000":0.010767,"70.0000":0.211583,"75.0000":0.481279,"80.0000":0.758783,"85.0000":0.946687,"90.0000":0.956415,"95.0000":0.963583,"96.0000":0.965119,"97.0000":0.967167,"98.0000":0.969727,"99.0000":0.974847,"99.9000":1.644543,"99.9900":2.768895,"99.9990":3.160063,"99.9999":3.160063,"100.0000":3.160063},"allocations":{"total_heap":14037941,"minor_heap":300674,"major_heap":13737835,"promoted_words":568,"promoted_pct":0.19},"domain_alloc_stats":{"0":{"total":14037941,"minor":300674,"promoted":568,"major":13737835,"promoted_pct":0.19}},"collections":{"minor":1050,"major":1050,"forced_major":0,"compactions":0}}
{"version":1,"wall_time":2.97,"cpu_time":2.97,"gc_time":2.94,"gc_overhead":99.03,"max_rss_kb":111496,"domain_stats":{"0":{"wall_time":2.97,"gc_time":2.94,"gc_overhead":99.03}},"mean_latency":0.245308,"stddev_latency":0.389453,"min_latency":0.0,"max_latency":3.239935,"distr_latency":{"25.0000":0.000287,"50.0000":0.000295,"60.0000":0.010575,"70.0000":0.212607,"75.0000":0.483327,"80.0000":0.763903,"85.0000":0.944639,"90.0000":0.951295,"95.0000":0.957439,"96.0000":0.958975,"97.0000":0.961023,"98.0000":0.964095,"99.0000":0.977407,"99.9000":1.647615,"99.9900":3.147775,"99.9990":3.239935,"99.9999":3.239935,"100.0000":3.239935},"allocations":{"total_heap":14037941,"minor_heap":300674,"major_heap":13737835,"promoted_words":568,"promoted_pct":0.19},"domain_alloc_stats":{"0":{"total":14037941,"minor":300674,"promoted":568,"major":13737835,"promoted_pct":0.19}},"collections":{"minor":1050,"major":1050,"forced_major":0,"compactions":0}}
