{"version":1,"wall_time":2.05,"cpu_time":2.05,"gc_time":0.67,"gc_overhead":32.69,"max_rss_kb":439120,"domain_stats":{"0":{"wall_time":2.05,"gc_time":0.67,"gc_overhead":32.69}},"mean_latency":0.302745,"stddev_latency":0.338278,"min_latency":0.0,"max_latency":4.567039,"distr_latency":{"25.0000":0.087487,"50.0000":0.164479,"60.0000":0.300287,"70.0000":0.347903,"75.0000":0.419071,"80.0000":0.485887,"85.0000":0.583167,"90.0000":0.710655,"95.0000":0.973823,"96.0000":1.092607,"97.0000":1.204223,"98.0000":1.374207,"99.0000":1.549311,"99.9000":2.043903,"99.9900":4.567039,"99.9990":4.567039,"99.9999":4.567039,"100.0000":4.567039},"allocations":{"total_heap":279370935,"minor_heap":265901588,"major_heap":121996675,"promoted_words":108527328,"promoted_pct":40.81},"domain_alloc_stats":{"0":{"total":279370935,"minor":265901588,"promoted":108527328,"major":121996675,"promoted_pct":40.81}},"collections":{"minor":1045,"major":22,"forced_major":0,"compactions":0}}
{"version":1,"wall_time":2.07,"cpu_time":2.07,"gc_time":0.68,"gc_overhead":33.05,"max_rss_kb":437424,"domain_stats":{"0":{"wall_time":2.07,"gc_time":0.68,"gc_overhead":33.05}},"mean_latency":0.309302,"stddev_latency":0.346939,"min_latency":0.0,"max_latency":4.571135,"distr_latency":{"25.0000":0.089087,"50.0000":0.167039,"60.0000":0.304127,"70.0000":0.354815,"75.0000":0.429823,"80.0000":0.496127,"85.0000":0.593407,"90.0000":0.726015,"95.0000":0.994303,"96.0000":1.130495,"97.0000":1.238015,"98.0000":1.407999,"99.0000":1.580031,"99.9000":2.050047,"99.9900":4.571135,"99.9990":4.571135,"99.9999":4.571135,"100.0000":4.571135},"allocations":{"total_heap":279370935,"minor_heap":265901588,"major_heap":121996675,"promoted_words":108527328,"promoted_pct":40.81},"domain_alloc_stats":{"0":{"total":279370935,"minor":265901588,"promoted":108527328,"major":121996675,"promoted_pct":40.81}},"collections":{"minor":1045,"major":22,"forced_major":0,"compactions":0}}
{"version":1,"wall_time":2.05,"cpu_time":2.05,"gc_time":0.67,"gc_overhead":32.91,"max_rss_kb":439048,"domain_stats":{"0":{"wall_time":2.05,"gc_time":0.67,"gc_overhead":32.91}},"mean_latency":0.304876,"stddev_latency":0.338975,"min_latency":0.0,"max_latency":4.579327,"distr_latency":{"25.0000":0.090175,"50.0000":0.163583,"60.0000":0.301567,"70.0000":0.353023,"75.0000":0.419583,"80.0000":0.491775,"85.0000":0.591871,"90.0000":0.701951,"95.0000":0.965119,"96.0000":1.090559,"97.0000":1.197055,"98.0000":1.367039,"99.0000":1.517567,"99.9000":2.042879,"99.9900":4.579327,"99.9990":4.579327,"99.9999":4.579327,"100.0000":4.579327},"allocations":{"total_heap":279370935,"minor_heap":265901588,"major_heap":121996675,"promoted_words":108527328,"promoted_pct":40.81},"domain_alloc_stats":{"0":{"total":279370935,"minor":265901588,"promoted":108527328,"major":121996675,"promoted_pct":40.81}},"collections":{"minor":1045,"major":22,"forced_major":0,"compactions":0}}
