{"version":1,"wall_time":2.06,"cpu_time":2.06,"gc_time":0.67,"gc_overhead":32.67,"max_rss_kb":437828,"domain_stats":{"0":{"wall_time":2.06,"gc_time":0.67,"gc_overhead":32.67}},"mean_latency":0.304629,"stddev_latency":0.34385,"min_latency":0.0,"max_latency":4.575231,"distr_latency":{"25.0000":0.086847,"50.0000":0.164223,"60.0000":0.299775,"70.0000":0.349951,"75.0000":0.419071,"80.0000":0.482815,"85.0000":0.580607,"90.0000":0.716287,"95.0000":0.993279,"96.0000":1.114111,"97.0000":1.236991,"98.0000":1.406975,"99.0000":1.580031,"99.9000":2.047999,"99.9900":4.575231,"99.9990":4.575231,"99.9999":4.575231,"100.0000":4.575231},"allocations":{"total_heap":279370935,"minor_heap":265901588,"major_heap":121996675,"promoted_words":108527328,"promoted_pct":40.81},"domain_alloc_stats":{"0":{"total":279370935,"minor":265901588,"promoted":108527328,"major":121996675,"promoted_pct":40.81}},"collections":{"minor":1045,"major":22,"forced_major":0,"compactions":0}}
{"version":1,"wall_time":2.06,"cpu_time":2.06,"gc_time":0.69,"gc_overhead":33.33,"max_rss_kb":437756,"domain_stats":{"0":{"wall_time":2.06,"gc_time":0.69,"gc_overhead":33.33}},"mean_latency":0.311022,"stddev_latency":0.343843,"min_latency":0.0,"max_latency":4.567039,"distr_latency":{"25.0000":0.089215,"50.0000":0.168063,"60.0000":0.303103,"70.0000":0.363775,"75.0000":0.428031,"80.0000":0.517375,"85.0000":0.609791,"90.0000":0.727039,"95.0000":0.979967,"96.0000":1.107967,"97.0000":1.217535,"98.0000":1.390591,"99.0000":1.550335,"99.9000":2.046975,"99.9900":4.567039,"99.9990":4.567039,"99.9999":4.567039,"100.0000":4.567039},"allocations":{"total_heap":279370935,"minor_heap":265901588,"major_heap":121996675,"promoted_words":108527328,"promoted_pct":40.81},"domain_alloc_stats":{"0":{"total":279370935,"minor":265901588,"promoted":108527328,"major":121996675,"promoted_pct":40.81}},"collections":{"minor":1045,"major":22,"forced_major":0,"compactions":0}}
{"version":1,"wall_time":2.06,"cpu_time":2.06,"gc_time":0.67,"gc_overhead":32.8,"max_rss_kb":438440,"domain_stats":{"0":{"wall_time":2.06,"gc_time":0.67,"gc_overhead":32.8}},"mean_latency":0.304859,"stddev_latency":0.342406,"min_latency":0.0,"max_latency":4.575231,"distr_latency":{"25.0000":0.090111,"50.0000":0.164735,"60.0000":0.300799,"70.0000":0.347903,"75.0000":0.428031,"80.0000":0.483327,"85.0000":0.582655,"90.0000":0.711679,"95.0000":0.995327,"96.0000":1.115135,"97.0000":1.203199,"98.0000":1.400831,"99.0000":1.564671,"99.9000":2.055167,"99.9900":4.575231,"99.9990":4.575231,"99.9999":4.575231,"100.0000":4.575231},"allocations":{"total_heap":279370935,"minor_heap":265901588,"major_heap":121996675,"promoted_words":108527328,"promoted_pct":40.81},"domain_alloc_stats":{"0":{"total":279370935,"minor":265901588,"promoted":108527328,"major":121996675,"promoted_pct":40.81}},"collections":{"minor":1045,"major":22,"forced_major":0,"compactions":0}}
