{"version":1,"wall_time":2.0,"cpu_time":2.0,"gc_time":0.6,"gc_overhead":29.9,"max_rss_kb":541380,"domain_stats":{"0":{"wall_time":2.0,"gc_time":0.6,"gc_overhead":29.9}},"mean_latency":0.269998,"stddev_latency":0.319519,"min_latency":0.0,"max_latency":2.482175,"distr_latency":{"25.0000":0.058911,"50.0000":0.141695,"60.0000":0.217471,"70.0000":0.310783,"75.0000":0.362495,"80.0000":0.436223,"85.0000":0.518143,"90.0000":0.671743,"95.0000":0.831999,"96.0000":0.980479,"97.0000":1.120255,"98.0000":1.362943,"99.0000":1.583103,"99.9000":2.111487,"99.9900":2.482175,"99.9990":2.482175,"99.9999":2.482175,"100.0000":2.482175},"allocations":{"total_heap":279370907,"minor_heap":265901560,"major_heap":121994862,"promoted_words":108525515,"promoted_pct":40.81},"domain_alloc_stats":{"0":{"total":279370907,"minor":265901560,"promoted":108525515,"major":121994862,"promoted_pct":40.81}},"collections":{"minor":1044,"major":22,"forced_major":0,"compactions":0}}
{"version":1,"wall_time":2.01,"cpu_time":2.01,"gc_time":0.6,"gc_overhead":29.92,"max_rss_kb":540452,"domain_stats":{"0":{"wall_time":2.01,"gc_time":0.6,"gc_overhead":29.92}},"mean_latency":0.271445,"stddev_latency":0.320564,"min_latency":0.0,"max_latency":2.510847,"distr_latency":{"25.0000":0.059647,"50.0000":0.143487,"60.0000":0.217215,"70.0000":0.312831,"75.0000":0.366079,"80.0000":0.441343,"85.0000":0.519167,"90.0000":0.672767,"95.0000":0.812031,"96.0000":0.978431,"97.0000":1.134591,"98.0000":1.377279,"99.0000":1.595391,"99.9000":2.129919,"99.9900":2.510847,"99.9990":2.510847,"99.9999":2.510847,"100.0000":2.510847},"allocations":{"total_heap":279370907,"minor_heap":265901560,"major_heap":121994862,"promoted_words":108525515,"promoted_pct":40.81},"domain_alloc_stats":{"0":{"total":279370907,"minor":265901560,"promoted":108525515,"major":121994862,"promoted_pct":40.81}},"collections":{"minor":1044,"major":22,"forced_major":0,"compactions":0}}
{"version":1,"wall_time":2.0,"cpu_time":2.0,"gc_time":0.61,"gc_overhead":30.3,"max_rss_kb":540748,"domain_stats":{"0":{"wall_time":2.0,"gc_time":0.61,"gc_overhead":30.3}},"mean_latency":0.274295,"stddev_latency":0.326195,"min_latency":0.0,"max_latency":2.539519,"distr_latency":{"25.0000":0.059391,"50.0000":0.143487,"60.0000":0.217727,"70.0000":0.312319,"75.0000":0.371967,"80.0000":0.443391,"85.0000":0.522239,"90.0000":0.687615,"95.0000":0.834047,"96.0000":0.998399,"97.0000":1.145855,"98.0000":1.392639,"99.0000":1.611775,"99.9000":2.195455,"99.9900":2.539519,"99.9990":2.539519,"99.9999":2.539519,"100.0000":2.539519},"allocations":{"total_heap":279370907,"minor_heap":265901560,"major_heap":121994862,"promoted_words":108525515,"promoted_pct":40.81},"domain_alloc_stats":{"0":{"total":279370907,"minor":265901560,"promoted":108525515,"major":121994862,"promoted_pct":40.81}},"collections":{"minor":1044,"major":22,"forced_major":0,"compactions":0}}
