{"version":1,"wall_time":1.55,"cpu_time":1.55,"gc_time":1.27,"gc_overhead":81.64,"max_rss_kb":305516,"domain_stats":{"0":{"wall_time":1.55,"gc_time":1.27,"gc_overhead":81.64}},"mean_latency":0.218195,"stddev_latency":0.345902,"min_latency":0.0,"max_latency":3.186687,"distr_latency":{"25.0000":0.000287,"50.0000":0.000303,"60.0000":0.004383,"70.0000":0.217983,"75.0000":0.442623,"80.0000":0.700415,"85.0000":0.795135,"90.0000":0.804351,"95.0000":0.836095,"96.0000":0.840191,"97.0000":0.844287,"98.0000":0.848895,"99.0000":1.035775,"99.9000":1.445887,"99.9900":2.787327,"99.9990":3.186687,"99.9999":3.186687,"100.0000":3.186687},"allocations":{"total_heap":14037610,"minor_heap":300392,"major_heap":13737786,"promoted_words":568,"promoted_pct":0.19},"domain_alloc_stats":{"0":{"total":14037610,"minor":300392,"promoted":568,"major":13737786,"promoted_pct":0.19}},"collections":{"minor":433,"major":433,"forced_major":0,"compactions":0}}
{"version":1,"wall_time":1.55,"cpu_time":1.55,"gc_time":1.26,"gc_overhead":81.51,"max_rss_kb":305544,"domain_stats":{"0":{"wall_time":1.55,"gc_time":1.26,"gc_overhead":81.51}},"mean_latency":0.217553,"stddev_latency":0.344655,"min_latency":0.0,"max_latency":4.239359,"distr_latency":{"25.0000":0.000287,"50.0000":0.000295,"60.0000":0.004487,"70.0000":0.220287,"75.0000":0.455423,"80.0000":0.705535,"85.0000":0.796159,"90.0000":0.804351,"95.0000":0.835583,"96.0000":0.839167,"97.0000":0.842751,"98.0000":0.847871,"99.0000":0.863743,"99.9000":1.442815,"99.9900":2.795519,"99.9990":4.239359,"99.9999":4.239359,"100.0000":4.239359},"allocations":{"total_heap":14037610,"minor_heap":300392,"major_heap":13737786,"promoted_words":568,"promoted_pct":0.19},"domain_alloc_stats":{"0":{"total":14037610,"minor":300392,"promoted":568,"major":13737786,"promoted_pct":0.19}},"collections":{"minor":433,"major":433,"forced_major":0,"compactions":0}}
{"version":1,"wall_time":1.54,"cpu_time":1.54,"gc_time":1.25,"gc_overhead":81.39,"max_rss_kb":305572,"domain_stats":{"0":{"wall_time":1.54,"gc_time":1.25,"gc_overhead":81.39}},"mean_latency":0.215823,"stddev_latency":0.339296,"min_latency":0.0,"max_latency":3.018751,"distr_latency":{"25.0000":0.000287,"50.0000":0.000295,"60.0000":0.004655,"70.0000":0.221311,"75.0000":0.453631,"80.0000":0.697343,"85.0000":0.795135,"90.0000":0.801791,"95.0000":0.834559,"96.0000":0.837119,"97.0000":0.839679,"98.0000":0.844287,"99.0000":0.852479,"99.9000":1.383423,"99.9900":2.789375,"99.9990":3.018751,"99.9999":3.018751,"100.0000":3.018751},"allocations":{"total_heap":14037610,"minor_heap":300392,"major_heap":13737786,"promoted_words":568,"promoted_pct":0.19},"domain_alloc_stats":{"0":{"total":14037610,"minor":300392,"promoted":568,"major":13737786,"promoted_pct":0.19}},"collections":{"minor":433,"major":433,"forced_major":0,"compactions":0}}
