{"version":1,"wall_time":1.42,"cpu_time":1.42,"gc_time":1.21,"gc_overhead":85.29,"max_rss_kb":249424,"domain_stats":{"0":{"wall_time":1.42,"gc_time":1.21,"gc_overhead":85.29}},"mean_latency":0.172973,"stddev_latency":0.374757,"min_latency":0.0,"max_latency":3.280895,"distr_latency":{"25.0000":0.000103,"50.0000":0.000295,"60.0000":0.000335,"70.0000":0.004607,"75.0000":0.007943,"80.0000":0.155775,"85.0000":0.756223,"90.0000":0.788479,"95.0000":0.983551,"96.0000":1.081343,"97.0000":1.219583,"98.0000":1.335295,"99.0000":1.488895,"99.9000":2.181119,"99.9900":2.467839,"99.9990":3.280895,"99.9999":3.280895,"100.0000":3.280895},"allocations":{"total_heap":14037757,"minor_heap":300539,"major_heap":13737819,"promoted_words":601,"promoted_pct":0.2},"domain_alloc_stats":{"0":{"total":14037757,"minor":300539,"promoted":601,"major":13737819,"promoted_pct":0.2}},"collections":{"minor":832,"major":416,"forced_major":0,"compactions":0}}
{"version":1,"wall_time":1.45,"cpu_time":1.45,"gc_time":1.24,"gc_overhead":85.43,"max_rss_kb":249324,"domain_stats":{"0":{"wall_time":1.45,"gc_time":1.24,"gc_overhead":85.43}},"mean_latency":0.176388,"stddev_latency":0.383549,"min_latency":0.0,"max_latency":3.354623,"distr_latency":{"25.0000":8.7e-05,"50.0000":0.000295,"60.0000":0.000327,"70.0000":0.004223,"75.0000":0.007807,"80.0000":0.156543,"85.0000":0.747007,"90.0000":0.787455,"95.0000":1.047551,"96.0000":1.149951,"97.0000":1.277951,"98.0000":1.375231,"99.0000":1.483775,"99.9000":2.258943,"99.9900":2.719743,"99.9990":3.354623,"99.9999":3.354623,"100.0000":3.354623},"allocations":{"total_heap":14037757,"minor_heap":300539,"major_heap":13737819,"promoted_words":601,"promoted_pct":0.2},"domain_alloc_stats":{"0":{"total":14037757,"minor":300539,"promoted":601,"major":13737819,"promoted_pct":0.2}},"collections":{"minor":832,"major":416,"forced_major":0,"compactions":0}}
{"version":1,"wall_time":1.47,"cpu_time":1.47,"gc_time":1.26,"gc_overhead":85.83,"max_rss_kb":249284,"domain_stats":{"0":{"wall_time":1.47,"gc_time":1.26,"gc_overhead":85.83}},"mean_latency":0.180205,"stddev_latency":0.393567,"min_latency":0.0,"max_latency":4.169727,"distr_latency":{"25.0000":8.7e-05,"50.0000":0.000295,"60.0000":0.000335,"70.0000":0.004271,"75.0000":0.008055,"80.0000":0.156671,"85.0000":0.768511,"90.0000":0.806399,"95.0000":1.069055,"96.0000":1.196031,"97.0000":1.323007,"98.0000":1.398783,"99.0000":1.550335,"99.9000":2.138111,"99.9900":3.024895,"99.9990":4.169727,"99.9999":4.169727,"100.0000":4.169727},"allocations":{"total_heap":14037757,"minor_heap":300539,"major_heap":13737819,"promoted_words":601,"promoted_pct":0.2},"domain_alloc_stats":{"0":{"total":14037757,"minor":300539,"promoted":601,"major":13737819,"promoted_pct":0.2}},"collections":{"minor":832,"major":416,"forced_major":0,"compactions":0}}
