{"version":1,"wall_time":5.07,"cpu_time":5.07,"gc_time":2.18,"gc_overhead":42.99,"max_rss_kb":960328,"domain_stats":{"0":{"wall_time":5.07,"gc_time":2.18,"gc_overhead":42.99}},"mean_latency":0.098132,"stddev_latency":0.249413,"min_latency":0.0,"max_latency":12.976127,"distr_latency":{"25.0000":0.029631,"50.0000":0.074047,"60.0000":0.078399,"70.0000":0.106239,"75.0000":0.112447,"80.0000":0.132479,"85.0000":0.143359,"90.0000":0.165503,"95.0000":0.254847,"96.0000":0.274687,"97.0000":0.315903,"98.0000":0.429567,"99.0000":0.643583,"99.9000":3.637247,"99.9900":9.338879,"99.9990":12.976127,"99.9999":12.976127,"100.0000":12.976127},"allocations":{"total_heap":2913983067,"minor_heap":2901399704,"major_heap":388641814,"promoted_words":376058451,"promoted_pct":12.96},"domain_alloc_stats":{"0":{"total":2913983067,"minor":2901399704,"promoted":376058451,"major":388641814,"promoted_pct":12.96}},"collections":{"minor":11091,"major":32,"forced_major":0,"compactions":0}}
{"version":1,"wall_time":5.04,"cpu_time":5.04,"gc_time":2.17,"gc_overhead":43.14,"max_rss_kb":981156,"domain_stats":{"0":{"wall_time":5.04,"gc_time":2.17,"gc_overhead":43.14}},"mean_latency":0.097729,"stddev_latency":0.2496,"min_latency":0.0,"max_latency":13.049855,"distr_latency":{"25.0000":0.029087,"50.0000":0.073919,"60.0000":0.078335,"70.0000":0.106239,"75.0000":0.112639,"80.0000":0.131967,"85.0000":0.143103,"90.0000":0.164479,"95.0000":0.252671,"96.0000":0.272639,"97.0000":0.316927,"98.0000":0.426751,"99.0000":0.641535,"99.9000":3.653631,"99.9900":9.338879,"99.9990":13.049855,"99.9999":13.049855,"100.0000":13.049855},"allocations":{"total_heap":2913983067,"minor_heap":2901399704,"major_heap":388641814,"promoted_words":376058451,"promoted_pct":12.96},"domain_alloc_stats":{"0":{"total":2913983067,"minor":2901399704,"promoted":376058451,"major":388641814,"promoted_pct":12.96}},"collections":{"minor":11091,"major":32,"forced_major":0,"compactions":0}}
{"version":1,"wall_time":5.04,"cpu_time":5.04,"gc_time":2.16,"gc_overhead":42.92,"max_rss_kb":980728,"domain_stats":{"0":{"wall_time":5.04,"gc_time":2.16,"gc_overhead":42.92}},"mean_latency":0.097365,"stddev_latency":0.249156,"min_latency":0.0,"max_latency":13.238271,"distr_latency":{"25.0000":0.029295,"50.0000":0.073023,"60.0000":0.077567,"70.0000":0.105279,"75.0000":0.111615,"80.0000":0.131327,"85.0000":0.141951,"90.0000":0.164095,"95.0000":0.252415,"96.0000":0.275455,"97.0000":0.314879,"98.0000":0.427263,"99.0000":0.635391,"99.9000":3.653631,"99.9900":9.232383,"99.9990":13.238271,"99.9999":13.238271,"100.0000":13.238271},"allocations":{"total_heap":2913983067,"minor_heap":2901399704,"major_heap":388641814,"promoted_words":376058451,"promoted_pct":12.96},"domain_alloc_stats":{"0":{"total":2913983067,"minor":2901399704,"promoted":376058451,"major":388641814,"promoted_pct":12.96}},"collections":{"minor":11091,"major":32,"forced_major":0,"compactions":0}}
