{"version":1,"wall_time":4.42,"cpu_time":4.42,"gc_time":1.58,"gc_overhead":35.68,"max_rss_kb":1459728,"domain_stats":{"0":{"wall_time":4.42,"gc_time":1.58,"gc_overhead":35.68}},"mean_latency":0.071033,"stddev_latency":0.09689,"min_latency":0.0,"max_latency":3.801087,"distr_latency":{"25.0000":0.022959,"50.0000":0.053407,"60.0000":0.069887,"70.0000":0.089791,"75.0000":0.097343,"80.0000":0.102399,"85.0000":0.105599,"90.0000":0.115455,"95.0000":0.186239,"96.0000":0.236031,"97.0000":0.279295,"98.0000":0.353791,"99.0000":0.443903,"99.9000":0.897535,"99.9900":2.623487,"99.9990":3.801087,"99.9999":3.801087,"100.0000":3.801087},"allocations":{"total_heap":2914060097,"minor_heap":2901420004,"major_heap":388708912,"promoted_words":376068819,"promoted_pct":12.96},"domain_alloc_stats":{"0":{"total":2914060097,"minor":2901420004,"promoted":376068819,"major":388708912,"promoted_pct":12.96}},"collections":{"minor":11082,"major":23,"forced_major":0,"compactions":0}}
{"version":1,"wall_time":4.42,"cpu_time":4.42,"gc_time":1.59,"gc_overhead":35.91,"max_rss_kb":1459844,"domain_stats":{"0":{"wall_time":4.42,"gc_time":1.59,"gc_overhead":35.91}},"mean_latency":0.071404,"stddev_latency":0.097077,"min_latency":0.0,"max_latency":3.825663,"distr_latency":{"25.0000":0.023151,"50.0000":0.054111,"60.0000":0.070143,"70.0000":0.090239,"75.0000":0.097727,"80.0000":0.102847,"85.0000":0.106303,"90.0000":0.115967,"95.0000":0.188031,"96.0000":0.241151,"97.0000":0.279295,"98.0000":0.363519,"99.0000":0.450047,"99.9000":0.893439,"99.9900":2.590719,"99.9990":3.825663,"99.9999":3.825663,"100.0000":3.825663},"allocations":{"total_heap":2914060097,"minor_heap":2901420004,"major_heap":388708912,"promoted_words":376068819,"promoted_pct":12.96},"domain_alloc_stats":{"0":{"total":2914060097,"minor":2901420004,"promoted":376068819,"major":388708912,"promoted_pct":12.96}},"collections":{"minor":11082,"major":23,"forced_major":0,"compactions":0}}
{"version":1,"wall_time":4.44,"cpu_time":4.44,"gc_time":1.6,"gc_overhead":36.03,"max_rss_kb":1459988,"domain_stats":{"0":{"wall_time":4.44,"gc_time":1.6,"gc_overhead":36.03}},"mean_latency":0.072088,"stddev_latency":0.097465,"min_latency":0.0,"max_latency":3.803135,"distr_latency":{"25.0000":0.023007,"50.0000":0.053727,"60.0000":0.072255,"70.0000":0.090431,"75.0000":0.099263,"80.0000":0.104639,"85.0000":0.107839,"90.0000":0.116671,"95.0000":0.188415,"96.0000":0.238847,"97.0000":0.280319,"98.0000":0.356095,"99.0000":0.452351,"99.9000":0.900607,"99.9900":2.607103,"99.9990":3.803135,"99.9999":3.803135,"100.0000":3.803135},"allocations":{"total_heap":2914060097,"minor_heap":2901420004,"major_heap":388708912,"promoted_words":376068819,"promoted_pct":12.96},"domain_alloc_stats":{"0":{"total":2914060097,"minor":2901420004,"promoted":376068819,"major":388708912,"promoted_pct":12.96}},"collections":{"minor":11082,"major":23,"forced_major":0,"compactions":0}}
