{"version":1,"wall_time":1.14,"cpu_time":1.14,"gc_time":1.11,"gc_overhead":97.85,"max_rss_kb":112356,"domain_stats":{"0":{"wall_time":1.14,"gc_time":1.11,"gc_overhead":97.85}},"mean_latency":0.191456,"stddev_latency":0.310833,"min_latency":0.0,"max_latency":3.250175,"distr_latency":{"25.0000":0.000287,"50.0000":0.000295,"60.0000":0.003991,"70.0000":0.110207,"75.0000":0.380415,"80.0000":0.651775,"85.0000":0.728575,"90.0000":0.735743,"95.0000":0.763391,"96.0000":0.765951,"97.0000":0.768511,"98.0000":0.772095,"99.0000":0.776703,"99.9000":1.271807,"99.9900":1.333247,"99.9990":3.250175,"99.9999":3.250175,"100.0000":3.250175},"allocations":{"total_heap":14037818,"minor_heap":300600,"major_heap":13737786,"promoted_words":568,"promoted_pct":0.19},"domain_alloc_stats":{"0":{"total":14037818,"minor":300600,"promoted":568,"major":13737786,"promoted_pct":0.19}},"collections":{"minor":397,"major":397,"forced_major":0,"compactions":0}}
{"version":1,"wall_time":1.13,"cpu_time":1.13,"gc_time":1.11,"gc_overhead":97.82,"max_rss_kb":112300,"domain_stats":{"0":{"wall_time":1.13,"gc_time":1.11,"gc_overhead":97.82}},"mean_latency":0.190939,"stddev_latency":0.309263,"min_latency":0.0,"max_latency":3.141631,"distr_latency":{"25.0000":0.000287,"50.0000":0.000295,"60.0000":0.003991,"70.0000":0.110207,"75.0000":0.380415,"80.0000":0.654847,"85.0000":0.729087,"90.0000":0.736767,"95.0000":0.762879,"96.0000":0.765951,"97.0000":0.770047,"98.0000":0.773119,"99.0000":0.778239,"99.9000":1.267711,"99.9900":1.329151,"99.9990":3.141631,"99.9999":3.141631,"100.0000":3.141631},"allocations":{"total_heap":14037818,"minor_heap":300600,"major_heap":13737786,"promoted_words":568,"promoted_pct":0.19},"domain_alloc_stats":{"0":{"total":14037818,"minor":300600,"promoted":568,"major":13737786,"promoted_pct":0.19}},"collections":{"minor":397,"major":397,"forced_major":0,"compactions":0}}
{"version":1,"wall_time":1.13,"cpu_time":1.13,"gc_time":1.11,"gc_overhead":97.8,"max_rss_kb":112360,"domain_stats":{"0":{"wall_time":1.13,"gc_time":1.11,"gc_overhead":97.8}},"mean_latency":0.191203,"stddev_latency":0.310117,"min_latency":0.0,"max_latency":3.131391,"distr_latency":{"25.0000":0.000287,"50.0000":0.000295,"60.0000":0.004031,"70.0000":0.105983,"75.0000":0.378623,"80.0000":0.654847,"85.0000":0.728063,"90.0000":0.736767,"95.0000":0.761343,"96.0000":0.765951,"97.0000":0.770047,"98.0000":0.773631,"99.0000":0.780799,"99.9000":1.265663,"99.9900":1.331199,"99.9990":3.131391,"99.9999":3.131391,"100.0000":3.131391},"allocations":{"total_heap":14037818,"minor_heap":300600,"major_heap":13737786,"promoted_words":568,"promoted_pct":0.19},"domain_alloc_stats":{"0":{"total":14037818,"minor":300600,"promoted":568,"major":13737786,"promoted_pct":0.19}},"collections":{"minor":397,"major":397,"forced_major":0,"compactions":0}}
