{"version":1,"wall_time":5.4,"cpu_time":5.4,"gc_time":2.53,"gc_overhead":46.79,"max_rss_kb":914424,"domain_stats":{"0":{"wall_time":5.4,"gc_time":2.53,"gc_overhead":46.79}},"mean_latency":0.113683,"stddev_latency":0.285248,"min_latency":0.0,"max_latency":13.049855,"distr_latency":{"25.0000":0.037247,"50.0000":0.073855,"60.0000":0.079423,"70.0000":0.106879,"75.0000":0.113599,"80.0000":0.170239,"85.0000":0.186751,"90.0000":0.211071,"95.0000":0.276991,"96.0000":0.301055,"97.0000":0.378111,"98.0000":0.505343,"99.0000":0.857599,"99.9000":3.911679,"99.9900":11.747327,"99.9990":13.049855,"99.9999":13.049855,"100.0000":13.049855},"allocations":{"total_heap":2913931430,"minor_heap":2901324560,"major_heap":388588333,"promoted_words":375981463,"promoted_pct":12.96},"domain_alloc_stats":{"0":{"total":2913931430,"minor":2901324560,"promoted":375981463,"major":388588333,"promoted_pct":12.96}},"collections":{"minor":11099,"major":43,"forced_major":0,"compactions":0}}
{"version":1,"wall_time":5.36,"cpu_time":5.36,"gc_time":2.52,"gc_overhead":46.97,"max_rss_kb":914704,"domain_stats":{"0":{"wall_time":5.36,"gc_time":2.52,"gc_overhead":46.97}},"mean_latency":0.113325,"stddev_latency":0.284129,"min_latency":0.0,"max_latency":12.976127,"distr_latency":{"25.0000":0.036575,"50.0000":0.074111,"60.0000":0.079231,"70.0000":0.106495,"75.0000":0.113279,"80.0000":0.172415,"85.0000":0.188543,"90.0000":0.211199,"95.0000":0.270335,"96.0000":0.294399,"97.0000":0.377087,"98.0000":0.508415,"99.0000":0.861695,"99.9000":3.895295,"99.9900":11.755519,"99.9990":12.976127,"99.9999":12.976127,"100.0000":12.976127},"allocations":{"total_heap":2913931430,"minor_heap":2901324560,"major_heap":388588333,"promoted_words":375981463,"promoted_pct":12.96},"domain_alloc_stats":{"0":{"total":2913931430,"minor":2901324560,"promoted":375981463,"major":388588333,"promoted_pct":12.96}},"collections":{"minor":11099,"major":43,"forced_major":0,"compactions":0}}
{"version":1,"wall_time":5.42,"cpu_time":5.42,"gc_time":2.51,"gc_overhead":46.28,"max_rss_kb":914424,"domain_stats":{"0":{"wall_time":5.42,"gc_time":2.51,"gc_overhead":46.28}},"mean_latency":0.112937,"stddev_latency":0.284408,"min_latency":0.0,"max_latency":13.000703,"distr_latency":{"25.0000":0.036703,"50.0000":0.073663,"60.0000":0.078719,"70.0000":0.106495,"75.0000":0.112895,"80.0000":0.169727,"85.0000":0.186879,"90.0000":0.209919,"95.0000":0.269311,"96.0000":0.293887,"97.0000":0.375551,"98.0000":0.506111,"99.0000":0.857087,"99.9000":3.858431,"99.9900":11.747327,"99.9990":13.000703,"99.9999":13.000703,"100.0000":13.000703},"allocations":{"total_heap":2913931430,"minor_heap":2901324560,"major_heap":388588333,"promoted_words":375981463,"promoted_pct":12.96},"domain_alloc_stats":{"0":{"total":2913931430,"minor":2901324560,"promoted":375981463,"major":388588333,"promoted_pct":12.96}},"collections":{"minor":11099,"major":43,"forced_major":0,"compactions":0}}
