{"version":1,"wall_time":6.21,"cpu_time":6.21,"gc_time":4.93,"gc_overhead":79.34,"max_rss_kb":70220,"domain_stats":{"0":{"wall_time":6.21,"gc_time":4.93,"gc_overhead":79.34}},"mean_latency":0.554369,"stddev_latency":0.572989,"min_latency":0.0,"max_latency":2.220031,"distr_latency":{"25.0000":0.012575,"50.0000":0.164735,"60.0000":0.662527,"70.0000":1.241087,"75.0000":1.252351,"80.0000":1.260543,"85.0000":1.267711,"90.0000":1.276927,"95.0000":1.291263,"96.0000":1.295359,"97.0000":1.301503,"98.0000":1.315839,"99.0000":1.366015,"99.9000":2.070527,"99.9900":2.162687,"99.9990":2.220031,"99.9999":2.220031,"100.0000":2.220031},"allocations":{"total_heap":659181133,"minor_heap":624689339,"major_heap":98456059,"promoted_words":63964265,"promoted_pct":10.24},"domain_alloc_stats":{"0":{"total":659181133,"minor":624689339,"promoted":63964265,"major":98456059,"promoted_pct":10.24}},"collections":{"minor":9209,"major":3759,"forced_major":1116,"compactions":0}}
{"version":1,"wall_time":6.2,"cpu_time":6.2,"gc_time":4.88,"gc_overhead":78.74,"max_rss_kb":70592,"domain_stats":{"0":{"wall_time":6.2,"gc_time":4.88,"gc_overhead":78.74}},"mean_latency":0.549211,"stddev_latency":0.567199,"min_latency":0.0,"max_latency":2.209791,"distr_latency":{"25.0000":0.012615,"50.0000":0.164223,"60.0000":0.649727,"70.0000":1.226751,"75.0000":1.239039,"80.0000":1.245183,"85.0000":1.253375,"90.0000":1.261567,"95.0000":1.274879,"96.0000":1.279999,"97.0000":1.286143,"98.0000":1.297407,"99.0000":1.349631,"99.9000":2.057215,"99.9900":2.154495,"99.9990":2.209791,"99.9999":2.209791,"100.0000":2.209791},"allocations":{"total_heap":659181129,"minor_heap":624689335,"major_heap":98456059,"promoted_words":63964265,"promoted_pct":10.24},"domain_alloc_stats":{"0":{"total":659181129,"minor":624689335,"promoted":63964265,"major":98456059,"promoted_pct":10.24}},"collections":{"minor":9209,"major":3759,"forced_major":1116,"compactions":0}}
{"version":1,"wall_time":6.16,"cpu_time":6.16,"gc_time":4.88,"gc_overhead":79.24,"max_rss_kb":70288,"domain_stats":{"0":{"wall_time":6.16,"gc_time":4.88,"gc_overhead":79.24}},"mean_latency":0.549125,"stddev_latency":0.567483,"min_latency":0.0,"max_latency":2.215935,"distr_latency":{"25.0000":0.012487,"50.0000":0.162303,"60.0000":0.652287,"70.0000":1.227775,"75.0000":1.236991,"80.0000":1.246207,"85.0000":1.254399,"90.0000":1.262591,"95.0000":1.277951,"96.0000":1.282047,"97.0000":1.289215,"98.0000":1.301503,"99.0000":1.354751,"99.9000":2.074623,"99.9900":2.181119,"99.9990":2.215935,"99.9999":2.215935,"100.0000":2.215935},"allocations":{"total_heap":659181133,"minor_heap":624689339,"major_heap":98456059,"promoted_words":63964265,"promoted_pct":10.24},"domain_alloc_stats":{"0":{"total":659181133,"minor":624689339,"promoted":63964265,"major":98456059,"promoted_pct":10.24}},"collections":{"minor":9209,"major":3759,"forced_major":1116,"compactions":0}}
