{"version":1,"wall_time":10.03,"cpu_time":10.03,"gc_time":9.99,"gc_overhead":99.56,"max_rss_kb":121608,"domain_stats":{"0":{"wall_time":10.03,"gc_time":9.99,"gc_overhead":99.56}},"mean_latency":0.222176,"stddev_latency":0.361287,"min_latency":0.0,"max_latency":3.135487,"distr_latency":{"25.0000":0.000287,"50.0000":0.000295,"60.0000":0.008815,"70.0000":0.164735,"75.0000":0.436735,"80.0000":0.712703,"85.0000":0.763903,"90.0000":0.772607,"95.0000":1.079295,"96.0000":1.088511,"97.0000":1.094655,"98.0000":1.099775,"99.0000":1.104895,"99.9000":1.442815,"99.9900":1.889279,"99.9990":3.135487,"99.9999":3.135487,"100.0000":3.135487},"allocations":{"total_heap":14037939,"minor_heap":300672,"major_heap":13737835,"promoted_words":568,"promoted_pct":0.19},"domain_alloc_stats":{"0":{"total":14037939,"minor":300672,"promoted":568,"major":13737835,"promoted_pct":0.19}},"collections":{"minor":3590,"major":3590,"forced_major":0,"compactions":0}}
{"version":1,"wall_time":10.02,"cpu_time":10.02,"gc_time":9.98,"gc_overhead":99.56,"max_rss_kb":121652,"domain_stats":{"0":{"wall_time":10.02,"gc_time":9.98,"gc_overhead":99.56}},"mean_latency":0.221987,"stddev_latency":0.361167,"min_latency":0.0,"max_latency":3.461119,"distr_latency":{"25.0000":0.000287,"50.0000":0.000295,"60.0000":0.008871,"70.0000":0.167807,"75.0000":0.439039,"80.0000":0.710143,"85.0000":0.758271,"90.0000":0.768511,"95.0000":1.072127,"96.0000":1.081343,"97.0000":1.087487,"98.0000":1.093631,"99.0000":1.101823,"99.9000":1.537023,"99.9900":1.885183,"99.9990":3.461119,"99.9999":3.461119,"100.0000":3.461119},"allocations":{"total_heap":14037939,"minor_heap":300672,"major_heap":13737835,"promoted_words":568,"promoted_pct":0.19},"domain_alloc_stats":{"0":{"total":14037939,"minor":300672,"promoted":568,"major":13737835,"promoted_pct":0.19}},"collections":{"minor":3590,"major":3590,"forced_major":0,"compactions":0}}
{"version":1,"wall_time":10.1,"cpu_time":10.1,"gc_time":10.06,"gc_overhead":99.55,"max_rss_kb":121620,"domain_stats":{"0":{"wall_time":10.1,"gc_time":10.06,"gc_overhead":99.55}},"mean_latency":0.223713,"stddev_latency":0.363451,"min_latency":0.0,"max_latency":3.178495,"distr_latency":{"25.0000":0.000287,"50.0000":0.000295,"60.0000":0.008895,"70.0000":0.169855,"75.0000":0.444671,"80.0000":0.718335,"85.0000":0.763391,"90.0000":0.773631,"95.0000":1.080319,"96.0000":1.089535,"97.0000":1.094655,"98.0000":1.100799,"99.0000":1.107967,"99.9000":1.540095,"99.9900":1.893375,"99.9990":3.178495,"99.9999":3.178495,"100.0000":3.178495},"allocations":{"total_heap":14037939,"minor_heap":300672,"major_heap":13737835,"promoted_words":568,"promoted_pct":0.19},"domain_alloc_stats":{"0":{"total":14037939,"minor":300672,"promoted":568,"major":13737835,"promoted_pct":0.19}},"collections":{"minor":3590,"major":3590,"forced_major":0,"compactions":0}}
