{"version":1,"wall_time":3.25,"cpu_time":3.25,"gc_time":3.22,"gc_overhead":99.02,"max_rss_kb":112088,"domain_stats":{"0":{"wall_time":3.25,"gc_time":3.22,"gc_overhead":99.02}},"mean_latency":0.268297,"stddev_latency":0.42223,"min_latency":0.0,"max_latency":4.427775,"distr_latency":{"25.0000":0.000287,"50.0000":0.000303,"60.0000":0.012767,"70.0000":0.258431,"75.0000":0.533503,"80.0000":0.809471,"85.0000":1.029631,"90.0000":1.039871,"95.0000":1.048575,"96.0000":1.050623,"97.0000":1.052671,"98.0000":1.056767,"99.0000":1.062911,"99.9000":1.812479,"99.9900":3.280895,"99.9990":4.427775,"99.9999":4.427775,"100.0000":4.427775},"allocations":{"total_heap":14037791,"minor_heap":300524,"major_heap":13737835,"promoted_words":568,"promoted_pct":0.19},"domain_alloc_stats":{"0":{"total":14037791,"minor":300524,"promoted":568,"major":13737835,"promoted_pct":0.19}},"collections":{"minor":1158,"major":1158,"forced_major":0,"compactions":0}}
{"version":1,"wall_time":3.29,"cpu_time":3.29,"gc_time":3.26,"gc_overhead":98.99,"max_rss_kb":111832,"domain_stats":{"0":{"wall_time":3.29,"gc_time":3.26,"gc_overhead":98.99}},"mean_latency":0.271497,"stddev_latency":0.428652,"min_latency":0.0,"max_latency":4.800511,"distr_latency":{"25.0000":0.000287,"50.0000":0.000295,"60.0000":0.013271,"70.0000":0.261375,"75.0000":0.535551,"80.0000":0.814079,"85.0000":1.042943,"90.0000":1.053695,"95.0000":1.060863,"96.0000":1.062911,"97.0000":1.064959,"98.0000":1.068031,"99.0000":1.072127,"99.9000":1.815551,"99.9900":4.743167,"99.9990":4.800511,"99.9999":4.800511,"100.0000":4.800511},"allocations":{"total_heap":14037791,"minor_heap":300524,"major_heap":13737835,"promoted_words":568,"promoted_pct":0.19},"domain_alloc_stats":{"0":{"total":14037791,"minor":300524,"promoted":568,"major":13737835,"promoted_pct":0.19}},"collections":{"minor":1158,"major":1158,"forced_major":0,"compactions":0}}
{"version":1,"wall_time":3.27,"cpu_time":3.27,"gc_time":3.24,"gc_overhead":99.02,"max_rss_kb":111840,"domain_stats":{"0":{"wall_time":3.27,"gc_time":3.24,"gc_overhead":99.02}},"mean_latency":0.269898,"stddev_latency":0.424564,"min_latency":0.0,"max_latency":3.815423,"distr_latency":{"25.0000":0.000287,"50.0000":0.000303,"60.0000":0.013047,"70.0000":0.259071,"75.0000":0.534527,"80.0000":0.811519,"85.0000":1.033215,"90.0000":1.046015,"95.0000":1.056767,"96.0000":1.058815,"97.0000":1.061887,"98.0000":1.064959,"99.0000":1.071103,"99.9000":1.819647,"99.9900":3.098623,"99.9990":3.815423,"99.9999":3.815423,"100.0000":3.815423},"allocations":{"total_heap":14037791,"minor_heap":300524,"major_heap":13737835,"promoted_words":568,"promoted_pct":0.19},"domain_alloc_stats":{"0":{"total":14037791,"minor":300524,"promoted":568,"major":13737835,"promoted_pct":0.19}},"collections":{"minor":1158,"major":1158,"forced_major":0,"compactions":0}}
