{"version":1,"wall_time":0.56,"cpu_time":0.56,"gc_time":0.52,"gc_overhead":93.87,"max_rss_kb":110912,"domain_stats":{"0":{"wall_time":0.56,"gc_time":0.52,"gc_overhead":93.87}},"mean_latency":0.18342,"stddev_latency":0.40502,"min_latency":0.0,"max_latency":3.178495,"distr_latency":{"25.0000":5.5e-05,"50.0000":0.000295,"60.0000":0.000351,"70.0000":0.007047,"75.0000":0.009023,"80.0000":0.072447,"85.0000":0.728063,"90.0000":0.877055,"95.0000":1.099775,"96.0000":1.255423,"97.0000":1.345535,"98.0000":1.503231,"99.0000":1.622015,"99.9000":2.127871,"99.9900":3.178495,"99.9990":3.178495,"99.9999":3.178495,"100.0000":3.178495},"allocations":{"total_heap":14037323,"minor_heap":300539,"major_heap":13737385,"promoted_words":601,"promoted_pct":0.2},"domain_alloc_stats":{"0":{"total":14037323,"minor":300539,"promoted":601,"major":13737385,"promoted_pct":0.2}},"collections":{"minor":371,"major":185,"forced_major":0,"compactions":0}}
{"version":1,"wall_time":0.57,"cpu_time":0.57,"gc_time":0.53,"gc_overhead":94.05,"max_rss_kb":110740,"domain_stats":{"0":{"wall_time":0.57,"gc_time":0.53,"gc_overhead":94.05}},"mean_latency":0.186063,"stddev_latency":0.411173,"min_latency":0.0,"max_latency":3.373055,"distr_latency":{"25.0000":8.7e-05,"50.0000":0.000295,"60.0000":0.000311,"70.0000":0.007095,"75.0000":0.009391,"80.0000":0.075263,"85.0000":0.730623,"90.0000":0.882175,"95.0000":1.136639,"96.0000":1.264639,"97.0000":1.369087,"98.0000":1.504255,"99.0000":1.639423,"99.9000":2.066431,"99.9900":3.373055,"99.9990":3.373055,"99.9999":3.373055,"100.0000":3.373055},"allocations":{"total_heap":14037323,"minor_heap":300539,"major_heap":13737385,"promoted_words":601,"promoted_pct":0.2},"domain_alloc_stats":{"0":{"total":14037323,"minor":300539,"promoted":601,"major":13737385,"promoted_pct":0.2}},"collections":{"minor":371,"major":185,"forced_major":0,"compactions":0}}
{"version":1,"wall_time":0.56,"cpu_time":0.56,"gc_time":0.53,"gc_overhead":93.97,"max_rss_kb":110776,"domain_stats":{"0":{"wall_time":0.56,"gc_time":0.53,"gc_overhead":93.97}},"mean_latency":0.185181,"stddev_latency":0.408967,"min_latency":0.0,"max_latency":3.201023,"distr_latency":{"25.0000":0.000103,"50.0000":0.000295,"60.0000":0.000327,"70.0000":0.006895,"75.0000":0.008871,"80.0000":0.073471,"85.0000":0.726015,"90.0000":0.881663,"95.0000":1.128447,"96.0000":1.268735,"97.0000":1.347583,"98.0000":1.512447,"99.0000":1.626111,"99.9000":2.111487,"99.9900":3.201023,"99.9990":3.201023,"99.9999":3.201023,"100.0000":3.201023},"allocations":{"total_heap":14037323,"minor_heap":300539,"major_heap":13737385,"promoted_words":601,"promoted_pct":0.2},"domain_alloc_stats":{"0":{"total":14037323,"minor":300539,"promoted":601,"major":13737385,"promoted_pct":0.2}},"collections":{"minor":371,"major":185,"forced_major":0,"compactions":0}}
