{"version":1,"wall_time":4.75,"cpu_time":4.75,"gc_time":1.88,"gc_overhead":39.5,"max_rss_kb":1091688,"domain_stats":{"0":{"wall_time":4.75,"gc_time":1.88,"gc_overhead":39.5}},"mean_latency":0.084398,"stddev_latency":0.225205,"min_latency":0.0,"max_latency":12.869631,"distr_latency":{"25.0000":0.021967,"50.0000":0.071679,"60.0000":0.076159,"70.0000":0.098943,"75.0000":0.104383,"80.0000":0.108159,"85.0000":0.112703,"90.0000":0.127743,"95.0000":0.219775,"96.0000":0.262015,"97.0000":0.288255,"98.0000":0.385791,"99.0000":0.493567,"99.9000":3.004415,"99.9900":10.338303,"99.9990":12.869631,"99.9999":12.869631,"100.0000":12.869631},"allocations":{"total_heap":2914044049,"minor_heap":2901434775,"major_heap":388794705,"promoted_words":376185431,"promoted_pct":12.97},"domain_alloc_stats":{"0":{"total":2914044049,"minor":2901434775,"promoted":376185431,"major":388794705,"promoted_pct":12.97}},"collections":{"minor":11085,"major":24,"forced_major":0,"compactions":0}}
{"version":1,"wall_time":4.73,"cpu_time":4.73,"gc_time":1.87,"gc_overhead":39.52,"max_rss_kb":1091756,"domain_stats":{"0":{"wall_time":4.73,"gc_time":1.87,"gc_overhead":39.52}},"mean_latency":0.084192,"stddev_latency":0.225628,"min_latency":0.0,"max_latency":13.180927,"distr_latency":{"25.0000":0.021935,"50.0000":0.071615,"60.0000":0.076095,"70.0000":0.098431,"75.0000":0.103871,"80.0000":0.107775,"85.0000":0.112191,"90.0000":0.127295,"95.0000":0.218367,"96.0000":0.260991,"97.0000":0.289535,"98.0000":0.387839,"99.0000":0.486143,"99.9000":3.008511,"99.9900":10.379263,"99.9990":13.180927,"99.9999":13.180927,"100.0000":13.180927},"allocations":{"total_heap":2914044049,"minor_heap":2901434775,"major_heap":388794705,"promoted_words":376185431,"promoted_pct":12.97},"domain_alloc_stats":{"0":{"total":2914044049,"minor":2901434775,"promoted":376185431,"major":388794705,"promoted_pct":12.97}},"collections":{"minor":11085,"major":24,"forced_major":0,"compactions":0}}
{"version":1,"wall_time":4.71,"cpu_time":4.71,"gc_time":1.89,"gc_overhead":40.17,"max_rss_kb":1091464,"domain_stats":{"0":{"wall_time":4.71,"gc_time":1.89,"gc_overhead":40.17}},"mean_latency":0.08516,"stddev_latency":0.225608,"min_latency":0.0,"max_latency":12.910591,"distr_latency":{"25.0000":0.021951,"50.0000":0.072959,"60.0000":0.077439,"70.0000":0.099967,"75.0000":0.105343,"80.0000":0.109055,"85.0000":0.113727,"90.0000":0.128575,"95.0000":0.222847,"96.0000":0.263423,"97.0000":0.294399,"98.0000":0.389375,"99.0000":0.492287,"99.9000":3.002367,"99.9900":10.379263,"99.9990":12.910591,"99.9999":12.910591,"100.0000":12.910591},"allocations":{"total_heap":2914044049,"minor_heap":2901434775,"major_heap":388794705,"promoted_words":376185431,"promoted_pct":12.97},"domain_alloc_stats":{"0":{"total":2914044049,"minor":2901434775,"promoted":376185431,"major":388794705,"promoted_pct":12.97}},"collections":{"minor":11085,"major":24,"forced_major":0,"compactions":0}}
