{"version":1,"wall_time":10.62,"cpu_time":10.62,"gc_time":10.58,"gc_overhead":99.65,"max_rss_kb":121812,"domain_stats":{"0":{"wall_time":10.62,"gc_time":10.58,"gc_overhead":99.65}},"mean_latency":0.235436,"stddev_latency":0.381556,"min_latency":0.0,"max_latency":3.149823,"distr_latency":{"25.0000":0.000287,"50.0000":0.000295,"60.0000":0.009055,"70.0000":0.191871,"75.0000":0.465151,"80.0000":0.740351,"85.0000":0.803327,"90.0000":0.811519,"95.0000":1.136639,"96.0000":1.145855,"97.0000":1.151999,"98.0000":1.157119,"99.0000":1.162239,"99.9000":1.537023,"99.9900":1.987583,"99.9990":3.149823,"99.9999":3.149823,"100.0000":3.149823},"allocations":{"total_heap":14037979,"minor_heap":300712,"major_heap":13737835,"promoted_words":568,"promoted_pct":0.19},"domain_alloc_stats":{"0":{"total":14037979,"minor":300712,"promoted":568,"major":13737835,"promoted_pct":0.19}},"collections":{"minor":3770,"major":3770,"forced_major":0,"compactions":0}}
{"version":1,"wall_time":10.49,"cpu_time":10.49,"gc_time":10.45,"gc_overhead":99.66,"max_rss_kb":121796,"domain_stats":{"0":{"wall_time":10.49,"gc_time":10.45,"gc_overhead":99.66}},"mean_latency":0.232551,"stddev_latency":0.376554,"min_latency":0.0,"max_latency":3.102719,"distr_latency":{"25.0000":0.000287,"50.0000":0.000295,"60.0000":0.008743,"70.0000":0.190079,"75.0000":0.461055,"80.0000":0.732159,"85.0000":0.795647,"90.0000":0.808959,"95.0000":1.120255,"96.0000":1.134591,"97.0000":1.142783,"98.0000":1.149951,"99.0000":1.159167,"99.9000":1.462271,"99.9900":1.984511,"99.9990":3.102719,"99.9999":3.102719,"100.0000":3.102719},"allocations":{"total_heap":14037979,"minor_heap":300712,"major_heap":13737835,"promoted_words":568,"promoted_pct":0.19},"domain_alloc_stats":{"0":{"total":14037979,"minor":300712,"promoted":568,"major":13737835,"promoted_pct":0.19}},"collections":{"minor":3770,"major":3770,"forced_major":0,"compactions":0}}
{"version":1,"wall_time":10.57,"cpu_time":10.57,"gc_time":10.54,"gc_overhead":99.65,"max_rss_kb":121816,"domain_stats":{"0":{"wall_time":10.57,"gc_time":10.54,"gc_overhead":99.65}},"mean_latency":0.234435,"stddev_latency":0.380459,"min_latency":0.0,"max_latency":3.133439,"distr_latency":{"25.0000":0.000287,"50.0000":0.000295,"60.0000":0.008815,"70.0000":0.191487,"75.0000":0.461567,"80.0000":0.735231,"85.0000":0.800255,"90.0000":0.808959,"95.0000":1.133567,"96.0000":1.141759,"97.0000":1.146879,"98.0000":1.151999,"99.0000":1.158143,"99.9000":1.788927,"99.9900":1.987583,"99.9990":3.133439,"99.9999":3.133439,"100.0000":3.133439},"allocations":{"total_heap":14037979,"minor_heap":300712,"major_heap":13737835,"promoted_words":568,"promoted_pct":0.19},"domain_alloc_stats":{"0":{"total":14037979,"minor":300712,"promoted":568,"major":13737835,"promoted_pct":0.19}},"collections":{"minor":3770,"major":3770,"forced_major":0,"compactions":0}}
