{"version":1,"wall_time":3.18,"cpu_time":3.18,"gc_time":0.59,"gc_overhead":18.47,"max_rss_kb":558780,"domain_stats":{"0":{"wall_time":3.18,"gc_time":0.59,"gc_overhead":18.47}},"mean_latency":0.174303,"stddev_latency":0.240344,"min_latency":0.0,"max_latency":1.838079,"distr_latency":{"25.0000":0.027311,"50.0000":0.068607,"60.0000":0.117759,"70.0000":0.154623,"75.0000":0.210175,"80.0000":0.308223,"85.0000":0.426751,"90.0000":0.494591,"95.0000":0.706559,"96.0000":0.734207,"97.0000":0.771071,"98.0000":0.841215,"99.0000":1.088511,"99.9000":1.767423,"99.9900":1.838079,"99.9990":1.838079,"99.9999":1.838079,"100.0000":1.838079},"allocations":{"total_heap":434180024,"minor_heap":418192762,"major_heap":138023768,"promoted_words":122036506,"promoted_pct":29.18},"domain_alloc_stats":{"0":{"total":434180024,"minor":418192762,"promoted":122036506,"major":138023768,"promoted_pct":29.18}},"collections":{"minor":1624,"major":20,"forced_major":0,"compactions":0}}
{"version":1,"wall_time":3.2,"cpu_time":3.2,"gc_time":0.61,"gc_overhead":19.03,"max_rss_kb":556608,"domain_stats":{"0":{"wall_time":3.2,"gc_time":0.61,"gc_overhead":19.03}},"mean_latency":0.180763,"stddev_latency":0.245707,"min_latency":0.0,"max_latency":1.813503,"distr_latency":{"25.0000":0.028047,"50.0000":0.074943,"60.0000":0.120703,"70.0000":0.155519,"75.0000":0.206207,"80.0000":0.317439,"85.0000":0.445183,"90.0000":0.528383,"95.0000":0.714751,"96.0000":0.751103,"97.0000":0.807935,"98.0000":0.870399,"99.0000":1.092607,"99.9000":1.754111,"99.9900":1.813503,"99.9990":1.813503,"99.9999":1.813503,"100.0000":1.813503},"allocations":{"total_heap":434180024,"minor_heap":418192762,"major_heap":138023768,"promoted_words":122036506,"promoted_pct":29.18},"domain_alloc_stats":{"0":{"total":434180024,"minor":418192762,"promoted":122036506,"major":138023768,"promoted_pct":29.18}},"collections":{"minor":1624,"major":20,"forced_major":0,"compactions":0}}
{"version":1,"wall_time":3.18,"cpu_time":3.18,"gc_time":0.6,"gc_overhead":18.79,"max_rss_kb":558504,"domain_stats":{"0":{"wall_time":3.18,"gc_time":0.6,"gc_overhead":18.79}},"mean_latency":0.177427,"stddev_latency":0.244969,"min_latency":0.0,"max_latency":1.818623,"distr_latency":{"25.0000":0.027023,"50.0000":0.069055,"60.0000":0.118271,"70.0000":0.154751,"75.0000":0.210431,"80.0000":0.317183,"85.0000":0.436991,"90.0000":0.524031,"95.0000":0.718847,"96.0000":0.766975,"97.0000":0.812543,"98.0000":0.871423,"99.0000":1.083391,"99.9000":1.767423,"99.9900":1.818623,"99.9990":1.818623,"99.9999":1.818623,"100.0000":1.818623},"allocations":{"total_heap":434180024,"minor_heap":418192762,"major_heap":138023768,"promoted_words":122036506,"promoted_pct":29.18},"domain_alloc_stats":{"0":{"total":434180024,"minor":418192762,"promoted":122036506,"major":138023768,"promoted_pct":29.18}},"collections":{"minor":1624,"major":20,"forced_major":0,"compactions":0}}
