{"version":1,"wall_time":5.45,"cpu_time":5.45,"gc_time":2.5,"gc_overhead":45.79,"max_rss_kb":914660,"domain_stats":{"0":{"wall_time":5.45,"gc_time":2.5,"gc_overhead":45.79}},"mean_latency":0.112347,"stddev_latency":0.284894,"min_latency":0.0,"max_latency":13.123583,"distr_latency":{"25.0000":0.036447,"50.0000":0.073279,"60.0000":0.078463,"70.0000":0.106111,"75.0000":0.112895,"80.0000":0.167935,"85.0000":0.185471,"90.0000":0.209023,"95.0000":0.265471,"96.0000":0.291583,"97.0000":0.372479,"98.0000":0.506111,"99.0000":0.854527,"99.9000":3.872767,"99.9900":11.780095,"99.9990":13.123583,"99.9999":13.123583,"100.0000":13.123583},"allocations":{"total_heap":2913931430,"minor_heap":2901324560,"major_heap":388588333,"promoted_words":375981463,"promoted_pct":12.96},"domain_alloc_stats":{"0":{"total":2913931430,"minor":2901324560,"promoted":375981463,"major":388588333,"promoted_pct":12.96}},"collections":{"minor":11099,"major":43,"forced_major":0,"compactions":0}}
{"version":1,"wall_time":5.4,"cpu_time":5.4,"gc_time":2.53,"gc_overhead":46.93,"max_rss_kb":914492,"domain_stats":{"0":{"wall_time":5.4,"gc_time":2.53,"gc_overhead":46.93}},"mean_latency":0.113986,"stddev_latency":0.282369,"min_latency":0.0,"max_latency":12.869631,"distr_latency":{"25.0000":0.036767,"50.0000":0.078463,"60.0000":0.083263,"70.0000":0.110591,"75.0000":0.117503,"80.0000":0.166655,"85.0000":0.183679,"90.0000":0.207743,"95.0000":0.274175,"96.0000":0.298239,"97.0000":0.375551,"98.0000":0.510463,"99.0000":0.836607,"99.9000":3.880959,"99.9900":11.665407,"99.9990":12.869631,"99.9999":12.869631,"100.0000":12.869631},"allocations":{"total_heap":2913931430,"minor_heap":2901324560,"major_heap":388588333,"promoted_words":375981463,"promoted_pct":12.96},"domain_alloc_stats":{"0":{"total":2913931430,"minor":2901324560,"promoted":375981463,"major":388588333,"promoted_pct":12.96}},"collections":{"minor":11099,"major":43,"forced_major":0,"compactions":0}}
{"version":1,"wall_time":5.38,"cpu_time":5.38,"gc_time":2.54,"gc_overhead":47.19,"max_rss_kb":914456,"domain_stats":{"0":{"wall_time":5.38,"gc_time":2.54,"gc_overhead":47.19}},"mean_latency":0.114156,"stddev_latency":0.284914,"min_latency":0.0,"max_latency":13.058047,"distr_latency":{"25.0000":0.037055,"50.0000":0.076351,"60.0000":0.081471,"70.0000":0.108479,"75.0000":0.115263,"80.0000":0.169983,"85.0000":0.188031,"90.0000":0.210815,"95.0000":0.271359,"96.0000":0.298751,"97.0000":0.376831,"98.0000":0.511231,"99.0000":0.858111,"99.9000":3.874815,"99.9900":11.771903,"99.9990":13.058047,"99.9999":13.058047,"100.0000":13.058047},"allocations":{"total_heap":2913931430,"minor_heap":2901324560,"major_heap":388588333,"promoted_words":375981463,"promoted_pct":12.96},"domain_alloc_stats":{"0":{"total":2913931430,"minor":2901324560,"promoted":375981463,"major":388588333,"promoted_pct":12.96}},"collections":{"minor":11099,"major":43,"forced_major":0,"compactions":0}}
