{"version":1,"wall_time":6.08,"cpu_time":6.08,"gc_time":4.79,"gc_overhead":78.82,"max_rss_kb":77268,"domain_stats":{"0":{"wall_time":6.08,"gc_time":4.79,"gc_overhead":78.82}},"mean_latency":0.590861,"stddev_latency":0.632784,"min_latency":0.0,"max_latency":2.265087,"distr_latency":{"25.0000":0.006935,"50.0000":0.161023,"60.0000":1.226751,"70.0000":1.317887,"75.0000":1.326079,"80.0000":1.334271,"85.0000":1.342463,"90.0000":1.352703,"95.0000":1.367039,"96.0000":1.371135,"97.0000":1.378303,"98.0000":1.390591,"99.0000":1.494015,"99.9000":2.168831,"99.9900":2.232319,"99.9990":2.265087,"99.9999":2.265087,"100.0000":2.265087},"allocations":{"total_heap":659182247,"minor_heap":624689337,"major_heap":98041815,"promoted_words":63548905,"promoted_pct":10.17},"domain_alloc_stats":{"0":{"total":659182247,"minor":624689337,"promoted":63548905,"major":98041815,"promoted_pct":10.17}},"collections":{"minor":8983,"major":3446,"forced_major":1116,"compactions":0}}
{"version":1,"wall_time":6.11,"cpu_time":6.11,"gc_time":4.83,"gc_overhead":78.99,"max_rss_kb":77184,"domain_stats":{"0":{"wall_time":6.11,"gc_time":4.83,"gc_overhead":78.99}},"mean_latency":0.595672,"stddev_latency":0.638657,"min_latency":0.0,"max_latency":2.521087,"distr_latency":{"25.0000":0.007031,"50.0000":0.157567,"60.0000":1.261567,"70.0000":1.328127,"75.0000":1.336319,"80.0000":1.344511,"85.0000":1.351679,"90.0000":1.360895,"95.0000":1.375231,"96.0000":1.380351,"97.0000":1.386495,"98.0000":1.401855,"99.0000":1.489919,"99.9000":2.217983,"99.9900":2.291711,"99.9990":2.521087,"99.9999":2.521087,"100.0000":2.521087},"allocations":{"total_heap":659182249,"minor_heap":624689339,"major_heap":98041815,"promoted_words":63548905,"promoted_pct":10.17},"domain_alloc_stats":{"0":{"total":659182249,"minor":624689339,"promoted":63548905,"major":98041815,"promoted_pct":10.17}},"collections":{"minor":8983,"major":3446,"forced_major":1116,"compactions":0}}
{"version":1,"wall_time":6.05,"cpu_time":6.05,"gc_time":4.77,"gc_overhead":78.79,"max_rss_kb":77228,"domain_stats":{"0":{"wall_time":6.05,"gc_time":4.77,"gc_overhead":78.79}},"mean_latency":0.587765,"stddev_latency":0.629261,"min_latency":0.0,"max_latency":2.349055,"distr_latency":{"25.0000":0.006903,"50.0000":0.160767,"60.0000":1.225727,"70.0000":1.307647,"75.0000":1.316863,"80.0000":1.325055,"85.0000":1.333247,"90.0000":1.344511,"95.0000":1.360895,"96.0000":1.364991,"97.0000":1.374207,"98.0000":1.389567,"99.0000":1.478655,"99.9000":2.156543,"99.9900":2.297855,"99.9990":2.349055,"99.9999":2.349055,"100.0000":2.349055},"allocations":{"total_heap":659182253,"minor_heap":624689343,"major_heap":98076533,"promoted_words":63583623,"promoted_pct":10.18},"domain_alloc_stats":{"0":{"total":659182253,"minor":624689343,"promoted":63583623,"major":98076533,"promoted_pct":10.18}},"collections":{"minor":8984,"major":3447,"forced_major":1116,"compactions":0}}
