{"version":1,"wall_time":6.41,"cpu_time":6.41,"gc_time":5.13,"gc_overhead":80.06,"max_rss_kb":73644,"domain_stats":{"0":{"wall_time":6.41,"gc_time":5.13,"gc_overhead":80.06}},"mean_latency":0.543653,"stddev_latency":0.619869,"min_latency":0.0,"max_latency":2.189311,"distr_latency":{"25.0000":0.003775,"50.0000":0.167807,"60.0000":0.309759,"70.0000":1.317887,"75.0000":1.337343,"80.0000":1.348607,"85.0000":1.357823,"90.0000":1.369087,"95.0000":1.383423,"96.0000":1.387519,"97.0000":1.392639,"98.0000":1.400831,"99.0000":1.423359,"99.9000":2.142207,"99.9900":2.183167,"99.9990":2.189311,"99.9999":2.189311,"100.0000":2.189311},"allocations":{"total_heap":659181531,"minor_heap":624689737,"major_heap":97391802,"promoted_words":62900008,"promoted_pct":10.07},"domain_alloc_stats":{"0":{"total":659181531,"minor":624689737,"promoted":62900008,"major":97391802,"promoted_pct":10.07}},"collections":{"minor":9325,"major":3633,"forced_major":1116,"compactions":0}}
{"version":1,"wall_time":6.32,"cpu_time":6.32,"gc_time":5.05,"gc_overhead":79.95,"max_rss_kb":73076,"domain_stats":{"0":{"wall_time":6.32,"gc_time":5.05,"gc_overhead":79.95}},"mean_latency":0.535692,"stddev_latency":0.610129,"min_latency":0.0,"max_latency":2.201599,"distr_latency":{"25.0000":0.003687,"50.0000":0.168063,"60.0000":0.304127,"70.0000":1.299455,"75.0000":1.318911,"80.0000":1.330175,"85.0000":1.338367,"90.0000":1.350655,"95.0000":1.362943,"96.0000":1.367039,"97.0000":1.373183,"98.0000":1.380351,"99.0000":1.401855,"99.9000":2.125823,"99.9900":2.166783,"99.9990":2.201599,"99.9999":2.201599,"100.0000":2.201599},"allocations":{"total_heap":659181529,"minor_heap":624689735,"major_heap":97391802,"promoted_words":62900008,"promoted_pct":10.07},"domain_alloc_stats":{"0":{"total":659181529,"minor":624689735,"promoted":62900008,"major":97391802,"promoted_pct":10.07}},"collections":{"minor":9325,"major":3633,"forced_major":1116,"compactions":0}}
{"version":1,"wall_time":6.32,"cpu_time":6.32,"gc_time":5.04,"gc_overhead":79.82,"max_rss_kb":72228,"domain_stats":{"0":{"wall_time":6.32,"gc_time":5.04,"gc_overhead":79.82}},"mean_latency":0.53459,"stddev_latency":0.609069,"min_latency":0.0,"max_latency":2.211839,"distr_latency":{"25.0000":0.003703,"50.0000":0.166143,"60.0000":0.305407,"70.0000":1.294335,"75.0000":1.312767,"80.0000":1.326079,"85.0000":1.335295,"90.0000":1.346559,"95.0000":1.362943,"96.0000":1.367039,"97.0000":1.372159,"98.0000":1.380351,"99.0000":1.402879,"99.9000":2.117631,"99.9900":2.187263,"99.9990":2.211839,"99.9999":2.211839,"100.0000":2.211839},"allocations":{"total_heap":659181527,"minor_heap":624689733,"major_heap":97391802,"promoted_words":62900008,"promoted_pct":10.07},"domain_alloc_stats":{"0":{"total":659181527,"minor":624689733,"promoted":62900008,"major":97391802,"promoted_pct":10.07}},"collections":{"minor":9325,"major":3633,"forced_major":1116,"compactions":0}}
