{"version":1,"wall_time":3.58,"cpu_time":3.58,"gc_time":0.99,"gc_overhead":27.63,"max_rss_kb":313476,"domain_stats":{"0":{"wall_time":3.58,"gc_time":0.99,"gc_overhead":27.63}},"mean_latency":0.291662,"stddev_latency":0.462789,"min_latency":0.0,"max_latency":4.677631,"distr_latency":{"25.0000":0.044767,"50.0000":0.123839,"60.0000":0.178559,"70.0000":0.299263,"75.0000":0.344575,"80.0000":0.419583,"85.0000":0.519423,"90.0000":0.690175,"95.0000":1.148927,"96.0000":1.339391,"97.0000":1.574911,"98.0000":2.011135,"99.0000":2.238463,"99.9000":3.610623,"99.9900":4.677631,"99.9990":4.677631,"99.9999":4.677631,"100.0000":4.677631},"allocations":{"total_heap":434024474,"minor_heap":418037212,"major_heap":138956832,"promoted_words":122969570,"promoted_pct":29.42},"domain_alloc_stats":{"0":{"total":434024474,"minor":418037212,"promoted":122969570,"major":138956832,"promoted_pct":29.42}},"collections":{"minor":1636,"major":47,"forced_major":0,"compactions":0}}
{"version":1,"wall_time":3.57,"cpu_time":3.57,"gc_time":0.99,"gc_overhead":27.86,"max_rss_kb":313428,"domain_stats":{"0":{"wall_time":3.57,"gc_time":0.99,"gc_overhead":27.86}},"mean_latency":0.293066,"stddev_latency":0.464545,"min_latency":0.0,"max_latency":4.689919,"distr_latency":{"25.0000":0.045119,"50.0000":0.124223,"60.0000":0.178303,"70.0000":0.300031,"75.0000":0.344063,"80.0000":0.418815,"85.0000":0.524799,"90.0000":0.692735,"95.0000":1.153023,"96.0000":1.342463,"97.0000":1.579007,"98.0000":1.999871,"99.0000":2.258943,"99.9000":3.594239,"99.9900":4.689919,"99.9990":4.689919,"99.9999":4.689919,"100.0000":4.689919},"allocations":{"total_heap":434024474,"minor_heap":418037212,"major_heap":138956832,"promoted_words":122969570,"promoted_pct":29.42},"domain_alloc_stats":{"0":{"total":434024474,"minor":418037212,"promoted":122969570,"major":138956832,"promoted_pct":29.42}},"collections":{"minor":1636,"major":47,"forced_major":0,"compactions":0}}
{"version":1,"wall_time":3.58,"cpu_time":3.58,"gc_time":0.99,"gc_overhead":27.65,"max_rss_kb":313496,"domain_stats":{"0":{"wall_time":3.58,"gc_time":0.99,"gc_overhead":27.65}},"mean_latency":0.291821,"stddev_latency":0.460567,"min_latency":0.0,"max_latency":4.706303,"distr_latency":{"25.0000":0.045215,"50.0000":0.125503,"60.0000":0.177023,"70.0000":0.294143,"75.0000":0.345855,"80.0000":0.422399,"85.0000":0.525311,"90.0000":0.691199,"95.0000":1.150975,"96.0000":1.334271,"97.0000":1.557503,"98.0000":1.994751,"99.0000":2.250751,"99.9000":3.508223,"99.9900":4.706303,"99.9990":4.706303,"99.9999":4.706303,"100.0000":4.706303},"allocations":{"total_heap":434024474,"minor_heap":418037212,"major_heap":138956832,"promoted_words":122969570,"promoted_pct":29.42},"domain_alloc_stats":{"0":{"total":434024474,"minor":418037212,"promoted":122969570,"major":138956832,"promoted_pct":29.42}},"collections":{"minor":1636,"major":47,"forced_major":0,"compactions":0}}
