{"version":1,"wall_time":6.91,"cpu_time":6.91,"gc_time":5.86,"gc_overhead":84.8,"max_rss_kb":159664,"domain_stats":{"0":{"wall_time":6.91,"gc_time":5.86,"gc_overhead":84.8}},"mean_latency":0.24424,"stddev_latency":0.3888,"min_latency":0.0,"max_latency":4.804607,"distr_latency":{"25.0000":0.000287,"50.0000":0.000335,"60.0000":0.009695,"70.0000":0.203519,"75.0000":0.492031,"80.0000":0.776191,"85.0000":0.866815,"90.0000":0.892927,"95.0000":0.982015,"96.0000":0.985087,"97.0000":0.988671,"98.0000":0.994815,"99.0000":1.186815,"99.9000":1.648639,"99.9900":1.662975,"99.9990":4.804607,"99.9999":4.804607,"100.0000":4.804607},"allocations":{"total_heap":14037969,"minor_heap":300702,"major_heap":13737835,"promoted_words":568,"promoted_pct":0.19},"domain_alloc_stats":{"0":{"total":14037969,"minor":300702,"promoted":568,"major":13737835,"promoted_pct":0.19}},"collections":{"minor":1960,"major":1960,"forced_major":0,"compactions":0}}
{"version":1,"wall_time":6.87,"cpu_time":6.87,"gc_time":5.82,"gc_overhead":84.7,"max_rss_kb":159172,"domain_stats":{"0":{"wall_time":6.87,"gc_time":5.82,"gc_overhead":84.7}},"mean_latency":0.242535,"stddev_latency":0.385116,"min_latency":0.0,"max_latency":3.057663,"distr_latency":{"25.0000":0.000287,"50.0000":0.000327,"60.0000":0.009623,"70.0000":0.203519,"75.0000":0.488703,"80.0000":0.766975,"85.0000":0.865791,"90.0000":0.890367,"95.0000":0.979967,"96.0000":0.984063,"97.0000":0.989183,"98.0000":0.996863,"99.0000":1.018879,"99.9000":1.650687,"99.9900":1.658879,"99.9990":3.057663,"99.9999":3.057663,"100.0000":3.057663},"allocations":{"total_heap":14037969,"minor_heap":300702,"major_heap":13737835,"promoted_words":568,"promoted_pct":0.19},"domain_alloc_stats":{"0":{"total":14037969,"minor":300702,"promoted":568,"major":13737835,"promoted_pct":0.19}},"collections":{"minor":1960,"major":1960,"forced_major":0,"compactions":0}}
{"version":1,"wall_time":6.82,"cpu_time":6.82,"gc_time":5.76,"gc_overhead":84.42,"max_rss_kb":160044,"domain_stats":{"0":{"wall_time":6.82,"gc_time":5.76,"gc_overhead":84.42}},"mean_latency":0.240116,"stddev_latency":0.38063,"min_latency":0.0,"max_latency":3.252223,"distr_latency":{"25.0000":0.000287,"50.0000":0.000351,"60.0000":0.009591,"70.0000":0.203391,"75.0000":0.483839,"80.0000":0.764415,"85.0000":0.856063,"90.0000":0.884223,"95.0000":0.969727,"96.0000":0.973823,"97.0000":0.978943,"98.0000":0.988159,"99.0000":1.009663,"99.9000":1.649663,"99.9900":1.657855,"99.9990":3.252223,"99.9999":3.252223,"100.0000":3.252223},"allocations":{"total_heap":14037969,"minor_heap":300702,"major_heap":13737835,"promoted_words":568,"promoted_pct":0.19},"domain_alloc_stats":{"0":{"total":14037969,"minor":300702,"promoted":568,"major":13737835,"promoted_pct":0.19}},"collections":{"minor":1960,"major":1960,"forced_major":0,"compactions":0}}
