{"version":1,"wall_time":10.95,"cpu_time":10.95,"gc_time":10.67,"gc_overhead":97.47,"max_rss_kb":121936,"domain_stats":{"0":{"wall_time":10.95,"gc_time":10.67,"gc_overhead":97.47}},"mean_latency":0.256841,"stddev_latency":0.391956,"min_latency":0.0,"max_latency":2.988031,"distr_latency":{"25.0000":0.000287,"50.0000":0.000335,"60.0000":0.009263,"70.0000":0.350463,"75.0000":0.630271,"80.0000":0.795135,"85.0000":0.803839,"90.0000":0.810495,"95.0000":1.087487,"96.0000":1.136639,"97.0000":1.144831,"98.0000":1.151999,"99.0000":1.162239,"99.9000":1.974271,"99.9900":1.986559,"99.9990":2.988031,"99.9999":2.988031,"100.0000":2.988031},"allocations":{"total_heap":13497978,"minor_heap":120699,"major_heap":13377826,"promoted_words":547,"promoted_pct":0.45},"domain_alloc_stats":{"0":{"total":13497978,"minor":120699,"promoted":547,"major":13377826,"promoted_pct":0.45}},"collections":{"minor":3773,"major":3773,"forced_major":0,"compactions":0}}
{"version":1,"wall_time":11.12,"cpu_time":11.12,"gc_time":10.84,"gc_overhead":97.51,"max_rss_kb":121976,"domain_stats":{"0":{"wall_time":11.12,"gc_time":10.84,"gc_overhead":97.51}},"mean_latency":0.260895,"stddev_latency":0.399755,"min_latency":0.0,"max_latency":4.009983,"distr_latency":{"25.0000":0.000287,"50.0000":0.000335,"60.0000":0.007311,"70.0000":0.350719,"75.0000":0.640511,"80.0000":0.795647,"85.0000":0.804351,"90.0000":0.812543,"95.0000":1.089535,"96.0000":1.143807,"97.0000":1.151999,"98.0000":1.158143,"99.0000":1.294335,"99.9000":1.851391,"99.9900":1.989631,"99.9990":4.009983,"99.9999":4.009983,"100.0000":4.009983},"allocations":{"total_heap":13497978,"minor_heap":120699,"major_heap":13377826,"promoted_words":547,"promoted_pct":0.45},"domain_alloc_stats":{"0":{"total":13497978,"minor":120699,"promoted":547,"major":13377826,"promoted_pct":0.45}},"collections":{"minor":3773,"major":3773,"forced_major":0,"compactions":0}}
{"version":1,"wall_time":11.36,"cpu_time":11.36,"gc_time":11.09,"gc_overhead":97.56,"max_rss_kb":121952,"domain_stats":{"0":{"wall_time":11.36,"gc_time":11.09,"gc_overhead":97.56}},"mean_latency":0.2668,"stddev_latency":0.410512,"min_latency":0.0,"max_latency":3.084287,"distr_latency":{"25.0000":0.000287,"50.0000":0.000343,"60.0000":0.008991,"70.0000":0.356351,"75.0000":0.650239,"80.0000":0.787455,"85.0000":0.801791,"90.0000":0.816127,"95.0000":1.136639,"96.0000":1.146879,"97.0000":1.155071,"98.0000":1.170431,"99.0000":1.391615,"99.9000":1.978367,"99.9900":1.995775,"99.9990":3.084287,"99.9999":3.084287,"100.0000":3.084287},"allocations":{"total_heap":13497978,"minor_heap":120699,"major_heap":13377826,"promoted_words":547,"promoted_pct":0.45},"domain_alloc_stats":{"0":{"total":13497978,"minor":120699,"promoted":547,"major":13377826,"promoted_pct":0.45}},"collections":{"minor":3773,"major":3773,"forced_major":0,"compactions":0}}
