{"version":1,"wall_time":6.26,"cpu_time":6.26,"gc_time":4.99,"gc_overhead":79.71,"max_rss_kb":72692,"domain_stats":{"0":{"wall_time":6.26,"gc_time":4.99,"gc_overhead":79.71}},"mean_latency":0.573286,"stddev_latency":0.628211,"min_latency":0.0,"max_latency":2.189311,"distr_latency":{"25.0000":0.004327,"50.0000":0.176895,"60.0000":0.449279,"70.0000":1.332223,"75.0000":1.342463,"80.0000":1.350655,"85.0000":1.359871,"90.0000":1.369087,"95.0000":1.381375,"96.0000":1.385471,"97.0000":1.390591,"98.0000":1.398783,"99.0000":1.445887,"99.9000":2.119679,"99.9900":2.164735,"99.9990":2.189311,"99.9999":2.189311,"100.0000":2.189311},"allocations":{"total_heap":659181529,"minor_heap":624689735,"major_heap":97372376,"promoted_words":62880582,"promoted_pct":10.07},"domain_alloc_stats":{"0":{"total":659181529,"minor":624689735,"promoted":62880582,"major":97372376,"promoted_pct":10.07}},"collections":{"minor":9149,"major":3538,"forced_major":1116,"compactions":0}}
{"version":1,"wall_time":6.21,"cpu_time":6.21,"gc_time":4.92,"gc_overhead":79.34,"max_rss_kb":72548,"domain_stats":{"0":{"wall_time":6.21,"gc_time":4.92,"gc_overhead":79.34}},"mean_latency":0.565366,"stddev_latency":0.619085,"min_latency":0.0,"max_latency":2.289663,"distr_latency":{"25.0000":0.004287,"50.0000":0.176511,"60.0000":0.439807,"70.0000":1.310719,"75.0000":1.320959,"80.0000":1.330175,"85.0000":1.339391,"90.0000":1.348607,"95.0000":1.361919,"96.0000":1.367039,"97.0000":1.371135,"98.0000":1.383423,"99.0000":1.429503,"99.9000":2.115583,"99.9900":2.209791,"99.9990":2.289663,"99.9999":2.289663,"100.0000":2.289663},"allocations":{"total_heap":659181535,"minor_heap":624689741,"major_heap":97372376,"promoted_words":62880582,"promoted_pct":10.07},"domain_alloc_stats":{"0":{"total":659181535,"minor":624689741,"promoted":62880582,"major":97372376,"promoted_pct":10.07}},"collections":{"minor":9149,"major":3538,"forced_major":1116,"compactions":0}}
{"version":1,"wall_time":6.21,"cpu_time":6.21,"gc_time":4.93,"gc_overhead":79.44,"max_rss_kb":72520,"domain_stats":{"0":{"wall_time":6.21,"gc_time":4.93,"gc_overhead":79.44}},"mean_latency":0.566584,"stddev_latency":0.620619,"min_latency":0.0,"max_latency":2.275327,"distr_latency":{"25.0000":0.004231,"50.0000":0.176767,"60.0000":0.447487,"70.0000":1.315839,"75.0000":1.326079,"80.0000":1.334271,"85.0000":1.342463,"90.0000":1.351679,"95.0000":1.363967,"96.0000":1.367039,"97.0000":1.374207,"98.0000":1.383423,"99.0000":1.439743,"99.9000":2.097151,"99.9900":2.168831,"99.9990":2.275327,"99.9999":2.275327,"100.0000":2.275327},"allocations":{"total_heap":659181535,"minor_heap":624689741,"major_heap":97372381,"promoted_words":62880587,"promoted_pct":10.07},"domain_alloc_stats":{"0":{"total":659181535,"minor":624689741,"promoted":62880587,"major":97372381,"promoted_pct":10.07}},"collections":{"minor":9149,"major":3538,"forced_major":1116,"compactions":0}}
