{"version":1,"wall_time":14.06,"cpu_time":14.06,"gc_time":12.3,"gc_overhead":87.47,"max_rss_kb":140140,"domain_stats":{"0":{"wall_time":14.06,"gc_time":12.3,"gc_overhead":87.47}},"mean_latency":0.213533,"stddev_latency":0.486838,"min_latency":0.0,"max_latency":3.444735,"distr_latency":{"25.0000":5.5e-05,"50.0000":0.000303,"60.0000":0.000375,"70.0000":0.004207,"75.0000":0.009335,"80.0000":0.147455,"85.0000":0.663551,"90.0000":0.921087,"95.0000":1.409023,"96.0000":1.543167,"97.0000":1.686527,"98.0000":1.831935,"99.0000":2.041855,"99.9000":2.486271,"99.9900":3.067903,"99.9990":3.272703,"99.9999":3.444735,"100.0000":3.444735},"allocations":{"total_heap":14038036,"minor_heap":300769,"major_heap":13737868,"promoted_words":601,"promoted_pct":0.2},"domain_alloc_stats":{"0":{"total":14038036,"minor":300769,"promoted":601,"major":13737868,"promoted_pct":0.2}},"collections":{"minor":8391,"major":4195,"forced_major":0,"compactions":0}}
{"version":1,"wall_time":14.13,"cpu_time":14.13,"gc_time":12.37,"gc_overhead":87.53,"max_rss_kb":139832,"domain_stats":{"0":{"wall_time":14.13,"gc_time":12.37,"gc_overhead":87.53}},"mean_latency":0.21484,"stddev_latency":0.490416,"min_latency":0.0,"max_latency":3.532799,"distr_latency":{"25.0000":4.7e-05,"50.0000":0.000303,"60.0000":0.000407,"70.0000":0.004167,"75.0000":0.008695,"80.0000":0.150015,"85.0000":0.665599,"90.0000":0.927231,"95.0000":1.417215,"96.0000":1.550335,"97.0000":1.694719,"98.0000":1.847295,"99.0000":2.064383,"99.9000":2.543615,"99.9900":3.026943,"99.9990":3.362815,"99.9999":3.532799,"100.0000":3.532799},"allocations":{"total_heap":14038036,"minor_heap":300769,"major_heap":13737868,"promoted_words":601,"promoted_pct":0.2},"domain_alloc_stats":{"0":{"total":14038036,"minor":300769,"promoted":601,"major":13737868,"promoted_pct":0.2}},"collections":{"minor":8391,"major":4195,"forced_major":0,"compactions":0}}
{"version":1,"wall_time":15.86,"cpu_time":15.86,"gc_time":14.1,"gc_overhead":88.92,"max_rss_kb":139724,"domain_stats":{"0":{"wall_time":15.86,"gc_time":14.1,"gc_overhead":88.92}},"mean_latency":0.244851,"stddev_latency":0.571076,"min_latency":0.0,"max_latency":3.731455,"distr_latency":{"25.0000":4.7e-05,"50.0000":0.000303,"60.0000":0.000383,"70.0000":0.004151,"75.0000":0.008583,"80.0000":0.161919,"85.0000":0.762879,"90.0000":1.121279,"95.0000":1.612799,"96.0000":1.766399,"97.0000":1.947647,"98.0000":2.150399,"99.0000":2.453503,"99.9000":3.368959,"99.9900":3.713023,"99.9990":3.723263,"99.9999":3.731455,"100.0000":3.731455},"allocations":{"total_heap":14038036,"minor_heap":300769,"major_heap":13737868,"promoted_words":601,"promoted_pct":0.2},"domain_alloc_stats":{"0":{"total":14038036,"minor":300769,"promoted":601,"major":13737868,"promoted_pct":0.2}},"collections":{"minor":8391,"major":4195,"forced_major":0,"compactions":0}}
