{"version":1,"wall_time":5.96,"cpu_time":5.96,"gc_time":5.91,"gc_overhead":99.14,"max_rss_kb":116548,"domain_stats":{"0":{"wall_time":5.96,"gc_time":5.91,"gc_overhead":99.14}},"mean_latency":0.194959,"stddev_latency":0.442527,"min_latency":0.0,"max_latency":3.086335,"distr_latency":{"25.0000":0.000111,"50.0000":0.000295,"60.0000":0.000311,"70.0000":0.005711,"75.0000":0.007591,"80.0000":0.025791,"85.0000":0.681983,"90.0000":0.983039,"95.0000":1.265663,"96.0000":1.387519,"97.0000":1.517567,"98.0000":1.649663,"99.0000":1.775615,"99.9000":2.281471,"99.9900":2.719743,"99.9990":3.086335,"99.9999":3.086335,"100.0000":3.086335},"allocations":{"total_heap":14037964,"minor_heap":300697,"major_heap":13737868,"promoted_words":601,"promoted_pct":0.2},"domain_alloc_stats":{"0":{"total":14037964,"minor":300697,"promoted":601,"major":13737868,"promoted_pct":0.2}},"collections":{"minor":4196,"major":2098,"forced_major":0,"compactions":0}}
{"version":1,"wall_time":6.29,"cpu_time":6.29,"gc_time":6.24,"gc_overhead":99.19,"max_rss_kb":116476,"domain_stats":{"0":{"wall_time":6.29,"gc_time":6.24,"gc_overhead":99.19}},"mean_latency":0.205983,"stddev_latency":0.473893,"min_latency":0.0,"max_latency":3.229695,"distr_latency":{"25.0000":0.000111,"50.0000":0.000295,"60.0000":0.000367,"70.0000":0.005775,"75.0000":0.007911,"80.0000":0.025295,"85.0000":0.713215,"90.0000":1.012223,"95.0000":1.364991,"96.0000":1.499135,"97.0000":1.619967,"98.0000":1.759231,"99.0000":1.888255,"99.9000":2.623487,"99.9900":3.119103,"99.9990":3.229695,"99.9999":3.229695,"100.0000":3.229695},"allocations":{"total_heap":14037964,"minor_heap":300697,"major_heap":13737868,"promoted_words":601,"promoted_pct":0.2},"domain_alloc_stats":{"0":{"total":14037964,"minor":300697,"promoted":601,"major":13737868,"promoted_pct":0.2}},"collections":{"minor":4196,"major":2098,"forced_major":0,"compactions":0}}
{"version":1,"wall_time":6.06,"cpu_time":6.06,"gc_time":6.01,"gc_overhead":99.17,"max_rss_kb":116476,"domain_stats":{"0":{"wall_time":6.06,"gc_time":6.01,"gc_overhead":99.17}},"mean_latency":0.198413,"stddev_latency":0.45281,"min_latency":0.0,"max_latency":3.090431,"distr_latency":{"25.0000":0.000111,"50.0000":0.000295,"60.0000":0.000311,"70.0000":0.005735,"75.0000":0.007335,"80.0000":0.025103,"85.0000":0.685567,"90.0000":1.006079,"95.0000":1.302527,"96.0000":1.422335,"97.0000":1.546239,"98.0000":1.690623,"99.0000":1.817599,"99.9000":2.398207,"99.9900":3.035135,"99.9990":3.090431,"99.9999":3.090431,"100.0000":3.090431},"allocations":{"total_heap":14037964,"minor_heap":300697,"major_heap":13737868,"promoted_words":601,"promoted_pct":0.2},"domain_alloc_stats":{"0":{"total":14037964,"minor":300697,"promoted":601,"major":13737868,"promoted_pct":0.2}},"collections":{"minor":4196,"major":2098,"forced_major":0,"compactions":0}}
