{"version":1,"wall_time":6.16,"cpu_time":6.16,"gc_time":4.88,"gc_overhead":79.29,"max_rss_kb":77528,"domain_stats":{"0":{"wall_time":6.16,"gc_time":4.88,"gc_overhead":79.29}},"mean_latency":0.586438,"stddev_latency":0.634935,"min_latency":0.0,"max_latency":2.381823,"distr_latency":{"25.0000":0.008167,"50.0000":0.158335,"60.0000":1.143807,"70.0000":1.330175,"75.0000":1.340415,"80.0000":1.348607,"85.0000":1.356799,"90.0000":1.367039,"95.0000":1.382399,"96.0000":1.387519,"97.0000":1.394687,"98.0000":1.407999,"99.0000":1.485823,"99.9000":2.240511,"99.9900":2.285567,"99.9990":2.381823,"99.9999":2.381823,"100.0000":2.381823},"allocations":{"total_heap":659181141,"minor_heap":624689347,"major_heap":98109326,"promoted_words":63617532,"promoted_pct":10.18},"domain_alloc_stats":{"0":{"total":659181141,"minor":624689347,"promoted":63617532,"major":98109326,"promoted_pct":10.18}},"collections":{"minor":9013,"major":3476,"forced_major":1116,"compactions":0}}
{"version":1,"wall_time":6.19,"cpu_time":6.19,"gc_time":4.91,"gc_overhead":79.34,"max_rss_kb":77512,"domain_stats":{"0":{"wall_time":6.19,"gc_time":4.91,"gc_overhead":79.34}},"mean_latency":0.588464,"stddev_latency":0.637878,"min_latency":0.0,"max_latency":2.375679,"distr_latency":{"25.0000":0.008351,"50.0000":0.158079,"60.0000":0.823295,"70.0000":1.338367,"75.0000":1.348607,"80.0000":1.357823,"85.0000":1.366015,"90.0000":1.375231,"95.0000":1.390591,"96.0000":1.397759,"97.0000":1.405951,"98.0000":1.420287,"99.0000":1.496063,"99.9000":1.994751,"99.9900":2.351103,"99.9990":2.375679,"99.9999":2.375679,"100.0000":2.375679},"allocations":{"total_heap":659181139,"minor_heap":624689345,"major_heap":98109324,"promoted_words":63617530,"promoted_pct":10.18},"domain_alloc_stats":{"0":{"total":659181139,"minor":624689345,"promoted":63617530,"major":98109324,"promoted_pct":10.18}},"collections":{"minor":9013,"major":3476,"forced_major":1116,"compactions":0}}
{"version":1,"wall_time":6.13,"cpu_time":6.13,"gc_time":4.85,"gc_overhead":79.12,"max_rss_kb":77772,"domain_stats":{"0":{"wall_time":6.13,"gc_time":4.85,"gc_overhead":79.12}},"mean_latency":0.582025,"stddev_latency":0.630202,"min_latency":0.0,"max_latency":2.652159,"distr_latency":{"25.0000":0.008311,"50.0000":0.161535,"60.0000":0.827903,"70.0000":1.318911,"75.0000":1.328127,"80.0000":1.337343,"85.0000":1.346559,"90.0000":1.357823,"95.0000":1.374207,"96.0000":1.380351,"97.0000":1.388543,"98.0000":1.405951,"99.0000":1.483775,"99.9000":2.040831,"99.9900":2.506751,"99.9990":2.652159,"99.9999":2.652159,"100.0000":2.652159},"allocations":{"total_heap":659181131,"minor_heap":624689337,"major_heap":98109348,"promoted_words":63617554,"promoted_pct":10.18},"domain_alloc_stats":{"0":{"total":659181131,"minor":624689337,"promoted":63617554,"major":98109348,"promoted_pct":10.18}},"collections":{"minor":9013,"major":3476,"forced_major":1116,"compactions":0}}
