{"version":1,"wall_time":6.03,"cpu_time":6.03,"gc_time":4.75,"gc_overhead":78.71,"max_rss_kb":81576,"domain_stats":{"0":{"wall_time":6.03,"gc_time":4.75,"gc_overhead":78.71}},"mean_latency":0.595081,"stddev_latency":0.641199,"min_latency":0.0,"max_latency":2.291711,"distr_latency":{"25.0000":0.005103,"50.0000":0.158975,"60.0000":1.272831,"70.0000":1.319935,"75.0000":1.329151,"80.0000":1.338367,"85.0000":1.347583,"90.0000":1.356799,"95.0000":1.370111,"96.0000":1.377279,"97.0000":1.384447,"98.0000":1.396735,"99.0000":1.497087,"99.9000":2.220031,"99.9900":2.285567,"99.9990":2.291711,"99.9999":2.291711,"100.0000":2.291711},"allocations":{"total_heap":659182251,"minor_heap":624689341,"major_heap":98136145,"promoted_words":63643235,"promoted_pct":10.19},"domain_alloc_stats":{"0":{"total":659182251,"minor":624689341,"promoted":63643235,"major":98136145,"promoted_pct":10.19}},"collections":{"minor":8950,"major":3410,"forced_major":1116,"compactions":0}}
{"version":1,"wall_time":6.09,"cpu_time":6.09,"gc_time":4.77,"gc_overhead":78.24,"max_rss_kb":81828,"domain_stats":{"0":{"wall_time":6.09,"gc_time":4.77,"gc_overhead":78.24}},"mean_latency":0.596987,"stddev_latency":0.642765,"min_latency":0.0,"max_latency":2.283519,"distr_latency":{"25.0000":0.005343,"50.0000":0.160511,"60.0000":1.276927,"70.0000":1.327103,"75.0000":1.334271,"80.0000":1.341439,"85.0000":1.349631,"90.0000":1.357823,"95.0000":1.371135,"96.0000":1.375231,"97.0000":1.382399,"98.0000":1.393663,"99.0000":1.507327,"99.9000":2.205695,"99.9900":2.279423,"99.9990":2.283519,"99.9999":2.283519,"100.0000":2.283519},"allocations":{"total_heap":659182255,"minor_heap":624689345,"major_heap":98136152,"promoted_words":63643242,"promoted_pct":10.19},"domain_alloc_stats":{"0":{"total":659182255,"minor":624689345,"promoted":63643242,"major":98136152,"promoted_pct":10.19}},"collections":{"minor":8950,"major":3410,"forced_major":1116,"compactions":0}}
{"version":1,"wall_time":6.08,"cpu_time":6.08,"gc_time":4.79,"gc_overhead":78.81,"max_rss_kb":81180,"domain_stats":{"0":{"wall_time":6.08,"gc_time":4.79,"gc_overhead":78.81}},"mean_latency":0.600342,"stddev_latency":0.646956,"min_latency":0.0,"max_latency":2.312191,"distr_latency":{"25.0000":0.005247,"50.0000":0.159871,"60.0000":1.290239,"70.0000":1.330175,"75.0000":1.340415,"80.0000":1.348607,"85.0000":1.357823,"90.0000":1.369087,"95.0000":1.386495,"96.0000":1.392639,"97.0000":1.400831,"98.0000":1.415167,"99.0000":1.516543,"99.9000":2.236415,"99.9900":2.295807,"99.9990":2.312191,"99.9999":2.312191,"100.0000":2.312191},"allocations":{"total_heap":659182251,"minor_heap":624689341,"major_heap":98136145,"promoted_words":63643235,"promoted_pct":10.19},"domain_alloc_stats":{"0":{"total":659182251,"minor":624689341,"promoted":63643235,"major":98136145,"promoted_pct":10.19}},"collections":{"minor":8950,"major":3410,"forced_major":1116,"compactions":0}}
