{"version":1,"wall_time":2.56,"cpu_time":2.56,"gc_time":0.6,"gc_overhead":23.53,"max_rss_kb":71188,"domain_stats":{"0":{"wall_time":2.56,"gc_time":0.6,"gc_overhead":23.53}},"mean_latency":0.004683,"stddev_latency":0.010536,"min_latency":0.0,"max_latency":0.081343,"distr_latency":{"25.0000":0.000263,"50.0000":0.000271,"60.0000":0.000271,"70.0000":0.000335,"75.0000":0.002055,"80.0000":0.004087,"85.0000":0.010463,"90.0000":0.011495,"95.0000":0.037983,"96.0000":0.038047,"97.0000":0.038687,"98.0000":0.038783,"99.0000":0.038975,"99.9000":0.052031,"99.9900":0.054431,"99.9990":0.080895,"99.9999":0.081343,"100.0000":0.081343},"allocations":{"total_heap":69978787,"minor_heap":68782000,"major_heap":1292190,"promoted_words":95403,"promoted_pct":0.14},"domain_alloc_stats":{"0":{"total":69978787,"minor":68782000,"promoted":95403,"major":1292190,"promoted_pct":0.14}},"collections":{"minor":21660,"major":10826,"forced_major":0,"compactions":0}}
{"version":1,"wall_time":2.59,"cpu_time":2.59,"gc_time":0.65,"gc_overhead":25.13,"max_rss_kb":72472,"domain_stats":{"0":{"wall_time":2.59,"gc_time":0.65,"gc_overhead":25.13}},"mean_latency":0.005073,"stddev_latency":0.011688,"min_latency":0.0,"max_latency":0.068351,"distr_latency":{"25.0000":0.000263,"50.0000":0.000271,"60.0000":0.000271,"70.0000":0.000311,"75.0000":0.002047,"80.0000":0.004223,"85.0000":0.010711,"90.0000":0.011735,"95.0000":0.041631,"96.0000":0.041695,"97.0000":0.042335,"98.0000":0.042431,"99.0000":0.042719,"99.9000":0.045119,"99.9900":0.047327,"99.9990":0.057919,"99.9999":0.068351,"100.0000":0.068351},"allocations":{"total_heap":69978787,"minor_heap":68782000,"major_heap":1292190,"promoted_words":95403,"promoted_pct":0.14},"domain_alloc_stats":{"0":{"total":69978787,"minor":68782000,"promoted":95403,"major":1292190,"promoted_pct":0.14}},"collections":{"minor":21660,"major":10826,"forced_major":0,"compactions":0}}
{"version":1,"wall_time":2.6,"cpu_time":2.6,"gc_time":0.65,"gc_overhead":24.99,"max_rss_kb":71908,"domain_stats":{"0":{"wall_time":2.6,"gc_time":0.65,"gc_overhead":24.99}},"mean_latency":0.005053,"stddev_latency":0.011675,"min_latency":0.0,"max_latency":0.070335,"distr_latency":{"25.0000":0.000263,"50.0000":0.000271,"60.0000":0.000271,"70.0000":0.000311,"75.0000":0.002055,"80.0000":0.004327,"85.0000":0.010447,"90.0000":0.011415,"95.0000":0.041791,"96.0000":0.041855,"97.0000":0.042527,"98.0000":0.042623,"99.0000":0.042847,"99.9000":0.045407,"99.9900":0.050079,"99.9990":0.059391,"99.9999":0.070335,"100.0000":0.070335},"allocations":{"total_heap":69978787,"minor_heap":68782000,"major_heap":1292190,"promoted_words":95403,"promoted_pct":0.14},"domain_alloc_stats":{"0":{"total":69978787,"minor":68782000,"promoted":95403,"major":1292190,"promoted_pct":0.14}},"collections":{"minor":21660,"major":10826,"forced_major":0,"compactions":0}}
