{"version":1,"wall_time":5.04,"cpu_time":5.04,"gc_time":5.0,"gc_overhead":99.28,"max_rss_kb":115252,"domain_stats":{"0":{"wall_time":5.04,"gc_time":5.0,"gc_overhead":99.28}},"mean_latency":0.208584,"stddev_latency":0.336376,"min_latency":0.0,"max_latency":4.825087,"distr_latency":{"25.0000":0.000287,"50.0000":0.000295,"60.0000":0.006383,"70.0000":0.143615,"75.0000":0.413951,"80.0000":0.685567,"85.0000":0.759807,"90.0000":0.780799,"95.0000":0.870399,"96.0000":0.875007,"97.0000":0.879103,"98.0000":0.883711,"99.0000":0.889343,"99.9000":1.456127,"99.9900":1.517567,"99.9990":4.825087,"99.9999":4.825087,"100.0000":4.825087},"allocations":{"total_heap":14037919,"minor_heap":300652,"major_heap":13737835,"promoted_words":568,"promoted_pct":0.19},"domain_alloc_stats":{"0":{"total":14037919,"minor":300652,"promoted":568,"major":13737835,"promoted_pct":0.19}},"collections":{"minor":1796,"major":1796,"forced_major":0,"compactions":0}}
{"version":1,"wall_time":5.04,"cpu_time":5.04,"gc_time":5.01,"gc_overhead":99.28,"max_rss_kb":115240,"domain_stats":{"0":{"wall_time":5.04,"gc_time":5.01,"gc_overhead":99.28}},"mean_latency":0.208839,"stddev_latency":0.336198,"min_latency":0.0,"max_latency":3.985407,"distr_latency":{"25.0000":0.000287,"50.0000":0.000295,"60.0000":0.005567,"70.0000":0.142847,"75.0000":0.417791,"80.0000":0.691711,"85.0000":0.759295,"90.0000":0.779263,"95.0000":0.868863,"96.0000":0.873471,"97.0000":0.877055,"98.0000":0.881663,"99.0000":0.887295,"99.9000":1.465343,"99.9900":1.513471,"99.9990":3.985407,"99.9999":3.985407,"100.0000":3.985407},"allocations":{"total_heap":14037919,"minor_heap":300652,"major_heap":13737835,"promoted_words":568,"promoted_pct":0.19},"domain_alloc_stats":{"0":{"total":14037919,"minor":300652,"promoted":568,"major":13737835,"promoted_pct":0.19}},"collections":{"minor":1796,"major":1796,"forced_major":0,"compactions":0}}
{"version":1,"wall_time":5.05,"cpu_time":5.05,"gc_time":5.02,"gc_overhead":99.31,"max_rss_kb":115176,"domain_stats":{"0":{"wall_time":5.05,"gc_time":5.02,"gc_overhead":99.31}},"mean_latency":0.209344,"stddev_latency":0.337086,"min_latency":0.0,"max_latency":3.360767,"distr_latency":{"25.0000":0.000287,"50.0000":0.000295,"60.0000":0.006215,"70.0000":0.142719,"75.0000":0.417023,"80.0000":0.689663,"85.0000":0.763903,"90.0000":0.777727,"95.0000":0.873983,"96.0000":0.876543,"97.0000":0.879103,"98.0000":0.882175,"99.0000":0.886271,"99.9000":1.501183,"99.9900":1.514495,"99.9990":3.360767,"99.9999":3.360767,"100.0000":3.360767},"allocations":{"total_heap":14037919,"minor_heap":300652,"major_heap":13737835,"promoted_words":568,"promoted_pct":0.19},"domain_alloc_stats":{"0":{"total":14037919,"minor":300652,"promoted":568,"major":13737835,"promoted_pct":0.19}},"collections":{"minor":1796,"major":1796,"forced_major":0,"compactions":0}}
