{"version":1,"wall_time":3.68,"cpu_time":3.68,"gc_time":3.33,"gc_overhead":90.32,"max_rss_kb":187340,"domain_stats":{"0":{"wall_time":3.68,"gc_time":3.33,"gc_overhead":90.32}},"mean_latency":0.277479,"stddev_latency":0.427795,"min_latency":0.0,"max_latency":3.059711,"distr_latency":{"25.0000":0.000287,"50.0000":0.000327,"60.0000":0.012615,"70.0000":0.297471,"75.0000":0.536063,"80.0000":0.815103,"85.0000":1.043967,"90.0000":1.055743,"95.0000":1.064959,"96.0000":1.065983,"97.0000":1.069055,"98.0000":1.075199,"99.0000":1.093631,"99.9000":1.819647,"99.9900":3.026943,"99.9990":3.059711,"99.9999":3.059711,"100.0000":3.059711},"allocations":{"total_heap":14037791,"minor_heap":300524,"major_heap":13737835,"promoted_words":568,"promoted_pct":0.19},"domain_alloc_stats":{"0":{"total":14037791,"minor":300524,"promoted":568,"major":13737835,"promoted_pct":0.19}},"collections":{"minor":1158,"major":1158,"forced_major":0,"compactions":0}}
{"version":1,"wall_time":3.66,"cpu_time":3.66,"gc_time":3.3,"gc_overhead":90.25,"max_rss_kb":187516,"domain_stats":{"0":{"wall_time":3.66,"gc_time":3.3,"gc_overhead":90.25}},"mean_latency":0.275316,"stddev_latency":0.424013,"min_latency":0.0,"max_latency":4.308991,"distr_latency":{"25.0000":0.000287,"50.0000":0.000327,"60.0000":0.012543,"70.0000":0.296447,"75.0000":0.534527,"80.0000":0.811007,"85.0000":1.039871,"90.0000":1.049599,"95.0000":1.056767,"96.0000":1.058815,"97.0000":1.060863,"98.0000":1.063935,"99.0000":1.072127,"99.9000":1.811455,"99.9900":2.762751,"99.9990":4.308991,"99.9999":4.308991,"100.0000":4.308991},"allocations":{"total_heap":14037791,"minor_heap":300524,"major_heap":13737835,"promoted_words":568,"promoted_pct":0.19},"domain_alloc_stats":{"0":{"total":14037791,"minor":300524,"promoted":568,"major":13737835,"promoted_pct":0.19}},"collections":{"minor":1158,"major":1158,"forced_major":0,"compactions":0}}
{"version":1,"wall_time":3.64,"cpu_time":3.64,"gc_time":3.29,"gc_overhead":90.37,"max_rss_kb":187516,"domain_stats":{"0":{"wall_time":3.64,"gc_time":3.29,"gc_overhead":90.37}},"mean_latency":0.274491,"stddev_latency":0.422115,"min_latency":0.0,"max_latency":3.112959,"distr_latency":{"25.0000":0.000287,"50.0000":0.000311,"60.0000":0.012687,"70.0000":0.295935,"75.0000":0.534527,"80.0000":0.808447,"85.0000":1.036799,"90.0000":1.046527,"95.0000":1.053695,"96.0000":1.054719,"97.0000":1.056767,"98.0000":1.060863,"99.0000":1.070079,"99.9000":1.818623,"99.9900":2.760703,"99.9990":3.112959,"99.9999":3.112959,"100.0000":3.112959},"allocations":{"total_heap":14037791,"minor_heap":300524,"major_heap":13737835,"promoted_words":568,"promoted_pct":0.19},"domain_alloc_stats":{"0":{"total":14037791,"minor":300524,"promoted":568,"major":13737835,"promoted_pct":0.19}},"collections":{"minor":1158,"major":1158,"forced_major":0,"compactions":0}}
