{"version":1,"wall_time":2.55,"cpu_time":2.55,"gc_time":0.52,"gc_overhead":20.19,"max_rss_kb":129176,"domain_stats":{"0":{"wall_time":2.55,"gc_time":0.52,"gc_overhead":20.19}},"mean_latency":0.002035,"stddev_latency":0.002134,"min_latency":0.0,"max_latency":0.051423,"distr_latency":{"25.0000":3.1e-05,"50.0000":0.001951,"60.0000":0.002031,"70.0000":0.002751,"75.0000":0.003847,"80.0000":0.004207,"85.0000":0.004303,"90.0000":0.004527,"95.0000":0.005175,"96.0000":0.005951,"97.0000":0.006935,"98.0000":0.007927,"99.0000":0.009127,"99.9000":0.012287,"99.9900":0.017423,"99.9990":0.025695,"99.9999":0.051423,"100.0000":0.051423},"allocations":{"total_heap":3994359349,"minor_heap":4706260,"major_heap":3989860330,"promoted_words":207241,"promoted_pct":4.4},"domain_alloc_stats":{"0":{"total":3994359349,"minor":4706260,"promoted":207241,"major":3989860330,"promoted_pct":4.4}},"collections":{"minor":106784,"major":53387,"forced_major":0,"compactions":0}}
{"version":1,"wall_time":2.54,"cpu_time":2.54,"gc_time":0.51,"gc_overhead":20.06,"max_rss_kb":129752,"domain_stats":{"0":{"wall_time":2.54,"gc_time":0.51,"gc_overhead":20.06}},"mean_latency":0.002013,"stddev_latency":0.002117,"min_latency":0.0,"max_latency":0.028255,"distr_latency":{"25.0000":3.1e-05,"50.0000":0.001967,"60.0000":0.002047,"70.0000":0.002735,"75.0000":0.003623,"80.0000":0.004167,"85.0000":0.004255,"90.0000":0.004487,"95.0000":0.005127,"96.0000":0.005903,"97.0000":0.006943,"98.0000":0.007975,"99.0000":0.009143,"99.9000":0.012407,"99.9900":0.018623,"99.9990":0.024095,"99.9999":0.028255,"100.0000":0.028255},"allocations":{"total_heap":3994359349,"minor_heap":4706260,"major_heap":3989860330,"promoted_words":207241,"promoted_pct":4.4},"domain_alloc_stats":{"0":{"total":3994359349,"minor":4706260,"promoted":207241,"major":3989860330,"promoted_pct":4.4}},"collections":{"minor":106784,"major":53387,"forced_major":0,"compactions":0}}
{"version":1,"wall_time":2.56,"cpu_time":2.56,"gc_time":0.52,"gc_overhead":20.44,"max_rss_kb":129660,"domain_stats":{"0":{"wall_time":2.56,"gc_time":0.52,"gc_overhead":20.44}},"mean_latency":0.002061,"stddev_latency":0.00217,"min_latency":0.0,"max_latency":0.040159,"distr_latency":{"25.0000":3.1e-05,"50.0000":0.001967,"60.0000":0.002047,"70.0000":0.002783,"75.0000":0.004031,"80.0000":0.004247,"85.0000":0.004351,"90.0000":0.004623,"95.0000":0.005287,"96.0000":0.006047,"97.0000":0.007071,"98.0000":0.008111,"99.0000":0.009327,"99.9000":0.012583,"99.9900":0.016863,"99.9990":0.022623,"99.9999":0.040159,"100.0000":0.040159},"allocations":{"total_heap":3994359349,"minor_heap":4706260,"major_heap":3989860330,"promoted_words":207241,"promoted_pct":4.4},"domain_alloc_stats":{"0":{"total":3994359349,"minor":4706260,"promoted":207241,"major":3989860330,"promoted_pct":4.4}},"collections":{"minor":106784,"major":53387,"forced_major":0,"compactions":0}}
