{"version":1,"wall_time":3.3,"cpu_time":3.3,"gc_time":3.26,"gc_overhead":98.72,"max_rss_kb":111648,"domain_stats":{"0":{"wall_time":3.3,"gc_time":3.26,"gc_overhead":98.72}},"mean_latency":0.21068,"stddev_latency":0.490809,"min_latency":0.0,"max_latency":4.081663,"distr_latency":{"25.0000":0.000111,"50.0000":0.000295,"60.0000":0.000367,"70.0000":0.006143,"75.0000":0.007343,"80.0000":0.025775,"85.0000":0.630271,"90.0000":1.055743,"95.0000":1.439743,"96.0000":1.572863,"97.0000":1.708031,"98.0000":1.852415,"99.0000":1.998847,"99.9000":2.478079,"99.9900":2.916351,"99.9990":4.081663,"99.9999":4.081663,"100.0000":4.081663},"allocations":{"total_heap":14037986,"minor_heap":300719,"major_heap":13737868,"promoted_words":601,"promoted_pct":0.2},"domain_alloc_stats":{"0":{"total":14037986,"minor":300719,"promoted":601,"major":13737868,"promoted_pct":0.2}},"collections":{"minor":2313,"major":1156,"forced_major":0,"compactions":0}}
{"version":1,"wall_time":3.45,"cpu_time":3.45,"gc_time":3.41,"gc_overhead":98.77,"max_rss_kb":111728,"domain_stats":{"0":{"wall_time":3.45,"gc_time":3.41,"gc_overhead":98.77}},"mean_latency":0.220576,"stddev_latency":0.518204,"min_latency":0.0,"max_latency":3.344383,"distr_latency":{"25.0000":0.000103,"50.0000":0.000295,"60.0000":0.000311,"70.0000":0.006311,"75.0000":0.007471,"80.0000":0.025023,"85.0000":0.670207,"90.0000":1.059839,"95.0000":1.506303,"96.0000":1.651711,"97.0000":1.786879,"98.0000":1.918975,"99.0000":2.066431,"99.9000":2.977791,"99.9900":3.291135,"99.9990":3.344383,"99.9999":3.344383,"100.0000":3.344383},"allocations":{"total_heap":14037986,"minor_heap":300719,"major_heap":13737868,"promoted_words":601,"promoted_pct":0.2},"domain_alloc_stats":{"0":{"total":14037986,"minor":300719,"promoted":601,"major":13737868,"promoted_pct":0.2}},"collections":{"minor":2313,"major":1156,"forced_major":0,"compactions":0}}
{"version":1,"wall_time":3.29,"cpu_time":3.29,"gc_time":3.25,"gc_overhead":98.71,"max_rss_kb":111740,"domain_stats":{"0":{"wall_time":3.29,"gc_time":3.25,"gc_overhead":98.71}},"mean_latency":0.210161,"stddev_latency":0.487902,"min_latency":0.0,"max_latency":3.274751,"distr_latency":{"25.0000":0.000103,"50.0000":0.000295,"60.0000":0.000375,"70.0000":0.006375,"75.0000":0.007591,"80.0000":0.025711,"85.0000":0.640511,"90.0000":1.058815,"95.0000":1.422335,"96.0000":1.549311,"97.0000":1.694719,"98.0000":1.826815,"99.0000":1.978367,"99.9000":2.527231,"99.9900":3.018751,"99.9990":3.274751,"99.9999":3.274751,"100.0000":3.274751},"allocations":{"total_heap":14037986,"minor_heap":300719,"major_heap":13737868,"promoted_words":601,"promoted_pct":0.2},"domain_alloc_stats":{"0":{"total":14037986,"minor":300719,"promoted":601,"major":13737868,"promoted_pct":0.2}},"collections":{"minor":2313,"major":1156,"forced_major":0,"compactions":0}}
