{"version":1,"wall_time":3.0,"cpu_time":3.0,"gc_time":2.73,"gc_overhead":91.13,"max_rss_kb":111776,"domain_stats":{"0":{"wall_time":3.0,"gc_time":2.73,"gc_overhead":91.13}},"mean_latency":0.227186,"stddev_latency":0.364987,"min_latency":0.0,"max_latency":3.061759,"distr_latency":{"25.0000":0.000287,"50.0000":0.000311,"60.0000":0.006807,"70.0000":0.173055,"75.0000":0.451071,"80.0000":0.723455,"85.0000":0.885759,"90.0000":0.892927,"95.0000":0.898047,"96.0000":0.899071,"97.0000":0.900607,"98.0000":0.902143,"99.0000":0.905215,"99.9000":1.542143,"99.9900":2.768895,"99.9990":3.061759,"99.9999":3.061759,"100.0000":3.061759},"allocations":{"total_heap":13497900,"minor_heap":120651,"major_heap":13377796,"promoted_words":547,"promoted_pct":0.45},"domain_alloc_stats":{"0":{"total":13497900,"minor":120651,"promoted":547,"major":13377796,"promoted_pct":0.45}},"collections":{"minor":984,"major":984,"forced_major":0,"compactions":0}}
{"version":1,"wall_time":3.0,"cpu_time":3.0,"gc_time":2.73,"gc_overhead":91.14,"max_rss_kb":111804,"domain_stats":{"0":{"wall_time":3.0,"gc_time":2.73,"gc_overhead":91.14}},"mean_latency":0.227483,"stddev_latency":0.366735,"min_latency":0.0,"max_latency":3.725311,"distr_latency":{"25.0000":0.000287,"50.0000":0.000327,"60.0000":0.006743,"70.0000":0.171647,"75.0000":0.449535,"80.0000":0.727551,"85.0000":0.881663,"90.0000":0.890367,"95.0000":0.895999,"96.0000":0.897535,"97.0000":0.898559,"98.0000":0.900607,"99.0000":0.904703,"99.9000":1.544191,"99.9900":3.647487,"99.9990":3.725311,"99.9999":3.725311,"100.0000":3.725311},"allocations":{"total_heap":13497900,"minor_heap":120651,"major_heap":13377796,"promoted_words":547,"promoted_pct":0.45},"domain_alloc_stats":{"0":{"total":13497900,"minor":120651,"promoted":547,"major":13377796,"promoted_pct":0.45}},"collections":{"minor":984,"major":984,"forced_major":0,"compactions":0}}
{"version":1,"wall_time":3.0,"cpu_time":3.0,"gc_time":2.74,"gc_overhead":91.13,"max_rss_kb":111792,"domain_stats":{"0":{"wall_time":3.0,"gc_time":2.74,"gc_overhead":91.13}},"mean_latency":0.227564,"stddev_latency":0.365715,"min_latency":0.0,"max_latency":3.102719,"distr_latency":{"25.0000":0.000287,"50.0000":0.000327,"60.0000":0.006647,"70.0000":0.175359,"75.0000":0.449535,"80.0000":0.726527,"85.0000":0.882687,"90.0000":0.890879,"95.0000":0.896511,"96.0000":0.898047,"97.0000":0.899583,"98.0000":0.901631,"99.0000":0.908799,"99.9000":1.542143,"99.9900":2.799615,"99.9990":3.102719,"99.9999":3.102719,"100.0000":3.102719},"allocations":{"total_heap":13497900,"minor_heap":120651,"major_heap":13377796,"promoted_words":547,"promoted_pct":0.45},"domain_alloc_stats":{"0":{"total":13497900,"minor":120651,"promoted":547,"major":13377796,"promoted_pct":0.45}},"collections":{"minor":984,"major":984,"forced_major":0,"compactions":0}}
