{"version":1,"wall_time":1.13,"cpu_time":1.13,"gc_time":1.11,"gc_overhead":97.82,"max_rss_kb":112364,"domain_stats":{"0":{"wall_time":1.13,"gc_time":1.11,"gc_overhead":97.82}},"mean_latency":0.191098,"stddev_latency":0.309653,"min_latency":0.0,"max_latency":3.153919,"distr_latency":{"25.0000":0.000287,"50.0000":0.000295,"60.0000":0.003983,"70.0000":0.104959,"75.0000":0.380927,"80.0000":0.652799,"85.0000":0.730111,"90.0000":0.737791,"95.0000":0.764415,"96.0000":0.766975,"97.0000":0.770559,"98.0000":0.774143,"99.0000":0.778751,"99.9000":1.266687,"99.9900":1.358847,"99.9990":3.153919,"99.9999":3.153919,"100.0000":3.153919},"allocations":{"total_heap":14037818,"minor_heap":300600,"major_heap":13737786,"promoted_words":568,"promoted_pct":0.19},"domain_alloc_stats":{"0":{"total":14037818,"minor":300600,"promoted":568,"major":13737786,"promoted_pct":0.19}},"collections":{"minor":397,"major":397,"forced_major":0,"compactions":0}}
{"version":1,"wall_time":1.14,"cpu_time":1.14,"gc_time":1.11,"gc_overhead":97.85,"max_rss_kb":112364,"domain_stats":{"0":{"wall_time":1.14,"gc_time":1.11,"gc_overhead":97.85}},"mean_latency":0.191508,"stddev_latency":0.31045,"min_latency":0.0,"max_latency":3.164159,"distr_latency":{"25.0000":0.000287,"50.0000":0.000295,"60.0000":0.004007,"70.0000":0.107903,"75.0000":0.382975,"80.0000":0.655871,"85.0000":0.730111,"90.0000":0.737791,"95.0000":0.764415,"96.0000":0.767487,"97.0000":0.770559,"98.0000":0.774143,"99.0000":0.780287,"99.9000":1.325055,"99.9900":1.334271,"99.9990":3.164159,"99.9999":3.164159,"100.0000":3.164159},"allocations":{"total_heap":14037818,"minor_heap":300600,"major_heap":13737786,"promoted_words":568,"promoted_pct":0.19},"domain_alloc_stats":{"0":{"total":14037818,"minor":300600,"promoted":568,"major":13737786,"promoted_pct":0.19}},"collections":{"minor":397,"major":397,"forced_major":0,"compactions":0}}
{"version":1,"wall_time":1.14,"cpu_time":1.14,"gc_time":1.12,"gc_overhead":97.88,"max_rss_kb":112332,"domain_stats":{"0":{"wall_time":1.14,"gc_time":1.12,"gc_overhead":97.88}},"mean_latency":0.192769,"stddev_latency":0.313455,"min_latency":0.0,"max_latency":3.491839,"distr_latency":{"25.0000":0.000287,"50.0000":0.000295,"60.0000":0.003951,"70.0000":0.106687,"75.0000":0.382975,"80.0000":0.660991,"85.0000":0.732159,"90.0000":0.738815,"95.0000":0.765951,"96.0000":0.769535,"97.0000":0.771583,"98.0000":0.775167,"99.0000":0.781823,"99.9000":1.325055,"99.9900":1.334271,"99.9990":3.491839,"99.9999":3.491839,"100.0000":3.491839},"allocations":{"total_heap":14037818,"minor_heap":300600,"major_heap":13737786,"promoted_words":568,"promoted_pct":0.19},"domain_alloc_stats":{"0":{"total":14037818,"minor":300600,"promoted":568,"major":13737786,"promoted_pct":0.19}},"collections":{"minor":397,"major":397,"forced_major":0,"compactions":0}}
