{"version":1,"wall_time":13.05,"cpu_time":13.05,"gc_time":10.67,"gc_overhead":81.74,"max_rss_kb":286940,"domain_stats":{"0":{"wall_time":13.05,"gc_time":10.67,"gc_overhead":81.74}},"mean_latency":0.023937,"stddev_latency":0.023749,"min_latency":0.0,"max_latency":0.184319,"distr_latency":{"25.0000":4.7e-05,"50.0000":0.005671,"60.0000":0.046751,"70.0000":0.047935,"75.0000":0.049503,"80.0000":0.049951,"85.0000":0.050239,"90.0000":0.050751,"95.0000":0.051551,"96.0000":0.051839,"97.0000":0.052127,"98.0000":0.052543,"99.0000":0.053247,"99.9000":0.064543,"99.9900":0.071359,"99.9990":0.077247,"99.9999":0.184319,"100.0000":0.184319},"allocations":{"total_heap":69978853,"minor_heap":68782058,"major_heap":2270447,"promoted_words":1073652,"promoted_pct":1.56},"domain_alloc_stats":{"0":{"total":69978853,"minor":68782058,"promoted":1073652,"major":2270447,"promoted_pct":1.56}},"collections":{"minor":210256,"major":210256,"forced_major":0,"compactions":0}}
{"version":1,"wall_time":13.18,"cpu_time":13.18,"gc_time":10.79,"gc_overhead":81.89,"max_rss_kb":286812,"domain_stats":{"0":{"wall_time":13.18,"gc_time":10.79,"gc_overhead":81.89}},"mean_latency":0.024204,"stddev_latency":0.024041,"min_latency":0.0,"max_latency":0.221567,"distr_latency":{"25.0000":4.7e-05,"50.0000":0.005615,"60.0000":0.047231,"70.0000":0.048639,"75.0000":0.049951,"80.0000":0.050591,"85.0000":0.051039,"90.0000":0.051455,"95.0000":0.052191,"96.0000":0.052415,"97.0000":0.052703,"98.0000":0.053119,"99.0000":0.053823,"99.9000":0.065663,"99.9900":0.079423,"99.9990":0.104255,"99.9999":0.221567,"100.0000":0.221567},"allocations":{"total_heap":69978853,"minor_heap":68782058,"major_heap":2270447,"promoted_words":1073652,"promoted_pct":1.56},"domain_alloc_stats":{"0":{"total":69978853,"minor":68782058,"promoted":1073652,"major":2270447,"promoted_pct":1.56}},"collections":{"minor":210256,"major":210256,"forced_major":0,"compactions":0}}
{"version":1,"wall_time":12.91,"cpu_time":12.91,"gc_time":10.57,"gc_overhead":81.91,"max_rss_kb":286856,"domain_stats":{"0":{"wall_time":12.91,"gc_time":10.57,"gc_overhead":81.91}},"mean_latency":0.023713,"stddev_latency":0.023535,"min_latency":0.0,"max_latency":0.217215,"distr_latency":{"25.0000":4.7e-05,"50.0000":0.005671,"60.0000":0.045279,"70.0000":0.047935,"75.0000":0.048319,"80.0000":0.048799,"85.0000":0.049695,"90.0000":0.051071,"95.0000":0.051871,"96.0000":0.052095,"97.0000":0.052479,"98.0000":0.052863,"99.0000":0.053567,"99.9000":0.068031,"99.9900":0.076479,"99.9990":0.085311,"99.9999":0.217215,"100.0000":0.217215},"allocations":{"total_heap":69978853,"minor_heap":68782058,"major_heap":2270447,"promoted_words":1073652,"promoted_pct":1.56},"domain_alloc_stats":{"0":{"total":69978853,"minor":68782058,"promoted":1073652,"major":2270447,"promoted_pct":1.56}},"collections":{"minor":210256,"major":210256,"forced_major":0,"compactions":0}}
