{"version":1,"wall_time":14.19,"cpu_time":14.19,"gc_time":3.82,"gc_overhead":26.89,"max_rss_kb":466928,"domain_stats":{"0":{"wall_time":14.19,"gc_time":3.82,"gc_overhead":26.89}},"mean_latency":0.207229,"stddev_latency":0.363974,"min_latency":0.0,"max_latency":5.492735,"distr_latency":{"25.0000":0.042911,"50.0000":0.086911,"60.0000":0.113855,"70.0000":0.167679,"75.0000":0.222847,"80.0000":0.304895,"85.0000":0.387583,"90.0000":0.479231,"95.0000":0.688639,"96.0000":0.806399,"97.0000":1.032703,"98.0000":1.484799,"99.0000":1.899519,"99.9000":4.050943,"99.9900":5.103615,"99.9990":5.492735,"99.9999":5.492735,"100.0000":5.492735},"allocations":{"total_heap":2410430056,"minor_heap":2361725845,"major_heap":435869687,"promoted_words":387165476,"promoted_pct":16.39},"domain_alloc_stats":{"0":{"total":2410430056,"minor":2361725845,"promoted":387165476,"major":435869687,"promoted_pct":16.39}},"collections":{"minor":9085,"major":110,"forced_major":0,"compactions":0}}
{"version":1,"wall_time":14.21,"cpu_time":14.21,"gc_time":3.79,"gc_overhead":26.69,"max_rss_kb":466848,"domain_stats":{"0":{"wall_time":14.21,"gc_time":3.79,"gc_overhead":26.69}},"mean_latency":0.205947,"stddev_latency":0.361608,"min_latency":0.0,"max_latency":5.431295,"distr_latency":{"25.0000":0.042559,"50.0000":0.086271,"60.0000":0.112831,"70.0000":0.166399,"75.0000":0.222847,"80.0000":0.302847,"85.0000":0.383999,"90.0000":0.478975,"95.0000":0.686591,"96.0000":0.799231,"97.0000":1.026559,"98.0000":1.479679,"99.0000":1.900543,"99.9000":4.014079,"99.9900":5.099519,"99.9990":5.431295,"99.9999":5.431295,"100.0000":5.431295},"allocations":{"total_heap":2410430056,"minor_heap":2361725845,"major_heap":435869687,"promoted_words":387165476,"promoted_pct":16.39},"domain_alloc_stats":{"0":{"total":2410430056,"minor":2361725845,"promoted":387165476,"major":435869687,"promoted_pct":16.39}},"collections":{"minor":9085,"major":110,"forced_major":0,"compactions":0}}
{"version":1,"wall_time":14.34,"cpu_time":14.34,"gc_time":3.82,"gc_overhead":26.61,"max_rss_kb":466808,"domain_stats":{"0":{"wall_time":14.34,"gc_time":3.82,"gc_overhead":26.61}},"mean_latency":0.207209,"stddev_latency":0.366286,"min_latency":0.0,"max_latency":5.550079,"distr_latency":{"25.0000":0.042495,"50.0000":0.086079,"60.0000":0.112895,"70.0000":0.166911,"75.0000":0.221951,"80.0000":0.303871,"85.0000":0.384511,"90.0000":0.482559,"95.0000":0.692735,"96.0000":0.804351,"97.0000":1.032191,"98.0000":1.494015,"99.0000":1.907711,"99.9000":4.147199,"99.9900":5.173247,"99.9990":5.550079,"99.9999":5.550079,"100.0000":5.550079},"allocations":{"total_heap":2410430056,"minor_heap":2361725845,"major_heap":435869687,"promoted_words":387165476,"promoted_pct":16.39},"domain_alloc_stats":{"0":{"total":2410430056,"minor":2361725845,"promoted":387165476,"major":435869687,"promoted_pct":16.39}},"collections":{"minor":9085,"major":110,"forced_major":0,"compactions":0}}
