{"version":1,"wall_time":0.72,"cpu_time":0.72,"gc_time":0.46,"gc_overhead":63.61,"max_rss_kb":108696,"domain_stats":{"0":{"wall_time":0.72,"gc_time":0.46,"gc_overhead":63.61}},"mean_latency":0.198634,"stddev_latency":0.326913,"min_latency":0.0,"max_latency":3.000319,"distr_latency":{"25.0000":0.000287,"50.0000":0.000327,"60.0000":0.006631,"70.0000":0.107583,"75.0000":0.396287,"80.0000":0.682495,"85.0000":0.754687,"90.0000":0.758271,"95.0000":0.766463,"96.0000":0.768511,"97.0000":0.771071,"98.0000":0.773631,"99.0000":0.901119,"99.9000":1.320959,"99.9900":3.000319,"99.9990":3.000319,"99.9999":3.000319,"100.0000":3.000319},"allocations":{"total_heap":13497615,"minor_heap":120519,"major_heap":13377643,"promoted_words":547,"promoted_pct":0.45},"domain_alloc_stats":{"0":{"total":13497615,"minor":120519,"promoted":547,"major":13377643,"promoted_pct":0.45}},"collections":{"minor":162,"major":162,"forced_major":0,"compactions":0}}
{"version":1,"wall_time":0.72,"cpu_time":0.72,"gc_time":0.46,"gc_overhead":63.77,"max_rss_kb":108620,"domain_stats":{"0":{"wall_time":0.72,"gc_time":0.46,"gc_overhead":63.77}},"mean_latency":0.196948,"stddev_latency":0.322755,"min_latency":0.0,"max_latency":3.065855,"distr_latency":{"25.0000":0.000287,"50.0000":0.000335,"60.0000":0.006527,"70.0000":0.108479,"75.0000":0.397311,"80.0000":0.678399,"85.0000":0.756735,"90.0000":0.760831,"95.0000":0.766975,"96.0000":0.769023,"97.0000":0.771071,"98.0000":0.774143,"99.0000":0.783871,"99.9000":1.314815,"99.9900":3.065855,"99.9990":3.065855,"99.9999":3.065855,"100.0000":3.065855},"allocations":{"total_heap":13497615,"minor_heap":120519,"major_heap":13377643,"promoted_words":547,"promoted_pct":0.45},"domain_alloc_stats":{"0":{"total":13497615,"minor":120519,"promoted":547,"major":13377643,"promoted_pct":0.45}},"collections":{"minor":162,"major":162,"forced_major":0,"compactions":0}}
{"version":1,"wall_time":0.72,"cpu_time":0.72,"gc_time":0.46,"gc_overhead":63.79,"max_rss_kb":108756,"domain_stats":{"0":{"wall_time":0.72,"gc_time":0.46,"gc_overhead":63.79}},"mean_latency":0.198973,"stddev_latency":0.327427,"min_latency":0.0,"max_latency":2.906111,"distr_latency":{"25.0000":0.000287,"50.0000":0.000327,"60.0000":0.006831,"70.0000":0.109631,"75.0000":0.395007,"80.0000":0.673791,"85.0000":0.758271,"90.0000":0.765439,"95.0000":0.772607,"96.0000":0.775167,"97.0000":0.779263,"98.0000":0.783871,"99.0000":0.848383,"99.9000":1.345535,"99.9900":2.906111,"99.9990":2.906111,"99.9999":2.906111,"100.0000":2.906111},"allocations":{"total_heap":13497615,"minor_heap":120519,"major_heap":13377643,"promoted_words":547,"promoted_pct":0.45},"domain_alloc_stats":{"0":{"total":13497615,"minor":120519,"promoted":547,"major":13377643,"promoted_pct":0.45}},"collections":{"minor":162,"major":162,"forced_major":0,"compactions":0}}
