{"version":1,"wall_time":11.05,"cpu_time":11.05,"gc_time":11.0,"gc_overhead":99.6,"max_rss_kb":121792,"domain_stats":{"0":{"wall_time":11.05,"gc_time":11.0,"gc_overhead":99.6}},"mean_latency":0.244738,"stddev_latency":0.39597,"min_latency":0.0,"max_latency":3.168255,"distr_latency":{"25.0000":0.000287,"50.0000":0.000295,"60.0000":0.009351,"70.0000":0.208767,"75.0000":0.485375,"80.0000":0.758783,"85.0000":0.831999,"90.0000":0.839167,"95.0000":1.178623,"96.0000":1.185791,"97.0000":1.190911,"98.0000":1.196031,"99.0000":1.203199,"99.9000":1.925119,"99.9900":2.068479,"99.9990":3.168255,"99.9999":3.168255,"100.0000":3.168255},"allocations":{"total_heap":14037967,"minor_heap":300700,"major_heap":13737835,"promoted_words":568,"promoted_pct":0.19},"domain_alloc_stats":{"0":{"total":14037967,"minor":300700,"promoted":568,"major":13737835,"promoted_pct":0.19}},"collections":{"minor":3917,"major":3917,"forced_major":0,"compactions":0}}
{"version":1,"wall_time":10.99,"cpu_time":10.99,"gc_time":10.95,"gc_overhead":99.6,"max_rss_kb":121928,"domain_stats":{"0":{"wall_time":10.99,"gc_time":10.95,"gc_overhead":99.6}},"mean_latency":0.243474,"stddev_latency":0.394831,"min_latency":0.0,"max_latency":4.636671,"distr_latency":{"25.0000":0.000287,"50.0000":0.000295,"60.0000":0.009087,"70.0000":0.206591,"75.0000":0.479231,"80.0000":0.752127,"85.0000":0.825343,"90.0000":0.839679,"95.0000":1.164287,"96.0000":1.177599,"97.0000":1.186815,"98.0000":1.195007,"99.0000":1.205247,"99.9000":1.890303,"99.9900":2.061311,"99.9990":4.636671,"99.9999":4.636671,"100.0000":4.636671},"allocations":{"total_heap":14037967,"minor_heap":300700,"major_heap":13737835,"promoted_words":568,"promoted_pct":0.19},"domain_alloc_stats":{"0":{"total":14037967,"minor":300700,"promoted":568,"major":13737835,"promoted_pct":0.19}},"collections":{"minor":3917,"major":3917,"forced_major":0,"compactions":0}}
{"version":1,"wall_time":10.98,"cpu_time":10.98,"gc_time":10.93,"gc_overhead":99.57,"max_rss_kb":121976,"domain_stats":{"0":{"wall_time":10.98,"gc_time":10.93,"gc_overhead":99.57}},"mean_latency":0.243194,"stddev_latency":0.391793,"min_latency":0.0,"max_latency":3.098623,"distr_latency":{"25.0000":0.000287,"50.0000":0.000295,"60.0000":0.009247,"70.0000":0.208383,"75.0000":0.485119,"80.0000":0.758271,"85.0000":0.830463,"90.0000":0.841215,"95.0000":1.168383,"96.0000":1.183743,"97.0000":1.190911,"98.0000":1.197055,"99.0000":1.204223,"99.9000":1.697791,"99.9900":2.060287,"99.9990":3.098623,"99.9999":3.098623,"100.0000":3.098623},"allocations":{"total_heap":14037967,"minor_heap":300700,"major_heap":13737835,"promoted_words":568,"promoted_pct":0.19},"domain_alloc_stats":{"0":{"total":14037967,"minor":300700,"promoted":568,"major":13737835,"promoted_pct":0.19}},"collections":{"minor":3917,"major":3917,"forced_major":0,"compactions":0}}
