{"version":1,"wall_time":6.03,"cpu_time":6.03,"gc_time":4.75,"gc_overhead":78.71,"max_rss_kb":75048,"domain_stats":{"0":{"wall_time":6.03,"gc_time":4.75,"gc_overhead":78.71}},"mean_latency":0.59177,"stddev_latency":0.619245,"min_latency":0.0,"max_latency":2.232319,"distr_latency":{"25.0000":0.008511,"50.0000":0.158463,"60.0000":1.197055,"70.0000":1.291263,"75.0000":1.305599,"80.0000":1.315839,"85.0000":1.326079,"90.0000":1.337343,"95.0000":1.352703,"96.0000":1.357823,"97.0000":1.363967,"98.0000":1.377279,"99.0000":1.436671,"99.9000":2.144255,"99.9900":2.224127,"99.9990":2.232319,"99.9999":2.232319,"100.0000":2.232319},"allocations":{"total_heap":659181139,"minor_heap":624689345,"major_heap":97820267,"promoted_words":63328473,"promoted_pct":10.14},"domain_alloc_stats":{"0":{"total":659181139,"minor":624689345,"promoted":63328473,"major":97820267,"promoted_pct":10.14}},"collections":{"minor":8991,"major":3487,"forced_major":1116,"compactions":0}}
{"version":1,"wall_time":6.05,"cpu_time":6.05,"gc_time":4.76,"gc_overhead":78.72,"max_rss_kb":74644,"domain_stats":{"0":{"wall_time":6.05,"gc_time":4.76,"gc_overhead":78.72}},"mean_latency":0.593845,"stddev_latency":0.620666,"min_latency":0.0,"max_latency":2.271231,"distr_latency":{"25.0000":0.008703,"50.0000":0.162303,"60.0000":1.213439,"70.0000":1.296383,"75.0000":1.307647,"80.0000":1.316863,"85.0000":1.325055,"90.0000":1.337343,"95.0000":1.354751,"96.0000":1.360895,"97.0000":1.369087,"98.0000":1.383423,"99.0000":1.453055,"99.9000":2.123775,"99.9900":2.213887,"99.9990":2.271231,"99.9999":2.271231,"100.0000":2.271231},"allocations":{"total_heap":659181131,"minor_heap":624689337,"major_heap":97819946,"promoted_words":63328152,"promoted_pct":10.14},"domain_alloc_stats":{"0":{"total":659181131,"minor":624689337,"promoted":63328152,"major":97819946,"promoted_pct":10.14}},"collections":{"minor":8991,"major":3486,"forced_major":1116,"compactions":0}}
{"version":1,"wall_time":6.07,"cpu_time":6.07,"gc_time":4.76,"gc_overhead":78.34,"max_rss_kb":74456,"domain_stats":{"0":{"wall_time":6.07,"gc_time":4.76,"gc_overhead":78.34}},"mean_latency":0.592957,"stddev_latency":0.62007,"min_latency":0.0,"max_latency":2.260991,"distr_latency":{"25.0000":0.008687,"50.0000":0.159231,"60.0000":1.217535,"70.0000":1.301503,"75.0000":1.307647,"80.0000":1.313791,"85.0000":1.319935,"90.0000":1.328127,"95.0000":1.341439,"96.0000":1.345535,"97.0000":1.351679,"98.0000":1.366015,"99.0000":1.438719,"99.9000":2.127871,"99.9900":2.232319,"99.9990":2.260991,"99.9999":2.260991,"100.0000":2.260991},"allocations":{"total_heap":659181131,"minor_heap":624689337,"major_heap":97819934,"promoted_words":63328140,"promoted_pct":10.14},"domain_alloc_stats":{"0":{"total":659181131,"minor":624689337,"promoted":63328140,"major":97819934,"promoted_pct":10.14}},"collections":{"minor":8991,"major":3486,"forced_major":1116,"compactions":0}}
