{"version":1,"wall_time":5.75,"cpu_time":5.75,"gc_time":5.48,"gc_overhead":95.24,"max_rss_kb":116420,"domain_stats":{"0":{"wall_time":5.75,"gc_time":5.48,"gc_overhead":95.24}},"mean_latency":0.20464,"stddev_latency":0.463686,"min_latency":0.0,"max_latency":3.506175,"distr_latency":{"25.0000":6.3e-05,"50.0000":0.000303,"60.0000":0.000391,"70.0000":0.005007,"75.0000":0.007111,"80.0000":0.115391,"85.0000":0.755711,"90.0000":0.833023,"95.0000":1.376255,"96.0000":1.496063,"97.0000":1.644543,"98.0000":1.795071,"99.0000":1.936383,"99.9000":2.523135,"99.9900":3.194879,"99.9990":3.506175,"99.9999":3.506175,"100.0000":3.506175},"allocations":{"total_heap":13498011,"minor_heap":120744,"major_heap":13377847,"promoted_words":580,"promoted_pct":0.48},"domain_alloc_stats":{"0":{"total":13498011,"minor":120744,"promoted":580,"major":13377847,"promoted_pct":0.48}},"collections":{"minor":3924,"major":1962,"forced_major":0,"compactions":0}}
{"version":1,"wall_time":5.72,"cpu_time":5.72,"gc_time":5.45,"gc_overhead":95.24,"max_rss_kb":116328,"domain_stats":{"0":{"wall_time":5.72,"gc_time":5.45,"gc_overhead":95.24}},"mean_latency":0.203602,"stddev_latency":0.460283,"min_latency":0.0,"max_latency":3.522559,"distr_latency":{"25.0000":5.5e-05,"50.0000":0.000303,"60.0000":0.000343,"70.0000":0.005111,"75.0000":0.007455,"80.0000":0.108735,"85.0000":0.753663,"90.0000":0.839679,"95.0000":1.362943,"96.0000":1.491967,"97.0000":1.638399,"98.0000":1.789951,"99.0000":1.935359,"99.9000":2.160639,"99.9900":3.153919,"99.9990":3.522559,"99.9999":3.522559,"100.0000":3.522559},"allocations":{"total_heap":13498011,"minor_heap":120744,"major_heap":13377847,"promoted_words":580,"promoted_pct":0.48},"domain_alloc_stats":{"0":{"total":13498011,"minor":120744,"promoted":580,"major":13377847,"promoted_pct":0.48}},"collections":{"minor":3924,"major":1962,"forced_major":0,"compactions":0}}
{"version":1,"wall_time":5.79,"cpu_time":5.79,"gc_time":5.52,"gc_overhead":95.27,"max_rss_kb":116372,"domain_stats":{"0":{"wall_time":5.79,"gc_time":5.52,"gc_overhead":95.27}},"mean_latency":0.206319,"stddev_latency":0.46991,"min_latency":0.0,"max_latency":3.538943,"distr_latency":{"25.0000":4.7e-05,"50.0000":0.000303,"60.0000":0.000351,"70.0000":0.004991,"75.0000":0.007151,"80.0000":0.109247,"85.0000":0.748543,"90.0000":0.836095,"95.0000":1.390591,"96.0000":1.511423,"97.0000":1.662975,"98.0000":1.810431,"99.0000":1.958911,"99.9000":2.658303,"99.9900":3.381247,"99.9990":3.538943,"99.9999":3.538943,"100.0000":3.538943},"allocations":{"total_heap":13498011,"minor_heap":120744,"major_heap":13377847,"promoted_words":580,"promoted_pct":0.48},"domain_alloc_stats":{"0":{"total":13498011,"minor":120744,"promoted":580,"major":13377847,"promoted_pct":0.48}},"collections":{"minor":3924,"major":1962,"forced_major":0,"compactions":0}}
