{"version":1,"wall_time":6.25,"cpu_time":6.25,"gc_time":4.94,"gc_overhead":79.09,"max_rss_kb":74016,"domain_stats":{"0":{"wall_time":6.25,"gc_time":4.94,"gc_overhead":79.09}},"mean_latency":0.567393,"stddev_latency":0.627937,"min_latency":0.0,"max_latency":2.433023,"distr_latency":{"25.0000":0.004191,"50.0000":0.175871,"60.0000":0.408575,"70.0000":1.327103,"75.0000":1.339391,"80.0000":1.346559,"85.0000":1.354751,"90.0000":1.362943,"95.0000":1.375231,"96.0000":1.379327,"97.0000":1.385471,"98.0000":1.393663,"99.0000":1.419263,"99.9000":2.197503,"99.9900":2.430975,"99.9990":2.433023,"99.9999":2.433023,"100.0000":2.433023},"allocations":{"total_heap":659181535,"minor_heap":624689741,"major_heap":97642833,"promoted_words":63151039,"promoted_pct":10.11},"domain_alloc_stats":{"0":{"total":659181535,"minor":624689741,"promoted":63151039,"major":97642833,"promoted_pct":10.11}},"collections":{"minor":9130,"major":3511,"forced_major":1116,"compactions":0}}
{"version":1,"wall_time":6.24,"cpu_time":6.24,"gc_time":4.96,"gc_overhead":79.56,"max_rss_kb":74176,"domain_stats":{"0":{"wall_time":6.24,"gc_time":4.96,"gc_overhead":79.56}},"mean_latency":0.569501,"stddev_latency":0.631276,"min_latency":0.0,"max_latency":2.596863,"distr_latency":{"25.0000":0.004207,"50.0000":0.172543,"60.0000":0.417279,"70.0000":1.329151,"75.0000":1.341439,"80.0000":1.352703,"85.0000":1.361919,"90.0000":1.373183,"95.0000":1.389567,"96.0000":1.394687,"97.0000":1.400831,"98.0000":1.409023,"99.0000":1.434623,"99.9000":2.201599,"99.9900":2.484223,"99.9990":2.596863,"99.9999":2.596863,"100.0000":2.596863},"allocations":{"total_heap":659181529,"minor_heap":624689735,"major_heap":97642838,"promoted_words":63151044,"promoted_pct":10.11},"domain_alloc_stats":{"0":{"total":659181529,"minor":624689735,"promoted":63151044,"major":97642838,"promoted_pct":10.11}},"collections":{"minor":9130,"major":3511,"forced_major":1116,"compactions":0}}
{"version":1,"wall_time":6.28,"cpu_time":6.28,"gc_time":5.0,"gc_overhead":79.59,"max_rss_kb":73864,"domain_stats":{"0":{"wall_time":6.28,"gc_time":5.0,"gc_overhead":79.59}},"mean_latency":0.57342,"stddev_latency":0.635153,"min_latency":0.0,"max_latency":2.590719,"distr_latency":{"25.0000":0.004215,"50.0000":0.176127,"60.0000":0.413183,"70.0000":1.336319,"75.0000":1.349631,"80.0000":1.361919,"85.0000":1.372159,"90.0000":1.383423,"95.0000":1.398783,"96.0000":1.402879,"97.0000":1.407999,"98.0000":1.416191,"99.0000":1.452031,"99.9000":2.187263,"99.9900":2.566143,"99.9990":2.590719,"99.9999":2.590719,"100.0000":2.590719},"allocations":{"total_heap":659181529,"minor_heap":624689735,"major_heap":97642833,"promoted_words":63151039,"promoted_pct":10.11},"domain_alloc_stats":{"0":{"total":659181529,"minor":624689735,"promoted":63151039,"major":97642833,"promoted_pct":10.11}},"collections":{"minor":9130,"major":3511,"forced_major":1116,"compactions":0}}
