{"version":1,"wall_time":6.38,"cpu_time":6.38,"gc_time":5.06,"gc_overhead":79.32,"max_rss_kb":74456,"domain_stats":{"0":{"wall_time":6.38,"gc_time":5.06,"gc_overhead":79.32}},"mean_latency":0.519639,"stddev_latency":0.576986,"min_latency":0.0,"max_latency":2.295807,"distr_latency":{"25.0000":0.011703,"50.0000":0.159999,"60.0000":0.400383,"70.0000":1.257471,"75.0000":1.276927,"80.0000":1.287167,"85.0000":1.296383,"90.0000":1.306623,"95.0000":1.320959,"96.0000":1.325055,"97.0000":1.331199,"98.0000":1.340415,"99.0000":1.381375,"99.9000":2.111487,"99.9900":2.162687,"99.9990":2.295807,"99.9999":2.295807,"100.0000":2.295807},"allocations":{"total_heap":659181133,"minor_heap":624689339,"major_heap":97844634,"promoted_words":63352840,"promoted_pct":10.14},"domain_alloc_stats":{"0":{"total":659181133,"minor":624689339,"promoted":63352840,"major":97844634,"promoted_pct":10.14}},"collections":{"minor":9274,"major":3774,"forced_major":1116,"compactions":0}}
{"version":1,"wall_time":6.38,"cpu_time":6.38,"gc_time":5.04,"gc_overhead":79.0,"max_rss_kb":74308,"domain_stats":{"0":{"wall_time":6.38,"gc_time":5.04,"gc_overhead":79.0}},"mean_latency":0.517468,"stddev_latency":0.574522,"min_latency":0.0,"max_latency":2.207743,"distr_latency":{"25.0000":0.011807,"50.0000":0.159231,"60.0000":0.399359,"70.0000":1.253375,"75.0000":1.270783,"80.0000":1.281023,"85.0000":1.290239,"90.0000":1.299455,"95.0000":1.314815,"96.0000":1.319935,"97.0000":1.326079,"98.0000":1.336319,"99.0000":1.374207,"99.9000":2.093055,"99.9900":2.166783,"99.9990":2.207743,"99.9999":2.207743,"100.0000":2.207743},"allocations":{"total_heap":659181133,"minor_heap":624689339,"major_heap":97844622,"promoted_words":63352828,"promoted_pct":10.14},"domain_alloc_stats":{"0":{"total":659181133,"minor":624689339,"promoted":63352828,"major":97844622,"promoted_pct":10.14}},"collections":{"minor":9274,"major":3774,"forced_major":1116,"compactions":0}}
{"version":1,"wall_time":6.35,"cpu_time":6.35,"gc_time":5.03,"gc_overhead":79.19,"max_rss_kb":75040,"domain_stats":{"0":{"wall_time":6.35,"gc_time":5.03,"gc_overhead":79.19}},"mean_latency":0.516209,"stddev_latency":0.573208,"min_latency":0.0,"max_latency":2.332671,"distr_latency":{"25.0000":0.011671,"50.0000":0.160767,"60.0000":0.400383,"70.0000":1.249279,"75.0000":1.267711,"80.0000":1.277951,"85.0000":1.287167,"90.0000":1.296383,"95.0000":1.310719,"96.0000":1.314815,"97.0000":1.319935,"98.0000":1.331199,"99.0000":1.368063,"99.9000":2.101247,"99.9900":2.230271,"99.9990":2.332671,"99.9999":2.332671,"100.0000":2.332671},"allocations":{"total_heap":659181127,"minor_heap":624689333,"major_heap":97844629,"promoted_words":63352835,"promoted_pct":10.14},"domain_alloc_stats":{"0":{"total":659181127,"minor":624689333,"promoted":63352835,"major":97844629,"promoted_pct":10.14}},"collections":{"minor":9274,"major":3774,"forced_major":1116,"compactions":0}}
