{"version":1,"wall_time":2.13,"cpu_time":2.13,"gc_time":0.25,"gc_overhead":11.72,"max_rss_kb":48720,"domain_stats":{"0":{"wall_time":2.13,"gc_time":0.25,"gc_overhead":11.72}},"mean_latency":0.004105,"stddev_latency":0.008995,"min_latency":0.0,"max_latency":0.055487,"distr_latency":{"25.0000":0.000263,"50.0000":0.000271,"60.0000":0.000271,"70.0000":0.000287,"75.0000":0.001223,"80.0000":0.003791,"85.0000":0.010791,"90.0000":0.011871,"95.0000":0.032159,"96.0000":0.032239,"97.0000":0.032383,"98.0000":0.032927,"99.0000":0.033151,"99.9000":0.051903,"99.9900":0.053759,"99.9990":0.055103,"99.9999":0.055487,"100.0000":0.055487},"allocations":{"total_heap":69969416,"minor_heap":68772637,"major_heap":1241022,"promoted_words":44243,"promoted_pct":0.06},"domain_alloc_stats":{"0":{"total":69969416,"minor":68772637,"promoted":44243,"major":1241022,"promoted_pct":0.06}},"collections":{"minor":9457,"major":4723,"forced_major":0,"compactions":0}}
{"version":1,"wall_time":2.18,"cpu_time":2.18,"gc_time":0.3,"gc_overhead":13.7,"max_rss_kb":49172,"domain_stats":{"0":{"wall_time":2.18,"gc_time":0.3,"gc_overhead":13.7}},"mean_latency":0.004912,"stddev_latency":0.011557,"min_latency":0.0,"max_latency":0.062591,"distr_latency":{"25.0000":0.000263,"50.0000":0.000271,"60.0000":0.000271,"70.0000":0.000287,"75.0000":0.001215,"80.0000":0.003823,"85.0000":0.010791,"90.0000":0.011847,"95.0000":0.042559,"96.0000":0.042623,"97.0000":0.043007,"98.0000":0.043295,"99.0000":0.043551,"99.9000":0.046271,"99.9900":0.049407,"99.9990":0.050751,"99.9999":0.062591,"100.0000":0.062591},"allocations":{"total_heap":69969416,"minor_heap":68772637,"major_heap":1241022,"promoted_words":44243,"promoted_pct":0.06},"domain_alloc_stats":{"0":{"total":69969416,"minor":68772637,"promoted":44243,"major":1241022,"promoted_pct":0.06}},"collections":{"minor":9457,"major":4723,"forced_major":0,"compactions":0}}
{"version":1,"wall_time":2.18,"cpu_time":2.18,"gc_time":0.3,"gc_overhead":13.64,"max_rss_kb":49124,"domain_stats":{"0":{"wall_time":2.18,"gc_time":0.3,"gc_overhead":13.64}},"mean_latency":0.004889,"stddev_latency":0.011487,"min_latency":0.0,"max_latency":0.062399,"distr_latency":{"25.0000":0.000271,"50.0000":0.000271,"60.0000":0.000287,"70.0000":0.000295,"75.0000":0.001255,"80.0000":0.003791,"85.0000":0.010831,"90.0000":0.011903,"95.0000":0.042719,"96.0000":0.042783,"97.0000":0.042975,"98.0000":0.043487,"99.0000":0.043711,"99.9000":0.047039,"99.9900":0.053951,"99.9990":0.055711,"99.9999":0.062399,"100.0000":0.062399},"allocations":{"total_heap":69969416,"minor_heap":68772637,"major_heap":1241022,"promoted_words":44243,"promoted_pct":0.06},"domain_alloc_stats":{"0":{"total":69969416,"minor":68772637,"promoted":44243,"major":1241022,"promoted_pct":0.06}},"collections":{"minor":9457,"major":4723,"forced_major":0,"compactions":0}}
