{"version":1,"wall_time":2.04,"cpu_time":2.04,"gc_time":0.65,"gc_overhead":32.02,"max_rss_kb":511860,"domain_stats":{"0":{"wall_time":2.04,"gc_time":0.65,"gc_overhead":32.02}},"mean_latency":0.295639,"stddev_latency":0.342625,"min_latency":0.0,"max_latency":2.476031,"distr_latency":{"25.0000":0.061695,"50.0000":0.168575,"60.0000":0.250495,"70.0000":0.344575,"75.0000":0.420607,"80.0000":0.463359,"85.0000":0.560639,"90.0000":0.717823,"95.0000":1.013247,"96.0000":1.080319,"97.0000":1.209343,"98.0000":1.277951,"99.0000":1.697791,"99.9000":2.457599,"99.9900":2.476031,"99.9990":2.476031,"99.9999":2.476031,"100.0000":2.476031},"allocations":{"total_heap":279170771,"minor_heap":265701424,"major_heap":121239216,"promoted_words":107769869,"promoted_pct":40.56},"domain_alloc_stats":{"0":{"total":279170771,"minor":265701424,"promoted":107769869,"major":121239216,"promoted_pct":40.56}},"collections":{"minor":1044,"major":25,"forced_major":0,"compactions":0}}
{"version":1,"wall_time":2.04,"cpu_time":2.04,"gc_time":0.65,"gc_overhead":31.93,"max_rss_kb":511944,"domain_stats":{"0":{"wall_time":2.04,"gc_time":0.65,"gc_overhead":31.93}},"mean_latency":0.294682,"stddev_latency":0.342107,"min_latency":0.0,"max_latency":2.449407,"distr_latency":{"25.0000":0.062783,"50.0000":0.163199,"60.0000":0.246143,"70.0000":0.347391,"75.0000":0.415231,"80.0000":0.465663,"85.0000":0.564223,"90.0000":0.712703,"95.0000":0.985599,"96.0000":1.170431,"97.0000":1.208319,"98.0000":1.321983,"99.0000":1.681407,"99.9000":2.428927,"99.9900":2.449407,"99.9990":2.449407,"99.9999":2.449407,"100.0000":2.449407},"allocations":{"total_heap":279170771,"minor_heap":265701424,"major_heap":121239216,"promoted_words":107769869,"promoted_pct":40.56},"domain_alloc_stats":{"0":{"total":279170771,"minor":265701424,"promoted":107769869,"major":121239216,"promoted_pct":40.56}},"collections":{"minor":1044,"major":25,"forced_major":0,"compactions":0}}
{"version":1,"wall_time":2.03,"cpu_time":2.03,"gc_time":0.65,"gc_overhead":31.9,"max_rss_kb":512440,"domain_stats":{"0":{"wall_time":2.03,"gc_time":0.65,"gc_overhead":31.9}},"mean_latency":0.292865,"stddev_latency":0.339418,"min_latency":0.0,"max_latency":2.445311,"distr_latency":{"25.0000":0.062079,"50.0000":0.166271,"60.0000":0.247295,"70.0000":0.343295,"75.0000":0.418559,"80.0000":0.455423,"85.0000":0.545791,"90.0000":0.717311,"95.0000":0.990719,"96.0000":1.064959,"97.0000":1.211391,"98.0000":1.287167,"99.0000":1.697791,"99.9000":2.426879,"99.9900":2.445311,"99.9990":2.445311,"99.9999":2.445311,"100.0000":2.445311},"allocations":{"total_heap":279170771,"minor_heap":265701424,"major_heap":121239216,"promoted_words":107769869,"promoted_pct":40.56},"domain_alloc_stats":{"0":{"total":279170771,"minor":265701424,"promoted":107769869,"major":121239216,"promoted_pct":40.56}},"collections":{"minor":1044,"major":25,"forced_major":0,"compactions":0}}
