{"version":1,"wall_time":2.09,"cpu_time":2.09,"gc_time":0.72,"gc_overhead":34.66,"max_rss_kb":454400,"domain_stats":{"0":{"wall_time":2.09,"gc_time":0.72,"gc_overhead":34.66}},"mean_latency":0.326231,"stddev_latency":0.360521,"min_latency":0.0,"max_latency":4.108287,"distr_latency":{"25.0000":0.095487,"50.0000":0.195327,"60.0000":0.310271,"70.0000":0.402431,"75.0000":0.455679,"80.0000":0.501247,"85.0000":0.620543,"90.0000":0.777215,"95.0000":1.024511,"96.0000":1.058815,"97.0000":1.116159,"98.0000":1.370111,"99.0000":1.508351,"99.9000":2.879487,"99.9900":4.108287,"99.9990":4.108287,"99.9999":4.108287,"100.0000":4.108287},"allocations":{"total_heap":279370938,"minor_heap":265901591,"major_heap":121864907,"promoted_words":108395560,"promoted_pct":40.77},"domain_alloc_stats":{"0":{"total":279370938,"minor":265901591,"promoted":108395560,"major":121864907,"promoted_pct":40.77}},"collections":{"minor":1045,"major":24,"forced_major":0,"compactions":0}}
{"version":1,"wall_time":2.1,"cpu_time":2.1,"gc_time":0.73,"gc_overhead":34.67,"max_rss_kb":452952,"domain_stats":{"0":{"wall_time":2.1,"gc_time":0.73,"gc_overhead":34.67}},"mean_latency":0.328578,"stddev_latency":0.362333,"min_latency":0.0,"max_latency":4.091903,"distr_latency":{"25.0000":0.096383,"50.0000":0.198143,"60.0000":0.311039,"70.0000":0.407551,"75.0000":0.456959,"80.0000":0.506623,"85.0000":0.629759,"90.0000":0.781311,"95.0000":1.035775,"96.0000":1.061887,"97.0000":1.120255,"98.0000":1.386495,"99.0000":1.524735,"99.9000":2.897919,"99.9900":4.091903,"99.9990":4.091903,"99.9999":4.091903,"100.0000":4.091903},"allocations":{"total_heap":279370938,"minor_heap":265901591,"major_heap":121864907,"promoted_words":108395560,"promoted_pct":40.77},"domain_alloc_stats":{"0":{"total":279370938,"minor":265901591,"promoted":108395560,"major":121864907,"promoted_pct":40.77}},"collections":{"minor":1045,"major":24,"forced_major":0,"compactions":0}}
{"version":1,"wall_time":2.1,"cpu_time":2.1,"gc_time":0.73,"gc_overhead":34.83,"max_rss_kb":452660,"domain_stats":{"0":{"wall_time":2.1,"gc_time":0.73,"gc_overhead":34.83}},"mean_latency":0.330632,"stddev_latency":0.364982,"min_latency":0.0,"max_latency":4.155391,"distr_latency":{"25.0000":0.095935,"50.0000":0.198783,"60.0000":0.309503,"70.0000":0.406783,"75.0000":0.458751,"80.0000":0.508159,"85.0000":0.627199,"90.0000":0.783359,"95.0000":1.043455,"96.0000":1.074175,"97.0000":1.127423,"98.0000":1.371135,"99.0000":1.521663,"99.9000":2.914303,"99.9900":4.155391,"99.9990":4.155391,"99.9999":4.155391,"100.0000":4.155391},"allocations":{"total_heap":279370938,"minor_heap":265901591,"major_heap":121864907,"promoted_words":108395560,"promoted_pct":40.77},"domain_alloc_stats":{"0":{"total":279370938,"minor":265901591,"promoted":108395560,"major":121864907,"promoted_pct":40.77}},"collections":{"minor":1045,"major":24,"forced_major":0,"compactions":0}}
