{"version":1,"wall_time":12.17,"cpu_time":12.17,"gc_time":9.82,"gc_overhead":80.69,"max_rss_kb":286764,"domain_stats":{"0":{"wall_time":12.17,"gc_time":9.82,"gc_overhead":80.69}},"mean_latency":0.022033,"stddev_latency":0.023439,"min_latency":0.0,"max_latency":0.183551,"distr_latency":{"25.0000":4.7e-05,"50.0000":0.004847,"60.0000":0.042783,"70.0000":0.047711,"75.0000":0.048447,"80.0000":0.049567,"85.0000":0.050847,"90.0000":0.051423,"95.0000":0.052191,"96.0000":0.052383,"97.0000":0.052639,"98.0000":0.053151,"99.0000":0.053823,"99.9000":0.062879,"99.9900":0.069375,"99.9990":0.082943,"99.9999":0.183551,"100.0000":0.183551},"allocations":{"total_heap":69978853,"minor_heap":68782058,"major_heap":2270447,"promoted_words":1073652,"promoted_pct":1.56},"domain_alloc_stats":{"0":{"total":69978853,"minor":68782058,"promoted":1073652,"major":2270447,"promoted_pct":1.56}},"collections":{"minor":189223,"major":189223,"forced_major":0,"compactions":0}}
{"version":1,"wall_time":12.17,"cpu_time":12.17,"gc_time":9.81,"gc_overhead":80.62,"max_rss_kb":286792,"domain_stats":{"0":{"wall_time":12.17,"gc_time":9.81,"gc_overhead":80.62}},"mean_latency":0.02201,"stddev_latency":0.023234,"min_latency":0.0,"max_latency":0.203519,"distr_latency":{"25.0000":4.7e-05,"50.0000":0.004903,"60.0000":0.044671,"70.0000":0.047199,"75.0000":0.047743,"80.0000":0.048767,"85.0000":0.050719,"90.0000":0.051135,"95.0000":0.051839,"96.0000":0.052031,"97.0000":0.052351,"98.0000":0.052767,"99.0000":0.053567,"99.9000":0.062943,"99.9900":0.068991,"99.9990":0.075967,"99.9999":0.203519,"100.0000":0.203519},"allocations":{"total_heap":69978853,"minor_heap":68782058,"major_heap":2270447,"promoted_words":1073652,"promoted_pct":1.56},"domain_alloc_stats":{"0":{"total":69978853,"minor":68782058,"promoted":1073652,"major":2270447,"promoted_pct":1.56}},"collections":{"minor":189223,"major":189223,"forced_major":0,"compactions":0}}
{"version":1,"wall_time":12.02,"cpu_time":12.02,"gc_time":9.67,"gc_overhead":80.41,"max_rss_kb":286776,"domain_stats":{"0":{"wall_time":12.02,"gc_time":9.67,"gc_overhead":80.41}},"mean_latency":0.021682,"stddev_latency":0.023328,"min_latency":0.0,"max_latency":0.205183,"distr_latency":{"25.0000":4.7e-05,"50.0000":0.003711,"60.0000":0.045535,"70.0000":0.047455,"75.0000":0.047967,"80.0000":0.048959,"85.0000":0.049887,"90.0000":0.050367,"95.0000":0.051103,"96.0000":0.051295,"97.0000":0.051551,"98.0000":0.051999,"99.0000":0.052703,"99.9000":0.063583,"99.9900":0.072767,"99.9990":0.087487,"99.9999":0.205183,"100.0000":0.205183},"allocations":{"total_heap":69978853,"minor_heap":68782058,"major_heap":2270447,"promoted_words":1073652,"promoted_pct":1.56},"domain_alloc_stats":{"0":{"total":69978853,"minor":68782058,"promoted":1073652,"major":2270447,"promoted_pct":1.56}},"collections":{"minor":189223,"major":189223,"forced_major":0,"compactions":0}}
