{"version":1,"wall_time":3.23,"cpu_time":3.23,"gc_time":2.96,"gc_overhead":91.73,"max_rss_kb":111968,"domain_stats":{"0":{"wall_time":3.23,"gc_time":2.96,"gc_overhead":91.73}},"mean_latency":0.24653,"stddev_latency":0.396861,"min_latency":0.0,"max_latency":2.932735,"distr_latency":{"25.0000":0.000287,"50.0000":0.000311,"60.0000":0.006863,"70.0000":0.208895,"75.0000":0.483071,"80.0000":0.756223,"85.0000":0.943103,"90.0000":0.952831,"95.0000":0.959487,"96.0000":0.961023,"97.0000":0.962559,"98.0000":0.965119,"99.0000":1.061887,"99.9000":1.652735,"99.9900":2.725887,"99.9990":2.932735,"99.9999":2.932735,"100.0000":2.932735},"allocations":{"total_heap":13497940,"minor_heap":120691,"major_heap":13377796,"promoted_words":547,"promoted_pct":0.45},"domain_alloc_stats":{"0":{"total":13497940,"minor":120691,"promoted":547,"major":13377796,"promoted_pct":0.45}},"collections":{"minor":1053,"major":1053,"forced_major":0,"compactions":0}}
{"version":1,"wall_time":3.21,"cpu_time":3.21,"gc_time":2.94,"gc_overhead":91.62,"max_rss_kb":111852,"domain_stats":{"0":{"wall_time":3.21,"gc_time":2.94,"gc_overhead":91.62}},"mean_latency":0.244271,"stddev_latency":0.392202,"min_latency":0.0,"max_latency":3.221503,"distr_latency":{"25.0000":0.000287,"50.0000":0.000311,"60.0000":0.006775,"70.0000":0.206079,"75.0000":0.475903,"80.0000":0.754175,"85.0000":0.944127,"90.0000":0.952831,"95.0000":0.960511,"96.0000":0.962047,"97.0000":0.964095,"98.0000":0.966655,"99.0000":0.977919,"99.9000":1.653759,"99.9900":3.170303,"99.9990":3.221503,"99.9999":3.221503,"100.0000":3.221503},"allocations":{"total_heap":13497940,"minor_heap":120691,"major_heap":13377796,"promoted_words":547,"promoted_pct":0.45},"domain_alloc_stats":{"0":{"total":13497940,"minor":120691,"promoted":547,"major":13377796,"promoted_pct":0.45}},"collections":{"minor":1053,"major":1053,"forced_major":0,"compactions":0}}
{"version":1,"wall_time":3.18,"cpu_time":3.18,"gc_time":2.92,"gc_overhead":91.65,"max_rss_kb":111896,"domain_stats":{"0":{"wall_time":3.18,"gc_time":2.92,"gc_overhead":91.65}},"mean_latency":0.242638,"stddev_latency":0.387205,"min_latency":0.0,"max_latency":3.624959,"distr_latency":{"25.0000":0.000287,"50.0000":0.000311,"60.0000":0.008583,"70.0000":0.208127,"75.0000":0.486911,"80.0000":0.758783,"85.0000":0.929279,"90.0000":0.940031,"95.0000":0.948223,"96.0000":0.950271,"97.0000":0.952319,"98.0000":0.956415,"99.0000":0.963071,"99.9000":1.651711,"99.9900":3.403775,"99.9990":3.624959,"99.9999":3.624959,"100.0000":3.624959},"allocations":{"total_heap":13497940,"minor_heap":120691,"major_heap":13377796,"promoted_words":547,"promoted_pct":0.45},"domain_alloc_stats":{"0":{"total":13497940,"minor":120691,"promoted":547,"major":13377796,"promoted_pct":0.45}},"collections":{"minor":1053,"major":1053,"forced_major":0,"compactions":0}}
