{"version":1,"wall_time":7.68,"cpu_time":7.68,"gc_time":6.77,"gc_overhead":88.11,"max_rss_kb":141072,"domain_stats":{"0":{"wall_time":7.68,"gc_time":6.77,"gc_overhead":88.11}},"mean_latency":0.218611,"stddev_latency":0.49628,"min_latency":0.0,"max_latency":4.607999,"distr_latency":{"25.0000":9.5e-05,"50.0000":0.000295,"60.0000":0.000375,"70.0000":0.003743,"75.0000":0.008255,"80.0000":0.178303,"85.0000":0.639487,"90.0000":1.073151,"95.0000":1.470463,"96.0000":1.584127,"97.0000":1.726463,"98.0000":1.854463,"99.0000":2.012159,"99.9000":2.633727,"99.9900":3.184639,"99.9990":4.607999,"99.9999":4.607999,"100.0000":4.607999},"allocations":{"total_heap":14037964,"minor_heap":300697,"major_heap":13737868,"promoted_words":601,"promoted_pct":0.2},"domain_alloc_stats":{"0":{"total":14037964,"minor":300697,"promoted":601,"major":13737868,"promoted_pct":0.2}},"collections":{"minor":4624,"major":2312,"forced_major":0,"compactions":0}}
{"version":1,"wall_time":7.83,"cpu_time":7.83,"gc_time":6.89,"gc_overhead":88.0,"max_rss_kb":140956,"domain_stats":{"0":{"wall_time":7.83,"gc_time":6.89,"gc_overhead":88.0}},"mean_latency":0.222538,"stddev_latency":0.507121,"min_latency":0.0,"max_latency":3.405823,"distr_latency":{"25.0000":9.5e-05,"50.0000":0.000295,"60.0000":0.000343,"70.0000":0.003943,"75.0000":0.008183,"80.0000":0.182271,"85.0000":0.647679,"90.0000":1.089535,"95.0000":1.490943,"96.0000":1.625087,"97.0000":1.762303,"98.0000":1.910783,"99.0000":2.047999,"99.9000":2.709503,"99.9900":3.327999,"99.9990":3.405823,"99.9999":3.405823,"100.0000":3.405823},"allocations":{"total_heap":14037964,"minor_heap":300697,"major_heap":13737868,"promoted_words":601,"promoted_pct":0.2},"domain_alloc_stats":{"0":{"total":14037964,"minor":300697,"promoted":601,"major":13737868,"promoted_pct":0.2}},"collections":{"minor":4624,"major":2312,"forced_major":0,"compactions":0}}
{"version":1,"wall_time":8.24,"cpu_time":8.24,"gc_time":7.31,"gc_overhead":88.67,"max_rss_kb":141496,"domain_stats":{"0":{"wall_time":8.24,"gc_time":7.31,"gc_overhead":88.67}},"mean_latency":0.235946,"stddev_latency":0.544887,"min_latency":0.0,"max_latency":3.631103,"distr_latency":{"25.0000":8.7e-05,"50.0000":0.000295,"60.0000":0.000367,"70.0000":0.003815,"75.0000":0.008431,"80.0000":0.187007,"85.0000":0.675839,"90.0000":1.114111,"95.0000":1.602559,"96.0000":1.745919,"97.0000":1.874943,"98.0000":2.006015,"99.0000":2.211839,"99.9000":3.151871,"99.9900":3.547135,"99.9990":3.631103,"99.9999":3.631103,"100.0000":3.631103},"allocations":{"total_heap":14037964,"minor_heap":300697,"major_heap":13737868,"promoted_words":601,"promoted_pct":0.2},"domain_alloc_stats":{"0":{"total":14037964,"minor":300697,"promoted":601,"major":13737868,"promoted_pct":0.2}},"collections":{"minor":4624,"major":2312,"forced_major":0,"compactions":0}}
