{"version":1,"wall_time":10.21,"cpu_time":10.21,"gc_time":10.14,"gc_overhead":99.32,"max_rss_kb":124256,"domain_stats":{"0":{"wall_time":10.21,"gc_time":10.14,"gc_overhead":99.32}},"mean_latency":0.181691,"stddev_latency":0.409578,"min_latency":0.0,"max_latency":3.100671,"distr_latency":{"25.0000":0.000111,"50.0000":0.000295,"60.0000":0.000303,"70.0000":0.003815,"75.0000":0.007775,"80.0000":0.028431,"85.0000":0.701951,"90.0000":0.777215,"95.0000":1.137663,"96.0000":1.254399,"97.0000":1.376255,"98.0000":1.508351,"99.0000":1.700863,"99.9000":2.063359,"99.9900":2.576383,"99.9990":2.811903,"99.9999":3.100671,"100.0000":3.100671},"allocations":{"total_heap":14037996,"minor_heap":300729,"major_heap":13737868,"promoted_words":601,"promoted_pct":0.2},"domain_alloc_stats":{"0":{"total":14037996,"minor":300729,"promoted":601,"major":13737868,"promoted_pct":0.2}},"collections":{"minor":7192,"major":3596,"forced_major":0,"compactions":0}}
{"version":1,"wall_time":10.82,"cpu_time":10.82,"gc_time":10.75,"gc_overhead":99.36,"max_rss_kb":124152,"domain_stats":{"0":{"wall_time":10.82,"gc_time":10.75,"gc_overhead":99.36}},"mean_latency":0.192692,"stddev_latency":0.438582,"min_latency":0.0,"max_latency":3.125247,"distr_latency":{"25.0000":0.000103,"50.0000":0.000295,"60.0000":0.000311,"70.0000":0.003751,"75.0000":0.007695,"80.0000":0.030703,"85.0000":0.749567,"90.0000":0.857087,"95.0000":1.238015,"96.0000":1.325055,"97.0000":1.455103,"98.0000":1.615871,"99.0000":1.796095,"99.9000":2.514943,"99.9900":2.996223,"99.9990":3.092479,"99.9999":3.125247,"100.0000":3.125247},"allocations":{"total_heap":14037996,"minor_heap":300729,"major_heap":13737868,"promoted_words":601,"promoted_pct":0.2},"domain_alloc_stats":{"0":{"total":14037996,"minor":300729,"promoted":601,"major":13737868,"promoted_pct":0.2}},"collections":{"minor":7192,"major":3596,"forced_major":0,"compactions":0}}
{"version":1,"wall_time":10.28,"cpu_time":10.28,"gc_time":10.21,"gc_overhead":99.32,"max_rss_kb":124276,"domain_stats":{"0":{"wall_time":10.28,"gc_time":10.21,"gc_overhead":99.32}},"mean_latency":0.182981,"stddev_latency":0.412076,"min_latency":0.0,"max_latency":3.088383,"distr_latency":{"25.0000":0.000103,"50.0000":0.000295,"60.0000":0.000303,"70.0000":0.003791,"75.0000":0.007287,"80.0000":0.028111,"85.0000":0.720383,"90.0000":0.779263,"95.0000":1.149951,"96.0000":1.262591,"97.0000":1.372159,"98.0000":1.504255,"99.0000":1.688575,"99.9000":2.199551,"99.9900":2.701311,"99.9990":2.848767,"99.9999":3.088383,"100.0000":3.088383},"allocations":{"total_heap":14037996,"minor_heap":300729,"major_heap":13737868,"promoted_words":601,"promoted_pct":0.2},"domain_alloc_stats":{"0":{"total":14037996,"minor":300729,"promoted":601,"major":13737868,"promoted_pct":0.2}},"collections":{"minor":7192,"major":3596,"forced_major":0,"compactions":0}}
