{"version":1,"wall_time":4.69,"cpu_time":4.69,"gc_time":1.81,"gc_overhead":38.52,"max_rss_kb":1209028,"domain_stats":{"0":{"wall_time":4.69,"gc_time":1.81,"gc_overhead":38.52}},"mean_latency":0.081373,"stddev_latency":0.121848,"min_latency":0.0,"max_latency":5.382143,"distr_latency":{"25.0000":0.030335,"50.0000":0.064511,"60.0000":0.070783,"70.0000":0.092223,"75.0000":0.102399,"80.0000":0.106751,"85.0000":0.121791,"90.0000":0.146815,"95.0000":0.232703,"96.0000":0.269055,"97.0000":0.288511,"98.0000":0.404735,"99.0000":0.562687,"99.9000":1.195007,"99.9900":4.177919,"99.9990":5.382143,"99.9999":5.382143,"100.0000":5.382143},"allocations":{"total_heap":2914108638,"minor_heap":2901484606,"major_heap":388674903,"promoted_words":376050871,"promoted_pct":12.96},"domain_alloc_stats":{"0":{"total":2914108638,"minor":2901484606,"promoted":376050871,"major":388674903,"promoted_pct":12.96}},"collections":{"minor":11087,"major":31,"forced_major":0,"compactions":0}}
{"version":1,"wall_time":4.63,"cpu_time":4.63,"gc_time":1.81,"gc_overhead":39.04,"max_rss_kb":1208764,"domain_stats":{"0":{"wall_time":4.63,"gc_time":1.81,"gc_overhead":39.04}},"mean_latency":0.081332,"stddev_latency":0.121534,"min_latency":0.0,"max_latency":5.292031,"distr_latency":{"25.0000":0.030079,"50.0000":0.064383,"60.0000":0.070719,"70.0000":0.091967,"75.0000":0.102271,"80.0000":0.106623,"85.0000":0.123583,"90.0000":0.146047,"95.0000":0.232191,"96.0000":0.269311,"97.0000":0.288767,"98.0000":0.403455,"99.0000":0.567295,"99.9000":1.169407,"99.9900":4.171775,"99.9990":5.292031,"99.9999":5.292031,"100.0000":5.292031},"allocations":{"total_heap":2914108638,"minor_heap":2901484606,"major_heap":388674903,"promoted_words":376050871,"promoted_pct":12.96},"domain_alloc_stats":{"0":{"total":2914108638,"minor":2901484606,"promoted":376050871,"major":388674903,"promoted_pct":12.96}},"collections":{"minor":11087,"major":31,"forced_major":0,"compactions":0}}
{"version":1,"wall_time":4.7,"cpu_time":4.7,"gc_time":1.81,"gc_overhead":38.5,"max_rss_kb":1208876,"domain_stats":{"0":{"wall_time":4.7,"gc_time":1.81,"gc_overhead":38.5}},"mean_latency":0.08148,"stddev_latency":0.12261,"min_latency":0.0,"max_latency":5.378047,"distr_latency":{"25.0000":0.030735,"50.0000":0.064575,"60.0000":0.070591,"70.0000":0.091647,"75.0000":0.102015,"80.0000":0.106303,"85.0000":0.122559,"90.0000":0.147071,"95.0000":0.230783,"96.0000":0.266239,"97.0000":0.288511,"98.0000":0.400383,"99.0000":0.571903,"99.9000":1.203199,"99.9900":4.239359,"99.9990":5.378047,"99.9999":5.378047,"100.0000":5.378047},"allocations":{"total_heap":2914108638,"minor_heap":2901484606,"major_heap":388674903,"promoted_words":376050871,"promoted_pct":12.96},"domain_alloc_stats":{"0":{"total":2914108638,"minor":2901484606,"promoted":376050871,"major":388674903,"promoted_pct":12.96}},"collections":{"minor":11087,"major":31,"forced_major":0,"compactions":0}}
