{"version":1,"wall_time":1.33,"cpu_time":1.33,"gc_time":1.3,"gc_overhead":98.05,"max_rss_kb":111876,"domain_stats":{"0":{"wall_time":1.33,"gc_time":1.3,"gc_overhead":98.05}},"mean_latency":0.224773,"stddev_latency":0.360925,"min_latency":0.0,"max_latency":3.086335,"distr_latency":{"25.0000":0.000287,"50.0000":0.000295,"60.0000":0.012391,"70.0000":0.169983,"75.0000":0.440831,"80.0000":0.717823,"85.0000":0.851455,"90.0000":0.860671,"95.0000":0.893439,"96.0000":0.897535,"97.0000":0.901119,"98.0000":0.904191,"99.0000":0.912383,"99.9000":1.497087,"99.9900":2.807807,"99.9990":3.086335,"99.9999":3.086335,"100.0000":3.086335},"allocations":{"total_heap":14037920,"minor_heap":300702,"major_heap":13737786,"promoted_words":568,"promoted_pct":0.19},"domain_alloc_stats":{"0":{"total":14037920,"minor":300702,"promoted":568,"major":13737786,"promoted_pct":0.19}},"collections":{"minor":464,"major":464,"forced_major":0,"compactions":0}}
{"version":1,"wall_time":1.33,"cpu_time":1.33,"gc_time":1.3,"gc_overhead":98.12,"max_rss_kb":111944,"domain_stats":{"0":{"wall_time":1.33,"gc_time":1.3,"gc_overhead":98.12}},"mean_latency":0.224822,"stddev_latency":0.36161,"min_latency":0.0,"max_latency":3.031039,"distr_latency":{"25.0000":0.000287,"50.0000":0.000303,"60.0000":0.013055,"70.0000":0.169343,"75.0000":0.439807,"80.0000":0.714751,"85.0000":0.849407,"90.0000":0.858111,"95.0000":0.891391,"96.0000":0.895487,"97.0000":0.898559,"98.0000":0.902655,"99.0000":0.916479,"99.9000":1.548287,"99.9900":2.760703,"99.9990":3.031039,"99.9999":3.031039,"100.0000":3.031039},"allocations":{"total_heap":14037920,"minor_heap":300702,"major_heap":13737786,"promoted_words":568,"promoted_pct":0.19},"domain_alloc_stats":{"0":{"total":14037920,"minor":300702,"promoted":568,"major":13737786,"promoted_pct":0.19}},"collections":{"minor":464,"major":464,"forced_major":0,"compactions":0}}
{"version":1,"wall_time":1.32,"cpu_time":1.32,"gc_time":1.3,"gc_overhead":98.08,"max_rss_kb":111824,"domain_stats":{"0":{"wall_time":1.32,"gc_time":1.3,"gc_overhead":98.08}},"mean_latency":0.223591,"stddev_latency":0.360613,"min_latency":0.0,"max_latency":4.456447,"distr_latency":{"25.0000":0.000287,"50.0000":0.000295,"60.0000":0.012447,"70.0000":0.167679,"75.0000":0.441855,"80.0000":0.716799,"85.0000":0.847359,"90.0000":0.855551,"95.0000":0.888831,"96.0000":0.892927,"97.0000":0.895999,"98.0000":0.899071,"99.0000":0.908287,"99.9000":1.547263,"99.9900":2.738175,"99.9990":4.456447,"99.9999":4.456447,"100.0000":4.456447},"allocations":{"total_heap":14037920,"minor_heap":300702,"major_heap":13737786,"promoted_words":568,"promoted_pct":0.19},"domain_alloc_stats":{"0":{"total":14037920,"minor":300702,"promoted":568,"major":13737786,"promoted_pct":0.19}},"collections":{"minor":464,"major":464,"forced_major":0,"compactions":0}}
