{"version":1,"wall_time":2.9,"cpu_time":2.9,"gc_time":0.73,"gc_overhead":25.1,"max_rss_kb":424540,"domain_stats":{"0":{"wall_time":2.9,"gc_time":0.73,"gc_overhead":25.1}},"mean_latency":0.254364,"stddev_latency":0.51448,"min_latency":0.0,"max_latency":3.688447,"distr_latency":{"25.0000":0.000103,"50.0000":0.000455,"60.0000":0.000607,"70.0000":0.009287,"75.0000":0.013831,"80.0000":0.572927,"85.0000":0.999935,"90.0000":1.022463,"95.0000":1.468415,"96.0000":1.586175,"97.0000":1.709055,"98.0000":1.818623,"99.0000":1.898495,"99.9000":2.680831,"99.9900":3.688447,"99.9990":3.688447,"99.9999":3.688447,"100.0000":3.688447},"allocations":{"total_heap":14037323,"minor_heap":300539,"major_heap":13737385,"promoted_words":601,"promoted_pct":0.2},"domain_alloc_stats":{"0":{"total":14037323,"minor":300539,"promoted":601,"major":13737385,"promoted_pct":0.2}},"collections":{"minor":371,"major":185,"forced_major":0,"compactions":0}}
{"version":1,"wall_time":2.95,"cpu_time":2.95,"gc_time":0.73,"gc_overhead":24.72,"max_rss_kb":424436,"domain_stats":{"0":{"wall_time":2.95,"gc_time":0.73,"gc_overhead":24.72}},"mean_latency":0.254489,"stddev_latency":0.515758,"min_latency":0.0,"max_latency":4.071423,"distr_latency":{"25.0000":8.7e-05,"50.0000":0.000431,"60.0000":0.000591,"70.0000":0.009903,"75.0000":0.013743,"80.0000":0.575999,"85.0000":0.995839,"90.0000":1.020415,"95.0000":1.468415,"96.0000":1.582079,"97.0000":1.716223,"98.0000":1.827839,"99.0000":1.901567,"99.9000":2.025471,"99.9900":4.071423,"99.9990":4.071423,"99.9999":4.071423,"100.0000":4.071423},"allocations":{"total_heap":14037323,"minor_heap":300539,"major_heap":13737385,"promoted_words":601,"promoted_pct":0.2},"domain_alloc_stats":{"0":{"total":14037323,"minor":300539,"promoted":601,"major":13737385,"promoted_pct":0.2}},"collections":{"minor":371,"major":185,"forced_major":0,"compactions":0}}
{"version":1,"wall_time":2.94,"cpu_time":2.94,"gc_time":0.74,"gc_overhead":25.31,"max_rss_kb":424268,"domain_stats":{"0":{"wall_time":2.94,"gc_time":0.74,"gc_overhead":25.31}},"mean_latency":0.259681,"stddev_latency":0.537406,"min_latency":0.0,"max_latency":5.636095,"distr_latency":{"25.0000":8.7e-05,"50.0000":0.000431,"60.0000":0.000607,"70.0000":0.009623,"75.0000":0.014231,"80.0000":0.567807,"85.0000":0.983551,"90.0000":1.025535,"95.0000":1.457151,"96.0000":1.600511,"97.0000":1.701887,"98.0000":1.849343,"99.0000":2.113535,"99.9000":2.639871,"99.9900":5.636095,"99.9990":5.636095,"99.9999":5.636095,"100.0000":5.636095},"allocations":{"total_heap":14037323,"minor_heap":300539,"major_heap":13737385,"promoted_words":601,"promoted_pct":0.2},"domain_alloc_stats":{"0":{"total":14037323,"minor":300539,"promoted":601,"major":13737385,"promoted_pct":0.2}},"collections":{"minor":371,"major":185,"forced_major":0,"compactions":0}}
