{"version":1,"wall_time":13.22,"cpu_time":13.22,"gc_time":13.15,"gc_overhead":99.47,"max_rss_kb":125984,"domain_stats":{"0":{"wall_time":13.22,"gc_time":13.15,"gc_overhead":99.47}},"mean_latency":0.223459,"stddev_latency":0.534087,"min_latency":0.0,"max_latency":3.602431,"distr_latency":{"25.0000":9.5e-05,"50.0000":0.000295,"60.0000":0.000375,"70.0000":0.005975,"75.0000":0.007127,"80.0000":0.017439,"85.0000":0.606719,"90.0000":1.004031,"95.0000":1.579007,"96.0000":1.715199,"97.0000":1.856511,"98.0000":2.027519,"99.0000":2.238463,"99.9000":2.795519,"99.9900":3.315711,"99.9990":3.590143,"99.9999":3.602431,"100.0000":3.602431},"allocations":{"total_heap":14038024,"minor_heap":300757,"major_heap":13737868,"promoted_words":601,"promoted_pct":0.2},"domain_alloc_stats":{"0":{"total":14038024,"minor":300757,"promoted":601,"major":13737868,"promoted_pct":0.2}},"collections":{"minor":9247,"major":4623,"forced_major":0,"compactions":0}}
{"version":1,"wall_time":13.13,"cpu_time":13.13,"gc_time":13.06,"gc_overhead":99.48,"max_rss_kb":125916,"domain_stats":{"0":{"wall_time":13.13,"gc_time":13.06,"gc_overhead":99.48}},"mean_latency":0.221892,"stddev_latency":0.529021,"min_latency":0.0,"max_latency":3.653631,"distr_latency":{"25.0000":0.000103,"50.0000":0.000295,"60.0000":0.000375,"70.0000":0.006095,"75.0000":0.007367,"80.0000":0.017471,"85.0000":0.606719,"90.0000":1.001983,"95.0000":1.566719,"96.0000":1.702911,"97.0000":1.841151,"98.0000":2.003967,"99.0000":2.209791,"99.9000":2.746367,"99.9900":3.411967,"99.9990":3.549183,"99.9999":3.653631,"100.0000":3.653631},"allocations":{"total_heap":14038024,"minor_heap":300757,"major_heap":13737868,"promoted_words":601,"promoted_pct":0.2},"domain_alloc_stats":{"0":{"total":14038024,"minor":300757,"promoted":601,"major":13737868,"promoted_pct":0.2}},"collections":{"minor":9247,"major":4623,"forced_major":0,"compactions":0}}
{"version":1,"wall_time":13.99,"cpu_time":13.99,"gc_time":13.92,"gc_overhead":99.5,"max_rss_kb":125944,"domain_stats":{"0":{"wall_time":13.99,"gc_time":13.92,"gc_overhead":99.5}},"mean_latency":0.236412,"stddev_latency":0.570346,"min_latency":0.0,"max_latency":3.956735,"distr_latency":{"25.0000":0.000111,"50.0000":0.000295,"60.0000":0.000375,"70.0000":0.005983,"75.0000":0.007191,"80.0000":0.017711,"85.0000":0.643071,"90.0000":1.067007,"95.0000":1.689599,"96.0000":1.817599,"97.0000":1.964031,"98.0000":2.156543,"99.0000":2.361343,"99.9000":3.248127,"99.9900":3.735551,"99.9990":3.913727,"99.9999":3.956735,"100.0000":3.956735},"allocations":{"total_heap":14038024,"minor_heap":300757,"major_heap":13737868,"promoted_words":601,"promoted_pct":0.2},"domain_alloc_stats":{"0":{"total":14038024,"minor":300757,"promoted":601,"major":13737868,"promoted_pct":0.2}},"collections":{"minor":9247,"major":4623,"forced_major":0,"compactions":0}}
