{"version":1,"wall_time":3.9,"cpu_time":3.9,"gc_time":1.25,"gc_overhead":32.13,"max_rss_kb":302792,"domain_stats":{"0":{"wall_time":3.9,"gc_time":1.25,"gc_overhead":32.13}},"mean_latency":0.37039,"stddev_latency":0.687438,"min_latency":0.0,"max_latency":6.361087,"distr_latency":{"25.0000":0.049503,"50.0000":0.133375,"60.0000":0.242175,"70.0000":0.339967,"75.0000":0.405503,"80.0000":0.474111,"85.0000":0.557055,"90.0000":0.732159,"95.0000":1.788927,"96.0000":1.984511,"97.0000":2.299903,"98.0000":3.211263,"99.0000":3.874815,"99.9000":5.193727,"99.9900":6.361087,"99.9990":6.361087,"99.9999":6.361087,"100.0000":6.361087},"allocations":{"total_heap":434231787,"minor_heap":418244525,"major_heap":138346408,"promoted_words":122359146,"promoted_pct":29.26},"domain_alloc_stats":{"0":{"total":434231787,"minor":418244525,"promoted":122359146,"major":138346408,"promoted_pct":29.26}},"collections":{"minor":1650,"major":70,"forced_major":0,"compactions":0}}
{"version":1,"wall_time":3.92,"cpu_time":3.92,"gc_time":1.25,"gc_overhead":31.98,"max_rss_kb":304272,"domain_stats":{"0":{"wall_time":3.92,"gc_time":1.25,"gc_overhead":31.98}},"mean_latency":0.36988,"stddev_latency":0.679711,"min_latency":0.0,"max_latency":6.287359,"distr_latency":{"25.0000":0.050047,"50.0000":0.134783,"60.0000":0.239487,"70.0000":0.340479,"75.0000":0.407551,"80.0000":0.477183,"85.0000":0.572927,"90.0000":0.737791,"95.0000":1.769471,"96.0000":1.957887,"97.0000":2.263039,"98.0000":3.186687,"99.0000":3.848191,"99.9000":5.095423,"99.9900":6.287359,"99.9990":6.287359,"99.9999":6.287359,"100.0000":6.287359},"allocations":{"total_heap":434231787,"minor_heap":418244525,"major_heap":138346408,"promoted_words":122359146,"promoted_pct":29.26},"domain_alloc_stats":{"0":{"total":434231787,"minor":418244525,"promoted":122359146,"major":138346408,"promoted_pct":29.26}},"collections":{"minor":1650,"major":70,"forced_major":0,"compactions":0}}
{"version":1,"wall_time":3.92,"cpu_time":3.92,"gc_time":1.26,"gc_overhead":32.08,"max_rss_kb":302932,"domain_stats":{"0":{"wall_time":3.92,"gc_time":1.26,"gc_overhead":32.08}},"mean_latency":0.371444,"stddev_latency":0.688386,"min_latency":0.0,"max_latency":6.324223,"distr_latency":{"25.0000":0.049311,"50.0000":0.133375,"60.0000":0.241407,"70.0000":0.338687,"75.0000":0.406527,"80.0000":0.476415,"85.0000":0.565247,"90.0000":0.731647,"95.0000":1.776639,"96.0000":1.983487,"97.0000":2.301951,"98.0000":3.258367,"99.0000":3.854335,"99.9000":5.222399,"99.9900":6.324223,"99.9990":6.324223,"99.9999":6.324223,"100.0000":6.324223},"allocations":{"total_heap":434231787,"minor_heap":418244525,"major_heap":138346408,"promoted_words":122359146,"promoted_pct":29.26},"domain_alloc_stats":{"0":{"total":434231787,"minor":418244525,"promoted":122359146,"major":138346408,"promoted_pct":29.26}},"collections":{"minor":1650,"major":70,"forced_major":0,"compactions":0}}
