{"version":1,"wall_time":6.47,"cpu_time":6.47,"gc_time":5.36,"gc_overhead":82.89,"max_rss_kb":163196,"domain_stats":{"0":{"wall_time":6.47,"gc_time":5.36,"gc_overhead":82.89}},"mean_latency":0.223609,"stddev_latency":0.358399,"min_latency":0.0,"max_latency":4.288511,"distr_latency":{"25.0000":0.000287,"50.0000":0.000343,"60.0000":0.005751,"70.0000":0.178943,"75.0000":0.446719,"80.0000":0.730623,"85.0000":0.788479,"90.0000":0.839679,"95.0000":0.894975,"96.0000":0.901631,"97.0000":0.909823,"98.0000":0.922623,"99.0000":1.204223,"99.9000":1.512447,"99.9900":1.521663,"99.9990":4.288511,"99.9999":4.288511,"100.0000":4.288511},"allocations":{"total_heap":14037919,"minor_heap":300652,"major_heap":13737835,"promoted_words":568,"promoted_pct":0.19},"domain_alloc_stats":{"0":{"total":14037919,"minor":300652,"promoted":568,"major":13737835,"promoted_pct":0.19}},"collections":{"minor":1796,"major":1796,"forced_major":0,"compactions":0}}
{"version":1,"wall_time":6.44,"cpu_time":6.44,"gc_time":5.34,"gc_overhead":82.9,"max_rss_kb":163124,"domain_stats":{"0":{"wall_time":6.44,"gc_time":5.34,"gc_overhead":82.9}},"mean_latency":0.222617,"stddev_latency":0.354778,"min_latency":0.0,"max_latency":3.989503,"distr_latency":{"25.0000":0.000287,"50.0000":0.000327,"60.0000":0.006023,"70.0000":0.178943,"75.0000":0.447487,"80.0000":0.732671,"85.0000":0.795647,"90.0000":0.824831,"95.0000":0.899583,"96.0000":0.903167,"97.0000":0.907775,"98.0000":0.913919,"99.0000":0.934399,"99.9000":1.509375,"99.9900":1.521663,"99.9990":3.989503,"99.9999":3.989503,"100.0000":3.989503},"allocations":{"total_heap":14037919,"minor_heap":300652,"major_heap":13737835,"promoted_words":568,"promoted_pct":0.19},"domain_alloc_stats":{"0":{"total":14037919,"minor":300652,"promoted":568,"major":13737835,"promoted_pct":0.19}},"collections":{"minor":1796,"major":1796,"forced_major":0,"compactions":0}}
{"version":1,"wall_time":6.42,"cpu_time":6.42,"gc_time":5.3,"gc_overhead":82.63,"max_rss_kb":163072,"domain_stats":{"0":{"wall_time":6.42,"gc_time":5.3,"gc_overhead":82.63}},"mean_latency":0.221205,"stddev_latency":0.351143,"min_latency":0.0,"max_latency":3.125247,"distr_latency":{"25.0000":0.000287,"50.0000":0.000327,"60.0000":0.005567,"70.0000":0.178943,"75.0000":0.450815,"80.0000":0.734719,"85.0000":0.789503,"90.0000":0.822271,"95.0000":0.891903,"96.0000":0.895487,"97.0000":0.900607,"98.0000":0.907775,"99.0000":0.927743,"99.9000":1.509375,"99.9900":1.517567,"99.9990":3.125247,"99.9999":3.125247,"100.0000":3.125247},"allocations":{"total_heap":14037919,"minor_heap":300652,"major_heap":13737835,"promoted_words":568,"promoted_pct":0.19},"domain_alloc_stats":{"0":{"total":14037919,"minor":300652,"promoted":568,"major":13737835,"promoted_pct":0.19}},"collections":{"minor":1796,"major":1796,"forced_major":0,"compactions":0}}
