{"version":1,"wall_time":2.29,"cpu_time":2.29,"gc_time":0.91,"gc_overhead":39.69,"max_rss_kb":385616,"domain_stats":{"0":{"wall_time":2.29,"gc_time":0.91,"gc_overhead":39.69}},"mean_latency":0.408237,"stddev_latency":0.524632,"min_latency":0.0,"max_latency":3.829759,"distr_latency":{"25.0000":0.096319,"50.0000":0.244223,"60.0000":0.328447,"70.0000":0.424191,"75.0000":0.488447,"80.0000":0.568319,"85.0000":0.692223,"90.0000":1.072127,"95.0000":1.526783,"96.0000":1.593343,"97.0000":1.923071,"98.0000":2.189311,"99.0000":2.789375,"99.9000":3.201023,"99.9900":3.829759,"99.9990":3.829759,"99.9999":3.829759,"100.0000":3.829759},"allocations":{"total_heap":279422699,"minor_heap":265953352,"major_heap":121585944,"promoted_words":108116597,"promoted_pct":40.65},"domain_alloc_stats":{"0":{"total":279422699,"minor":265953352,"promoted":108116597,"major":121585944,"promoted_pct":40.65}},"collections":{"minor":1054,"major":38,"forced_major":0,"compactions":0}}
{"version":1,"wall_time":2.29,"cpu_time":2.29,"gc_time":0.92,"gc_overhead":40.0,"max_rss_kb":385876,"domain_stats":{"0":{"wall_time":2.29,"gc_time":0.92,"gc_overhead":40.0}},"mean_latency":0.410866,"stddev_latency":0.531896,"min_latency":0.0,"max_latency":3.948543,"distr_latency":{"25.0000":0.097599,"50.0000":0.249087,"60.0000":0.327679,"70.0000":0.422911,"75.0000":0.484607,"80.0000":0.570367,"85.0000":0.697343,"90.0000":1.083391,"95.0000":1.551359,"96.0000":1.616895,"97.0000":1.918975,"98.0000":2.217983,"99.0000":2.822143,"99.9000":3.321855,"99.9900":3.948543,"99.9990":3.948543,"99.9999":3.948543,"100.0000":3.948543},"allocations":{"total_heap":279422699,"minor_heap":265953352,"major_heap":121585944,"promoted_words":108116597,"promoted_pct":40.65},"domain_alloc_stats":{"0":{"total":279422699,"minor":265953352,"promoted":108116597,"major":121585944,"promoted_pct":40.65}},"collections":{"minor":1054,"major":38,"forced_major":0,"compactions":0}}
{"version":1,"wall_time":2.29,"cpu_time":2.29,"gc_time":0.91,"gc_overhead":39.84,"max_rss_kb":386676,"domain_stats":{"0":{"wall_time":2.29,"gc_time":0.91,"gc_overhead":39.84}},"mean_latency":0.408143,"stddev_latency":0.525956,"min_latency":0.0,"max_latency":3.825663,"distr_latency":{"25.0000":0.095487,"50.0000":0.244607,"60.0000":0.327167,"70.0000":0.424703,"75.0000":0.489215,"80.0000":0.568319,"85.0000":0.690687,"90.0000":1.078271,"95.0000":1.527807,"96.0000":1.604607,"97.0000":1.931263,"98.0000":2.191359,"99.0000":2.795519,"99.9000":3.201023,"99.9900":3.825663,"99.9990":3.825663,"99.9999":3.825663,"100.0000":3.825663},"allocations":{"total_heap":279422699,"minor_heap":265953352,"major_heap":121585944,"promoted_words":108116597,"promoted_pct":40.65},"domain_alloc_stats":{"0":{"total":279422699,"minor":265953352,"promoted":108116597,"major":121585944,"promoted_pct":40.65}},"collections":{"minor":1054,"major":38,"forced_major":0,"compactions":0}}
