{"version":1,"wall_time":4.59,"cpu_time":4.59,"gc_time":3.54,"gc_overhead":77.1,"max_rss_kb":159244,"domain_stats":{"0":{"wall_time":4.59,"gc_time":3.54,"gc_overhead":77.1}},"mean_latency":0.228987,"stddev_latency":0.505746,"min_latency":0.0,"max_latency":3.266559,"distr_latency":{"25.0000":9.5e-05,"50.0000":0.000295,"60.0000":0.000335,"70.0000":0.007327,"75.0000":0.008647,"80.0000":0.296959,"85.0000":0.642047,"90.0000":1.064959,"95.0000":1.484799,"96.0000":1.600511,"97.0000":1.733631,"98.0000":1.887231,"99.0000":2.049023,"99.9000":2.617343,"99.9900":3.065855,"99.9990":3.266559,"99.9999":3.266559,"100.0000":3.266559},"allocations":{"total_heap":14037986,"minor_heap":300719,"major_heap":13737868,"promoted_words":601,"promoted_pct":0.2},"domain_alloc_stats":{"0":{"total":14037986,"minor":300719,"promoted":601,"major":13737868,"promoted_pct":0.2}},"collections":{"minor":2313,"major":1156,"forced_major":0,"compactions":0}}
{"version":1,"wall_time":4.58,"cpu_time":4.58,"gc_time":3.51,"gc_overhead":76.71,"max_rss_kb":159592,"domain_stats":{"0":{"wall_time":4.58,"gc_time":3.51,"gc_overhead":76.71}},"mean_latency":0.227174,"stddev_latency":0.499244,"min_latency":0.0,"max_latency":3.088383,"distr_latency":{"25.0000":8.7e-05,"50.0000":0.000295,"60.0000":0.000335,"70.0000":0.007623,"75.0000":0.008983,"80.0000":0.300287,"85.0000":0.646143,"90.0000":1.063935,"95.0000":1.472511,"96.0000":1.596415,"97.0000":1.714175,"98.0000":1.859583,"99.0000":2.011135,"99.9000":2.510847,"99.9900":2.932735,"99.9990":3.088383,"99.9999":3.088383,"100.0000":3.088383},"allocations":{"total_heap":14037986,"minor_heap":300719,"major_heap":13737868,"promoted_words":601,"promoted_pct":0.2},"domain_alloc_stats":{"0":{"total":14037986,"minor":300719,"promoted":601,"major":13737868,"promoted_pct":0.2}},"collections":{"minor":2313,"major":1156,"forced_major":0,"compactions":0}}
{"version":1,"wall_time":4.77,"cpu_time":4.77,"gc_time":3.65,"gc_overhead":76.46,"max_rss_kb":159964,"domain_stats":{"0":{"wall_time":4.77,"gc_time":3.65,"gc_overhead":76.46}},"mean_latency":0.235763,"stddev_latency":0.511587,"min_latency":0.0,"max_latency":3.082239,"distr_latency":{"25.0000":0.000103,"50.0000":0.000303,"60.0000":0.000391,"70.0000":0.009231,"75.0000":0.013463,"80.0000":0.355327,"85.0000":0.679423,"90.0000":1.075199,"95.0000":1.507327,"96.0000":1.629183,"97.0000":1.762303,"98.0000":1.902591,"99.0000":2.065407,"99.9000":2.566143,"99.9900":2.959359,"99.9990":3.082239,"99.9999":3.082239,"100.0000":3.082239},"allocations":{"total_heap":14037986,"minor_heap":300719,"major_heap":13737868,"promoted_words":601,"promoted_pct":0.2},"domain_alloc_stats":{"0":{"total":14037986,"minor":300719,"promoted":601,"major":13737868,"promoted_pct":0.2}},"collections":{"minor":2313,"major":1156,"forced_major":0,"compactions":0}}
