{"version":1,"wall_time":2.5,"cpu_time":2.5,"gc_time":0.51,"gc_overhead":20.28,"max_rss_kb":129384,"domain_stats":{"0":{"wall_time":2.5,"gc_time":0.51,"gc_overhead":20.28}},"mean_latency":0.001984,"stddev_latency":0.002009,"min_latency":0.0,"max_latency":0.021423,"distr_latency":{"25.0000":3.1e-05,"50.0000":0.001975,"60.0000":0.002047,"70.0000":0.002743,"75.0000":0.003871,"80.0000":0.003951,"85.0000":0.004183,"90.0000":0.004383,"95.0000":0.004863,"96.0000":0.005135,"97.0000":0.006135,"98.0000":0.007551,"99.0000":0.008751,"99.9000":0.011287,"99.9900":0.015151,"99.9990":0.019599,"99.9999":0.021423,"100.0000":0.021423},"allocations":{"total_heap":3994359349,"minor_heap":4706260,"major_heap":3989867152,"promoted_words":214063,"promoted_pct":4.55},"domain_alloc_stats":{"0":{"total":3994359349,"minor":4706260,"promoted":214063,"major":3989867152,"promoted_pct":4.55}},"collections":{"minor":110358,"major":55174,"forced_major":0,"compactions":0}}
{"version":1,"wall_time":2.48,"cpu_time":2.48,"gc_time":0.49,"gc_overhead":19.63,"max_rss_kb":130064,"domain_stats":{"0":{"wall_time":2.48,"gc_time":0.49,"gc_overhead":19.63}},"mean_latency":0.001906,"stddev_latency":0.001932,"min_latency":0.0,"max_latency":0.024799,"distr_latency":{"25.0000":4.7e-05,"50.0000":0.001951,"60.0000":0.002023,"70.0000":0.002727,"75.0000":0.003423,"80.0000":0.003671,"85.0000":0.003791,"90.0000":0.004127,"95.0000":0.004567,"96.0000":0.004935,"97.0000":0.006135,"98.0000":0.007551,"99.0000":0.008831,"99.9000":0.011375,"99.9900":0.015303,"99.9990":0.021327,"99.9999":0.024799,"100.0000":0.024799},"allocations":{"total_heap":3994359349,"minor_heap":4706260,"major_heap":3989867152,"promoted_words":214063,"promoted_pct":4.55},"domain_alloc_stats":{"0":{"total":3994359349,"minor":4706260,"promoted":214063,"major":3989867152,"promoted_pct":4.55}},"collections":{"minor":110358,"major":55174,"forced_major":0,"compactions":0}}
{"version":1,"wall_time":2.51,"cpu_time":2.51,"gc_time":0.51,"gc_overhead":20.41,"max_rss_kb":134084,"domain_stats":{"0":{"wall_time":2.51,"gc_time":0.51,"gc_overhead":20.41}},"mean_latency":0.002007,"stddev_latency":0.002042,"min_latency":0.0,"max_latency":0.024927,"distr_latency":{"25.0000":5.5e-05,"50.0000":0.001983,"60.0000":0.002047,"70.0000":0.002791,"75.0000":0.003615,"80.0000":0.004191,"85.0000":0.004247,"90.0000":0.004407,"95.0000":0.004967,"96.0000":0.005167,"97.0000":0.006295,"98.0000":0.007647,"99.0000":0.008975,"99.9000":0.011567,"99.9900":0.016255,"99.9990":0.021983,"99.9999":0.024927,"100.0000":0.024927},"allocations":{"total_heap":3994359349,"minor_heap":4706260,"major_heap":3989867152,"promoted_words":214063,"promoted_pct":4.55},"domain_alloc_stats":{"0":{"total":3994359349,"minor":4706260,"promoted":214063,"major":3989867152,"promoted_pct":4.55}},"collections":{"minor":110358,"major":55174,"forced_major":0,"compactions":0}}
