{"version":1,"wall_time":4.83,"cpu_time":4.83,"gc_time":2.0,"gc_overhead":41.48,"max_rss_kb":1026136,"domain_stats":{"0":{"wall_time":4.83,"gc_time":2.0,"gc_overhead":41.48}},"mean_latency":0.090154,"stddev_latency":0.233962,"min_latency":0.0,"max_latency":13.221887,"distr_latency":{"25.0000":0.025631,"50.0000":0.072639,"60.0000":0.076927,"70.0000":0.104383,"75.0000":0.109695,"80.0000":0.115071,"85.0000":0.123775,"90.0000":0.144511,"95.0000":0.232959,"96.0000":0.268543,"97.0000":0.297215,"98.0000":0.402687,"99.0000":0.551423,"99.9000":2.967551,"99.9900":9.019391,"99.9990":13.221887,"99.9999":13.221887,"100.0000":13.221887},"allocations":{"total_heap":2913663794,"minor_heap":2901091989,"major_heap":388677907,"promoted_words":376106102,"promoted_pct":12.96},"domain_alloc_stats":{"0":{"total":2913663794,"minor":2901091989,"promoted":376106102,"major":388677907,"promoted_pct":12.96}},"collections":{"minor":11086,"major":28,"forced_major":0,"compactions":0}}
{"version":1,"wall_time":4.85,"cpu_time":4.85,"gc_time":2.0,"gc_overhead":41.3,"max_rss_kb":1025984,"domain_stats":{"0":{"wall_time":4.85,"gc_time":2.0,"gc_overhead":41.3}},"mean_latency":0.090122,"stddev_latency":0.235995,"min_latency":0.0,"max_latency":13.377535,"distr_latency":{"25.0000":0.025903,"50.0000":0.072255,"60.0000":0.076543,"70.0000":0.104383,"75.0000":0.109695,"80.0000":0.114943,"85.0000":0.123071,"90.0000":0.143487,"95.0000":0.231551,"96.0000":0.265215,"97.0000":0.297727,"98.0000":0.408063,"99.0000":0.552959,"99.9000":2.969599,"99.9900":9.134079,"99.9990":13.377535,"99.9999":13.377535,"100.0000":13.377535},"allocations":{"total_heap":2913663794,"minor_heap":2901091989,"major_heap":388677907,"promoted_words":376106102,"promoted_pct":12.96},"domain_alloc_stats":{"0":{"total":2913663794,"minor":2901091989,"promoted":376106102,"major":388677907,"promoted_pct":12.96}},"collections":{"minor":11086,"major":28,"forced_major":0,"compactions":0}}
{"version":1,"wall_time":4.84,"cpu_time":4.84,"gc_time":2.01,"gc_overhead":41.45,"max_rss_kb":1026056,"domain_stats":{"0":{"wall_time":4.84,"gc_time":2.01,"gc_overhead":41.45}},"mean_latency":0.090227,"stddev_latency":0.233884,"min_latency":0.0,"max_latency":13.156351,"distr_latency":{"25.0000":0.025663,"50.0000":0.072511,"60.0000":0.076927,"70.0000":0.104447,"75.0000":0.109951,"80.0000":0.115647,"85.0000":0.123967,"90.0000":0.144767,"95.0000":0.230143,"96.0000":0.269055,"97.0000":0.296703,"98.0000":0.406271,"99.0000":0.551423,"99.9000":3.004415,"99.9900":9.043967,"99.9990":13.156351,"99.9999":13.156351,"100.0000":13.156351},"allocations":{"total_heap":2913663794,"minor_heap":2901091989,"major_heap":388677907,"promoted_words":376106102,"promoted_pct":12.96},"domain_alloc_stats":{"0":{"total":2913663794,"minor":2901091989,"promoted":376106102,"major":388677907,"promoted_pct":12.96}},"collections":{"minor":11086,"major":28,"forced_major":0,"compactions":0}}
