{"version":1,"wall_time":4.94,"cpu_time":4.94,"gc_time":2.04,"gc_overhead":41.26,"max_rss_kb":1026036,"domain_stats":{"0":{"wall_time":4.94,"gc_time":2.04,"gc_overhead":41.26}},"mean_latency":0.091696,"stddev_latency":0.236115,"min_latency":0.0,"max_latency":13.377535,"distr_latency":{"25.0000":0.025631,"50.0000":0.076287,"60.0000":0.080831,"70.0000":0.107455,"75.0000":0.113151,"80.0000":0.118271,"85.0000":0.126079,"90.0000":0.145919,"95.0000":0.231295,"96.0000":0.266239,"97.0000":0.295167,"98.0000":0.403455,"99.0000":0.565759,"99.9000":2.985983,"99.9900":9.134079,"99.9990":13.377535,"99.9999":13.377535,"100.0000":13.377535},"allocations":{"total_heap":2913663794,"minor_heap":2901091989,"major_heap":388677907,"promoted_words":376106102,"promoted_pct":12.96},"domain_alloc_stats":{"0":{"total":2913663794,"minor":2901091989,"promoted":376106102,"major":388677907,"promoted_pct":12.96}},"collections":{"minor":11086,"major":28,"forced_major":0,"compactions":0}}
{"version":1,"wall_time":4.82,"cpu_time":4.82,"gc_time":2.0,"gc_overhead":41.55,"max_rss_kb":1025836,"domain_stats":{"0":{"wall_time":4.82,"gc_time":2.0,"gc_overhead":41.55}},"mean_latency":0.090034,"stddev_latency":0.235454,"min_latency":0.0,"max_latency":13.328383,"distr_latency":{"25.0000":0.025823,"50.0000":0.072319,"60.0000":0.076671,"70.0000":0.104191,"75.0000":0.109567,"80.0000":0.115135,"85.0000":0.123455,"90.0000":0.144383,"95.0000":0.231295,"96.0000":0.266495,"97.0000":0.295167,"98.0000":0.404735,"99.0000":0.556543,"99.9000":2.983935,"99.9900":9.150463,"99.9990":13.328383,"99.9999":13.328383,"100.0000":13.328383},"allocations":{"total_heap":2913663794,"minor_heap":2901091989,"major_heap":388677907,"promoted_words":376106102,"promoted_pct":12.96},"domain_alloc_stats":{"0":{"total":2913663794,"minor":2901091989,"promoted":376106102,"major":388677907,"promoted_pct":12.96}},"collections":{"minor":11086,"major":28,"forced_major":0,"compactions":0}}
{"version":1,"wall_time":4.85,"cpu_time":4.85,"gc_time":2.01,"gc_overhead":41.42,"max_rss_kb":1026084,"domain_stats":{"0":{"wall_time":4.85,"gc_time":2.01,"gc_overhead":41.42}},"mean_latency":0.09043,"stddev_latency":0.235526,"min_latency":0.0,"max_latency":13.344767,"distr_latency":{"25.0000":0.026303,"50.0000":0.072511,"60.0000":0.076799,"70.0000":0.104639,"75.0000":0.109951,"80.0000":0.115647,"85.0000":0.123903,"90.0000":0.144639,"95.0000":0.235903,"96.0000":0.266239,"97.0000":0.294143,"98.0000":0.403711,"99.0000":0.552959,"99.9000":2.975743,"99.9900":9.134079,"99.9990":13.344767,"99.9999":13.344767,"100.0000":13.344767},"allocations":{"total_heap":2913663794,"minor_heap":2901091989,"major_heap":388677907,"promoted_words":376106102,"promoted_pct":12.96},"domain_alloc_stats":{"0":{"total":2913663794,"minor":2901091989,"promoted":376106102,"major":388677907,"promoted_pct":12.96}},"collections":{"minor":11086,"major":28,"forced_major":0,"compactions":0}}
