{"version":1,"wall_time":12.54,"cpu_time":12.54,"gc_time":2.23,"gc_overhead":17.8,"max_rss_kb":556832,"domain_stats":{"0":{"wall_time":12.54,"gc_time":2.23,"gc_overhead":17.8}},"mean_latency":0.12132,"stddev_latency":0.19769,"min_latency":0.0,"max_latency":4.571135,"distr_latency":{"25.0000":0.026831,"50.0000":0.060351,"60.0000":0.081727,"70.0000":0.105791,"75.0000":0.122943,"80.0000":0.146687,"85.0000":0.188287,"90.0000":0.338687,"95.0000":0.482303,"96.0000":0.524799,"97.0000":0.582655,"98.0000":0.668159,"99.0000":0.899071,"99.9000":2.025471,"99.9900":3.952639,"99.9990":4.571135,"99.9999":4.571135,"100.0000":4.571135},"allocations":{"total_heap":2410357978,"minor_heap":2361653767,"major_heap":435328505,"promoted_words":386624294,"promoted_pct":16.37},"domain_alloc_stats":{"0":{"total":2410357978,"minor":2361653767,"promoted":386624294,"major":435328505,"promoted_pct":16.37}},"collections":{"minor":9047,"major":41,"forced_major":0,"compactions":0}}
{"version":1,"wall_time":12.54,"cpu_time":12.54,"gc_time":2.23,"gc_overhead":17.76,"max_rss_kb":556880,"domain_stats":{"0":{"wall_time":12.54,"gc_time":2.23,"gc_overhead":17.76}},"mean_latency":0.120949,"stddev_latency":0.197564,"min_latency":0.0,"max_latency":4.554751,"distr_latency":{"25.0000":0.026799,"50.0000":0.060191,"60.0000":0.081471,"70.0000":0.105535,"75.0000":0.121791,"80.0000":0.145279,"85.0000":0.186751,"90.0000":0.336895,"95.0000":0.478207,"96.0000":0.527359,"97.0000":0.582143,"98.0000":0.672255,"99.0000":0.895487,"99.9000":2.009087,"99.9900":3.926015,"99.9990":4.554751,"99.9999":4.554751,"100.0000":4.554751},"allocations":{"total_heap":2410357978,"minor_heap":2361653767,"major_heap":435328505,"promoted_words":386624294,"promoted_pct":16.37},"domain_alloc_stats":{"0":{"total":2410357978,"minor":2361653767,"promoted":386624294,"major":435328505,"promoted_pct":16.37}},"collections":{"minor":9047,"major":41,"forced_major":0,"compactions":0}}
{"version":1,"wall_time":12.54,"cpu_time":12.54,"gc_time":2.23,"gc_overhead":17.8,"max_rss_kb":556836,"domain_stats":{"0":{"wall_time":12.54,"gc_time":2.23,"gc_overhead":17.8}},"mean_latency":0.121282,"stddev_latency":0.197856,"min_latency":0.0,"max_latency":4.567039,"distr_latency":{"25.0000":0.026735,"50.0000":0.060255,"60.0000":0.081471,"70.0000":0.106111,"75.0000":0.122687,"80.0000":0.145791,"85.0000":0.187519,"90.0000":0.338175,"95.0000":0.482815,"96.0000":0.526847,"97.0000":0.584191,"98.0000":0.667647,"99.0000":0.899583,"99.9000":2.023423,"99.9900":3.926015,"99.9990":4.567039,"99.9999":4.567039,"100.0000":4.567039},"allocations":{"total_heap":2410357978,"minor_heap":2361653767,"major_heap":435328505,"promoted_words":386624294,"promoted_pct":16.37},"domain_alloc_stats":{"0":{"total":2410357978,"minor":2361653767,"promoted":386624294,"major":435328505,"promoted_pct":16.37}},"collections":{"minor":9047,"major":41,"forced_major":0,"compactions":0}}
