{"version":1,"wall_time":1.48,"cpu_time":1.48,"gc_time":1.21,"gc_overhead":81.97,"max_rss_kb":109792,"domain_stats":{"0":{"wall_time":1.48,"gc_time":1.21,"gc_overhead":81.97}},"mean_latency":0.210935,"stddev_latency":0.341915,"min_latency":0.0,"max_latency":3.115007,"distr_latency":{"25.0000":0.000287,"50.0000":0.000351,"60.0000":0.007391,"70.0000":0.147583,"75.0000":0.432127,"80.0000":0.713215,"85.0000":0.783871,"90.0000":0.790527,"95.0000":0.821247,"96.0000":0.824319,"97.0000":0.827903,"98.0000":0.833023,"99.0000":1.000959,"99.9000":1.428479,"99.9900":2.226175,"99.9990":3.115007,"99.9999":3.115007,"100.0000":3.115007},"allocations":{"total_heap":13497878,"minor_heap":120671,"major_heap":13377754,"promoted_words":547,"promoted_pct":0.45},"domain_alloc_stats":{"0":{"total":13497878,"minor":120671,"promoted":547,"major":13377754,"promoted_pct":0.45}},"collections":{"minor":420,"major":420,"forced_major":0,"compactions":0}}
{"version":1,"wall_time":1.46,"cpu_time":1.46,"gc_time":1.2,"gc_overhead":81.84,"max_rss_kb":109664,"domain_stats":{"0":{"wall_time":1.46,"gc_time":1.2,"gc_overhead":81.84}},"mean_latency":0.208507,"stddev_latency":0.33852,"min_latency":0.0,"max_latency":4.509695,"distr_latency":{"25.0000":0.000287,"50.0000":0.000311,"60.0000":0.007583,"70.0000":0.145023,"75.0000":0.427263,"80.0000":0.703999,"85.0000":0.780799,"90.0000":0.787455,"95.0000":0.816639,"96.0000":0.820735,"97.0000":0.823295,"98.0000":0.827391,"99.0000":0.837119,"99.9000":1.421311,"99.9900":2.152447,"99.9990":4.509695,"99.9999":4.509695,"100.0000":4.509695},"allocations":{"total_heap":13497878,"minor_heap":120671,"major_heap":13377754,"promoted_words":547,"promoted_pct":0.45},"domain_alloc_stats":{"0":{"total":13497878,"minor":120671,"promoted":547,"major":13377754,"promoted_pct":0.45}},"collections":{"minor":420,"major":420,"forced_major":0,"compactions":0}}
{"version":1,"wall_time":1.44,"cpu_time":1.44,"gc_time":1.18,"gc_overhead":81.64,"max_rss_kb":109760,"domain_stats":{"0":{"wall_time":1.44,"gc_time":1.18,"gc_overhead":81.64}},"mean_latency":0.205285,"stddev_latency":0.329466,"min_latency":0.0,"max_latency":3.115007,"distr_latency":{"25.0000":0.000287,"50.0000":0.000327,"60.0000":0.007183,"70.0000":0.143871,"75.0000":0.421375,"80.0000":0.705535,"85.0000":0.777215,"90.0000":0.783359,"95.0000":0.814079,"96.0000":0.817151,"97.0000":0.819711,"98.0000":0.822271,"99.0000":0.828415,"99.9000":1.343487,"99.9900":2.158591,"99.9990":3.115007,"99.9999":3.115007,"100.0000":3.115007},"allocations":{"total_heap":13497878,"minor_heap":120671,"major_heap":13377754,"promoted_words":547,"promoted_pct":0.45},"domain_alloc_stats":{"0":{"total":13497878,"minor":120671,"promoted":547,"major":13377754,"promoted_pct":0.45}},"collections":{"minor":420,"major":420,"forced_major":0,"compactions":0}}
