{"version":1,"wall_time":12.82,"cpu_time":12.82,"gc_time":2.5,"gc_overhead":19.5,"max_rss_kb":602588,"domain_stats":{"0":{"wall_time":12.82,"gc_time":2.5,"gc_overhead":19.5}},"mean_latency":0.135773,"stddev_latency":0.198779,"min_latency":0.0,"max_latency":3.010559,"distr_latency":{"25.0000":0.035551,"50.0000":0.068031,"60.0000":0.089599,"70.0000":0.121151,"75.0000":0.144895,"80.0000":0.188415,"85.0000":0.252543,"90.0000":0.345087,"95.0000":0.464383,"96.0000":0.522239,"97.0000":0.595455,"98.0000":0.760319,"99.0000":0.993279,"99.9000":2.020351,"99.9900":2.811903,"99.9990":3.010559,"99.9999":3.010559,"100.0000":3.010559},"allocations":{"total_heap":2410430342,"minor_heap":2361726131,"major_heap":435129399,"promoted_words":386425188,"promoted_pct":16.36},"domain_alloc_stats":{"0":{"total":2410430342,"minor":2361726131,"promoted":386425188,"major":435129399,"promoted_pct":16.36}},"collections":{"minor":9059,"major":57,"forced_major":0,"compactions":0}}
{"version":1,"wall_time":12.88,"cpu_time":12.88,"gc_time":2.45,"gc_overhead":18.99,"max_rss_kb":602648,"domain_stats":{"0":{"wall_time":12.88,"gc_time":2.45,"gc_overhead":18.99}},"mean_latency":0.132827,"stddev_latency":0.196482,"min_latency":0.0,"max_latency":3.006463,"distr_latency":{"25.0000":0.034431,"50.0000":0.065599,"60.0000":0.086015,"70.0000":0.117439,"75.0000":0.141823,"80.0000":0.184447,"85.0000":0.251007,"90.0000":0.338943,"95.0000":0.453887,"96.0000":0.514559,"97.0000":0.584191,"98.0000":0.745471,"99.0000":0.976895,"99.9000":1.939455,"99.9900":2.805759,"99.9990":3.006463,"99.9999":3.006463,"100.0000":3.006463},"allocations":{"total_heap":2410430342,"minor_heap":2361726131,"major_heap":435129399,"promoted_words":386425188,"promoted_pct":16.36},"domain_alloc_stats":{"0":{"total":2410430342,"minor":2361726131,"promoted":386425188,"major":435129399,"promoted_pct":16.36}},"collections":{"minor":9059,"major":57,"forced_major":0,"compactions":0}}
{"version":1,"wall_time":12.83,"cpu_time":12.83,"gc_time":2.48,"gc_overhead":19.35,"max_rss_kb":602564,"domain_stats":{"0":{"wall_time":12.83,"gc_time":2.48,"gc_overhead":19.35}},"mean_latency":0.13476,"stddev_latency":0.19912,"min_latency":0.0,"max_latency":3.045375,"distr_latency":{"25.0000":0.035007,"50.0000":0.066815,"60.0000":0.087679,"70.0000":0.118911,"75.0000":0.142975,"80.0000":0.185855,"85.0000":0.251903,"90.0000":0.347135,"95.0000":0.463615,"96.0000":0.520959,"97.0000":0.592895,"98.0000":0.759295,"99.0000":0.985087,"99.9000":1.968127,"99.9900":2.856959,"99.9990":3.045375,"99.9999":3.045375,"100.0000":3.045375},"allocations":{"total_heap":2410430342,"minor_heap":2361726131,"major_heap":435129399,"promoted_words":386425188,"promoted_pct":16.36},"domain_alloc_stats":{"0":{"total":2410430342,"minor":2361726131,"promoted":386425188,"major":435129399,"promoted_pct":16.36}},"collections":{"minor":9059,"major":57,"forced_major":0,"compactions":0}}
