{"version":1,"wall_time":6.54,"cpu_time":6.54,"gc_time":5.48,"gc_overhead":83.81,"max_rss_kb":159880,"domain_stats":{"0":{"wall_time":6.54,"gc_time":5.48,"gc_overhead":83.81}},"mean_latency":0.228665,"stddev_latency":0.363882,"min_latency":0.0,"max_latency":2.881535,"distr_latency":{"25.0000":0.000287,"50.0000":0.000343,"60.0000":0.009503,"70.0000":0.193663,"75.0000":0.464639,"80.0000":0.744447,"85.0000":0.812031,"90.0000":0.852479,"95.0000":0.919039,"96.0000":0.925183,"97.0000":0.932863,"98.0000":0.945151,"99.0000":0.985599,"99.9000":1.581055,"99.9900":1.589247,"99.9990":2.881535,"99.9999":2.881535,"100.0000":2.881535},"allocations":{"total_heap":14037919,"minor_heap":300652,"major_heap":13737835,"promoted_words":568,"promoted_pct":0.19},"domain_alloc_stats":{"0":{"total":14037919,"minor":300652,"promoted":568,"major":13737835,"promoted_pct":0.19}},"collections":{"minor":1886,"major":1886,"forced_major":0,"compactions":0}}
{"version":1,"wall_time":6.66,"cpu_time":6.66,"gc_time":5.61,"gc_overhead":84.17,"max_rss_kb":159892,"domain_stats":{"0":{"wall_time":6.66,"gc_time":5.61,"gc_overhead":84.17}},"mean_latency":0.233792,"stddev_latency":0.372883,"min_latency":0.0,"max_latency":4.243455,"distr_latency":{"25.0000":0.000287,"50.0000":0.000335,"60.0000":0.009975,"70.0000":0.197247,"75.0000":0.468735,"80.0000":0.754175,"85.0000":0.835071,"90.0000":0.856575,"95.0000":0.945151,"96.0000":0.947711,"97.0000":0.951295,"98.0000":0.956415,"99.0000":0.993279,"99.9000":1.587199,"99.9900":1.599487,"99.9990":4.243455,"99.9999":4.243455,"100.0000":4.243455},"allocations":{"total_heap":14037919,"minor_heap":300652,"major_heap":13737835,"promoted_words":568,"promoted_pct":0.19},"domain_alloc_stats":{"0":{"total":14037919,"minor":300652,"promoted":568,"major":13737835,"promoted_pct":0.19}},"collections":{"minor":1886,"major":1886,"forced_major":0,"compactions":0}}
{"version":1,"wall_time":6.59,"cpu_time":6.59,"gc_time":5.52,"gc_overhead":83.76,"max_rss_kb":159860,"domain_stats":{"0":{"wall_time":6.59,"gc_time":5.52,"gc_overhead":83.76}},"mean_latency":0.230315,"stddev_latency":0.365681,"min_latency":0.0,"max_latency":4.300799,"distr_latency":{"25.0000":0.000287,"50.0000":0.000327,"60.0000":0.009631,"70.0000":0.198527,"75.0000":0.467199,"80.0000":0.750591,"85.0000":0.825343,"90.0000":0.849407,"95.0000":0.933375,"96.0000":0.936447,"97.0000":0.940031,"98.0000":0.945151,"99.0000":0.961023,"99.9000":1.587199,"99.9900":1.594367,"99.9990":4.300799,"99.9999":4.300799,"100.0000":4.300799},"allocations":{"total_heap":14037919,"minor_heap":300652,"major_heap":13737835,"promoted_words":568,"promoted_pct":0.19},"domain_alloc_stats":{"0":{"total":14037919,"minor":300652,"promoted":568,"major":13737835,"promoted_pct":0.19}},"collections":{"minor":1886,"major":1886,"forced_major":0,"compactions":0}}
