{"version":1,"wall_time":6.02,"cpu_time":6.02,"gc_time":4.73,"gc_overhead":78.64,"max_rss_kb":70184,"domain_stats":{"0":{"wall_time":6.02,"gc_time":4.73,"gc_overhead":78.64}},"mean_latency":0.587731,"stddev_latency":0.589549,"min_latency":0.0,"max_latency":2.269183,"distr_latency":{"25.0000":0.009751,"50.0000":0.166527,"60.0000":1.144831,"70.0000":1.249279,"75.0000":1.256447,"80.0000":1.263615,"85.0000":1.270783,"90.0000":1.278975,"95.0000":1.293311,"96.0000":1.298431,"97.0000":1.304575,"98.0000":1.314815,"99.0000":1.374207,"99.9000":2.057215,"99.9900":2.240511,"99.9990":2.269183,"99.9999":2.269183,"100.0000":2.269183},"allocations":{"total_heap":659181137,"minor_heap":624689343,"major_heap":98406517,"promoted_words":63914723,"promoted_pct":10.23},"domain_alloc_stats":{"0":{"total":659181137,"minor":624689343,"promoted":63914723,"major":98406517,"promoted_pct":10.23}},"collections":{"minor":9059,"major":3599,"forced_major":1116,"compactions":0}}
{"version":1,"wall_time":5.99,"cpu_time":5.99,"gc_time":4.71,"gc_overhead":78.59,"max_rss_kb":69860,"domain_stats":{"0":{"wall_time":5.99,"gc_time":4.71,"gc_overhead":78.59}},"mean_latency":0.584597,"stddev_latency":0.585674,"min_latency":0.0,"max_latency":2.244607,"distr_latency":{"25.0000":0.009863,"50.0000":0.169855,"60.0000":1.138687,"70.0000":1.240063,"75.0000":1.248255,"80.0000":1.255423,"85.0000":1.262591,"90.0000":1.271807,"95.0000":1.286143,"96.0000":1.290239,"97.0000":1.297407,"98.0000":1.307647,"99.0000":1.378303,"99.9000":2.069503,"99.9900":2.240511,"99.9990":2.244607,"99.9999":2.244607,"100.0000":2.244607},"allocations":{"total_heap":659181133,"minor_heap":624689339,"major_heap":98406517,"promoted_words":63914723,"promoted_pct":10.23},"domain_alloc_stats":{"0":{"total":659181133,"minor":624689339,"promoted":63914723,"major":98406517,"promoted_pct":10.23}},"collections":{"minor":9059,"major":3599,"forced_major":1116,"compactions":0}}
{"version":1,"wall_time":6.01,"cpu_time":6.01,"gc_time":4.73,"gc_overhead":78.7,"max_rss_kb":70244,"domain_stats":{"0":{"wall_time":6.01,"gc_time":4.73,"gc_overhead":78.7}},"mean_latency":0.588077,"stddev_latency":0.590561,"min_latency":0.0,"max_latency":2.344959,"distr_latency":{"25.0000":0.009567,"50.0000":0.163711,"60.0000":1.155071,"70.0000":1.248255,"75.0000":1.257471,"80.0000":1.264639,"85.0000":1.271807,"90.0000":1.281023,"95.0000":1.296383,"96.0000":1.300479,"97.0000":1.307647,"98.0000":1.318911,"99.0000":1.391615,"99.9000":2.077695,"99.9900":2.267135,"99.9990":2.344959,"99.9999":2.344959,"100.0000":2.344959},"allocations":{"total_heap":659181129,"minor_heap":624689335,"major_heap":98406517,"promoted_words":63914723,"promoted_pct":10.23},"domain_alloc_stats":{"0":{"total":659181129,"minor":624689335,"promoted":63914723,"major":98406517,"promoted_pct":10.23}},"collections":{"minor":9059,"major":3599,"forced_major":1116,"compactions":0}}
