{"version":1,"wall_time":6.46,"cpu_time":6.46,"gc_time":5.18,"gc_overhead":80.2,"max_rss_kb":68112,"domain_stats":{"0":{"wall_time":6.46,"gc_time":5.18,"gc_overhead":80.2}},"mean_latency":0.536501,"stddev_latency":0.585639,"min_latency":0.0,"max_latency":2.371583,"distr_latency":{"25.0000":0.003807,"50.0000":0.173311,"60.0000":0.559615,"70.0000":1.252351,"75.0000":1.273855,"80.0000":1.285119,"85.0000":1.295359,"90.0000":1.307647,"95.0000":1.321983,"96.0000":1.326079,"97.0000":1.332223,"98.0000":1.340415,"99.0000":1.358847,"99.9000":2.079743,"99.9900":2.211839,"99.9990":2.371583,"99.9999":2.371583,"100.0000":2.371583},"allocations":{"total_heap":659181531,"minor_heap":624689737,"major_heap":97960427,"promoted_words":63468633,"promoted_pct":10.16},"domain_alloc_stats":{"0":{"total":659181531,"minor":624689737,"promoted":63468633,"major":97960427,"promoted_pct":10.16}},"collections":{"minor":9488,"major":3851,"forced_major":1116,"compactions":0}}
{"version":1,"wall_time":6.44,"cpu_time":6.44,"gc_time":5.17,"gc_overhead":80.28,"max_rss_kb":68016,"domain_stats":{"0":{"wall_time":6.44,"gc_time":5.17,"gc_overhead":80.28}},"mean_latency":0.535719,"stddev_latency":0.584829,"min_latency":0.0,"max_latency":2.455551,"distr_latency":{"25.0000":0.003751,"50.0000":0.173311,"60.0000":0.560639,"70.0000":1.248255,"75.0000":1.271807,"80.0000":1.284095,"85.0000":1.294335,"90.0000":1.304575,"95.0000":1.319935,"96.0000":1.323007,"97.0000":1.328127,"98.0000":1.335295,"99.0000":1.353727,"99.9000":2.072575,"99.9900":2.256895,"99.9990":2.455551,"99.9999":2.455551,"100.0000":2.455551},"allocations":{"total_heap":659181537,"minor_heap":624689743,"major_heap":97960427,"promoted_words":63468633,"promoted_pct":10.16},"domain_alloc_stats":{"0":{"total":659181537,"minor":624689743,"promoted":63468633,"major":97960427,"promoted_pct":10.16}},"collections":{"minor":9488,"major":3851,"forced_major":1116,"compactions":0}}
{"version":1,"wall_time":6.48,"cpu_time":6.48,"gc_time":5.21,"gc_overhead":80.42,"max_rss_kb":68112,"domain_stats":{"0":{"wall_time":6.48,"gc_time":5.21,"gc_overhead":80.42}},"mean_latency":0.539879,"stddev_latency":0.589582,"min_latency":0.0,"max_latency":2.328575,"distr_latency":{"25.0000":0.003743,"50.0000":0.173823,"60.0000":0.563199,"70.0000":1.255423,"75.0000":1.277951,"80.0000":1.289215,"85.0000":1.299455,"90.0000":1.311743,"95.0000":1.326079,"96.0000":1.330175,"97.0000":1.335295,"98.0000":1.343487,"99.0000":1.360895,"99.9000":2.105343,"99.9900":2.295807,"99.9990":2.328575,"99.9999":2.328575,"100.0000":2.328575},"allocations":{"total_heap":659181527,"minor_heap":624689733,"major_heap":97960441,"promoted_words":63468647,"promoted_pct":10.16},"domain_alloc_stats":{"0":{"total":659181527,"minor":624689733,"promoted":63468647,"major":97960441,"promoted_pct":10.16}},"collections":{"minor":9488,"major":3851,"forced_major":1116,"compactions":0}}
