{"version":1,"wall_time":3.28,"cpu_time":3.28,"gc_time":0.68,"gc_overhead":20.67,"max_rss_kb":453912,"domain_stats":{"0":{"wall_time":3.28,"gc_time":0.68,"gc_overhead":20.67}},"mean_latency":0.200916,"stddev_latency":0.297285,"min_latency":0.0,"max_latency":3.946495,"distr_latency":{"25.0000":0.032319,"50.0000":0.090623,"60.0000":0.137855,"70.0000":0.198399,"75.0000":0.254975,"80.0000":0.317183,"85.0000":0.403199,"90.0000":0.502271,"95.0000":0.757247,"96.0000":0.815615,"97.0000":0.886271,"98.0000":1.190911,"99.0000":1.622015,"99.9000":2.195455,"99.9900":3.946495,"99.9990":3.946495,"99.9999":3.946495,"100.0000":3.946495},"allocations":{"total_heap":434048531,"minor_heap":418061269,"major_heap":139006492,"promoted_words":123019230,"promoted_pct":29.43},"domain_alloc_stats":{"0":{"total":434048531,"minor":418061269,"promoted":123019230,"major":139006492,"promoted_pct":29.43}},"collections":{"minor":1627,"major":27,"forced_major":0,"compactions":0}}
{"version":1,"wall_time":3.31,"cpu_time":3.31,"gc_time":0.68,"gc_overhead":20.61,"max_rss_kb":453676,"domain_stats":{"0":{"wall_time":3.31,"gc_time":0.68,"gc_overhead":20.61}},"mean_latency":0.202017,"stddev_latency":0.297163,"min_latency":0.0,"max_latency":4.022271,"distr_latency":{"25.0000":0.032671,"50.0000":0.090687,"60.0000":0.138495,"70.0000":0.203775,"75.0000":0.258175,"80.0000":0.319231,"85.0000":0.398591,"90.0000":0.504831,"95.0000":0.755711,"96.0000":0.809471,"97.0000":0.885247,"98.0000":1.161215,"99.0000":1.613823,"99.9000":2.195455,"99.9900":4.022271,"99.9990":4.022271,"99.9999":4.022271,"100.0000":4.022271},"allocations":{"total_heap":434048531,"minor_heap":418061269,"major_heap":139006492,"promoted_words":123019230,"promoted_pct":29.43},"domain_alloc_stats":{"0":{"total":434048531,"minor":418061269,"promoted":123019230,"major":139006492,"promoted_pct":29.43}},"collections":{"minor":1627,"major":27,"forced_major":0,"compactions":0}}
{"version":1,"wall_time":3.29,"cpu_time":3.29,"gc_time":0.68,"gc_overhead":20.67,"max_rss_kb":453840,"domain_stats":{"0":{"wall_time":3.29,"gc_time":0.68,"gc_overhead":20.67}},"mean_latency":0.201687,"stddev_latency":0.299176,"min_latency":0.0,"max_latency":3.917823,"distr_latency":{"25.0000":0.032511,"50.0000":0.090431,"60.0000":0.137471,"70.0000":0.201215,"75.0000":0.255615,"80.0000":0.317695,"85.0000":0.404735,"90.0000":0.492799,"95.0000":0.757247,"96.0000":0.815615,"97.0000":0.915455,"98.0000":1.188863,"99.0000":1.631231,"99.9000":2.256895,"99.9900":3.917823,"99.9990":3.917823,"99.9999":3.917823,"100.0000":3.917823},"allocations":{"total_heap":434048531,"minor_heap":418061269,"major_heap":139006492,"promoted_words":123019230,"promoted_pct":29.43},"domain_alloc_stats":{"0":{"total":434048531,"minor":418061269,"promoted":123019230,"major":139006492,"promoted_pct":29.43}},"collections":{"minor":1627,"major":27,"forced_major":0,"compactions":0}}
