{"version":1,"wall_time":2.96,"cpu_time":2.96,"gc_time":1.23,"gc_overhead":41.6,"max_rss_kb":174852,"domain_stats":{"0":{"wall_time":2.96,"gc_time":1.23,"gc_overhead":41.6}},"mean_latency":0.006164,"stddev_latency":0.004604,"min_latency":0.0,"max_latency":0.063871,"distr_latency":{"25.0000":3.1e-05,"50.0000":0.008967,"60.0000":0.009135,"70.0000":0.009327,"75.0000":0.009495,"80.0000":0.009727,"85.0000":0.009935,"90.0000":0.010183,"95.0000":0.011351,"96.0000":0.011791,"97.0000":0.012335,"98.0000":0.013023,"99.0000":0.014031,"99.9000":0.017023,"99.9900":0.021935,"99.9990":0.030943,"99.9999":0.063871,"100.0000":0.063871},"allocations":{"total_heap":3994359311,"minor_heap":4706222,"major_heap":3989907106,"promoted_words":254017,"promoted_pct":5.4},"domain_alloc_stats":{"0":{"total":3994359311,"minor":4706222,"promoted":254017,"major":3989907106,"promoted_pct":5.4}},"collections":{"minor":126359,"major":126349,"forced_major":0,"compactions":0}}
{"version":1,"wall_time":2.89,"cpu_time":2.89,"gc_time":1.16,"gc_overhead":40.21,"max_rss_kb":173512,"domain_stats":{"0":{"wall_time":2.89,"gc_time":1.16,"gc_overhead":40.21}},"mean_latency":0.005804,"stddev_latency":0.004335,"min_latency":0.0,"max_latency":0.069119,"distr_latency":{"25.0000":3.1e-05,"50.0000":0.008191,"60.0000":0.008471,"70.0000":0.008863,"75.0000":0.009015,"80.0000":0.009167,"85.0000":0.009343,"90.0000":0.009751,"95.0000":0.010815,"96.0000":0.011191,"97.0000":0.011791,"98.0000":0.012495,"99.0000":0.013471,"99.9000":0.016415,"99.9900":0.019887,"99.9990":0.035071,"99.9999":0.069119,"100.0000":0.069119},"allocations":{"total_heap":3994359311,"minor_heap":4706222,"major_heap":3989907106,"promoted_words":254017,"promoted_pct":5.4},"domain_alloc_stats":{"0":{"total":3994359311,"minor":4706222,"promoted":254017,"major":3989907106,"promoted_pct":5.4}},"collections":{"minor":126359,"major":126349,"forced_major":0,"compactions":0}}
{"version":1,"wall_time":2.96,"cpu_time":2.96,"gc_time":1.23,"gc_overhead":41.42,"max_rss_kb":170100,"domain_stats":{"0":{"wall_time":2.96,"gc_time":1.23,"gc_overhead":41.42}},"mean_latency":0.006123,"stddev_latency":0.00458,"min_latency":0.0,"max_latency":0.066495,"distr_latency":{"25.0000":3.1e-05,"50.0000":0.008895,"60.0000":0.009063,"70.0000":0.009247,"75.0000":0.009423,"80.0000":0.009671,"85.0000":0.009871,"90.0000":0.010135,"95.0000":0.011335,"96.0000":0.011775,"97.0000":0.012343,"98.0000":0.013007,"99.0000":0.013983,"99.9000":0.016975,"99.9900":0.022783,"99.9990":0.047391,"99.9999":0.066495,"100.0000":0.066495},"allocations":{"total_heap":3994359311,"minor_heap":4706222,"major_heap":3989907106,"promoted_words":254017,"promoted_pct":5.4},"domain_alloc_stats":{"0":{"total":3994359311,"minor":4706222,"promoted":254017,"major":3989907106,"promoted_pct":5.4}},"collections":{"minor":126359,"major":126349,"forced_major":0,"compactions":0}}
