{"version":1,"wall_time":2.29,"cpu_time":2.29,"gc_time":0.92,"gc_overhead":40.16,"max_rss_kb":385924,"domain_stats":{"0":{"wall_time":2.29,"gc_time":0.92,"gc_overhead":40.16}},"mean_latency":0.412274,"stddev_latency":0.533843,"min_latency":0.0,"max_latency":3.995647,"distr_latency":{"25.0000":0.097471,"50.0000":0.249087,"60.0000":0.327423,"70.0000":0.422399,"75.0000":0.486911,"80.0000":0.564223,"85.0000":0.692223,"90.0000":1.090559,"95.0000":1.554431,"96.0000":1.613823,"97.0000":1.946623,"98.0000":2.209791,"99.0000":2.832383,"99.9000":3.305471,"99.9900":3.995647,"99.9990":3.995647,"99.9999":3.995647,"100.0000":3.995647},"allocations":{"total_heap":279422699,"minor_heap":265953352,"major_heap":121585944,"promoted_words":108116597,"promoted_pct":40.65},"domain_alloc_stats":{"0":{"total":279422699,"minor":265953352,"promoted":108116597,"major":121585944,"promoted_pct":40.65}},"collections":{"minor":1054,"major":38,"forced_major":0,"compactions":0}}
{"version":1,"wall_time":2.29,"cpu_time":2.29,"gc_time":0.91,"gc_overhead":39.84,"max_rss_kb":386448,"domain_stats":{"0":{"wall_time":2.29,"gc_time":0.91,"gc_overhead":39.84}},"mean_latency":0.408801,"stddev_latency":0.521594,"min_latency":0.0,"max_latency":3.825663,"distr_latency":{"25.0000":0.096575,"50.0000":0.246655,"60.0000":0.327935,"70.0000":0.423935,"75.0000":0.488447,"80.0000":0.569343,"85.0000":0.699903,"90.0000":1.060863,"95.0000":1.519615,"96.0000":1.576959,"97.0000":1.891327,"98.0000":2.191359,"99.0000":2.783231,"99.9000":3.190783,"99.9900":3.825663,"99.9990":3.825663,"99.9999":3.825663,"100.0000":3.825663},"allocations":{"total_heap":279422699,"minor_heap":265953352,"major_heap":121585944,"promoted_words":108116597,"promoted_pct":40.65},"domain_alloc_stats":{"0":{"total":279422699,"minor":265953352,"promoted":108116597,"major":121585944,"promoted_pct":40.65}},"collections":{"minor":1054,"major":38,"forced_major":0,"compactions":0}}
{"version":1,"wall_time":2.3,"cpu_time":2.3,"gc_time":0.92,"gc_overhead":39.98,"max_rss_kb":384692,"domain_stats":{"0":{"wall_time":2.3,"gc_time":0.92,"gc_overhead":39.98}},"mean_latency":0.412591,"stddev_latency":0.525368,"min_latency":0.0,"max_latency":3.926015,"distr_latency":{"25.0000":0.097215,"50.0000":0.247423,"60.0000":0.337407,"70.0000":0.433407,"75.0000":0.499455,"80.0000":0.575487,"85.0000":0.712191,"90.0000":1.071103,"95.0000":1.525759,"96.0000":1.566719,"97.0000":1.916927,"98.0000":2.177023,"99.0000":2.813951,"99.9000":3.266559,"99.9900":3.926015,"99.9990":3.926015,"99.9999":3.926015,"100.0000":3.926015},"allocations":{"total_heap":279422699,"minor_heap":265953352,"major_heap":121585944,"promoted_words":108116597,"promoted_pct":40.65},"domain_alloc_stats":{"0":{"total":279422699,"minor":265953352,"promoted":108116597,"major":121585944,"promoted_pct":40.65}},"collections":{"minor":1054,"major":38,"forced_major":0,"compactions":0}}
