{"version":1,"wall_time":3.75,"cpu_time":3.75,"gc_time":1.78,"gc_overhead":47.42,"max_rss_kb":137760,"domain_stats":{"0":{"wall_time":3.75,"gc_time":1.78,"gc_overhead":47.42}},"mean_latency":0.005796,"stddev_latency":0.012349,"min_latency":0.0,"max_latency":0.063711,"distr_latency":{"25.0000":0.000263,"50.0000":0.000271,"60.0000":0.000287,"70.0000":0.001311,"75.0000":0.001935,"80.0000":0.010303,"85.0000":0.011663,"90.0000":0.040159,"95.0000":0.040543,"96.0000":0.040607,"97.0000":0.040703,"98.0000":0.041247,"99.0000":0.041535,"99.9000":0.048671,"99.9900":0.055711,"99.9990":0.059135,"99.9999":0.063711,"100.0000":0.063711},"allocations":{"total_heap":69978929,"minor_heap":68782134,"major_heap":1465356,"promoted_words":268561,"promoted_pct":0.39},"domain_alloc_stats":{"0":{"total":69978929,"minor":68782134,"promoted":268561,"major":1465356,"promoted_pct":0.39}},"collections":{"minor":63287,"major":31643,"forced_major":0,"compactions":0}}
{"version":1,"wall_time":3.75,"cpu_time":3.75,"gc_time":1.79,"gc_overhead":47.76,"max_rss_kb":138340,"domain_stats":{"0":{"wall_time":3.75,"gc_time":1.79,"gc_overhead":47.76}},"mean_latency":0.005829,"stddev_latency":0.012417,"min_latency":0.0,"max_latency":0.064607,"distr_latency":{"25.0000":0.000263,"50.0000":0.000271,"60.0000":0.000271,"70.0000":0.001335,"75.0000":0.001967,"80.0000":0.010527,"85.0000":0.011575,"90.0000":0.040159,"95.0000":0.040639,"96.0000":0.040703,"97.0000":0.040831,"98.0000":0.041375,"99.0000":0.041663,"99.9000":0.052767,"99.9900":0.057503,"99.9990":0.060095,"99.9999":0.064607,"100.0000":0.064607},"allocations":{"total_heap":69978929,"minor_heap":68782134,"major_heap":1465356,"promoted_words":268561,"promoted_pct":0.39},"domain_alloc_stats":{"0":{"total":69978929,"minor":68782134,"promoted":268561,"major":1465356,"promoted_pct":0.39}},"collections":{"minor":63287,"major":31643,"forced_major":0,"compactions":0}}
{"version":1,"wall_time":3.41,"cpu_time":3.41,"gc_time":1.46,"gc_overhead":42.82,"max_rss_kb":138992,"domain_stats":{"0":{"wall_time":3.41,"gc_time":1.46,"gc_overhead":42.82}},"mean_latency":0.004762,"stddev_latency":0.009467,"min_latency":0.0,"max_latency":0.076287,"distr_latency":{"25.0000":0.000263,"50.0000":0.000271,"60.0000":0.000271,"70.0000":0.001311,"75.0000":0.001903,"80.0000":0.010583,"85.0000":0.011431,"90.0000":0.029631,"95.0000":0.030159,"96.0000":0.030255,"97.0000":0.030575,"98.0000":0.031007,"99.0000":0.032031,"99.9000":0.041599,"99.9900":0.050367,"99.9990":0.056159,"99.9999":0.076287,"100.0000":0.076287},"allocations":{"total_heap":69978929,"minor_heap":68782134,"major_heap":1465356,"promoted_words":268561,"promoted_pct":0.39},"domain_alloc_stats":{"0":{"total":69978929,"minor":68782134,"promoted":268561,"major":1465356,"promoted_pct":0.39}},"collections":{"minor":63287,"major":31643,"forced_major":0,"compactions":0}}
