{"version":1,"wall_time":3.17,"cpu_time":3.17,"gc_time":0.58,"gc_overhead":18.39,"max_rss_kb":559592,"domain_stats":{"0":{"wall_time":3.17,"gc_time":0.58,"gc_overhead":18.39}},"mean_latency":0.173104,"stddev_latency":0.239203,"min_latency":0.0,"max_latency":1.822719,"distr_latency":{"25.0000":0.026991,"50.0000":0.067327,"60.0000":0.116287,"70.0000":0.151935,"75.0000":0.209663,"80.0000":0.302847,"85.0000":0.423679,"90.0000":0.505087,"95.0000":0.693759,"96.0000":0.721919,"97.0000":0.768511,"98.0000":0.844799,"99.0000":1.074175,"99.9000":1.781759,"99.9900":1.822719,"99.9990":1.822719,"99.9999":1.822719,"100.0000":1.822719},"allocations":{"total_heap":434180024,"minor_heap":418192762,"major_heap":138023768,"promoted_words":122036506,"promoted_pct":29.18},"domain_alloc_stats":{"0":{"total":434180024,"minor":418192762,"promoted":122036506,"major":138023768,"promoted_pct":29.18}},"collections":{"minor":1624,"major":20,"forced_major":0,"compactions":0}}
{"version":1,"wall_time":3.19,"cpu_time":3.19,"gc_time":0.61,"gc_overhead":18.98,"max_rss_kb":557736,"domain_stats":{"0":{"wall_time":3.19,"gc_time":0.61,"gc_overhead":18.98}},"mean_latency":0.179674,"stddev_latency":0.246137,"min_latency":0.0,"max_latency":1.789951,"distr_latency":{"25.0000":0.027407,"50.0000":0.069823,"60.0000":0.118847,"70.0000":0.155007,"75.0000":0.207615,"80.0000":0.320767,"85.0000":0.443647,"90.0000":0.533503,"95.0000":0.721407,"96.0000":0.770047,"97.0000":0.826367,"98.0000":0.865279,"99.0000":1.083391,"99.9000":1.739775,"99.9900":1.789951,"99.9990":1.789951,"99.9999":1.789951,"100.0000":1.789951},"allocations":{"total_heap":434180024,"minor_heap":418192762,"major_heap":138023768,"promoted_words":122036506,"promoted_pct":29.18},"domain_alloc_stats":{"0":{"total":434180024,"minor":418192762,"promoted":122036506,"major":138023768,"promoted_pct":29.18}},"collections":{"minor":1624,"major":20,"forced_major":0,"compactions":0}}
{"version":1,"wall_time":3.17,"cpu_time":3.17,"gc_time":0.58,"gc_overhead":18.34,"max_rss_kb":560184,"domain_stats":{"0":{"wall_time":3.17,"gc_time":0.58,"gc_overhead":18.34}},"mean_latency":0.172245,"stddev_latency":0.237502,"min_latency":0.0,"max_latency":1.776639,"distr_latency":{"25.0000":0.026655,"50.0000":0.067519,"60.0000":0.115263,"70.0000":0.152063,"75.0000":0.205951,"80.0000":0.303103,"85.0000":0.423935,"90.0000":0.508671,"95.0000":0.695807,"96.0000":0.732159,"97.0000":0.763903,"98.0000":0.837631,"99.0000":1.085439,"99.9000":1.732607,"99.9900":1.776639,"99.9990":1.776639,"99.9999":1.776639,"100.0000":1.776639},"allocations":{"total_heap":434180024,"minor_heap":418192762,"major_heap":138023768,"promoted_words":122036506,"promoted_pct":29.18},"domain_alloc_stats":{"0":{"total":434180024,"minor":418192762,"promoted":122036506,"major":138023768,"promoted_pct":29.18}},"collections":{"minor":1624,"major":20,"forced_major":0,"compactions":0}}
