{"version":1,"wall_time":3.45,"cpu_time":3.45,"gc_time":1.51,"gc_overhead":43.8,"max_rss_kb":131324,"domain_stats":{"0":{"wall_time":3.45,"gc_time":1.51,"gc_overhead":43.8}},"mean_latency":0.005171,"stddev_latency":0.01123,"min_latency":0.0,"max_latency":0.057375,"distr_latency":{"25.0000":0.000263,"50.0000":0.000271,"60.0000":0.000271,"70.0000":0.001191,"75.0000":0.001447,"80.0000":0.005895,"85.0000":0.010647,"90.0000":0.013223,"95.0000":0.040639,"96.0000":0.040703,"97.0000":0.040767,"98.0000":0.040991,"99.0000":0.041535,"99.9000":0.045023,"99.9900":0.050911,"99.9990":0.055295,"99.9999":0.057375,"100.0000":0.057375},"allocations":{"total_heap":69977401,"minor_heap":68780606,"major_heap":1441768,"promoted_words":244973,"promoted_pct":0.36},"domain_alloc_stats":{"0":{"total":69977401,"minor":68780606,"promoted":244973,"major":1441768,"promoted_pct":0.36}},"collections":{"minor":57423,"major":28711,"forced_major":0,"compactions":0}}
{"version":1,"wall_time":3.57,"cpu_time":3.57,"gc_time":1.63,"gc_overhead":45.63,"max_rss_kb":130488,"domain_stats":{"0":{"wall_time":3.57,"gc_time":1.63,"gc_overhead":45.63}},"mean_latency":0.00557,"stddev_latency":0.012209,"min_latency":0.0,"max_latency":0.075071,"distr_latency":{"25.0000":0.000271,"50.0000":0.000287,"60.0000":0.000287,"70.0000":0.001247,"75.0000":0.001455,"80.0000":0.005991,"85.0000":0.010711,"90.0000":0.013495,"95.0000":0.040831,"96.0000":0.040895,"97.0000":0.041087,"98.0000":0.041599,"99.0000":0.041791,"99.9000":0.045983,"99.9900":0.057407,"99.9990":0.059487,"99.9999":0.075071,"100.0000":0.075071},"allocations":{"total_heap":69977401,"minor_heap":68780606,"major_heap":1441768,"promoted_words":244973,"promoted_pct":0.36},"domain_alloc_stats":{"0":{"total":69977401,"minor":68780606,"promoted":244973,"major":1441768,"promoted_pct":0.36}},"collections":{"minor":57423,"major":28711,"forced_major":0,"compactions":0}}
{"version":1,"wall_time":3.6,"cpu_time":3.6,"gc_time":1.63,"gc_overhead":45.39,"max_rss_kb":132848,"domain_stats":{"0":{"wall_time":3.6,"gc_time":1.63,"gc_overhead":45.39}},"mean_latency":0.00559,"stddev_latency":0.012151,"min_latency":0.0,"max_latency":0.066367,"distr_latency":{"25.0000":0.000263,"50.0000":0.000271,"60.0000":0.000271,"70.0000":0.001167,"75.0000":0.001447,"80.0000":0.005895,"85.0000":0.011831,"90.0000":0.014631,"95.0000":0.040639,"96.0000":0.040735,"97.0000":0.040991,"98.0000":0.041311,"99.0000":0.041567,"99.9000":0.043871,"99.9900":0.046303,"99.9990":0.052991,"99.9999":0.066367,"100.0000":0.066367},"allocations":{"total_heap":69977401,"minor_heap":68780606,"major_heap":1441768,"promoted_words":244973,"promoted_pct":0.36},"domain_alloc_stats":{"0":{"total":69977401,"minor":68780606,"promoted":244973,"major":1441768,"promoted_pct":0.36}},"collections":{"minor":57423,"major":28711,"forced_major":0,"compactions":0}}
