{"version":1,"wall_time":2.17,"cpu_time":2.17,"gc_time":0.29,"gc_overhead":13.27,"max_rss_kb":48540,"domain_stats":{"0":{"wall_time":2.17,"gc_time":0.29,"gc_overhead":13.27}},"mean_latency":0.004814,"stddev_latency":0.011495,"min_latency":0.0,"max_latency":0.056543,"distr_latency":{"25.0000":0.000271,"50.0000":0.000287,"60.0000":0.000287,"70.0000":0.000295,"75.0000":0.001247,"80.0000":0.003791,"85.0000":0.010447,"90.0000":0.011391,"95.0000":0.042783,"96.0000":0.042943,"97.0000":0.043455,"98.0000":0.043583,"99.0000":0.043839,"99.9000":0.052031,"99.9900":0.054495,"99.9990":0.056127,"99.9999":0.056543,"100.0000":0.056543},"allocations":{"total_heap":69970063,"minor_heap":68773276,"major_heap":1239526,"promoted_words":42739,"promoted_pct":0.06},"domain_alloc_stats":{"0":{"total":69970063,"minor":68773276,"promoted":42739,"major":1239526,"promoted_pct":0.06}},"collections":{"minor":9104,"major":4546,"forced_major":0,"compactions":0}}
{"version":1,"wall_time":2.16,"cpu_time":2.16,"gc_time":0.27,"gc_overhead":12.73,"max_rss_kb":49060,"domain_stats":{"0":{"wall_time":2.16,"gc_time":0.27,"gc_overhead":12.73}},"mean_latency":0.004581,"stddev_latency":0.010793,"min_latency":0.0,"max_latency":0.066751,"distr_latency":{"25.0000":0.000263,"50.0000":0.000271,"60.0000":0.000271,"70.0000":0.000287,"75.0000":0.001231,"80.0000":0.003807,"85.0000":0.010447,"90.0000":0.011351,"95.0000":0.037119,"96.0000":0.042655,"97.0000":0.042815,"98.0000":0.043391,"99.0000":0.043679,"99.9000":0.046303,"99.9900":0.048895,"99.9990":0.059167,"99.9999":0.066751,"100.0000":0.066751},"allocations":{"total_heap":69970063,"minor_heap":68773276,"major_heap":1239526,"promoted_words":42739,"promoted_pct":0.06},"domain_alloc_stats":{"0":{"total":69970063,"minor":68773276,"promoted":42739,"major":1239526,"promoted_pct":0.06}},"collections":{"minor":9104,"major":4546,"forced_major":0,"compactions":0}}
{"version":1,"wall_time":2.17,"cpu_time":2.17,"gc_time":0.29,"gc_overhead":13.29,"max_rss_kb":48784,"domain_stats":{"0":{"wall_time":2.17,"gc_time":0.29,"gc_overhead":13.29}},"mean_latency":0.004819,"stddev_latency":0.011478,"min_latency":0.0,"max_latency":0.058399,"distr_latency":{"25.0000":0.000263,"50.0000":0.000271,"60.0000":0.000287,"70.0000":0.000287,"75.0000":0.001247,"80.0000":0.003815,"85.0000":0.010503,"90.0000":0.011527,"95.0000":0.042783,"96.0000":0.042975,"97.0000":0.043455,"98.0000":0.043583,"99.0000":0.043871,"99.9000":0.046207,"99.9900":0.049503,"99.9990":0.053791,"99.9999":0.058399,"100.0000":0.058399},"allocations":{"total_heap":69970063,"minor_heap":68773276,"major_heap":1239526,"promoted_words":42739,"promoted_pct":0.06},"domain_alloc_stats":{"0":{"total":69970063,"minor":68773276,"promoted":42739,"major":1239526,"promoted_pct":0.06}},"collections":{"minor":9104,"major":4546,"forced_major":0,"compactions":0}}
