{"version":1,"wall_time":5.51,"cpu_time":5.51,"gc_time":5.48,"gc_overhead":99.38,"max_rss_kb":115180,"domain_stats":{"0":{"wall_time":5.51,"gc_time":5.48,"gc_overhead":99.38}},"mean_latency":0.22853,"stddev_latency":0.366694,"min_latency":0.0,"max_latency":3.069951,"distr_latency":{"25.0000":0.000287,"50.0000":0.000295,"60.0000":0.010415,"70.0000":0.177535,"75.0000":0.450815,"80.0000":0.722431,"85.0000":0.830975,"90.0000":0.846335,"95.0000":0.952319,"96.0000":0.955391,"97.0000":0.958463,"98.0000":0.962559,"99.0000":0.967679,"99.9000":1.644543,"99.9900":1.654783,"99.9990":3.069951,"99.9999":3.069951,"100.0000":3.069951},"allocations":{"total_heap":14037969,"minor_heap":300702,"major_heap":13737835,"promoted_words":568,"promoted_pct":0.19},"domain_alloc_stats":{"0":{"total":14037969,"minor":300702,"promoted":568,"major":13737835,"promoted_pct":0.19}},"collections":{"minor":1960,"major":1960,"forced_major":0,"compactions":0}}
{"version":1,"wall_time":5.52,"cpu_time":5.52,"gc_time":5.49,"gc_overhead":99.39,"max_rss_kb":115176,"domain_stats":{"0":{"wall_time":5.52,"gc_time":5.49,"gc_overhead":99.39}},"mean_latency":0.228734,"stddev_latency":0.367711,"min_latency":0.0,"max_latency":4.034559,"distr_latency":{"25.0000":0.000287,"50.0000":0.000295,"60.0000":0.010087,"70.0000":0.177663,"75.0000":0.453119,"80.0000":0.721919,"85.0000":0.826367,"90.0000":0.845823,"95.0000":0.948223,"96.0000":0.952831,"97.0000":0.956927,"98.0000":0.961535,"99.0000":0.969727,"99.9000":1.639423,"99.9900":1.652735,"99.9990":4.034559,"99.9999":4.034559,"100.0000":4.034559},"allocations":{"total_heap":14037969,"minor_heap":300702,"major_heap":13737835,"promoted_words":568,"promoted_pct":0.19},"domain_alloc_stats":{"0":{"total":14037969,"minor":300702,"promoted":568,"major":13737835,"promoted_pct":0.19}},"collections":{"minor":1960,"major":1960,"forced_major":0,"compactions":0}}
{"version":1,"wall_time":5.53,"cpu_time":5.53,"gc_time":5.49,"gc_overhead":99.37,"max_rss_kb":115172,"domain_stats":{"0":{"wall_time":5.53,"gc_time":5.49,"gc_overhead":99.37}},"mean_latency":0.228999,"stddev_latency":0.367068,"min_latency":0.0,"max_latency":4.861951,"distr_latency":{"25.0000":0.000287,"50.0000":0.000295,"60.0000":0.010543,"70.0000":0.181247,"75.0000":0.455423,"80.0000":0.726015,"85.0000":0.833023,"90.0000":0.846847,"95.0000":0.954367,"96.0000":0.956927,"97.0000":0.959999,"98.0000":0.963071,"99.0000":0.967167,"99.9000":1.643519,"99.9900":1.655807,"99.9990":4.861951,"99.9999":4.861951,"100.0000":4.861951},"allocations":{"total_heap":14037969,"minor_heap":300702,"major_heap":13737835,"promoted_words":568,"promoted_pct":0.19},"domain_alloc_stats":{"0":{"total":14037969,"minor":300702,"promoted":568,"major":13737835,"promoted_pct":0.19}},"collections":{"minor":1960,"major":1960,"forced_major":0,"compactions":0}}
