{"version":1,"wall_time":6.45,"cpu_time":6.45,"gc_time":6.41,"gc_overhead":99.39,"max_rss_kb":115564,"domain_stats":{"0":{"wall_time":6.45,"gc_time":6.41,"gc_overhead":99.39}},"mean_latency":0.26718,"stddev_latency":0.420631,"min_latency":0.0,"max_latency":3.229695,"distr_latency":{"25.0000":0.000287,"50.0000":0.000303,"60.0000":0.010807,"70.0000":0.256383,"75.0000":0.526847,"80.0000":0.800255,"85.0000":0.973311,"90.0000":0.993279,"95.0000":1.118207,"96.0000":1.123327,"97.0000":1.127423,"98.0000":1.132543,"99.0000":1.138687,"99.9000":1.702911,"99.9900":2.736127,"99.9990":3.229695,"99.9999":3.229695,"100.0000":3.229695},"allocations":{"total_heap":14037991,"minor_heap":300724,"major_heap":13737835,"promoted_words":568,"promoted_pct":0.19},"domain_alloc_stats":{"0":{"total":14037991,"minor":300724,"promoted":568,"major":13737835,"promoted_pct":0.19}},"collections":{"minor":2312,"major":2312,"forced_major":0,"compactions":0}}
{"version":1,"wall_time":6.49,"cpu_time":6.49,"gc_time":6.45,"gc_overhead":99.4,"max_rss_kb":115460,"domain_stats":{"0":{"wall_time":6.49,"gc_time":6.45,"gc_overhead":99.4}},"mean_latency":0.269061,"stddev_latency":0.424081,"min_latency":0.0,"max_latency":3.184639,"distr_latency":{"25.0000":0.000287,"50.0000":0.000295,"60.0000":0.010903,"70.0000":0.258431,"75.0000":0.529919,"80.0000":0.807935,"85.0000":0.976895,"90.0000":0.991231,"95.0000":1.120255,"96.0000":1.123327,"97.0000":1.126399,"98.0000":1.130495,"99.0000":1.137663,"99.9000":1.818623,"99.9900":2.732031,"99.9990":3.184639,"99.9999":3.184639,"100.0000":3.184639},"allocations":{"total_heap":14037991,"minor_heap":300724,"major_heap":13737835,"promoted_words":568,"promoted_pct":0.19},"domain_alloc_stats":{"0":{"total":14037991,"minor":300724,"promoted":568,"major":13737835,"promoted_pct":0.19}},"collections":{"minor":2312,"major":2312,"forced_major":0,"compactions":0}}
{"version":1,"wall_time":6.56,"cpu_time":6.56,"gc_time":6.52,"gc_overhead":99.4,"max_rss_kb":115536,"domain_stats":{"0":{"wall_time":6.56,"gc_time":6.52,"gc_overhead":99.4}},"mean_latency":0.271733,"stddev_latency":0.431216,"min_latency":0.0,"max_latency":3.192831,"distr_latency":{"25.0000":0.000287,"50.0000":0.000295,"60.0000":0.010711,"70.0000":0.256895,"75.0000":0.531967,"80.0000":0.808959,"85.0000":0.973823,"90.0000":0.991231,"95.0000":1.118207,"96.0000":1.121279,"97.0000":1.125375,"98.0000":1.131519,"99.0000":1.262591,"99.9000":1.934335,"99.9900":2.805759,"99.9990":3.192831,"99.9999":3.192831,"100.0000":3.192831},"allocations":{"total_heap":14037991,"minor_heap":300724,"major_heap":13737835,"promoted_words":568,"promoted_pct":0.19},"domain_alloc_stats":{"0":{"total":14037991,"minor":300724,"promoted":568,"major":13737835,"promoted_pct":0.19}},"collections":{"minor":2312,"major":2312,"forced_major":0,"compactions":0}}
