{"version":1,"wall_time":2.29,"cpu_time":2.29,"gc_time":0.58,"gc_overhead":25.21,"max_rss_kb":106688,"domain_stats":{"0":{"wall_time":2.29,"gc_time":0.58,"gc_overhead":25.21}},"mean_latency":0.003149,"stddev_latency":0.002696,"min_latency":0.0,"max_latency":0.064447,"distr_latency":{"25.0000":3.1e-05,"50.0000":0.003135,"60.0000":0.003415,"70.0000":0.005415,"75.0000":0.005511,"80.0000":0.005631,"85.0000":0.005991,"90.0000":0.006343,"95.0000":0.007103,"96.0000":0.007591,"97.0000":0.008127,"98.0000":0.008791,"99.0000":0.009911,"99.9000":0.013823,"99.9900":0.017663,"99.9990":0.020911,"99.9999":0.064447,"100.0000":0.064447},"allocations":{"total_heap":3994359311,"minor_heap":4706222,"major_heap":3989879406,"promoted_words":226317,"promoted_pct":4.81},"domain_alloc_stats":{"0":{"total":3994359311,"minor":4706222,"promoted":226317,"major":3989879406,"promoted_pct":4.81}},"collections":{"minor":59096,"major":59086,"forced_major":0,"compactions":0}}
{"version":1,"wall_time":2.35,"cpu_time":2.35,"gc_time":0.64,"gc_overhead":27.4,"max_rss_kb":104464,"domain_stats":{"0":{"wall_time":2.35,"gc_time":0.64,"gc_overhead":27.4}},"mean_latency":0.003508,"stddev_latency":0.002763,"min_latency":0.0,"max_latency":0.063775,"distr_latency":{"25.0000":3.1e-05,"50.0000":0.004407,"60.0000":0.004607,"70.0000":0.005383,"75.0000":0.005487,"80.0000":0.005607,"85.0000":0.006055,"90.0000":0.006343,"95.0000":0.007455,"96.0000":0.007887,"97.0000":0.008535,"98.0000":0.009175,"99.0000":0.010143,"99.9000":0.013583,"99.9900":0.016911,"99.9990":0.028527,"99.9999":0.063775,"100.0000":0.063775},"allocations":{"total_heap":3994359311,"minor_heap":4706222,"major_heap":3989879406,"promoted_words":226317,"promoted_pct":4.81},"domain_alloc_stats":{"0":{"total":3994359311,"minor":4706222,"promoted":226317,"major":3989879406,"promoted_pct":4.81}},"collections":{"minor":59096,"major":59086,"forced_major":0,"compactions":0}}
{"version":1,"wall_time":2.25,"cpu_time":2.25,"gc_time":0.54,"gc_overhead":24.15,"max_rss_kb":104588,"domain_stats":{"0":{"wall_time":2.25,"gc_time":0.54,"gc_overhead":24.15}},"mean_latency":0.002967,"stddev_latency":0.002475,"min_latency":0.0,"max_latency":0.058495,"distr_latency":{"25.0000":3.1e-05,"50.0000":0.003215,"60.0000":0.003455,"70.0000":0.004695,"75.0000":0.004807,"80.0000":0.005047,"85.0000":0.005487,"90.0000":0.005711,"95.0000":0.006615,"96.0000":0.007095,"97.0000":0.007631,"98.0000":0.008335,"99.0000":0.009375,"99.9000":0.012895,"99.9900":0.016671,"99.9990":0.025583,"99.9999":0.058495,"100.0000":0.058495},"allocations":{"total_heap":3994359311,"minor_heap":4706222,"major_heap":3989879406,"promoted_words":226317,"promoted_pct":4.81},"domain_alloc_stats":{"0":{"total":3994359311,"minor":4706222,"promoted":226317,"major":3989879406,"promoted_pct":4.81}},"collections":{"minor":59096,"major":59086,"forced_major":0,"compactions":0}}
