{"version":1,"wall_time":3.03,"cpu_time":3.03,"gc_time":1.29,"gc_overhead":42.77,"max_rss_kb":178292,"domain_stats":{"0":{"wall_time":3.03,"gc_time":1.29,"gc_overhead":42.77}},"mean_latency":0.006469,"stddev_latency":0.004655,"min_latency":0.0,"max_latency":0.060831,"distr_latency":{"25.0000":3.1e-05,"50.0000":0.009015,"60.0000":0.009183,"70.0000":0.009391,"75.0000":0.009607,"80.0000":0.009751,"85.0000":0.009951,"90.0000":0.010215,"95.0000":0.011447,"96.0000":0.011887,"97.0000":0.012415,"98.0000":0.013047,"99.0000":0.013991,"99.9000":0.017055,"99.9900":0.022143,"99.9990":0.031471,"99.9999":0.060831,"100.0000":0.060831},"allocations":{"total_heap":3994359311,"minor_heap":4706222,"major_heap":3989907106,"promoted_words":254017,"promoted_pct":5.4},"domain_alloc_stats":{"0":{"total":3994359311,"minor":4706222,"promoted":254017,"major":3989907106,"promoted_pct":5.4}},"collections":{"minor":133391,"major":133381,"forced_major":0,"compactions":0}}
{"version":1,"wall_time":3.02,"cpu_time":3.02,"gc_time":1.28,"gc_overhead":42.56,"max_rss_kb":179096,"domain_stats":{"0":{"wall_time":3.02,"gc_time":1.28,"gc_overhead":42.56}},"mean_latency":0.006416,"stddev_latency":0.004628,"min_latency":0.0,"max_latency":0.062847,"distr_latency":{"25.0000":3.1e-05,"50.0000":0.008951,"60.0000":0.009127,"70.0000":0.009335,"75.0000":0.009551,"80.0000":0.009743,"85.0000":0.009943,"90.0000":0.010231,"95.0000":0.011415,"96.0000":0.011855,"97.0000":0.012375,"98.0000":0.013055,"99.0000":0.013991,"99.9000":0.017151,"99.9900":0.020543,"99.9990":0.031871,"99.9999":0.062847,"100.0000":0.062847},"allocations":{"total_heap":3994359311,"minor_heap":4706222,"major_heap":3989907106,"promoted_words":254017,"promoted_pct":5.4},"domain_alloc_stats":{"0":{"total":3994359311,"minor":4706222,"promoted":254017,"major":3989907106,"promoted_pct":5.4}},"collections":{"minor":133391,"major":133381,"forced_major":0,"compactions":0}}
{"version":1,"wall_time":3.05,"cpu_time":3.05,"gc_time":1.34,"gc_overhead":43.97,"max_rss_kb":176960,"domain_stats":{"0":{"wall_time":3.05,"gc_time":1.34,"gc_overhead":43.97}},"mean_latency":0.006704,"stddev_latency":0.004844,"min_latency":0.0,"max_latency":0.072895,"distr_latency":{"25.0000":3.1e-05,"50.0000":0.009175,"60.0000":0.009703,"70.0000":0.009887,"75.0000":0.009951,"80.0000":0.010055,"85.0000":0.010567,"90.0000":0.010815,"95.0000":0.011983,"96.0000":0.012447,"97.0000":0.012983,"98.0000":0.013671,"99.0000":0.014615,"99.9000":0.017599,"99.9900":0.022623,"99.9990":0.037311,"99.9999":0.072895,"100.0000":0.072895},"allocations":{"total_heap":3994359311,"minor_heap":4706222,"major_heap":3989907106,"promoted_words":254017,"promoted_pct":5.4},"domain_alloc_stats":{"0":{"total":3994359311,"minor":4706222,"promoted":254017,"major":3989907106,"promoted_pct":5.4}},"collections":{"minor":133391,"major":133381,"forced_major":0,"compactions":0}}
