{"version":1,"wall_time":12.37,"cpu_time":12.37,"gc_time":11.29,"gc_overhead":91.25,"max_rss_kb":139524,"domain_stats":{"0":{"wall_time":12.37,"gc_time":11.29,"gc_overhead":91.25}},"mean_latency":0.198883,"stddev_latency":0.447772,"min_latency":0.0,"max_latency":3.440639,"distr_latency":{"25.0000":0.000111,"50.0000":0.000295,"60.0000":0.000327,"70.0000":0.003543,"75.0000":0.008023,"80.0000":0.153727,"85.0000":0.670207,"90.0000":0.848383,"95.0000":1.273855,"96.0000":1.411071,"97.0000":1.537023,"98.0000":1.668095,"99.0000":1.870847,"99.9000":2.283519,"99.9900":2.826239,"99.9990":3.137535,"99.9999":3.440639,"100.0000":3.440639},"allocations":{"total_heap":14038012,"minor_heap":300745,"major_heap":13737868,"promoted_words":601,"promoted_pct":0.2},"domain_alloc_stats":{"0":{"total":14038012,"minor":300745,"promoted":601,"major":13737868,"promoted_pct":0.2}},"collections":{"minor":7846,"major":3923,"forced_major":0,"compactions":0}}
{"version":1,"wall_time":13.4,"cpu_time":13.4,"gc_time":12.32,"gc_overhead":91.94,"max_rss_kb":139868,"domain_stats":{"0":{"wall_time":13.4,"gc_time":12.32,"gc_overhead":91.94}},"mean_latency":0.217063,"stddev_latency":0.496585,"min_latency":0.0,"max_latency":3.487743,"distr_latency":{"25.0000":0.000111,"50.0000":0.000295,"60.0000":0.000335,"70.0000":0.003663,"75.0000":0.008671,"80.0000":0.157311,"85.0000":0.737791,"90.0000":0.970239,"95.0000":1.433599,"96.0000":1.526783,"97.0000":1.666047,"98.0000":1.851391,"99.0000":2.047999,"99.9000":2.906111,"99.9900":3.422207,"99.9990":3.450879,"99.9999":3.487743,"100.0000":3.487743},"allocations":{"total_heap":14038012,"minor_heap":300745,"major_heap":13737868,"promoted_words":601,"promoted_pct":0.2},"domain_alloc_stats":{"0":{"total":14038012,"minor":300745,"promoted":601,"major":13737868,"promoted_pct":0.2}},"collections":{"minor":7846,"major":3923,"forced_major":0,"compactions":0}}
{"version":1,"wall_time":12.42,"cpu_time":12.42,"gc_time":11.33,"gc_overhead":91.19,"max_rss_kb":139496,"domain_stats":{"0":{"wall_time":12.42,"gc_time":11.33,"gc_overhead":91.19}},"mean_latency":0.19952,"stddev_latency":0.448244,"min_latency":0.0,"max_latency":3.168255,"distr_latency":{"25.0000":9.5e-05,"50.0000":0.000295,"60.0000":0.000343,"70.0000":0.003615,"75.0000":0.008183,"80.0000":0.160127,"85.0000":0.678399,"90.0000":0.849919,"95.0000":1.275903,"96.0000":1.414143,"97.0000":1.535999,"98.0000":1.668095,"99.0000":1.870847,"99.9000":2.295807,"99.9900":2.813951,"99.9990":3.047423,"99.9999":3.168255,"100.0000":3.168255},"allocations":{"total_heap":14038012,"minor_heap":300745,"major_heap":13737868,"promoted_words":601,"promoted_pct":0.2},"domain_alloc_stats":{"0":{"total":14038012,"minor":300745,"promoted":601,"major":13737868,"promoted_pct":0.2}},"collections":{"minor":7846,"major":3923,"forced_major":0,"compactions":0}}
