{"version":1,"wall_time":6.03,"cpu_time":6.03,"gc_time":3.15,"gc_overhead":52.31,"max_rss_kb":874200,"domain_stats":{"0":{"wall_time":6.03,"gc_time":3.15,"gc_overhead":52.31}},"mean_latency":0.141941,"stddev_latency":0.250742,"min_latency":0.0,"max_latency":8.142847,"distr_latency":{"25.0000":0.056351,"50.0000":0.076991,"60.0000":0.090943,"70.0000":0.109119,"75.0000":0.119615,"80.0000":0.176383,"85.0000":0.281343,"90.0000":0.313599,"95.0000":0.368127,"96.0000":0.423167,"97.0000":0.536063,"98.0000":0.716799,"99.0000":1.308671,"99.9000":2.553855,"99.9900":6.787071,"99.9990":8.142847,"99.9999":8.142847,"100.0000":8.142847},"allocations":{"total_heap":2913972327,"minor_heap":2901367693,"major_heap":388853984,"promoted_words":376249350,"promoted_pct":12.97},"domain_alloc_stats":{"0":{"total":2913972327,"minor":2901367693,"promoted":376249350,"major":388853984,"promoted_pct":12.97}},"collections":{"minor":11111,"major":72,"forced_major":0,"compactions":0}}
{"version":1,"wall_time":6.01,"cpu_time":6.01,"gc_time":3.14,"gc_overhead":52.26,"max_rss_kb":880084,"domain_stats":{"0":{"wall_time":6.01,"gc_time":3.14,"gc_overhead":52.26}},"mean_latency":0.141402,"stddev_latency":0.252216,"min_latency":0.0,"max_latency":8.245247,"distr_latency":{"25.0000":0.056159,"50.0000":0.074943,"60.0000":0.090495,"70.0000":0.106687,"75.0000":0.118847,"80.0000":0.174079,"85.0000":0.282367,"90.0000":0.315391,"95.0000":0.372223,"96.0000":0.423167,"97.0000":0.533503,"98.0000":0.717823,"99.0000":1.307647,"99.9000":2.516991,"99.9900":6.688767,"99.9990":8.245247,"99.9999":8.245247,"100.0000":8.245247},"allocations":{"total_heap":2913972327,"minor_heap":2901367693,"major_heap":388853984,"promoted_words":376249350,"promoted_pct":12.97},"domain_alloc_stats":{"0":{"total":2913972327,"minor":2901367693,"promoted":376249350,"major":388853984,"promoted_pct":12.97}},"collections":{"minor":11111,"major":72,"forced_major":0,"compactions":0}}
{"version":1,"wall_time":6.11,"cpu_time":6.11,"gc_time":3.15,"gc_overhead":51.61,"max_rss_kb":881336,"domain_stats":{"0":{"wall_time":6.11,"gc_time":3.15,"gc_overhead":51.61}},"mean_latency":0.14189,"stddev_latency":0.254042,"min_latency":0.0,"max_latency":8.142847,"distr_latency":{"25.0000":0.056415,"50.0000":0.075519,"60.0000":0.091775,"70.0000":0.107391,"75.0000":0.118911,"80.0000":0.172415,"85.0000":0.282367,"90.0000":0.314367,"95.0000":0.372991,"96.0000":0.426495,"97.0000":0.540159,"98.0000":0.727551,"99.0000":1.318911,"99.9000":2.553855,"99.9900":6.733823,"99.9990":8.142847,"99.9999":8.142847,"100.0000":8.142847},"allocations":{"total_heap":2913972327,"minor_heap":2901367693,"major_heap":388853984,"promoted_words":376249350,"promoted_pct":12.97},"domain_alloc_stats":{"0":{"total":2913972327,"minor":2901367693,"promoted":376249350,"major":388853984,"promoted_pct":12.97}},"collections":{"minor":11111,"major":72,"forced_major":0,"compactions":0}}
