{"version":1,"wall_time":2.83,"cpu_time":2.83,"gc_time":2.56,"gc_overhead":90.53,"max_rss_kb":112284,"domain_stats":{"0":{"wall_time":2.83,"gc_time":2.56,"gc_overhead":90.53}},"mean_latency":0.174833,"stddev_latency":0.38017,"min_latency":0.0,"max_latency":3.555327,"distr_latency":{"25.0000":5.5e-05,"50.0000":0.000303,"60.0000":0.000335,"70.0000":0.003015,"75.0000":0.007351,"80.0000":0.106047,"85.0000":0.790527,"90.0000":0.821759,"95.0000":1.026559,"96.0000":1.153023,"97.0000":1.266687,"98.0000":1.395711,"99.0000":1.492991,"99.9000":1.791999,"99.9900":2.410495,"99.9990":3.555327,"99.9999":3.555327,"100.0000":3.555327},"allocations":{"total_heap":13497962,"minor_heap":120716,"major_heap":13377826,"promoted_words":580,"promoted_pct":0.48},"domain_alloc_stats":{"0":{"total":13497962,"minor":120716,"promoted":580,"major":13377826,"promoted_pct":0.48}},"collections":{"minor":1799,"major":899,"forced_major":0,"compactions":0}}
{"version":1,"wall_time":2.81,"cpu_time":2.81,"gc_time":2.54,"gc_overhead":90.47,"max_rss_kb":112136,"domain_stats":{"0":{"wall_time":2.81,"gc_time":2.54,"gc_overhead":90.47}},"mean_latency":0.173622,"stddev_latency":0.378213,"min_latency":0.0,"max_latency":3.235839,"distr_latency":{"25.0000":4.7e-05,"50.0000":0.000303,"60.0000":0.000343,"70.0000":0.002871,"75.0000":0.007103,"80.0000":0.102079,"85.0000":0.792063,"90.0000":0.822783,"95.0000":1.009151,"96.0000":1.130495,"97.0000":1.246207,"98.0000":1.383423,"99.0000":1.487871,"99.9000":1.930239,"99.9900":2.668543,"99.9990":3.235839,"99.9999":3.235839,"100.0000":3.235839},"allocations":{"total_heap":13497962,"minor_heap":120716,"major_heap":13377826,"promoted_words":580,"promoted_pct":0.48},"domain_alloc_stats":{"0":{"total":13497962,"minor":120716,"promoted":580,"major":13377826,"promoted_pct":0.48}},"collections":{"minor":1799,"major":899,"forced_major":0,"compactions":0}}
{"version":1,"wall_time":2.76,"cpu_time":2.76,"gc_time":2.49,"gc_overhead":90.34,"max_rss_kb":112288,"domain_stats":{"0":{"wall_time":2.76,"gc_time":2.49,"gc_overhead":90.34}},"mean_latency":0.17043,"stddev_latency":0.368876,"min_latency":0.0,"max_latency":3.096575,"distr_latency":{"25.0000":5.5e-05,"50.0000":0.000303,"60.0000":0.000351,"70.0000":0.003015,"75.0000":0.006815,"80.0000":0.105279,"85.0000":0.781823,"90.0000":0.820735,"95.0000":0.978943,"96.0000":1.098751,"97.0000":1.222655,"98.0000":1.340415,"99.0000":1.459199,"99.9000":1.574911,"99.9900":2.320383,"99.9990":3.096575,"99.9999":3.096575,"100.0000":3.096575},"allocations":{"total_heap":13497962,"minor_heap":120716,"major_heap":13377826,"promoted_words":580,"promoted_pct":0.48},"domain_alloc_stats":{"0":{"total":13497962,"minor":120716,"promoted":580,"major":13377826,"promoted_pct":0.48}},"collections":{"minor":1799,"major":899,"forced_major":0,"compactions":0}}
