{"version":1,"wall_time":12.53,"cpu_time":12.53,"gc_time":2.25,"gc_overhead":18.0,"max_rss_kb":556840,"domain_stats":{"0":{"wall_time":12.53,"gc_time":2.25,"gc_overhead":18.0}},"mean_latency":0.122516,"stddev_latency":0.198885,"min_latency":0.0,"max_latency":4.571135,"distr_latency":{"25.0000":0.026975,"50.0000":0.061311,"60.0000":0.082687,"70.0000":0.107263,"75.0000":0.123967,"80.0000":0.148351,"85.0000":0.188799,"90.0000":0.343295,"95.0000":0.484351,"96.0000":0.532479,"97.0000":0.588799,"98.0000":0.669183,"99.0000":0.912895,"99.9000":2.022399,"99.9900":3.919871,"99.9990":4.571135,"99.9999":4.571135,"100.0000":4.571135},"allocations":{"total_heap":2410357978,"minor_heap":2361653767,"major_heap":435328505,"promoted_words":386624294,"promoted_pct":16.37},"domain_alloc_stats":{"0":{"total":2410357978,"minor":2361653767,"promoted":386624294,"major":435328505,"promoted_pct":16.37}},"collections":{"minor":9047,"major":41,"forced_major":0,"compactions":0}}
{"version":1,"wall_time":12.63,"cpu_time":12.63,"gc_time":2.22,"gc_overhead":17.59,"max_rss_kb":556772,"domain_stats":{"0":{"wall_time":12.63,"gc_time":2.22,"gc_overhead":17.59}},"mean_latency":0.120739,"stddev_latency":0.197091,"min_latency":0.0,"max_latency":4.562943,"distr_latency":{"25.0000":0.026751,"50.0000":0.059935,"60.0000":0.081215,"70.0000":0.105087,"75.0000":0.121535,"80.0000":0.145151,"85.0000":0.185087,"90.0000":0.339455,"95.0000":0.481791,"96.0000":0.524031,"97.0000":0.582655,"98.0000":0.671231,"99.0000":0.893951,"99.9000":2.022399,"99.9900":3.928063,"99.9990":4.562943,"99.9999":4.562943,"100.0000":4.562943},"allocations":{"total_heap":2410357978,"minor_heap":2361653767,"major_heap":435328505,"promoted_words":386624294,"promoted_pct":16.37},"domain_alloc_stats":{"0":{"total":2410357978,"minor":2361653767,"promoted":386624294,"major":435328505,"promoted_pct":16.37}},"collections":{"minor":9047,"major":41,"forced_major":0,"compactions":0}}
{"version":1,"wall_time":12.65,"cpu_time":12.65,"gc_time":2.28,"gc_overhead":18.01,"max_rss_kb":556732,"domain_stats":{"0":{"wall_time":12.65,"gc_time":2.28,"gc_overhead":18.01}},"mean_latency":0.1238,"stddev_latency":0.200656,"min_latency":0.0,"max_latency":4.550655,"distr_latency":{"25.0000":0.027151,"50.0000":0.061951,"60.0000":0.083711,"70.0000":0.108479,"75.0000":0.125055,"80.0000":0.149247,"85.0000":0.189695,"90.0000":0.348927,"95.0000":0.494847,"96.0000":0.535039,"97.0000":0.592895,"98.0000":0.673791,"99.0000":0.913407,"99.9000":2.011135,"99.9900":3.969023,"99.9990":4.550655,"99.9999":4.550655,"100.0000":4.550655},"allocations":{"total_heap":2410357978,"minor_heap":2361653767,"major_heap":435328505,"promoted_words":386624294,"promoted_pct":16.37},"domain_alloc_stats":{"0":{"total":2410357978,"minor":2361653767,"promoted":386624294,"major":435328505,"promoted_pct":16.37}},"collections":{"minor":9047,"major":41,"forced_major":0,"compactions":0}}
