{"version":1,"wall_time":1.2,"cpu_time":1.2,"gc_time":1.17,"gc_overhead":98.09,"max_rss_kb":112012,"domain_stats":{"0":{"wall_time":1.2,"gc_time":1.17,"gc_overhead":98.09}},"mean_latency":0.201175,"stddev_latency":0.328476,"min_latency":0.0,"max_latency":3.076095,"distr_latency":{"25.0000":0.000287,"50.0000":0.000295,"60.0000":0.004663,"70.0000":0.107455,"75.0000":0.406783,"80.0000":0.660991,"85.0000":0.767999,"90.0000":0.776703,"95.0000":0.805375,"96.0000":0.808959,"97.0000":0.812543,"98.0000":0.817151,"99.0000":0.822271,"99.9000":1.392639,"99.9900":2.234367,"99.9990":3.076095,"99.9999":3.076095,"100.0000":3.076095},"allocations":{"total_heap":14037818,"minor_heap":300600,"major_heap":13737786,"promoted_words":568,"promoted_pct":0.19},"domain_alloc_stats":{"0":{"total":14037818,"minor":300600,"promoted":568,"major":13737786,"promoted_pct":0.19}},"collections":{"minor":417,"major":417,"forced_major":0,"compactions":0}}
{"version":1,"wall_time":1.19,"cpu_time":1.19,"gc_time":1.16,"gc_overhead":98.1,"max_rss_kb":112020,"domain_stats":{"0":{"wall_time":1.19,"gc_time":1.16,"gc_overhead":98.1}},"mean_latency":0.199438,"stddev_latency":0.324257,"min_latency":0.0,"max_latency":3.129343,"distr_latency":{"25.0000":0.000103,"50.0000":0.000295,"60.0000":0.004703,"70.0000":0.107391,"75.0000":0.407295,"80.0000":0.660991,"85.0000":0.766463,"90.0000":0.774143,"95.0000":0.802815,"96.0000":0.806399,"97.0000":0.809983,"98.0000":0.813567,"99.0000":0.817151,"99.9000":1.331199,"99.9900":2.107391,"99.9990":3.129343,"99.9999":3.129343,"100.0000":3.129343},"allocations":{"total_heap":14037818,"minor_heap":300600,"major_heap":13737786,"promoted_words":568,"promoted_pct":0.19},"domain_alloc_stats":{"0":{"total":14037818,"minor":300600,"promoted":568,"major":13737786,"promoted_pct":0.19}},"collections":{"minor":417,"major":417,"forced_major":0,"compactions":0}}
{"version":1,"wall_time":1.19,"cpu_time":1.19,"gc_time":1.16,"gc_overhead":98.15,"max_rss_kb":111956,"domain_stats":{"0":{"wall_time":1.19,"gc_time":1.16,"gc_overhead":98.15}},"mean_latency":0.199478,"stddev_latency":0.324796,"min_latency":0.0,"max_latency":3.207167,"distr_latency":{"25.0000":0.000183,"50.0000":0.000295,"60.0000":0.004687,"70.0000":0.106239,"75.0000":0.405503,"80.0000":0.662527,"85.0000":0.765439,"90.0000":0.774143,"95.0000":0.801279,"96.0000":0.805887,"97.0000":0.810495,"98.0000":0.813567,"99.0000":0.818687,"99.9000":1.384447,"99.9900":2.129919,"99.9990":3.207167,"99.9999":3.207167,"100.0000":3.207167},"allocations":{"total_heap":14037818,"minor_heap":300600,"major_heap":13737786,"promoted_words":568,"promoted_pct":0.19},"domain_alloc_stats":{"0":{"total":14037818,"minor":300600,"promoted":568,"major":13737786,"promoted_pct":0.19}},"collections":{"minor":417,"major":417,"forced_major":0,"compactions":0}}
