{"version":1,"wall_time":3.46,"cpu_time":3.46,"gc_time":1.54,"gc_overhead":44.59,"max_rss_kb":88556,"domain_stats":{"0":{"wall_time":3.46,"gc_time":1.54,"gc_overhead":44.59}},"mean_latency":0.011561,"stddev_latency":0.018554,"min_latency":0.0,"max_latency":0.184831,"distr_latency":{"25.0000":0.001095,"50.0000":0.001927,"60.0000":0.002551,"70.0000":0.003495,"75.0000":0.006503,"80.0000":0.040031,"85.0000":0.041279,"90.0000":0.048831,"95.0000":0.051359,"96.0000":0.051487,"97.0000":0.051743,"98.0000":0.052127,"99.0000":0.052511,"99.9000":0.063999,"99.9900":0.066431,"99.9990":0.075071,"99.9999":0.184831,"100.0000":0.184831},"allocations":{"total_heap":69978853,"minor_heap":68782058,"major_heap":1458753,"promoted_words":261958,"promoted_pct":0.38},"domain_alloc_stats":{"0":{"total":69978853,"minor":68782058,"promoted":261958,"major":1458753,"promoted_pct":0.38}},"collections":{"minor":29623,"major":29623,"forced_major":0,"compactions":0}}
{"version":1,"wall_time":3.56,"cpu_time":3.56,"gc_time":1.65,"gc_overhead":46.26,"max_rss_kb":88676,"domain_stats":{"0":{"wall_time":3.56,"gc_time":1.65,"gc_overhead":46.26}},"mean_latency":0.012341,"stddev_latency":0.019908,"min_latency":0.0,"max_latency":0.183167,"distr_latency":{"25.0000":0.001095,"50.0000":0.001927,"60.0000":0.002551,"70.0000":0.003487,"75.0000":0.006127,"80.0000":0.044575,"85.0000":0.049567,"90.0000":0.050175,"95.0000":0.050911,"96.0000":0.051103,"97.0000":0.051295,"98.0000":0.051615,"99.0000":0.052319,"99.9000":0.064191,"99.9900":0.066623,"99.9990":0.089855,"99.9999":0.183167,"100.0000":0.183167},"allocations":{"total_heap":69978853,"minor_heap":68782058,"major_heap":1458753,"promoted_words":261958,"promoted_pct":0.38},"domain_alloc_stats":{"0":{"total":69978853,"minor":68782058,"promoted":261958,"major":1458753,"promoted_pct":0.38}},"collections":{"minor":29623,"major":29623,"forced_major":0,"compactions":0}}
{"version":1,"wall_time":3.53,"cpu_time":3.53,"gc_time":1.61,"gc_overhead":45.49,"max_rss_kb":89088,"domain_stats":{"0":{"wall_time":3.53,"gc_time":1.61,"gc_overhead":45.49}},"mean_latency":0.012027,"stddev_latency":0.019304,"min_latency":0.0,"max_latency":0.185215,"distr_latency":{"25.0000":0.001095,"50.0000":0.001943,"60.0000":0.002575,"70.0000":0.003527,"75.0000":0.007007,"80.0000":0.040575,"85.0000":0.047071,"90.0000":0.050367,"95.0000":0.051231,"96.0000":0.051359,"97.0000":0.051583,"98.0000":0.051999,"99.0000":0.052415,"99.9000":0.060671,"99.9900":0.066367,"99.9990":0.105663,"99.9999":0.185215,"100.0000":0.185215},"allocations":{"total_heap":69978853,"minor_heap":68782058,"major_heap":1458753,"promoted_words":261958,"promoted_pct":0.38},"domain_alloc_stats":{"0":{"total":69978853,"minor":68782058,"promoted":261958,"major":1458753,"promoted_pct":0.38}},"collections":{"minor":29623,"major":29623,"forced_major":0,"compactions":0}}
