{"version":1,"wall_time":13.71,"cpu_time":13.71,"gc_time":13.42,"gc_overhead":97.9,"max_rss_kb":125120,"domain_stats":{"0":{"wall_time":13.71,"gc_time":13.42,"gc_overhead":97.9}},"mean_latency":0.249692,"stddev_latency":0.622542,"min_latency":0.0,"max_latency":3.342335,"distr_latency":{"25.0000":3.1e-05,"50.0000":0.000303,"60.0000":0.000343,"70.0000":0.001143,"75.0000":0.006943,"80.0000":0.009815,"85.0000":0.818175,"90.0000":1.048575,"95.0000":1.766399,"96.0000":1.839103,"97.0000":1.926143,"98.0000":2.404351,"99.0000":3.033087,"99.9000":3.289087,"99.9900":3.327999,"99.9990":3.332095,"99.9999":3.342335,"100.0000":3.342335},"allocations":{"total_heap":13498028,"minor_heap":120740,"major_heap":13377868,"promoted_words":580,"promoted_pct":0.48},"domain_alloc_stats":{"0":{"total":13498028,"minor":120740,"promoted":580,"major":13377868,"promoted_pct":0.48}},"collections":{"minor":7846,"major":3923,"forced_major":0,"compactions":0}}
{"version":1,"wall_time":13.4,"cpu_time":13.4,"gc_time":13.12,"gc_overhead":97.85,"max_rss_kb":125192,"domain_stats":{"0":{"wall_time":13.4,"gc_time":13.12,"gc_overhead":97.85}},"mean_latency":0.244018,"stddev_latency":0.608843,"min_latency":0.0,"max_latency":3.332095,"distr_latency":{"25.0000":3.1e-05,"50.0000":0.000303,"60.0000":0.000343,"70.0000":0.001143,"75.0000":0.006735,"80.0000":0.008855,"85.0000":0.808959,"90.0000":1.009663,"95.0000":1.750015,"96.0000":1.819647,"97.0000":1.897471,"98.0000":2.310143,"99.0000":3.024895,"99.9000":3.291135,"99.9900":3.327999,"99.9990":3.327999,"99.9999":3.332095,"100.0000":3.332095},"allocations":{"total_heap":13498028,"minor_heap":120740,"major_heap":13377868,"promoted_words":580,"promoted_pct":0.48},"domain_alloc_stats":{"0":{"total":13498028,"minor":120740,"promoted":580,"major":13377868,"promoted_pct":0.48}},"collections":{"minor":7846,"major":3923,"forced_major":0,"compactions":0}}
{"version":1,"wall_time":11.12,"cpu_time":11.12,"gc_time":10.83,"gc_overhead":97.43,"max_rss_kb":125116,"domain_stats":{"0":{"wall_time":11.12,"gc_time":10.83,"gc_overhead":97.43}},"mean_latency":0.201536,"stddev_latency":0.480031,"min_latency":0.0,"max_latency":3.223551,"distr_latency":{"25.0000":5.5e-05,"50.0000":0.000303,"60.0000":0.000343,"70.0000":0.001191,"75.0000":0.006935,"80.0000":0.009471,"85.0000":0.645631,"90.0000":0.835583,"95.0000":1.661951,"96.0000":1.713151,"97.0000":1.760255,"98.0000":1.810431,"99.0000":1.860607,"99.9000":2.242559,"99.9900":2.996223,"99.9990":3.125247,"99.9999":3.223551,"100.0000":3.223551},"allocations":{"total_heap":13498028,"minor_heap":120740,"major_heap":13377868,"promoted_words":580,"promoted_pct":0.48},"domain_alloc_stats":{"0":{"total":13498028,"minor":120740,"promoted":580,"major":13377868,"promoted_pct":0.48}},"collections":{"minor":7846,"major":3923,"forced_major":0,"compactions":0}}
