{"version":1,"wall_time":13.15,"cpu_time":13.15,"gc_time":13.08,"gc_overhead":99.47,"max_rss_kb":126052,"domain_stats":{"0":{"wall_time":13.15,"gc_time":13.08,"gc_overhead":99.47}},"mean_latency":0.222136,"stddev_latency":0.530423,"min_latency":0.0,"max_latency":3.706879,"distr_latency":{"25.0000":0.000103,"50.0000":0.000295,"60.0000":0.000375,"70.0000":0.005847,"75.0000":0.006911,"80.0000":0.017535,"85.0000":0.605183,"90.0000":1.005055,"95.0000":1.565695,"96.0000":1.697791,"97.0000":1.843199,"98.0000":2.008063,"99.0000":2.228223,"99.9000":2.783231,"99.9900":3.332095,"99.9990":3.698687,"99.9999":3.706879,"100.0000":3.706879},"allocations":{"total_heap":14038024,"minor_heap":300757,"major_heap":13737868,"promoted_words":601,"promoted_pct":0.2},"domain_alloc_stats":{"0":{"total":14038024,"minor":300757,"promoted":601,"major":13737868,"promoted_pct":0.2}},"collections":{"minor":9247,"major":4623,"forced_major":0,"compactions":0}}
{"version":1,"wall_time":13.11,"cpu_time":13.11,"gc_time":13.04,"gc_overhead":99.46,"max_rss_kb":126028,"domain_stats":{"0":{"wall_time":13.11,"gc_time":13.04,"gc_overhead":99.46}},"mean_latency":0.221451,"stddev_latency":0.528904,"min_latency":0.0,"max_latency":3.588095,"distr_latency":{"25.0000":0.000103,"50.0000":0.000295,"60.0000":0.000375,"70.0000":0.006191,"75.0000":0.007823,"80.0000":0.017871,"85.0000":0.603647,"90.0000":0.995839,"95.0000":1.562623,"96.0000":1.699839,"97.0000":1.845247,"98.0000":2.011135,"99.0000":2.213887,"99.9000":2.783231,"99.9900":3.497983,"99.9990":3.577855,"99.9999":3.588095,"100.0000":3.588095},"allocations":{"total_heap":14038024,"minor_heap":300757,"major_heap":13737868,"promoted_words":601,"promoted_pct":0.2},"domain_alloc_stats":{"0":{"total":14038024,"minor":300757,"promoted":601,"major":13737868,"promoted_pct":0.2}},"collections":{"minor":9247,"major":4623,"forced_major":0,"compactions":0}}
{"version":1,"wall_time":13.13,"cpu_time":13.13,"gc_time":13.06,"gc_overhead":99.47,"max_rss_kb":125956,"domain_stats":{"0":{"wall_time":13.13,"gc_time":13.06,"gc_overhead":99.47}},"mean_latency":0.221831,"stddev_latency":0.530228,"min_latency":0.0,"max_latency":3.948543,"distr_latency":{"25.0000":0.000111,"50.0000":0.000295,"60.0000":0.000431,"70.0000":0.006071,"75.0000":0.007367,"80.0000":0.017487,"85.0000":0.601599,"90.0000":0.995327,"95.0000":1.573887,"96.0000":1.707007,"97.0000":1.847295,"98.0000":2.016255,"99.0000":2.222079,"99.9000":2.801663,"99.9900":3.403775,"99.9990":3.858431,"99.9999":3.948543,"100.0000":3.948543},"allocations":{"total_heap":14038024,"minor_heap":300757,"major_heap":13737868,"promoted_words":601,"promoted_pct":0.2},"domain_alloc_stats":{"0":{"total":14038024,"minor":300757,"promoted":601,"major":13737868,"promoted_pct":0.2}},"collections":{"minor":9247,"major":4623,"forced_major":0,"compactions":0}}
