{"version":1,"wall_time":5.02,"cpu_time":5.02,"gc_time":2.17,"gc_overhead":43.25,"max_rss_kb":1042428,"domain_stats":{"0":{"wall_time":5.02,"gc_time":2.17,"gc_overhead":43.25}},"mean_latency":0.097714,"stddev_latency":0.15874,"min_latency":0.0,"max_latency":6.582271,"distr_latency":{"25.0000":0.038271,"50.0000":0.071679,"60.0000":0.076095,"70.0000":0.100223,"75.0000":0.107455,"80.0000":0.117631,"85.0000":0.166143,"90.0000":0.193663,"95.0000":0.275455,"96.0000":0.294911,"97.0000":0.341247,"98.0000":0.424959,"99.0000":0.659455,"99.9000":1.591295,"99.9900":5.378047,"99.9990":6.582271,"99.9999":6.582271,"100.0000":6.582271},"allocations":{"total_heap":2914125847,"minor_heap":2901506956,"major_heap":388886950,"promoted_words":376268059,"promoted_pct":12.97},"domain_alloc_stats":{"0":{"total":2914125847,"minor":2901506956,"promoted":376268059,"major":388886950,"promoted_pct":12.97}},"collections":{"minor":11092,"major":40,"forced_major":0,"compactions":0}}
{"version":1,"wall_time":5.04,"cpu_time":5.04,"gc_time":2.18,"gc_overhead":43.26,"max_rss_kb":1076452,"domain_stats":{"0":{"wall_time":5.04,"gc_time":2.18,"gc_overhead":43.26}},"mean_latency":0.098156,"stddev_latency":0.162415,"min_latency":0.0,"max_latency":6.623231,"distr_latency":{"25.0000":0.038911,"50.0000":0.069951,"60.0000":0.074239,"70.0000":0.098559,"75.0000":0.105791,"80.0000":0.118975,"85.0000":0.166655,"90.0000":0.193535,"95.0000":0.280319,"96.0000":0.298495,"97.0000":0.349439,"98.0000":0.436991,"99.0000":0.659455,"99.9000":1.827839,"99.9900":5.341183,"99.9990":6.623231,"99.9999":6.623231,"100.0000":6.623231},"allocations":{"total_heap":2914125847,"minor_heap":2901506956,"major_heap":388886950,"promoted_words":376268059,"promoted_pct":12.97},"domain_alloc_stats":{"0":{"total":2914125847,"minor":2901506956,"promoted":376268059,"major":388886950,"promoted_pct":12.97}},"collections":{"minor":11092,"major":40,"forced_major":0,"compactions":0}}
{"version":1,"wall_time":5.0,"cpu_time":5.0,"gc_time":2.14,"gc_overhead":42.77,"max_rss_kb":1048464,"domain_stats":{"0":{"wall_time":5.0,"gc_time":2.14,"gc_overhead":42.77}},"mean_latency":0.096215,"stddev_latency":0.158425,"min_latency":0.0,"max_latency":6.623231,"distr_latency":{"25.0000":0.037887,"50.0000":0.068927,"60.0000":0.073279,"70.0000":0.097343,"75.0000":0.104255,"80.0000":0.115647,"85.0000":0.164863,"90.0000":0.192255,"95.0000":0.266751,"96.0000":0.287231,"97.0000":0.340991,"98.0000":0.415487,"99.0000":0.639999,"99.9000":1.589247,"99.9900":5.369855,"99.9990":6.623231,"99.9999":6.623231,"100.0000":6.623231},"allocations":{"total_heap":2914125847,"minor_heap":2901506956,"major_heap":388886950,"promoted_words":376268059,"promoted_pct":12.97},"domain_alloc_stats":{"0":{"total":2914125847,"minor":2901506956,"promoted":376268059,"major":388886950,"promoted_pct":12.97}},"collections":{"minor":11092,"major":40,"forced_major":0,"compactions":0}}
