{"version":1,"wall_time":2.29,"cpu_time":2.29,"gc_time":0.92,"gc_overhead":40.01,"max_rss_kb":385696,"domain_stats":{"0":{"wall_time":2.29,"gc_time":0.92,"gc_overhead":40.01}},"mean_latency":0.41126,"stddev_latency":0.528021,"min_latency":0.0,"max_latency":3.856383,"distr_latency":{"25.0000":0.096447,"50.0000":0.249983,"60.0000":0.328447,"70.0000":0.422655,"75.0000":0.486911,"80.0000":0.570879,"85.0000":0.697343,"90.0000":1.091583,"95.0000":1.532927,"96.0000":1.610751,"97.0000":1.924095,"98.0000":2.209791,"99.0000":2.777087,"99.9000":3.225599,"99.9900":3.856383,"99.9990":3.856383,"99.9999":3.856383,"100.0000":3.856383},"allocations":{"total_heap":279422699,"minor_heap":265953352,"major_heap":121585944,"promoted_words":108116597,"promoted_pct":40.65},"domain_alloc_stats":{"0":{"total":279422699,"minor":265953352,"promoted":108116597,"major":121585944,"promoted_pct":40.65}},"collections":{"minor":1054,"major":38,"forced_major":0,"compactions":0}}
{"version":1,"wall_time":2.3,"cpu_time":2.3,"gc_time":0.91,"gc_overhead":39.62,"max_rss_kb":385388,"domain_stats":{"0":{"wall_time":2.3,"gc_time":0.91,"gc_overhead":39.62}},"mean_latency":0.407982,"stddev_latency":0.527485,"min_latency":0.0,"max_latency":3.985407,"distr_latency":{"25.0000":0.094911,"50.0000":0.247167,"60.0000":0.330495,"70.0000":0.421887,"75.0000":0.481279,"80.0000":0.563711,"85.0000":0.688639,"90.0000":1.070079,"95.0000":1.541119,"96.0000":1.596415,"97.0000":1.935359,"98.0000":2.199551,"99.0000":2.834431,"99.9000":3.184639,"99.9900":3.985407,"99.9990":3.985407,"99.9999":3.985407,"100.0000":3.985407},"allocations":{"total_heap":279422699,"minor_heap":265953352,"major_heap":121585944,"promoted_words":108116597,"promoted_pct":40.65},"domain_alloc_stats":{"0":{"total":279422699,"minor":265953352,"promoted":108116597,"major":121585944,"promoted_pct":40.65}},"collections":{"minor":1054,"major":38,"forced_major":0,"compactions":0}}
{"version":1,"wall_time":2.3,"cpu_time":2.3,"gc_time":0.91,"gc_overhead":39.62,"max_rss_kb":384716,"domain_stats":{"0":{"wall_time":2.3,"gc_time":0.91,"gc_overhead":39.62}},"mean_latency":0.40876,"stddev_latency":0.527036,"min_latency":0.0,"max_latency":3.868671,"distr_latency":{"25.0000":0.097215,"50.0000":0.246527,"60.0000":0.327167,"70.0000":0.424959,"75.0000":0.487167,"80.0000":0.564735,"85.0000":0.695295,"90.0000":1.061887,"95.0000":1.531903,"96.0000":1.598463,"97.0000":1.922047,"98.0000":2.201599,"99.0000":2.803711,"99.9000":3.217407,"99.9900":3.868671,"99.9990":3.868671,"99.9999":3.868671,"100.0000":3.868671},"allocations":{"total_heap":279422699,"minor_heap":265953352,"major_heap":121585944,"promoted_words":108116597,"promoted_pct":40.65},"domain_alloc_stats":{"0":{"total":279422699,"minor":265953352,"promoted":108116597,"major":121585944,"promoted_pct":40.65}},"collections":{"minor":1054,"major":38,"forced_major":0,"compactions":0}}
