{"version":1,"wall_time":0.76,"cpu_time":0.76,"gc_time":0.5,"gc_overhead":65.26,"max_rss_kb":108528,"domain_stats":{"0":{"wall_time":0.76,"gc_time":0.5,"gc_overhead":65.26}},"mean_latency":0.175114,"stddev_latency":0.383504,"min_latency":0.0,"max_latency":2.983935,"distr_latency":{"25.0000":7.1e-05,"50.0000":0.000303,"60.0000":0.000343,"70.0000":0.004871,"75.0000":0.012687,"80.0000":0.073663,"85.0000":0.778239,"90.0000":0.830463,"95.0000":1.031679,"96.0000":1.151999,"97.0000":1.287167,"98.0000":1.405951,"99.0000":1.524735,"99.9000":1.657855,"99.9900":2.983935,"99.9990":2.983935,"99.9999":2.983935,"100.0000":2.983935},"allocations":{"total_heap":13497748,"minor_heap":120664,"major_heap":13377664,"promoted_words":580,"promoted_pct":0.48},"domain_alloc_stats":{"0":{"total":13497748,"minor":120664,"promoted":580,"major":13377664,"promoted_pct":0.48}},"collections":{"minor":347,"major":173,"forced_major":0,"compactions":0}}
{"version":1,"wall_time":0.77,"cpu_time":0.77,"gc_time":0.51,"gc_overhead":65.87,"max_rss_kb":108580,"domain_stats":{"0":{"wall_time":0.77,"gc_time":0.51,"gc_overhead":65.87}},"mean_latency":0.179034,"stddev_latency":0.390807,"min_latency":0.0,"max_latency":3.100671,"distr_latency":{"25.0000":5.5e-05,"50.0000":0.000303,"60.0000":0.000343,"70.0000":0.003847,"75.0000":0.012727,"80.0000":0.085311,"85.0000":0.800767,"90.0000":0.836607,"95.0000":1.080319,"96.0000":1.198079,"97.0000":1.321983,"98.0000":1.434623,"99.0000":1.524735,"99.9000":1.654783,"99.9900":3.100671,"99.9990":3.100671,"99.9999":3.100671,"100.0000":3.100671},"allocations":{"total_heap":13497748,"minor_heap":120664,"major_heap":13377664,"promoted_words":580,"promoted_pct":0.48},"domain_alloc_stats":{"0":{"total":13497748,"minor":120664,"promoted":580,"major":13377664,"promoted_pct":0.48}},"collections":{"minor":347,"major":173,"forced_major":0,"compactions":0}}
{"version":1,"wall_time":0.83,"cpu_time":0.83,"gc_time":0.56,"gc_overhead":67.89,"max_rss_kb":108624,"domain_stats":{"0":{"wall_time":0.83,"gc_time":0.56,"gc_overhead":67.89}},"mean_latency":0.198304,"stddev_latency":0.44941,"min_latency":0.0,"max_latency":2.953215,"distr_latency":{"25.0000":0.000103,"50.0000":0.000303,"60.0000":0.000335,"70.0000":0.003983,"75.0000":0.012623,"80.0000":0.075391,"85.0000":0.797183,"90.0000":0.844287,"95.0000":1.292287,"96.0000":1.410047,"97.0000":1.454079,"98.0000":1.570815,"99.0000":1.809407,"99.9000":2.729983,"99.9900":2.953215,"99.9990":2.953215,"99.9999":2.953215,"100.0000":2.953215},"allocations":{"total_heap":13497748,"minor_heap":120664,"major_heap":13377664,"promoted_words":580,"promoted_pct":0.48},"domain_alloc_stats":{"0":{"total":13497748,"minor":120664,"promoted":580,"major":13377664,"promoted_pct":0.48}},"collections":{"minor":347,"major":173,"forced_major":0,"compactions":0}}
