{"version":1,"wall_time":4.67,"cpu_time":4.67,"gc_time":1.81,"gc_overhead":38.77,"max_rss_kb":1209056,"domain_stats":{"0":{"wall_time":4.67,"gc_time":1.81,"gc_overhead":38.77}},"mean_latency":0.081412,"stddev_latency":0.121945,"min_latency":0.0,"max_latency":5.328895,"distr_latency":{"25.0000":0.030047,"50.0000":0.064351,"60.0000":0.070655,"70.0000":0.092223,"75.0000":0.102335,"80.0000":0.106815,"85.0000":0.122751,"90.0000":0.146815,"95.0000":0.233343,"96.0000":0.269311,"97.0000":0.288511,"98.0000":0.404991,"99.0000":0.566783,"99.9000":1.163263,"99.9900":4.151295,"99.9990":5.328895,"99.9999":5.328895,"100.0000":5.328895},"allocations":{"total_heap":2914108638,"minor_heap":2901484606,"major_heap":388674903,"promoted_words":376050871,"promoted_pct":12.96},"domain_alloc_stats":{"0":{"total":2914108638,"minor":2901484606,"promoted":376050871,"major":388674903,"promoted_pct":12.96}},"collections":{"minor":11087,"major":31,"forced_major":0,"compactions":0}}
{"version":1,"wall_time":4.7,"cpu_time":4.7,"gc_time":1.82,"gc_overhead":38.72,"max_rss_kb":1209132,"domain_stats":{"0":{"wall_time":4.7,"gc_time":1.82,"gc_overhead":38.72}},"mean_latency":0.081885,"stddev_latency":0.122495,"min_latency":0.0,"max_latency":5.357567,"distr_latency":{"25.0000":0.030687,"50.0000":0.064543,"60.0000":0.070655,"70.0000":0.092799,"75.0000":0.102783,"80.0000":0.107327,"85.0000":0.123455,"90.0000":0.147583,"95.0000":0.235263,"96.0000":0.270335,"97.0000":0.289023,"98.0000":0.406527,"99.0000":0.566271,"99.9000":1.174527,"99.9900":4.202495,"99.9990":5.357567,"99.9999":5.357567,"100.0000":5.357567},"allocations":{"total_heap":2914108638,"minor_heap":2901484606,"major_heap":388674903,"promoted_words":376050871,"promoted_pct":12.96},"domain_alloc_stats":{"0":{"total":2914108638,"minor":2901484606,"promoted":376050871,"major":388674903,"promoted_pct":12.96}},"collections":{"minor":11087,"major":31,"forced_major":0,"compactions":0}}
{"version":1,"wall_time":4.64,"cpu_time":4.64,"gc_time":1.81,"gc_overhead":38.99,"max_rss_kb":1209272,"domain_stats":{"0":{"wall_time":4.64,"gc_time":1.81,"gc_overhead":38.99}},"mean_latency":0.081479,"stddev_latency":0.122715,"min_latency":0.0,"max_latency":5.427199,"distr_latency":{"25.0000":0.030159,"50.0000":0.064447,"60.0000":0.070527,"70.0000":0.092223,"75.0000":0.102463,"80.0000":0.106879,"85.0000":0.122495,"90.0000":0.147327,"95.0000":0.232703,"96.0000":0.268031,"97.0000":0.286975,"98.0000":0.401663,"99.0000":0.567807,"99.9000":1.202175,"99.9900":4.210687,"99.9990":5.427199,"99.9999":5.427199,"100.0000":5.427199},"allocations":{"total_heap":2914108638,"minor_heap":2901484606,"major_heap":388674903,"promoted_words":376050871,"promoted_pct":12.96},"domain_alloc_stats":{"0":{"total":2914108638,"minor":2901484606,"promoted":376050871,"major":388674903,"promoted_pct":12.96}},"collections":{"minor":11087,"major":31,"forced_major":0,"compactions":0}}
