{"version":1,"wall_time":2.63,"cpu_time":2.63,"gc_time":1.22,"gc_overhead":46.41,"max_rss_kb":354924,"domain_stats":{"0":{"wall_time":2.63,"gc_time":1.22,"gc_overhead":46.41}},"mean_latency":0.551364,"stddev_latency":0.852197,"min_latency":0.0,"max_latency":7.729151,"distr_latency":{"25.0000":0.115199,"50.0000":0.304895,"60.0000":0.371711,"70.0000":0.461567,"75.0000":0.525311,"80.0000":0.622591,"85.0000":0.770559,"90.0000":1.381375,"95.0000":2.559999,"96.0000":2.754559,"97.0000":3.016703,"98.0000":3.727359,"99.0000":4.155391,"99.9000":5.619711,"99.9900":7.729151,"99.9990":7.729151,"99.9999":7.729151,"100.0000":7.729151},"allocations":{"total_heap":279382673,"minor_heap":265913326,"major_heap":121553906,"promoted_words":108084559,"promoted_pct":40.65},"domain_alloc_stats":{"0":{"total":279382673,"minor":265913326,"promoted":108084559,"major":121553906,"promoted_pct":40.65}},"collections":{"minor":1065,"major":60,"forced_major":0,"compactions":0}}
{"version":1,"wall_time":2.63,"cpu_time":2.63,"gc_time":1.22,"gc_overhead":46.31,"max_rss_kb":355028,"domain_stats":{"0":{"wall_time":2.63,"gc_time":1.22,"gc_overhead":46.31}},"mean_latency":0.550683,"stddev_latency":0.848501,"min_latency":0.0,"max_latency":7.688191,"distr_latency":{"25.0000":0.115391,"50.0000":0.304639,"60.0000":0.366591,"70.0000":0.462335,"75.0000":0.526335,"80.0000":0.626687,"85.0000":0.769023,"90.0000":1.383423,"95.0000":2.557951,"96.0000":2.748415,"97.0000":3.006463,"98.0000":3.694591,"99.0000":4.161535,"99.9000":5.582847,"99.9900":7.688191,"99.9990":7.688191,"99.9999":7.688191,"100.0000":7.688191},"allocations":{"total_heap":279382673,"minor_heap":265913326,"major_heap":121553906,"promoted_words":108084559,"promoted_pct":40.65},"domain_alloc_stats":{"0":{"total":279382673,"minor":265913326,"promoted":108084559,"major":121553906,"promoted_pct":40.65}},"collections":{"minor":1065,"major":60,"forced_major":0,"compactions":0}}
{"version":1,"wall_time":2.62,"cpu_time":2.62,"gc_time":1.22,"gc_overhead":46.55,"max_rss_kb":355816,"domain_stats":{"0":{"wall_time":2.62,"gc_time":1.22,"gc_overhead":46.55}},"mean_latency":0.55216,"stddev_latency":0.851504,"min_latency":0.0,"max_latency":7.700479,"distr_latency":{"25.0000":0.115327,"50.0000":0.304383,"60.0000":0.369663,"70.0000":0.461567,"75.0000":0.525311,"80.0000":0.624639,"85.0000":0.776703,"90.0000":1.393663,"95.0000":2.570239,"96.0000":2.750463,"97.0000":3.014655,"98.0000":3.704831,"99.0000":4.175871,"99.9000":5.595135,"99.9900":7.700479,"99.9990":7.700479,"99.9999":7.700479,"100.0000":7.700479},"allocations":{"total_heap":279382673,"minor_heap":265913326,"major_heap":121553906,"promoted_words":108084559,"promoted_pct":40.65},"domain_alloc_stats":{"0":{"total":279382673,"minor":265913326,"promoted":108084559,"major":121553906,"promoted_pct":40.65}},"collections":{"minor":1065,"major":60,"forced_major":0,"compactions":0}}
