{"version":1,"wall_time":2.29,"cpu_time":2.29,"gc_time":0.91,"gc_overhead":39.57,"max_rss_kb":386172,"domain_stats":{"0":{"wall_time":2.29,"gc_time":0.91,"gc_overhead":39.57}},"mean_latency":0.405996,"stddev_latency":0.523121,"min_latency":0.0,"max_latency":3.856383,"distr_latency":{"25.0000":0.095487,"50.0000":0.244095,"60.0000":0.327167,"70.0000":0.420863,"75.0000":0.485631,"80.0000":0.564735,"85.0000":0.694783,"90.0000":1.072127,"95.0000":1.523711,"96.0000":1.585151,"97.0000":1.898495,"98.0000":2.181119,"99.0000":2.793471,"99.9000":3.201023,"99.9900":3.856383,"99.9990":3.856383,"99.9999":3.856383,"100.0000":3.856383},"allocations":{"total_heap":279422699,"minor_heap":265953352,"major_heap":121585944,"promoted_words":108116597,"promoted_pct":40.65},"domain_alloc_stats":{"0":{"total":279422699,"minor":265953352,"promoted":108116597,"major":121585944,"promoted_pct":40.65}},"collections":{"minor":1054,"major":38,"forced_major":0,"compactions":0}}
{"version":1,"wall_time":2.3,"cpu_time":2.3,"gc_time":0.91,"gc_overhead":39.52,"max_rss_kb":384760,"domain_stats":{"0":{"wall_time":2.3,"gc_time":0.91,"gc_overhead":39.52}},"mean_latency":0.407534,"stddev_latency":0.520903,"min_latency":0.0,"max_latency":3.852287,"distr_latency":{"25.0000":0.095871,"50.0000":0.248191,"60.0000":0.329471,"70.0000":0.423935,"75.0000":0.486655,"80.0000":0.568319,"85.0000":0.699903,"90.0000":1.081343,"95.0000":1.510399,"96.0000":1.573887,"97.0000":1.889279,"98.0000":2.172927,"99.0000":2.754559,"99.9000":3.188735,"99.9900":3.852287,"99.9990":3.852287,"99.9999":3.852287,"100.0000":3.852287},"allocations":{"total_heap":279422699,"minor_heap":265953352,"major_heap":121585944,"promoted_words":108116597,"promoted_pct":40.65},"domain_alloc_stats":{"0":{"total":279422699,"minor":265953352,"promoted":108116597,"major":121585944,"promoted_pct":40.65}},"collections":{"minor":1054,"major":38,"forced_major":0,"compactions":0}}
{"version":1,"wall_time":2.29,"cpu_time":2.29,"gc_time":0.92,"gc_overhead":40.01,"max_rss_kb":385880,"domain_stats":{"0":{"wall_time":2.29,"gc_time":0.92,"gc_overhead":40.01}},"mean_latency":0.410855,"stddev_latency":0.528654,"min_latency":0.0,"max_latency":3.864575,"distr_latency":{"25.0000":0.097279,"50.0000":0.248319,"60.0000":0.331007,"70.0000":0.423167,"75.0000":0.493823,"80.0000":0.569343,"85.0000":0.702463,"90.0000":1.082367,"95.0000":1.531903,"96.0000":1.611775,"97.0000":1.924095,"98.0000":2.207743,"99.0000":2.777087,"99.9000":3.252223,"99.9900":3.864575,"99.9990":3.864575,"99.9999":3.864575,"100.0000":3.864575},"allocations":{"total_heap":279422699,"minor_heap":265953352,"major_heap":121585944,"promoted_words":108116597,"promoted_pct":40.65},"domain_alloc_stats":{"0":{"total":279422699,"minor":265953352,"promoted":108116597,"major":121585944,"promoted_pct":40.65}},"collections":{"minor":1054,"major":38,"forced_major":0,"compactions":0}}
