{"version":1,"wall_time":11.9,"cpu_time":11.9,"gc_time":11.83,"gc_overhead":99.4,"max_rss_kb":125272,"domain_stats":{"0":{"wall_time":11.9,"gc_time":11.83,"gc_overhead":99.4}},"mean_latency":0.205433,"stddev_latency":0.47812,"min_latency":0.0,"max_latency":3.878911,"distr_latency":{"25.0000":0.000111,"50.0000":0.000295,"60.0000":0.000367,"70.0000":0.004247,"75.0000":0.007343,"80.0000":0.020527,"85.0000":0.652287,"90.0000":0.907263,"95.0000":1.382399,"96.0000":1.514495,"97.0000":1.647615,"98.0000":1.784831,"99.0000":1.987583,"99.9000":2.465791,"99.9900":2.940927,"99.9990":3.272703,"99.9999":3.878911,"100.0000":3.878911},"allocations":{"total_heap":14038036,"minor_heap":300769,"major_heap":13737868,"promoted_words":601,"promoted_pct":0.2},"domain_alloc_stats":{"0":{"total":14038036,"minor":300769,"promoted":601,"major":13737868,"promoted_pct":0.2}},"collections":{"minor":8391,"major":4195,"forced_major":0,"compactions":0}}
{"version":1,"wall_time":12.13,"cpu_time":12.13,"gc_time":12.06,"gc_overhead":99.42,"max_rss_kb":125292,"domain_stats":{"0":{"wall_time":12.13,"gc_time":12.06,"gc_overhead":99.42}},"mean_latency":0.209383,"stddev_latency":0.489808,"min_latency":0.0,"max_latency":3.618815,"distr_latency":{"25.0000":0.000103,"50.0000":0.000295,"60.0000":0.000375,"70.0000":0.004207,"75.0000":0.007287,"80.0000":0.020447,"85.0000":0.655359,"90.0000":0.922111,"95.0000":1.421311,"96.0000":1.542143,"97.0000":1.681407,"98.0000":1.843199,"99.0000":2.030591,"99.9000":2.564095,"99.9900":3.299327,"99.9990":3.534847,"99.9999":3.618815,"100.0000":3.618815},"allocations":{"total_heap":14038036,"minor_heap":300769,"major_heap":13737868,"promoted_words":601,"promoted_pct":0.2},"domain_alloc_stats":{"0":{"total":14038036,"minor":300769,"promoted":601,"major":13737868,"promoted_pct":0.2}},"collections":{"minor":8391,"major":4195,"forced_major":0,"compactions":0}}
{"version":1,"wall_time":12.07,"cpu_time":12.07,"gc_time":12.0,"gc_overhead":99.42,"max_rss_kb":125364,"domain_stats":{"0":{"wall_time":12.07,"gc_time":12.0,"gc_overhead":99.42}},"mean_latency":0.208384,"stddev_latency":0.488549,"min_latency":0.0,"max_latency":3.651583,"distr_latency":{"25.0000":0.000103,"50.0000":0.000295,"60.0000":0.000375,"70.0000":0.004295,"75.0000":0.007847,"80.0000":0.020031,"85.0000":0.644095,"90.0000":0.908287,"95.0000":1.425407,"96.0000":1.547263,"97.0000":1.683455,"98.0000":1.831935,"99.0000":2.035711,"99.9000":2.639871,"99.9900":3.246079,"99.9990":3.459071,"99.9999":3.651583,"100.0000":3.651583},"allocations":{"total_heap":14038036,"minor_heap":300769,"major_heap":13737868,"promoted_words":601,"promoted_pct":0.2},"domain_alloc_stats":{"0":{"total":14038036,"minor":300769,"promoted":601,"major":13737868,"promoted_pct":0.2}},"collections":{"minor":8391,"major":4195,"forced_major":0,"compactions":0}}
