{"version":1,"wall_time":3.05,"cpu_time":3.05,"gc_time":0.7,"gc_overhead":23.03,"max_rss_kb":459540,"domain_stats":{"0":{"wall_time":3.05,"gc_time":0.7,"gc_overhead":23.03}},"mean_latency":0.252196,"stddev_latency":0.586205,"min_latency":0.0,"max_latency":5.230591,"distr_latency":{"25.0000":0.000103,"50.0000":0.000415,"60.0000":0.000583,"70.0000":0.009167,"75.0000":0.014863,"80.0000":0.551423,"85.0000":0.872959,"90.0000":0.895999,"95.0000":1.305599,"96.0000":1.401855,"97.0000":1.540095,"98.0000":1.619967,"99.0000":1.953791,"99.9000":4.607999,"99.9900":5.230591,"99.9990":5.230591,"99.9999":5.230591,"100.0000":5.230591},"allocations":{"total_heap":14037063,"minor_heap":300279,"major_heap":13737385,"promoted_words":601,"promoted_pct":0.2},"domain_alloc_stats":{"0":{"total":14037063,"minor":300279,"promoted":601,"major":13737385,"promoted_pct":0.2}},"collections":{"minor":318,"major":159,"forced_major":0,"compactions":0}}
{"version":1,"wall_time":3.03,"cpu_time":3.03,"gc_time":0.72,"gc_overhead":23.67,"max_rss_kb":459600,"domain_stats":{"0":{"wall_time":3.03,"gc_time":0.72,"gc_overhead":23.67}},"mean_latency":0.257679,"stddev_latency":0.605341,"min_latency":0.0,"max_latency":5.545983,"distr_latency":{"25.0000":8.7e-05,"50.0000":0.000415,"60.0000":0.000567,"70.0000":0.008447,"75.0000":0.014535,"80.0000":0.557055,"85.0000":0.877567,"90.0000":0.895487,"95.0000":1.342463,"96.0000":1.460223,"97.0000":1.577983,"98.0000":1.696767,"99.0000":3.106815,"99.9000":4.689919,"99.9900":5.545983,"99.9990":5.545983,"99.9999":5.545983,"100.0000":5.545983},"allocations":{"total_heap":14037063,"minor_heap":300279,"major_heap":13737385,"promoted_words":601,"promoted_pct":0.2},"domain_alloc_stats":{"0":{"total":14037063,"minor":300279,"promoted":601,"major":13737385,"promoted_pct":0.2}},"collections":{"minor":318,"major":159,"forced_major":0,"compactions":0}}
{"version":1,"wall_time":3.03,"cpu_time":3.03,"gc_time":0.69,"gc_overhead":22.86,"max_rss_kb":459504,"domain_stats":{"0":{"wall_time":3.03,"gc_time":0.69,"gc_overhead":22.86}},"mean_latency":0.248887,"stddev_latency":0.57248,"min_latency":0.0,"max_latency":4.399103,"distr_latency":{"25.0000":9.5e-05,"50.0000":0.000423,"60.0000":0.000567,"70.0000":0.009007,"75.0000":0.013903,"80.0000":0.546815,"85.0000":0.873983,"90.0000":0.892927,"95.0000":1.285119,"96.0000":1.387519,"97.0000":1.508351,"98.0000":1.605631,"99.0000":1.906687,"99.9000":4.321279,"99.9900":4.399103,"99.9990":4.399103,"99.9999":4.399103,"100.0000":4.399103},"allocations":{"total_heap":14037063,"minor_heap":300279,"major_heap":13737385,"promoted_words":601,"promoted_pct":0.2},"domain_alloc_stats":{"0":{"total":14037063,"minor":300279,"promoted":601,"major":13737385,"promoted_pct":0.2}},"collections":{"minor":318,"major":159,"forced_major":0,"compactions":0}}
