{"version":1,"wall_time":2.52,"cpu_time":2.52,"gc_time":0.66,"gc_overhead":26.28,"max_rss_kb":75652,"domain_stats":{"0":{"wall_time":2.52,"gc_time":0.66,"gc_overhead":26.28}},"mean_latency":0.004825,"stddev_latency":0.010529,"min_latency":0.0,"max_latency":0.070079,"distr_latency":{"25.0000":0.000263,"50.0000":0.000271,"60.0000":0.000271,"70.0000":0.001151,"75.0000":0.002023,"80.0000":0.004871,"85.0000":0.010775,"90.0000":0.011983,"95.0000":0.037727,"96.0000":0.037759,"97.0000":0.037791,"98.0000":0.037855,"99.0000":0.038527,"99.9000":0.051039,"99.9900":0.054239,"99.9990":0.061951,"99.9999":0.070079,"100.0000":0.070079},"allocations":{"total_heap":69974425,"minor_heap":68777638,"major_heap":1307148,"promoted_words":110361,"promoted_pct":0.16},"domain_alloc_stats":{"0":{"total":69974425,"minor":68777638,"promoted":110361,"major":1307148,"promoted_pct":0.16}},"collections":{"minor":25268,"major":12630,"forced_major":0,"compactions":0}}
{"version":1,"wall_time":2.47,"cpu_time":2.47,"gc_time":0.61,"gc_overhead":24.78,"max_rss_kb":74552,"domain_stats":{"0":{"wall_time":2.47,"gc_time":0.61,"gc_overhead":24.78}},"mean_latency":0.004456,"stddev_latency":0.009423,"min_latency":0.0,"max_latency":0.073599,"distr_latency":{"25.0000":0.000263,"50.0000":0.000271,"60.0000":0.000271,"70.0000":0.001151,"75.0000":0.001951,"80.0000":0.004911,"85.0000":0.010615,"90.0000":0.012127,"95.0000":0.031263,"96.0000":0.031295,"97.0000":0.031343,"98.0000":0.031935,"99.0000":0.033247,"99.9000":0.046015,"99.9900":0.054143,"99.9990":0.066751,"99.9999":0.073599,"100.0000":0.073599},"allocations":{"total_heap":69974425,"minor_heap":68777638,"major_heap":1307148,"promoted_words":110361,"promoted_pct":0.16},"domain_alloc_stats":{"0":{"total":69974425,"minor":68777638,"promoted":110361,"major":1307148,"promoted_pct":0.16}},"collections":{"minor":25268,"major":12630,"forced_major":0,"compactions":0}}
{"version":1,"wall_time":2.46,"cpu_time":2.46,"gc_time":0.61,"gc_overhead":24.79,"max_rss_kb":74816,"domain_stats":{"0":{"wall_time":2.46,"gc_time":0.61,"gc_overhead":24.79}},"mean_latency":0.004443,"stddev_latency":0.009288,"min_latency":0.0,"max_latency":0.054911,"distr_latency":{"25.0000":0.000263,"50.0000":0.000271,"60.0000":0.000287,"70.0000":0.001167,"75.0000":0.001975,"80.0000":0.004847,"85.0000":0.011223,"90.0000":0.012847,"95.0000":0.031151,"96.0000":0.031199,"97.0000":0.031231,"98.0000":0.031327,"99.0000":0.032015,"99.9000":0.044991,"99.9900":0.052479,"99.9990":0.054559,"99.9999":0.054911,"100.0000":0.054911},"allocations":{"total_heap":69974425,"minor_heap":68777638,"major_heap":1307148,"promoted_words":110361,"promoted_pct":0.16},"domain_alloc_stats":{"0":{"total":69974425,"minor":68777638,"promoted":110361,"major":1307148,"promoted_pct":0.16}},"collections":{"minor":25268,"major":12630,"forced_major":0,"compactions":0}}
