{"version":1,"wall_time":1.46,"cpu_time":1.46,"gc_time":1.19,"gc_overhead":81.92,"max_rss_kb":109864,"domain_stats":{"0":{"wall_time":1.46,"gc_time":1.19,"gc_overhead":81.92}},"mean_latency":0.171672,"stddev_latency":0.37535,"min_latency":0.0,"max_latency":4.206591,"distr_latency":{"25.0000":4.7e-05,"50.0000":0.000303,"60.0000":0.000343,"70.0000":0.002903,"75.0000":0.007383,"80.0000":0.136319,"85.0000":0.756735,"90.0000":0.788479,"95.0000":0.997375,"96.0000":1.122303,"97.0000":1.278975,"98.0000":1.370111,"99.0000":1.473535,"99.9000":2.041855,"99.9900":2.666495,"99.9990":4.206591,"99.9999":4.206591,"100.0000":4.206591},"allocations":{"total_heap":13497904,"minor_heap":120652,"major_heap":13377832,"promoted_words":580,"promoted_pct":0.48},"domain_alloc_stats":{"0":{"total":13497904,"minor":120652,"promoted":580,"major":13377832,"promoted_pct":0.48}},"collections":{"minor":832,"major":416,"forced_major":0,"compactions":0}}
{"version":1,"wall_time":1.47,"cpu_time":1.47,"gc_time":1.21,"gc_overhead":82.03,"max_rss_kb":109740,"domain_stats":{"0":{"wall_time":1.47,"gc_time":1.21,"gc_overhead":82.03}},"mean_latency":0.173824,"stddev_latency":0.375173,"min_latency":0.0,"max_latency":3.518463,"distr_latency":{"25.0000":0.000103,"50.0000":0.000303,"60.0000":0.000351,"70.0000":0.005455,"75.0000":0.014287,"80.0000":0.146047,"85.0000":0.778751,"90.0000":0.801279,"95.0000":0.985087,"96.0000":1.105919,"97.0000":1.230847,"98.0000":1.387519,"99.0000":1.508351,"99.9000":1.774591,"99.9900":2.424831,"99.9990":3.518463,"99.9999":3.518463,"100.0000":3.518463},"allocations":{"total_heap":13497904,"minor_heap":120652,"major_heap":13377832,"promoted_words":580,"promoted_pct":0.48},"domain_alloc_stats":{"0":{"total":13497904,"minor":120652,"promoted":580,"major":13377832,"promoted_pct":0.48}},"collections":{"minor":832,"major":416,"forced_major":0,"compactions":0}}
{"version":1,"wall_time":1.47,"cpu_time":1.47,"gc_time":1.21,"gc_overhead":81.9,"max_rss_kb":109780,"domain_stats":{"0":{"wall_time":1.47,"gc_time":1.21,"gc_overhead":81.9}},"mean_latency":0.173209,"stddev_latency":0.372572,"min_latency":0.0,"max_latency":3.121151,"distr_latency":{"25.0000":4.7e-05,"50.0000":0.000311,"60.0000":0.000351,"70.0000":0.003687,"75.0000":0.014071,"80.0000":0.145535,"85.0000":0.771071,"90.0000":0.809471,"95.0000":0.997375,"96.0000":1.098751,"97.0000":1.216511,"98.0000":1.368063,"99.0000":1.476607,"99.9000":1.691647,"99.9900":2.514943,"99.9990":3.121151,"99.9999":3.121151,"100.0000":3.121151},"allocations":{"total_heap":13497904,"minor_heap":120652,"major_heap":13377832,"promoted_words":580,"promoted_pct":0.48},"domain_alloc_stats":{"0":{"total":13497904,"minor":120652,"promoted":580,"major":13377832,"promoted_pct":0.48}},"collections":{"minor":832,"major":416,"forced_major":0,"compactions":0}}
