{"version":1,"wall_time":12.66,"cpu_time":12.66,"gc_time":2.45,"gc_overhead":19.32,"max_rss_kb":525220,"domain_stats":{"0":{"wall_time":12.66,"gc_time":2.45,"gc_overhead":19.32}},"mean_latency":0.132797,"stddev_latency":0.212833,"min_latency":0.0,"max_latency":4.554751,"distr_latency":{"25.0000":0.028751,"50.0000":0.065151,"60.0000":0.088383,"70.0000":0.116159,"75.0000":0.136063,"80.0000":0.163711,"85.0000":0.217471,"90.0000":0.365823,"95.0000":0.530943,"96.0000":0.587775,"97.0000":0.651263,"98.0000":0.740351,"99.0000":0.923135,"99.9000":2.232319,"99.9900":3.893247,"99.9990":4.554751,"99.9999":4.554751,"100.0000":4.554751},"allocations":{"total_heap":2410430406,"minor_heap":2361726195,"major_heap":434248275,"promoted_words":385544064,"promoted_pct":16.32},"domain_alloc_stats":{"0":{"total":2410430406,"minor":2361726195,"promoted":385544064,"major":434248275,"promoted_pct":16.32}},"collections":{"minor":9052,"major":47,"forced_major":0,"compactions":0}}
{"version":1,"wall_time":12.63,"cpu_time":12.63,"gc_time":2.44,"gc_overhead":19.32,"max_rss_kb":525264,"domain_stats":{"0":{"wall_time":12.63,"gc_time":2.44,"gc_overhead":19.32}},"mean_latency":0.132455,"stddev_latency":0.213655,"min_latency":0.0,"max_latency":4.673535,"distr_latency":{"25.0000":0.028415,"50.0000":0.064287,"60.0000":0.086847,"70.0000":0.113791,"75.0000":0.134655,"80.0000":0.162815,"85.0000":0.216703,"90.0000":0.373247,"95.0000":0.531455,"96.0000":0.593407,"97.0000":0.652287,"98.0000":0.737279,"99.0000":0.930303,"99.9000":2.236415,"99.9900":3.905535,"99.9990":4.673535,"99.9999":4.673535,"100.0000":4.673535},"allocations":{"total_heap":2410430406,"minor_heap":2361726195,"major_heap":434248275,"promoted_words":385544064,"promoted_pct":16.32},"domain_alloc_stats":{"0":{"total":2410430406,"minor":2361726195,"promoted":385544064,"major":434248275,"promoted_pct":16.32}},"collections":{"minor":9052,"major":47,"forced_major":0,"compactions":0}}
{"version":1,"wall_time":12.63,"cpu_time":12.63,"gc_time":2.4,"gc_overhead":19.01,"max_rss_kb":525332,"domain_stats":{"0":{"wall_time":12.63,"gc_time":2.4,"gc_overhead":19.01}},"mean_latency":0.130378,"stddev_latency":0.211589,"min_latency":0.0,"max_latency":4.538367,"distr_latency":{"25.0000":0.028063,"50.0000":0.063103,"60.0000":0.085119,"70.0000":0.111935,"75.0000":0.132863,"80.0000":0.160767,"85.0000":0.212735,"90.0000":0.360959,"95.0000":0.520959,"96.0000":0.578559,"97.0000":0.643071,"98.0000":0.730623,"99.0000":0.928767,"99.9000":2.248703,"99.9900":3.897343,"99.9990":4.538367,"99.9999":4.538367,"100.0000":4.538367},"allocations":{"total_heap":2410430406,"minor_heap":2361726195,"major_heap":434248275,"promoted_words":385544064,"promoted_pct":16.32},"domain_alloc_stats":{"0":{"total":2410430406,"minor":2361726195,"promoted":385544064,"major":434248275,"promoted_pct":16.32}},"collections":{"minor":9052,"major":47,"forced_major":0,"compactions":0}}
