{"version":1,"wall_time":5.31,"cpu_time":5.31,"gc_time":3.35,"gc_overhead":63.06,"max_rss_kb":154168,"domain_stats":{"0":{"wall_time":5.31,"gc_time":3.35,"gc_overhead":63.06}},"mean_latency":0.012192,"stddev_latency":0.019241,"min_latency":0.0,"max_latency":0.182655,"distr_latency":{"25.0000":0.001055,"50.0000":0.001975,"60.0000":0.002607,"70.0000":0.003903,"75.0000":0.007111,"80.0000":0.042175,"85.0000":0.046399,"90.0000":0.047807,"95.0000":0.050527,"96.0000":0.050719,"97.0000":0.050943,"98.0000":0.051295,"99.0000":0.051775,"99.9000":0.062431,"99.9900":0.065919,"99.9990":0.074239,"99.9999":0.182655,"100.0000":0.182655},"allocations":{"total_heap":69978080,"minor_heap":68781285,"major_heap":1712511,"promoted_words":515716,"promoted_pct":0.75},"domain_alloc_stats":{"0":{"total":69978080,"minor":68781285,"promoted":515716,"major":1712511,"promoted_pct":0.75}},"collections":{"minor":62970,"major":62970,"forced_major":0,"compactions":0}}
{"version":1,"wall_time":5.24,"cpu_time":5.24,"gc_time":3.3,"gc_overhead":62.82,"max_rss_kb":155700,"domain_stats":{"0":{"wall_time":5.24,"gc_time":3.3,"gc_overhead":62.82}},"mean_latency":0.012003,"stddev_latency":0.018891,"min_latency":0.0,"max_latency":0.182399,"distr_latency":{"25.0000":0.001055,"50.0000":0.002023,"60.0000":0.002615,"70.0000":0.003807,"75.0000":0.007183,"80.0000":0.039711,"85.0000":0.045759,"90.0000":0.048159,"95.0000":0.049791,"96.0000":0.050015,"97.0000":0.050271,"98.0000":0.050559,"99.0000":0.051103,"99.9000":0.060511,"99.9900":0.068735,"99.9990":0.094399,"99.9999":0.182399,"100.0000":0.182399},"allocations":{"total_heap":69978080,"minor_heap":68781285,"major_heap":1712511,"promoted_words":515716,"promoted_pct":0.75},"domain_alloc_stats":{"0":{"total":69978080,"minor":68781285,"promoted":515716,"major":1712511,"promoted_pct":0.75}},"collections":{"minor":62970,"major":62970,"forced_major":0,"compactions":0}}
{"version":1,"wall_time":5.48,"cpu_time":5.48,"gc_time":3.51,"gc_overhead":64.08,"max_rss_kb":154788,"domain_stats":{"0":{"wall_time":5.48,"gc_time":3.51,"gc_overhead":64.08}},"mean_latency":0.012791,"stddev_latency":0.020223,"min_latency":0.0,"max_latency":0.186111,"distr_latency":{"25.0000":0.001063,"50.0000":0.002023,"60.0000":0.002663,"70.0000":0.004015,"75.0000":0.007231,"80.0000":0.046463,"85.0000":0.049951,"90.0000":0.050431,"95.0000":0.051007,"96.0000":0.051167,"97.0000":0.051423,"98.0000":0.051647,"99.0000":0.052255,"99.9000":0.063647,"99.9900":0.067775,"99.9990":0.073407,"99.9999":0.186111,"100.0000":0.186111},"allocations":{"total_heap":69978080,"minor_heap":68781285,"major_heap":1712511,"promoted_words":515716,"promoted_pct":0.75},"domain_alloc_stats":{"0":{"total":69978080,"minor":68781285,"promoted":515716,"major":1712511,"promoted_pct":0.75}},"collections":{"minor":62970,"major":62970,"forced_major":0,"compactions":0}}
