{"version":1,"wall_time":14.9,"cpu_time":14.9,"gc_time":4.5,"gc_overhead":30.22,"max_rss_kb":402636,"domain_stats":{"0":{"wall_time":14.9,"gc_time":4.5,"gc_overhead":30.22}},"mean_latency":0.243969,"stddev_latency":0.425383,"min_latency":0.0,"max_latency":9.846783,"distr_latency":{"25.0000":0.046431,"50.0000":0.100287,"60.0000":0.138879,"70.0000":0.217855,"75.0000":0.276479,"80.0000":0.353791,"85.0000":0.450815,"90.0000":0.549375,"95.0000":0.886783,"96.0000":1.049599,"97.0000":1.373183,"98.0000":1.627135,"99.0000":2.052095,"99.9000":4.184063,"99.9900":7.094271,"99.9990":9.846783,"99.9999":9.846783,"100.0000":9.846783},"allocations":{"total_heap":2410430404,"minor_heap":2361726193,"major_heap":433182018,"promoted_words":384477807,"promoted_pct":16.28},"domain_alloc_stats":{"0":{"total":2410430404,"minor":2361726193,"promoted":384477807,"major":433182018,"promoted_pct":16.28}},"collections":{"minor":9100,"major":130,"forced_major":0,"compactions":0}}
{"version":1,"wall_time":14.96,"cpu_time":14.96,"gc_time":4.52,"gc_overhead":30.2,"max_rss_kb":402648,"domain_stats":{"0":{"wall_time":14.96,"gc_time":4.52,"gc_overhead":30.2}},"mean_latency":0.244794,"stddev_latency":0.424236,"min_latency":0.0,"max_latency":9.830399,"distr_latency":{"25.0000":0.046943,"50.0000":0.101183,"60.0000":0.141183,"70.0000":0.218367,"75.0000":0.276991,"80.0000":0.353023,"85.0000":0.453119,"90.0000":0.552959,"95.0000":0.883711,"96.0000":1.042943,"97.0000":1.372159,"98.0000":1.617919,"99.0000":2.040831,"99.9000":4.161535,"99.9900":7.004159,"99.9990":9.830399,"99.9999":9.830399,"100.0000":9.830399},"allocations":{"total_heap":2410430404,"minor_heap":2361726193,"major_heap":433182018,"promoted_words":384477807,"promoted_pct":16.28},"domain_alloc_stats":{"0":{"total":2410430404,"minor":2361726193,"promoted":384477807,"major":433182018,"promoted_pct":16.28}},"collections":{"minor":9100,"major":130,"forced_major":0,"compactions":0}}
{"version":1,"wall_time":14.93,"cpu_time":14.93,"gc_time":4.49,"gc_overhead":30.07,"max_rss_kb":402584,"domain_stats":{"0":{"wall_time":14.93,"gc_time":4.49,"gc_overhead":30.07}},"mean_latency":0.243195,"stddev_latency":0.421652,"min_latency":0.0,"max_latency":9.887743,"distr_latency":{"25.0000":0.046399,"50.0000":0.100031,"60.0000":0.139519,"70.0000":0.218495,"75.0000":0.276735,"80.0000":0.352767,"85.0000":0.449791,"90.0000":0.550399,"95.0000":0.875519,"96.0000":1.038335,"97.0000":1.362943,"98.0000":1.611775,"99.0000":2.014207,"99.9000":4.108287,"99.9900":6.975487,"99.9990":9.887743,"99.9999":9.887743,"100.0000":9.887743},"allocations":{"total_heap":2410430404,"minor_heap":2361726193,"major_heap":433182018,"promoted_words":384477807,"promoted_pct":16.28},"domain_alloc_stats":{"0":{"total":2410430404,"minor":2361726193,"promoted":384477807,"major":433182018,"promoted_pct":16.28}},"collections":{"minor":9100,"major":130,"forced_major":0,"compactions":0}}
