{"version":1,"wall_time":1.21,"cpu_time":1.21,"gc_time":1.18,"gc_overhead":98.11,"max_rss_kb":110808,"domain_stats":{"0":{"wall_time":1.21,"gc_time":1.18,"gc_overhead":98.11}},"mean_latency":0.168776,"stddev_latency":0.364555,"min_latency":0.0,"max_latency":3.176447,"distr_latency":{"25.0000":0.000111,"50.0000":0.000295,"60.0000":0.000311,"70.0000":0.004807,"75.0000":0.007095,"80.0000":0.136959,"85.0000":0.761855,"90.0000":0.781311,"95.0000":0.971263,"96.0000":1.075199,"97.0000":1.193983,"98.0000":1.328127,"99.0000":1.446911,"99.9000":1.849343,"99.9900":2.326527,"99.9990":3.176447,"99.9999":3.176447,"100.0000":3.176447},"allocations":{"total_heap":14037757,"minor_heap":300539,"major_heap":13737819,"promoted_words":601,"promoted_pct":0.2},"domain_alloc_stats":{"0":{"total":14037757,"minor":300539,"promoted":601,"major":13737819,"promoted_pct":0.2}},"collections":{"minor":832,"major":416,"forced_major":0,"compactions":0}}
{"version":1,"wall_time":1.33,"cpu_time":1.33,"gc_time":1.3,"gc_overhead":98.2,"max_rss_kb":110904,"domain_stats":{"0":{"wall_time":1.33,"gc_time":1.3,"gc_overhead":98.2}},"mean_latency":0.185738,"stddev_latency":0.410672,"min_latency":0.0,"max_latency":3.100671,"distr_latency":{"25.0000":0.000103,"50.0000":0.000295,"60.0000":0.000311,"70.0000":0.004903,"75.0000":0.007903,"80.0000":0.145919,"85.0000":0.762879,"90.0000":0.803839,"95.0000":1.167359,"96.0000":1.283071,"97.0000":1.335295,"98.0000":1.448959,"99.0000":1.644543,"99.9000":2.324479,"99.9900":2.576383,"99.9990":3.100671,"99.9999":3.100671,"100.0000":3.100671},"allocations":{"total_heap":14037757,"minor_heap":300539,"major_heap":13737819,"promoted_words":601,"promoted_pct":0.2},"domain_alloc_stats":{"0":{"total":14037757,"minor":300539,"promoted":601,"major":13737819,"promoted_pct":0.2}},"collections":{"minor":832,"major":416,"forced_major":0,"compactions":0}}
{"version":1,"wall_time":1.21,"cpu_time":1.21,"gc_time":1.19,"gc_overhead":98.06,"max_rss_kb":110752,"domain_stats":{"0":{"wall_time":1.21,"gc_time":1.19,"gc_overhead":98.06}},"mean_latency":0.168943,"stddev_latency":0.365405,"min_latency":0.0,"max_latency":3.354623,"distr_latency":{"25.0000":8.7e-05,"50.0000":0.000295,"60.0000":0.000311,"70.0000":0.004871,"75.0000":0.007575,"80.0000":0.130175,"85.0000":0.765439,"90.0000":0.782847,"95.0000":0.963071,"96.0000":1.071103,"97.0000":1.192959,"98.0000":1.328127,"99.0000":1.451007,"99.9000":1.880063,"99.9900":2.410495,"99.9990":3.354623,"99.9999":3.354623,"100.0000":3.354623},"allocations":{"total_heap":14037757,"minor_heap":300539,"major_heap":13737819,"promoted_words":601,"promoted_pct":0.2},"domain_alloc_stats":{"0":{"total":14037757,"minor":300539,"promoted":601,"major":13737819,"promoted_pct":0.2}},"collections":{"minor":832,"major":416,"forced_major":0,"compactions":0}}
