{"version":1,"wall_time":2.48,"cpu_time":2.48,"gc_time":0.59,"gc_overhead":23.96,"max_rss_kb":54852,"domain_stats":{"0":{"wall_time":2.48,"gc_time":0.59,"gc_overhead":23.96}},"mean_latency":0.010024,"stddev_latency":0.017392,"min_latency":0.0,"max_latency":0.191743,"distr_latency":{"25.0000":0.000991,"50.0000":0.001615,"60.0000":0.001935,"70.0000":0.002735,"75.0000":0.004951,"80.0000":0.008687,"85.0000":0.043615,"90.0000":0.046751,"95.0000":0.047423,"96.0000":0.047583,"97.0000":0.047807,"98.0000":0.048159,"99.0000":0.048735,"99.9000":0.059039,"99.9900":0.063039,"99.9990":0.113919,"99.9999":0.191743,"100.0000":0.191743},"allocations":{"total_heap":69975875,"minor_heap":68779104,"major_heap":1294385,"promoted_words":97614,"promoted_pct":0.14},"domain_alloc_stats":{"0":{"total":69975875,"minor":68779104,"promoted":97614,"major":1294385,"promoted_pct":0.14}},"collections":{"minor":11085,"major":11076,"forced_major":0,"compactions":0}}
{"version":1,"wall_time":2.4,"cpu_time":2.4,"gc_time":0.52,"gc_overhead":21.74,"max_rss_kb":54232,"domain_stats":{"0":{"wall_time":2.4,"gc_time":0.52,"gc_overhead":21.74}},"mean_latency":0.00881,"stddev_latency":0.014764,"min_latency":0.0,"max_latency":0.184575,"distr_latency":{"25.0000":0.001063,"50.0000":0.001695,"60.0000":0.002063,"70.0000":0.002943,"75.0000":0.005047,"80.0000":0.008583,"85.0000":0.036703,"90.0000":0.039647,"95.0000":0.040543,"96.0000":0.040799,"97.0000":0.040991,"98.0000":0.041247,"99.0000":0.041983,"99.9000":0.059423,"99.9900":0.065055,"99.9990":0.085119,"99.9999":0.184575,"100.0000":0.184575},"allocations":{"total_heap":69975875,"minor_heap":68779104,"major_heap":1294385,"promoted_words":97614,"promoted_pct":0.14},"domain_alloc_stats":{"0":{"total":69975875,"minor":68779104,"promoted":97614,"major":1294385,"promoted_pct":0.14}},"collections":{"minor":11085,"major":11076,"forced_major":0,"compactions":0}}
{"version":1,"wall_time":2.48,"cpu_time":2.48,"gc_time":0.6,"gc_overhead":24.21,"max_rss_kb":54848,"domain_stats":{"0":{"wall_time":2.48,"gc_time":0.6,"gc_overhead":24.21}},"mean_latency":0.010119,"stddev_latency":0.017638,"min_latency":0.0,"max_latency":0.189183,"distr_latency":{"25.0000":0.000991,"50.0000":0.001615,"60.0000":0.001943,"70.0000":0.002735,"75.0000":0.004871,"80.0000":0.008295,"85.0000":0.044543,"90.0000":0.046751,"95.0000":0.047711,"96.0000":0.047999,"97.0000":0.049631,"98.0000":0.050271,"99.0000":0.050911,"99.9000":0.061151,"99.9900":0.063935,"99.9990":0.076479,"99.9999":0.189183,"100.0000":0.189183},"allocations":{"total_heap":69975875,"minor_heap":68779104,"major_heap":1294385,"promoted_words":97614,"promoted_pct":0.14},"domain_alloc_stats":{"0":{"total":69975875,"minor":68779104,"promoted":97614,"major":1294385,"promoted_pct":0.14}},"collections":{"minor":11085,"major":11076,"forced_major":0,"compactions":0}}
