{"version":1,"wall_time":2.48,"cpu_time":2.48,"gc_time":0.49,"gc_overhead":19.6,"max_rss_kb":130204,"domain_stats":{"0":{"wall_time":2.48,"gc_time":0.49,"gc_overhead":19.6}},"mean_latency":0.001901,"stddev_latency":0.001939,"min_latency":0.0,"max_latency":0.054687,"distr_latency":{"25.0000":3.1e-05,"50.0000":0.001943,"60.0000":0.002015,"70.0000":0.002783,"75.0000":0.003327,"80.0000":0.003591,"85.0000":0.003887,"90.0000":0.004015,"95.0000":0.004631,"96.0000":0.004903,"97.0000":0.006223,"98.0000":0.007631,"99.0000":0.008983,"99.9000":0.011695,"99.9900":0.014895,"99.9990":0.020143,"99.9999":0.054687,"100.0000":0.054687},"allocations":{"total_heap":3994359349,"minor_heap":4706260,"major_heap":3989867152,"promoted_words":214063,"promoted_pct":4.55},"domain_alloc_stats":{"0":{"total":3994359349,"minor":4706260,"promoted":214063,"major":3989867152,"promoted_pct":4.55}},"collections":{"minor":110358,"major":55174,"forced_major":0,"compactions":0}}
{"version":1,"wall_time":2.5,"cpu_time":2.5,"gc_time":0.5,"gc_overhead":20.05,"max_rss_kb":134612,"domain_stats":{"0":{"wall_time":2.5,"gc_time":0.5,"gc_overhead":20.05}},"mean_latency":0.001968,"stddev_latency":0.002005,"min_latency":0.0,"max_latency":0.029727,"distr_latency":{"25.0000":3.1e-05,"50.0000":0.001975,"60.0000":0.002047,"70.0000":0.002823,"75.0000":0.003487,"80.0000":0.003895,"85.0000":0.004063,"90.0000":0.004247,"95.0000":0.004823,"96.0000":0.005103,"97.0000":0.006327,"98.0000":0.007807,"99.0000":0.009111,"99.9000":0.011663,"99.9900":0.016575,"99.9990":0.023103,"99.9999":0.029727,"100.0000":0.029727},"allocations":{"total_heap":3994359349,"minor_heap":4706260,"major_heap":3989867152,"promoted_words":214063,"promoted_pct":4.55},"domain_alloc_stats":{"0":{"total":3994359349,"minor":4706260,"promoted":214063,"major":3989867152,"promoted_pct":4.55}},"collections":{"minor":110358,"major":55174,"forced_major":0,"compactions":0}}
{"version":1,"wall_time":2.5,"cpu_time":2.5,"gc_time":0.5,"gc_overhead":20.1,"max_rss_kb":134708,"domain_stats":{"0":{"wall_time":2.5,"gc_time":0.5,"gc_overhead":20.1}},"mean_latency":0.001973,"stddev_latency":0.002012,"min_latency":0.0,"max_latency":0.031023,"distr_latency":{"25.0000":3.1e-05,"50.0000":0.001951,"60.0000":0.002023,"70.0000":0.002767,"75.0000":0.003871,"80.0000":0.003911,"85.0000":0.003983,"90.0000":0.004215,"95.0000":0.004743,"96.0000":0.005023,"97.0000":0.006311,"98.0000":0.007775,"99.0000":0.009055,"99.9000":0.011647,"99.9900":0.016047,"99.9990":0.020335,"99.9999":0.031023,"100.0000":0.031023},"allocations":{"total_heap":3994359349,"minor_heap":4706260,"major_heap":3989867152,"promoted_words":214063,"promoted_pct":4.55},"domain_alloc_stats":{"0":{"total":3994359349,"minor":4706260,"promoted":214063,"major":3989867152,"promoted_pct":4.55}},"collections":{"minor":110358,"major":55174,"forced_major":0,"compactions":0}}
