{"version":1,"wall_time":14.33,"cpu_time":14.33,"gc_time":3.81,"gc_overhead":26.59,"max_rss_kb":466848,"domain_stats":{"0":{"wall_time":14.33,"gc_time":3.81,"gc_overhead":26.59}},"mean_latency":0.20687,"stddev_latency":0.363539,"min_latency":0.0,"max_latency":5.443583,"distr_latency":{"25.0000":0.042655,"50.0000":0.086591,"60.0000":0.113279,"70.0000":0.167807,"75.0000":0.222463,"80.0000":0.304127,"85.0000":0.385791,"90.0000":0.481023,"95.0000":0.689151,"96.0000":0.807935,"97.0000":1.029631,"98.0000":1.482751,"99.0000":1.901567,"99.9000":4.018175,"99.9900":5.087231,"99.9990":5.443583,"99.9999":5.443583,"100.0000":5.443583},"allocations":{"total_heap":2410430056,"minor_heap":2361725845,"major_heap":435869687,"promoted_words":387165476,"promoted_pct":16.39},"domain_alloc_stats":{"0":{"total":2410430056,"minor":2361725845,"promoted":387165476,"major":435869687,"promoted_pct":16.39}},"collections":{"minor":9085,"major":110,"forced_major":0,"compactions":0}}
{"version":1,"wall_time":14.39,"cpu_time":14.39,"gc_time":3.83,"gc_overhead":26.6,"max_rss_kb":466244,"domain_stats":{"0":{"wall_time":14.39,"gc_time":3.83,"gc_overhead":26.6}},"mean_latency":0.2078,"stddev_latency":0.365366,"min_latency":0.0,"max_latency":5.431295,"distr_latency":{"25.0000":0.042815,"50.0000":0.086655,"60.0000":0.113215,"70.0000":0.167807,"75.0000":0.222463,"80.0000":0.304127,"85.0000":0.388863,"90.0000":0.484863,"95.0000":0.696319,"96.0000":0.806911,"97.0000":1.039359,"98.0000":1.510399,"99.0000":1.911807,"99.9000":4.001791,"99.9900":5.074943,"99.9990":5.431295,"99.9999":5.431295,"100.0000":5.431295},"allocations":{"total_heap":2410430056,"minor_heap":2361725845,"major_heap":435869687,"promoted_words":387165476,"promoted_pct":16.39},"domain_alloc_stats":{"0":{"total":2410430056,"minor":2361725845,"promoted":387165476,"major":435869687,"promoted_pct":16.39}},"collections":{"minor":9085,"major":110,"forced_major":0,"compactions":0}}
{"version":1,"wall_time":14.22,"cpu_time":14.22,"gc_time":3.82,"gc_overhead":26.86,"max_rss_kb":466816,"domain_stats":{"0":{"wall_time":14.22,"gc_time":3.82,"gc_overhead":26.86}},"mean_latency":0.207505,"stddev_latency":0.36206,"min_latency":0.0,"max_latency":5.414911,"distr_latency":{"25.0000":0.043231,"50.0000":0.087295,"60.0000":0.114047,"70.0000":0.168319,"75.0000":0.223231,"80.0000":0.303871,"85.0000":0.388863,"90.0000":0.484607,"95.0000":0.694271,"96.0000":0.809471,"97.0000":1.030655,"98.0000":1.483775,"99.0000":1.883135,"99.9000":4.009983,"99.9900":5.074943,"99.9990":5.414911,"99.9999":5.414911,"100.0000":5.414911},"allocations":{"total_heap":2410430056,"minor_heap":2361725845,"major_heap":435869687,"promoted_words":387165476,"promoted_pct":16.39},"domain_alloc_stats":{"0":{"total":2410430056,"minor":2361725845,"promoted":387165476,"major":435869687,"promoted_pct":16.39}},"collections":{"minor":9085,"major":110,"forced_major":0,"compactions":0}}
