{"version":1,"wall_time":6.17,"cpu_time":6.17,"gc_time":4.89,"gc_overhead":79.27,"max_rss_kb":71664,"domain_stats":{"0":{"wall_time":6.17,"gc_time":4.89,"gc_overhead":79.27}},"mean_latency":0.590761,"stddev_latency":0.629698,"min_latency":0.0,"max_latency":2.457599,"distr_latency":{"25.0000":0.005071,"50.0000":0.183167,"60.0000":1.180671,"70.0000":1.325055,"75.0000":1.337343,"80.0000":1.346559,"85.0000":1.355775,"90.0000":1.366015,"95.0000":1.381375,"96.0000":1.386495,"97.0000":1.392639,"98.0000":1.400831,"99.0000":1.445887,"99.9000":2.136063,"99.9900":2.314239,"99.9990":2.457599,"99.9999":2.457599,"100.0000":2.457599},"allocations":{"total_heap":659182645,"minor_heap":624689735,"major_heap":97380143,"promoted_words":62887233,"promoted_pct":10.07},"domain_alloc_stats":{"0":{"total":659182645,"minor":624689735,"promoted":62887233,"major":97380143,"promoted_pct":10.07}},"collections":{"minor":9043,"major":3482,"forced_major":1116,"compactions":0}}
{"version":1,"wall_time":6.29,"cpu_time":6.29,"gc_time":5.01,"gc_overhead":79.72,"max_rss_kb":71792,"domain_stats":{"0":{"wall_time":6.29,"gc_time":5.01,"gc_overhead":79.72}},"mean_latency":0.605264,"stddev_latency":0.646958,"min_latency":0.0,"max_latency":2.205695,"distr_latency":{"25.0000":0.005191,"50.0000":0.179967,"60.0000":1.210367,"70.0000":1.362943,"75.0000":1.375231,"80.0000":1.384447,"85.0000":1.393663,"90.0000":1.403903,"95.0000":1.419263,"96.0000":1.423359,"97.0000":1.428479,"98.0000":1.435647,"99.0000":1.473535,"99.9000":2.140159,"99.9900":2.195455,"99.9990":2.205695,"99.9999":2.205695,"100.0000":2.205695},"allocations":{"total_heap":659182649,"minor_heap":624689739,"major_heap":97380148,"promoted_words":62887238,"promoted_pct":10.07},"domain_alloc_stats":{"0":{"total":659182649,"minor":624689739,"promoted":62887238,"major":97380148,"promoted_pct":10.07}},"collections":{"minor":9043,"major":3482,"forced_major":1116,"compactions":0}}
{"version":1,"wall_time":6.29,"cpu_time":6.29,"gc_time":4.97,"gc_overhead":79.04,"max_rss_kb":72276,"domain_stats":{"0":{"wall_time":6.29,"gc_time":4.97,"gc_overhead":79.04}},"mean_latency":0.600371,"stddev_latency":0.64105,"min_latency":0.0,"max_latency":2.340863,"distr_latency":{"25.0000":0.005151,"50.0000":0.180735,"60.0000":1.208319,"70.0000":1.348607,"75.0000":1.359871,"80.0000":1.369087,"85.0000":1.378303,"90.0000":1.388543,"95.0000":1.403903,"96.0000":1.409023,"97.0000":1.415167,"98.0000":1.425407,"99.0000":1.488895,"99.9000":2.148351,"99.9900":2.217983,"99.9990":2.340863,"99.9999":2.340863,"100.0000":2.340863},"allocations":{"total_heap":659182643,"minor_heap":624689733,"major_heap":97380143,"promoted_words":62887233,"promoted_pct":10.07},"domain_alloc_stats":{"0":{"total":659182643,"minor":624689733,"promoted":62887233,"major":97380143,"promoted_pct":10.07}},"collections":{"minor":9043,"major":3482,"forced_major":1116,"compactions":0}}
