{"version":1,"wall_time":2.64,"cpu_time":2.64,"gc_time":1.23,"gc_overhead":46.6,"max_rss_kb":354892,"domain_stats":{"0":{"wall_time":2.64,"gc_time":1.23,"gc_overhead":46.6}},"mean_latency":0.556876,"stddev_latency":0.85869,"min_latency":0.0,"max_latency":7.794687,"distr_latency":{"25.0000":0.115007,"50.0000":0.308735,"60.0000":0.372479,"70.0000":0.466175,"75.0000":0.532991,"80.0000":0.626687,"85.0000":0.776703,"90.0000":1.397759,"95.0000":2.609151,"96.0000":2.785279,"97.0000":3.035135,"98.0000":3.706879,"99.0000":4.214783,"99.9000":5.636095,"99.9900":7.794687,"99.9990":7.794687,"99.9999":7.794687,"100.0000":7.794687},"allocations":{"total_heap":279382673,"minor_heap":265913326,"major_heap":121553906,"promoted_words":108084559,"promoted_pct":40.65},"domain_alloc_stats":{"0":{"total":279382673,"minor":265913326,"promoted":108084559,"major":121553906,"promoted_pct":40.65}},"collections":{"minor":1065,"major":60,"forced_major":0,"compactions":0}}
{"version":1,"wall_time":2.63,"cpu_time":2.63,"gc_time":1.22,"gc_overhead":46.49,"max_rss_kb":354920,"domain_stats":{"0":{"wall_time":2.63,"gc_time":1.22,"gc_overhead":46.49}},"mean_latency":0.551668,"stddev_latency":0.849316,"min_latency":0.0,"max_latency":7.692287,"distr_latency":{"25.0000":0.115583,"50.0000":0.302079,"60.0000":0.368895,"70.0000":0.460031,"75.0000":0.528383,"80.0000":0.622591,"85.0000":0.771583,"90.0000":1.386495,"95.0000":2.564095,"96.0000":2.736127,"97.0000":3.004415,"98.0000":3.706879,"99.0000":4.112383,"99.9000":5.619711,"99.9900":7.692287,"99.9990":7.692287,"99.9999":7.692287,"100.0000":7.692287},"allocations":{"total_heap":279382673,"minor_heap":265913326,"major_heap":121553906,"promoted_words":108084559,"promoted_pct":40.65},"domain_alloc_stats":{"0":{"total":279382673,"minor":265913326,"promoted":108084559,"major":121553906,"promoted_pct":40.65}},"collections":{"minor":1065,"major":60,"forced_major":0,"compactions":0}}
{"version":1,"wall_time":2.63,"cpu_time":2.63,"gc_time":1.23,"gc_overhead":46.6,"max_rss_kb":354972,"domain_stats":{"0":{"wall_time":2.63,"gc_time":1.23,"gc_overhead":46.6}},"mean_latency":0.554368,"stddev_latency":0.857249,"min_latency":0.0,"max_latency":7.823359,"distr_latency":{"25.0000":0.114431,"50.0000":0.304383,"60.0000":0.368127,"70.0000":0.461311,"75.0000":0.529407,"80.0000":0.624639,"85.0000":0.775167,"90.0000":1.399807,"95.0000":2.594815,"96.0000":2.772991,"97.0000":3.041279,"98.0000":3.731455,"99.0000":4.184063,"99.9000":5.677055,"99.9900":7.823359,"99.9990":7.823359,"99.9999":7.823359,"100.0000":7.823359},"allocations":{"total_heap":279382673,"minor_heap":265913326,"major_heap":121553906,"promoted_words":108084559,"promoted_pct":40.65},"domain_alloc_stats":{"0":{"total":279382673,"minor":265913326,"promoted":108084559,"major":121553906,"promoted_pct":40.65}},"collections":{"minor":1065,"major":60,"forced_major":0,"compactions":0}}
