{"version":1,"wall_time":12.92,"cpu_time":12.92,"gc_time":2.63,"gc_overhead":20.31,"max_rss_kb":500264,"domain_stats":{"0":{"wall_time":12.92,"gc_time":2.63,"gc_overhead":20.31}},"mean_latency":0.142511,"stddev_latency":0.220275,"min_latency":0.0,"max_latency":5.300223,"distr_latency":{"25.0000":0.033919,"50.0000":0.070079,"60.0000":0.094207,"70.0000":0.124735,"75.0000":0.145919,"80.0000":0.182143,"85.0000":0.237951,"90.0000":0.380927,"95.0000":0.563711,"96.0000":0.623103,"97.0000":0.680959,"98.0000":0.778239,"99.0000":0.954879,"99.9000":2.074623,"99.9900":3.274751,"99.9990":5.300223,"99.9999":5.300223,"100.0000":5.300223},"allocations":{"total_heap":2410430120,"minor_heap":2361725909,"major_heap":437677691,"promoted_words":388973480,"promoted_pct":16.47},"domain_alloc_stats":{"0":{"total":2410430120,"minor":2361725909,"promoted":388973480,"major":437677691,"promoted_pct":16.47}},"collections":{"minor":9060,"major":57,"forced_major":0,"compactions":0}}
{"version":1,"wall_time":12.8,"cpu_time":12.8,"gc_time":2.62,"gc_overhead":20.51,"max_rss_kb":500284,"domain_stats":{"0":{"wall_time":12.8,"gc_time":2.62,"gc_overhead":20.51}},"mean_latency":0.1425,"stddev_latency":0.220195,"min_latency":0.0,"max_latency":5.308415,"distr_latency":{"25.0000":0.033919,"50.0000":0.069951,"60.0000":0.094207,"70.0000":0.124671,"75.0000":0.145791,"80.0000":0.182399,"85.0000":0.239103,"90.0000":0.381695,"95.0000":0.565759,"96.0000":0.625663,"97.0000":0.683519,"98.0000":0.772607,"99.0000":0.950783,"99.9000":2.088959,"99.9900":3.254271,"99.9990":5.308415,"99.9999":5.308415,"100.0000":5.308415},"allocations":{"total_heap":2410430120,"minor_heap":2361725909,"major_heap":437677691,"promoted_words":388973480,"promoted_pct":16.47},"domain_alloc_stats":{"0":{"total":2410430120,"minor":2361725909,"promoted":388973480,"major":437677691,"promoted_pct":16.47}},"collections":{"minor":9060,"major":57,"forced_major":0,"compactions":0}}
{"version":1,"wall_time":12.85,"cpu_time":12.85,"gc_time":2.64,"gc_overhead":20.52,"max_rss_kb":500312,"domain_stats":{"0":{"wall_time":12.85,"gc_time":2.64,"gc_overhead":20.52}},"mean_latency":0.14308,"stddev_latency":0.221534,"min_latency":0.0,"max_latency":5.312511,"distr_latency":{"25.0000":0.034175,"50.0000":0.070271,"60.0000":0.094463,"70.0000":0.124863,"75.0000":0.146559,"80.0000":0.182655,"85.0000":0.238847,"90.0000":0.383487,"95.0000":0.567295,"96.0000":0.625151,"97.0000":0.680447,"98.0000":0.774143,"99.0000":0.964607,"99.9000":2.076671,"99.9900":3.624959,"99.9990":5.312511,"99.9999":5.312511,"100.0000":5.312511},"allocations":{"total_heap":2410430120,"minor_heap":2361725909,"major_heap":437677691,"promoted_words":388973480,"promoted_pct":16.47},"domain_alloc_stats":{"0":{"total":2410430120,"minor":2361725909,"promoted":388973480,"major":437677691,"promoted_pct":16.47}},"collections":{"minor":9060,"major":57,"forced_major":0,"compactions":0}}
