{"version":1,"wall_time":2.89,"cpu_time":2.89,"gc_time":2.56,"gc_overhead":88.67,"max_rss_kb":206284,"domain_stats":{"0":{"wall_time":2.89,"gc_time":2.56,"gc_overhead":88.67}},"mean_latency":0.213731,"stddev_latency":0.335204,"min_latency":0.0,"max_latency":3.207167,"distr_latency":{"25.0000":0.000287,"50.0000":0.000295,"60.0000":0.004967,"70.0000":0.231679,"75.0000":0.430847,"80.0000":0.691711,"85.0000":0.811007,"90.0000":0.816639,"95.0000":0.822271,"96.0000":0.823807,"97.0000":0.825855,"98.0000":0.828415,"99.0000":0.834047,"99.9000":1.409023,"99.9900":1.422335,"99.9990":3.207167,"99.9999":3.207167,"100.0000":3.207167},"allocations":{"total_heap":14037841,"minor_heap":300574,"major_heap":13737835,"promoted_words":568,"promoted_pct":0.19},"domain_alloc_stats":{"0":{"total":14037841,"minor":300574,"promoted":568,"major":13737835,"promoted_pct":0.19}},"collections":{"minor":899,"major":899,"forced_major":0,"compactions":0}}
{"version":1,"wall_time":2.95,"cpu_time":2.95,"gc_time":2.62,"gc_overhead":88.96,"max_rss_kb":206284,"domain_stats":{"0":{"wall_time":2.95,"gc_time":2.62,"gc_overhead":88.96}},"mean_latency":0.218499,"stddev_latency":0.344749,"min_latency":0.0,"max_latency":3.954687,"distr_latency":{"25.0000":0.000287,"50.0000":0.000295,"60.0000":0.005431,"70.0000":0.235903,"75.0000":0.441343,"80.0000":0.706559,"85.0000":0.813055,"90.0000":0.819711,"95.0000":0.825855,"96.0000":0.827903,"97.0000":0.830463,"98.0000":0.846335,"99.0000":1.041407,"99.9000":1.414143,"99.9900":1.424383,"99.9990":3.954687,"99.9999":3.954687,"100.0000":3.954687},"allocations":{"total_heap":14037841,"minor_heap":300574,"major_heap":13737835,"promoted_words":568,"promoted_pct":0.19},"domain_alloc_stats":{"0":{"total":14037841,"minor":300574,"promoted":568,"major":13737835,"promoted_pct":0.19}},"collections":{"minor":899,"major":899,"forced_major":0,"compactions":0}}
{"version":1,"wall_time":2.88,"cpu_time":2.88,"gc_time":2.56,"gc_overhead":88.78,"max_rss_kb":206152,"domain_stats":{"0":{"wall_time":2.88,"gc_time":2.56,"gc_overhead":88.78}},"mean_latency":0.213412,"stddev_latency":0.334619,"min_latency":0.0,"max_latency":2.947071,"distr_latency":{"25.0000":0.000287,"50.0000":0.000295,"60.0000":0.005543,"70.0000":0.229503,"75.0000":0.429055,"80.0000":0.688639,"85.0000":0.811519,"90.0000":0.816127,"95.0000":0.821247,"96.0000":0.822271,"97.0000":0.823807,"98.0000":0.825855,"99.0000":0.831999,"99.9000":1.409023,"99.9900":1.417215,"99.9990":2.947071,"99.9999":2.947071,"100.0000":2.947071},"allocations":{"total_heap":14037841,"minor_heap":300574,"major_heap":13737835,"promoted_words":568,"promoted_pct":0.19},"domain_alloc_stats":{"0":{"total":14037841,"minor":300574,"promoted":568,"major":13737835,"promoted_pct":0.19}},"collections":{"minor":899,"major":899,"forced_major":0,"compactions":0}}
