{"version":1,"wall_time":2.17,"cpu_time":2.17,"gc_time":0.32,"gc_overhead":14.91,"max_rss_kb":50648,"domain_stats":{"0":{"wall_time":2.17,"gc_time":0.32,"gc_overhead":14.91}},"mean_latency":0.004974,"stddev_latency":0.011247,"min_latency":0.0,"max_latency":0.058463,"distr_latency":{"25.0000":0.000263,"50.0000":0.000271,"60.0000":0.000287,"70.0000":0.000343,"75.0000":0.002967,"80.0000":0.005703,"85.0000":0.010807,"90.0000":0.011815,"95.0000":0.042111,"96.0000":0.042207,"97.0000":0.042271,"98.0000":0.042399,"99.0000":0.043071,"99.9000":0.045535,"99.9900":0.048639,"99.9990":0.057631,"99.9999":0.058463,"100.0000":0.058463},"allocations":{"total_heap":69973023,"minor_heap":68776244,"major_heap":1248802,"promoted_words":52023,"promoted_pct":0.08},"domain_alloc_stats":{"0":{"total":69973023,"minor":68776244,"promoted":52023,"major":1248802,"promoted_pct":0.08}},"collections":{"minor":11146,"major":5567,"forced_major":0,"compactions":0}}
{"version":1,"wall_time":2.17,"cpu_time":2.17,"gc_time":0.33,"gc_overhead":15.12,"max_rss_kb":50732,"domain_stats":{"0":{"wall_time":2.17,"gc_time":0.33,"gc_overhead":15.12}},"mean_latency":0.005058,"stddev_latency":0.011524,"min_latency":0.0,"max_latency":0.069503,"distr_latency":{"25.0000":0.000263,"50.0000":0.000271,"60.0000":0.000287,"70.0000":0.000343,"75.0000":0.002927,"80.0000":0.005743,"85.0000":0.010535,"90.0000":0.011967,"95.0000":0.042239,"96.0000":0.042303,"97.0000":0.042335,"98.0000":0.042879,"99.0000":0.043167,"99.9000":0.045791,"99.9900":0.055903,"99.9990":0.064799,"99.9999":0.069503,"100.0000":0.069503},"allocations":{"total_heap":69973023,"minor_heap":68776244,"major_heap":1248802,"promoted_words":52023,"promoted_pct":0.08},"domain_alloc_stats":{"0":{"total":69973023,"minor":68776244,"promoted":52023,"major":1248802,"promoted_pct":0.08}},"collections":{"minor":11146,"major":5567,"forced_major":0,"compactions":0}}
{"version":1,"wall_time":2.19,"cpu_time":2.19,"gc_time":0.34,"gc_overhead":15.52,"max_rss_kb":50528,"domain_stats":{"0":{"wall_time":2.19,"gc_time":0.34,"gc_overhead":15.52}},"mean_latency":0.00523,"stddev_latency":0.011938,"min_latency":0.0,"max_latency":0.066303,"distr_latency":{"25.0000":0.000263,"50.0000":0.000271,"60.0000":0.000271,"70.0000":0.000335,"75.0000":0.002951,"80.0000":0.005695,"85.0000":0.010911,"90.0000":0.012031,"95.0000":0.042239,"96.0000":0.042303,"97.0000":0.042367,"98.0000":0.042943,"99.0000":0.043199,"99.9000":0.047135,"99.9900":0.056639,"99.9990":0.060767,"99.9999":0.066303,"100.0000":0.066303},"allocations":{"total_heap":69973023,"minor_heap":68776244,"major_heap":1248802,"promoted_words":52023,"promoted_pct":0.08},"domain_alloc_stats":{"0":{"total":69973023,"minor":68776244,"promoted":52023,"major":1248802,"promoted_pct":0.08}},"collections":{"minor":11146,"major":5567,"forced_major":0,"compactions":0}}
