{"version":1,"wall_time":4.04,"cpu_time":4.04,"gc_time":3.0,"gc_overhead":74.28,"max_rss_kb":172536,"domain_stats":{"0":{"wall_time":4.04,"gc_time":3.0,"gc_overhead":74.28}},"mean_latency":0.200985,"stddev_latency":0.425639,"min_latency":0.0,"max_latency":3.837951,"distr_latency":{"25.0000":5.5e-05,"50.0000":0.000295,"60.0000":0.000335,"70.0000":0.004703,"75.0000":0.008607,"80.0000":0.290303,"85.0000":0.768511,"90.0000":0.926719,"95.0000":1.186815,"96.0000":1.316863,"97.0000":1.451007,"98.0000":1.584127,"99.0000":1.723391,"99.9000":2.078719,"99.9900":2.682879,"99.9990":3.837951,"99.9999":3.837951,"100.0000":3.837951},"allocations":{"total_heap":14038036,"minor_heap":300769,"major_heap":13737868,"promoted_words":601,"promoted_pct":0.2},"domain_alloc_stats":{"0":{"total":14038036,"minor":300769,"promoted":601,"major":13737868,"promoted_pct":0.2}},"collections":{"minor":1963,"major":981,"forced_major":0,"compactions":0}}
{"version":1,"wall_time":4.02,"cpu_time":4.02,"gc_time":2.98,"gc_overhead":74.18,"max_rss_kb":172256,"domain_stats":{"0":{"wall_time":4.02,"gc_time":2.98,"gc_overhead":74.18}},"mean_latency":0.199362,"stddev_latency":0.421604,"min_latency":0.0,"max_latency":3.430399,"distr_latency":{"25.0000":9.5e-05,"50.0000":0.000295,"60.0000":0.000335,"70.0000":0.004847,"75.0000":0.009175,"80.0000":0.288511,"85.0000":0.769023,"90.0000":0.918527,"95.0000":1.171455,"96.0000":1.300479,"97.0000":1.423359,"98.0000":1.561599,"99.0000":1.693695,"99.9000":2.103295,"99.9900":2.519039,"99.9990":3.430399,"99.9999":3.430399,"100.0000":3.430399},"allocations":{"total_heap":14038036,"minor_heap":300769,"major_heap":13737868,"promoted_words":601,"promoted_pct":0.2},"domain_alloc_stats":{"0":{"total":14038036,"minor":300769,"promoted":601,"major":13737868,"promoted_pct":0.2}},"collections":{"minor":1963,"major":981,"forced_major":0,"compactions":0}}
{"version":1,"wall_time":4.03,"cpu_time":4.03,"gc_time":2.99,"gc_overhead":74.2,"max_rss_kb":173188,"domain_stats":{"0":{"wall_time":4.03,"gc_time":2.99,"gc_overhead":74.2}},"mean_latency":0.199935,"stddev_latency":0.423521,"min_latency":0.0,"max_latency":3.084287,"distr_latency":{"25.0000":8.7e-05,"50.0000":0.000295,"60.0000":0.000335,"70.0000":0.004767,"75.0000":0.009023,"80.0000":0.285695,"85.0000":0.767487,"90.0000":0.925695,"95.0000":1.167359,"96.0000":1.307647,"97.0000":1.442815,"98.0000":1.588223,"99.0000":1.724415,"99.9000":2.086911,"99.9900":2.623487,"99.9990":3.084287,"99.9999":3.084287,"100.0000":3.084287},"allocations":{"total_heap":14038036,"minor_heap":300769,"major_heap":13737868,"promoted_words":601,"promoted_pct":0.2},"domain_alloc_stats":{"0":{"total":14038036,"minor":300769,"promoted":601,"major":13737868,"promoted_pct":0.2}},"collections":{"minor":1963,"major":981,"forced_major":0,"compactions":0}}
