{"version":1,"wall_time":0.75,"cpu_time":0.75,"gc_time":0.48,"gc_overhead":64.67,"max_rss_kb":108508,"domain_stats":{"0":{"wall_time":0.75,"gc_time":0.48,"gc_overhead":64.67}},"mean_latency":0.172648,"stddev_latency":0.37696,"min_latency":0.0,"max_latency":2.963455,"distr_latency":{"25.0000":0.000103,"50.0000":0.000303,"60.0000":0.000343,"70.0000":0.003751,"75.0000":0.012847,"80.0000":0.103999,"85.0000":0.788479,"90.0000":0.802815,"95.0000":1.025023,"96.0000":1.141759,"97.0000":1.259519,"98.0000":1.387519,"99.0000":1.488895,"99.9000":1.933311,"99.9900":2.963455,"99.9990":2.963455,"99.9999":2.963455,"100.0000":2.963455},"allocations":{"total_heap":13497647,"minor_heap":120560,"major_heap":13377667,"promoted_words":580,"promoted_pct":0.48},"domain_alloc_stats":{"0":{"total":13497647,"minor":120560,"promoted":580,"major":13377667,"promoted_pct":0.48}},"collections":{"minor":334,"major":167,"forced_major":0,"compactions":0}}
{"version":1,"wall_time":0.75,"cpu_time":0.75,"gc_time":0.49,"gc_overhead":64.94,"max_rss_kb":108572,"domain_stats":{"0":{"wall_time":0.75,"gc_time":0.49,"gc_overhead":64.94}},"mean_latency":0.173668,"stddev_latency":0.379477,"min_latency":0.0,"max_latency":3.092479,"distr_latency":{"25.0000":0.000103,"50.0000":0.000295,"60.0000":0.000335,"70.0000":0.003967,"75.0000":0.013847,"80.0000":0.093951,"85.0000":0.787967,"90.0000":0.805375,"95.0000":1.029119,"96.0000":1.141759,"97.0000":1.260543,"98.0000":1.378303,"99.0000":1.483775,"99.9000":1.940479,"99.9900":3.092479,"99.9990":3.092479,"99.9999":3.092479,"100.0000":3.092479},"allocations":{"total_heap":13497647,"minor_heap":120560,"major_heap":13377667,"promoted_words":580,"promoted_pct":0.48},"domain_alloc_stats":{"0":{"total":13497647,"minor":120560,"promoted":580,"major":13377667,"promoted_pct":0.48}},"collections":{"minor":334,"major":167,"forced_major":0,"compactions":0}}
{"version":1,"wall_time":0.75,"cpu_time":0.75,"gc_time":0.49,"gc_overhead":65.11,"max_rss_kb":108456,"domain_stats":{"0":{"wall_time":0.75,"gc_time":0.49,"gc_overhead":65.11}},"mean_latency":0.17502,"stddev_latency":0.383015,"min_latency":0.0,"max_latency":2.895871,"distr_latency":{"25.0000":4.7e-05,"50.0000":0.000303,"60.0000":0.000343,"70.0000":0.005111,"75.0000":0.012943,"80.0000":0.096575,"85.0000":0.795135,"90.0000":0.809471,"95.0000":1.034751,"96.0000":1.160191,"97.0000":1.258495,"98.0000":1.373183,"99.0000":1.498111,"99.9000":1.984511,"99.9900":2.895871,"99.9990":2.895871,"99.9999":2.895871,"100.0000":2.895871},"allocations":{"total_heap":13497647,"minor_heap":120560,"major_heap":13377667,"promoted_words":580,"promoted_pct":0.48},"domain_alloc_stats":{"0":{"total":13497647,"minor":120560,"promoted":580,"major":13377667,"promoted_pct":0.48}},"collections":{"minor":334,"major":167,"forced_major":0,"compactions":0}}
