{"version":1,"wall_time":3.22,"cpu_time":3.22,"gc_time":2.95,"gc_overhead":91.65,"max_rss_kb":112420,"domain_stats":{"0":{"wall_time":3.22,"gc_time":2.95,"gc_overhead":91.65}},"mean_latency":0.195519,"stddev_latency":0.438622,"min_latency":0.0,"max_latency":3.086335,"distr_latency":{"25.0000":4.7e-05,"50.0000":0.000303,"60.0000":0.000351,"70.0000":0.004031,"75.0000":0.006927,"80.0000":0.024527,"85.0000":0.737279,"90.0000":0.948735,"95.0000":1.251327,"96.0000":1.370111,"97.0000":1.500159,"98.0000":1.628159,"99.0000":1.741823,"99.9000":2.205695,"99.9900":2.738175,"99.9990":3.086335,"99.9999":3.086335,"100.0000":3.086335},"allocations":{"total_heap":13497982,"minor_heap":120736,"major_heap":13377826,"promoted_words":580,"promoted_pct":0.48},"domain_alloc_stats":{"0":{"total":13497982,"minor":120736,"promoted":580,"major":13377826,"promoted_pct":0.48}},"collections":{"minor":2099,"major":1049,"forced_major":0,"compactions":0}}
{"version":1,"wall_time":3.2,"cpu_time":3.2,"gc_time":2.93,"gc_overhead":91.57,"max_rss_kb":112412,"domain_stats":{"0":{"wall_time":3.2,"gc_time":2.93,"gc_overhead":91.57}},"mean_latency":0.194286,"stddev_latency":0.43562,"min_latency":0.0,"max_latency":3.180543,"distr_latency":{"25.0000":5.5e-05,"50.0000":0.000295,"60.0000":0.000343,"70.0000":0.003847,"75.0000":0.007303,"80.0000":0.024479,"85.0000":0.722431,"90.0000":0.954367,"95.0000":1.228799,"96.0000":1.357823,"97.0000":1.487871,"98.0000":1.620991,"99.0000":1.742847,"99.9000":2.049023,"99.9900":2.850815,"99.9990":3.180543,"99.9999":3.180543,"100.0000":3.180543},"allocations":{"total_heap":13497982,"minor_heap":120736,"major_heap":13377826,"promoted_words":580,"promoted_pct":0.48},"domain_alloc_stats":{"0":{"total":13497982,"minor":120736,"promoted":580,"major":13377826,"promoted_pct":0.48}},"collections":{"minor":2099,"major":1049,"forced_major":0,"compactions":0}}
{"version":1,"wall_time":3.17,"cpu_time":3.17,"gc_time":2.91,"gc_overhead":91.57,"max_rss_kb":112548,"domain_stats":{"0":{"wall_time":3.17,"gc_time":2.91,"gc_overhead":91.57}},"mean_latency":0.192693,"stddev_latency":0.431683,"min_latency":0.0,"max_latency":3.094527,"distr_latency":{"25.0000":4.7e-05,"50.0000":0.000303,"60.0000":0.000351,"70.0000":0.003975,"75.0000":0.006935,"80.0000":0.024159,"85.0000":0.724479,"90.0000":0.953343,"95.0000":1.207295,"96.0000":1.343487,"97.0000":1.472511,"98.0000":1.605631,"99.0000":1.732607,"99.9000":1.912831,"99.9900":2.521087,"99.9990":3.094527,"99.9999":3.094527,"100.0000":3.094527},"allocations":{"total_heap":13497982,"minor_heap":120736,"major_heap":13377826,"promoted_words":580,"promoted_pct":0.48},"domain_alloc_stats":{"0":{"total":13497982,"minor":120736,"promoted":580,"major":13377826,"promoted_pct":0.48}},"collections":{"minor":2099,"major":1049,"forced_major":0,"compactions":0}}
