{"version":1,"wall_time":2.97,"cpu_time":2.97,"gc_time":1.24,"gc_overhead":41.88,"max_rss_kb":174904,"domain_stats":{"0":{"wall_time":2.97,"gc_time":1.24,"gc_overhead":41.88}},"mean_latency":0.006206,"stddev_latency":0.004633,"min_latency":0.0,"max_latency":0.070143,"distr_latency":{"25.0000":3.1e-05,"50.0000":0.009015,"60.0000":0.009207,"70.0000":0.009415,"75.0000":0.009591,"80.0000":0.009767,"85.0000":0.009991,"90.0000":0.010271,"95.0000":0.011423,"96.0000":0.011863,"97.0000":0.012407,"98.0000":0.013071,"99.0000":0.014047,"99.9000":0.016991,"99.9900":0.020383,"99.9990":0.033919,"99.9999":0.070143,"100.0000":0.070143},"allocations":{"total_heap":3994359311,"minor_heap":4706222,"major_heap":3989907106,"promoted_words":254017,"promoted_pct":5.4},"domain_alloc_stats":{"0":{"total":3994359311,"minor":4706222,"promoted":254017,"major":3989907106,"promoted_pct":5.4}},"collections":{"minor":126359,"major":126349,"forced_major":0,"compactions":0}}
{"version":1,"wall_time":2.81,"cpu_time":2.81,"gc_time":1.11,"gc_overhead":39.64,"max_rss_kb":171832,"domain_stats":{"0":{"wall_time":2.81,"gc_time":1.11,"gc_overhead":39.64}},"mean_latency":0.005568,"stddev_latency":0.004214,"min_latency":0.0,"max_latency":0.065535,"distr_latency":{"25.0000":3.1e-05,"50.0000":0.007607,"60.0000":0.008215,"70.0000":0.008447,"75.0000":0.008575,"80.0000":0.008847,"85.0000":0.009135,"90.0000":0.009511,"95.0000":0.010703,"96.0000":0.011143,"97.0000":0.011775,"98.0000":0.012511,"99.0000":0.013575,"99.9000":0.016719,"99.9900":0.019615,"99.9990":0.029135,"99.9999":0.065535,"100.0000":0.065535},"allocations":{"total_heap":3994359311,"minor_heap":4706222,"major_heap":3989907106,"promoted_words":254017,"promoted_pct":5.4},"domain_alloc_stats":{"0":{"total":3994359311,"minor":4706222,"promoted":254017,"major":3989907106,"promoted_pct":5.4}},"collections":{"minor":126359,"major":126349,"forced_major":0,"compactions":0}}
{"version":1,"wall_time":2.9,"cpu_time":2.9,"gc_time":1.17,"gc_overhead":40.35,"max_rss_kb":173044,"domain_stats":{"0":{"wall_time":2.9,"gc_time":1.17,"gc_overhead":40.35}},"mean_latency":0.005844,"stddev_latency":0.004364,"min_latency":0.0,"max_latency":0.061887,"distr_latency":{"25.0000":4.7e-05,"50.0000":0.008271,"60.0000":0.008623,"70.0000":0.008911,"75.0000":0.009015,"80.0000":0.009151,"85.0000":0.009463,"90.0000":0.009751,"95.0000":0.010895,"96.0000":0.011303,"97.0000":0.011903,"98.0000":0.012583,"99.0000":0.013575,"99.9000":0.016623,"99.9900":0.020031,"99.9990":0.032303,"99.9999":0.061887,"100.0000":0.061887},"allocations":{"total_heap":3994359311,"minor_heap":4706222,"major_heap":3989907106,"promoted_words":254017,"promoted_pct":5.4},"domain_alloc_stats":{"0":{"total":3994359311,"minor":4706222,"promoted":254017,"major":3989907106,"promoted_pct":5.4}},"collections":{"minor":126359,"major":126349,"forced_major":0,"compactions":0}}
