{"version":1,"wall_time":6.29,"cpu_time":6.29,"gc_time":4.99,"gc_overhead":79.28,"max_rss_kb":69328,"domain_stats":{"0":{"wall_time":6.29,"gc_time":4.99,"gc_overhead":79.28}},"mean_latency":0.562156,"stddev_latency":0.608055,"min_latency":0.0,"max_latency":2.574335,"distr_latency":{"25.0000":0.005495,"50.0000":0.175487,"60.0000":0.526335,"70.0000":1.296383,"75.0000":1.309695,"80.0000":1.320959,"85.0000":1.332223,"90.0000":1.343487,"95.0000":1.356799,"96.0000":1.360895,"97.0000":1.369087,"98.0000":1.377279,"99.0000":1.406975,"99.9000":2.156543,"99.9900":2.463743,"99.9990":2.574335,"99.9999":2.574335,"100.0000":2.574335},"allocations":{"total_heap":659181533,"minor_heap":624689739,"major_heap":98255009,"promoted_words":63763215,"promoted_pct":10.21},"domain_alloc_stats":{"0":{"total":659181533,"minor":624689739,"promoted":63763215,"major":98255009,"promoted_pct":10.21}},"collections":{"minor":9209,"major":3605,"forced_major":1116,"compactions":0}}
{"version":1,"wall_time":6.21,"cpu_time":6.21,"gc_time":4.92,"gc_overhead":79.12,"max_rss_kb":70144,"domain_stats":{"0":{"wall_time":6.21,"gc_time":4.92,"gc_overhead":79.12}},"mean_latency":0.554242,"stddev_latency":0.597657,"min_latency":0.0,"max_latency":2.308095,"distr_latency":{"25.0000":0.005567,"50.0000":0.178175,"60.0000":0.513023,"70.0000":1.275903,"75.0000":1.287167,"80.0000":1.295359,"85.0000":1.305599,"90.0000":1.315839,"95.0000":1.329151,"96.0000":1.334271,"97.0000":1.340415,"98.0000":1.350655,"99.0000":1.402879,"99.9000":2.080767,"99.9900":2.289663,"99.9990":2.308095,"99.9999":2.308095,"100.0000":2.308095},"allocations":{"total_heap":659181525,"minor_heap":624689731,"major_heap":98255009,"promoted_words":63763215,"promoted_pct":10.21},"domain_alloc_stats":{"0":{"total":659181525,"minor":624689731,"promoted":63763215,"major":98255009,"promoted_pct":10.21}},"collections":{"minor":9209,"major":3605,"forced_major":1116,"compactions":0}}
{"version":1,"wall_time":6.18,"cpu_time":6.18,"gc_time":4.9,"gc_overhead":79.23,"max_rss_kb":70192,"domain_stats":{"0":{"wall_time":6.18,"gc_time":4.9,"gc_overhead":79.23}},"mean_latency":0.551824,"stddev_latency":0.595621,"min_latency":0.0,"max_latency":2.568191,"distr_latency":{"25.0000":0.005575,"50.0000":0.175103,"60.0000":0.508671,"70.0000":1.272831,"75.0000":1.285119,"80.0000":1.295359,"85.0000":1.305599,"90.0000":1.315839,"95.0000":1.329151,"96.0000":1.333247,"97.0000":1.339391,"98.0000":1.348607,"99.0000":1.373183,"99.9000":2.081791,"99.9900":2.252799,"99.9990":2.568191,"99.9999":2.568191,"100.0000":2.568191},"allocations":{"total_heap":659181527,"minor_heap":624689733,"major_heap":98255009,"promoted_words":63763215,"promoted_pct":10.21},"domain_alloc_stats":{"0":{"total":659181527,"minor":624689733,"promoted":63763215,"major":98255009,"promoted_pct":10.21}},"collections":{"minor":9209,"major":3605,"forced_major":1116,"compactions":0}}
