{"version":1,"wall_time":0.85,"cpu_time":0.85,"gc_time":0.51,"gc_overhead":60.08,"max_rss_kb":600180,"domain_stats":{"0":{"wall_time":0.85,"gc_time":0.51,"gc_overhead":60.08}},"mean_latency":0.221044,"stddev_latency":0.380057,"min_latency":0.0,"max_latency":5.713919,"distr_latency":{"25.0000":0.000287,"50.0000":0.000303,"60.0000":0.003855,"70.0000":0.199039,"75.0000":0.463103,"80.0000":0.748031,"85.0000":0.785919,"90.0000":0.791039,"95.0000":0.799231,"96.0000":0.804863,"97.0000":0.818687,"98.0000":0.841727,"99.0000":0.900607,"99.9000":2.385919,"99.9900":5.713919,"99.9990":5.713919,"99.9999":5.713919,"100.0000":5.713919},"allocations":{"total_heap":14036789,"minor_heap":299984,"major_heap":13737373,"promoted_words":568,"promoted_pct":0.19},"domain_alloc_stats":{"0":{"total":14036789,"minor":299984,"promoted":568,"major":13737373,"promoted_pct":0.19}},"collections":{"minor":168,"major":168,"forced_major":0,"compactions":0}}
{"version":1,"wall_time":0.86,"cpu_time":0.86,"gc_time":0.52,"gc_overhead":60.35,"max_rss_kb":600088,"domain_stats":{"0":{"wall_time":0.86,"gc_time":0.52,"gc_overhead":60.35}},"mean_latency":0.224383,"stddev_latency":0.387742,"min_latency":0.0,"max_latency":6.037503,"distr_latency":{"25.0000":0.000287,"50.0000":0.000327,"60.0000":0.004063,"70.0000":0.193919,"75.0000":0.464639,"80.0000":0.750079,"85.0000":0.793087,"90.0000":0.799231,"95.0000":0.808447,"96.0000":0.812543,"97.0000":0.831999,"98.0000":0.856063,"99.0000":1.079295,"99.9000":2.582527,"99.9900":6.037503,"99.9990":6.037503,"99.9999":6.037503,"100.0000":6.037503},"allocations":{"total_heap":14036789,"minor_heap":299984,"major_heap":13737373,"promoted_words":568,"promoted_pct":0.19},"domain_alloc_stats":{"0":{"total":14036789,"minor":299984,"promoted":568,"major":13737373,"promoted_pct":0.19}},"collections":{"minor":168,"major":168,"forced_major":0,"compactions":0}}
{"version":1,"wall_time":0.85,"cpu_time":0.85,"gc_time":0.51,"gc_overhead":60.17,"max_rss_kb":600120,"domain_stats":{"0":{"wall_time":0.85,"gc_time":0.51,"gc_overhead":60.17}},"mean_latency":0.220654,"stddev_latency":0.375807,"min_latency":0.0,"max_latency":6.021119,"distr_latency":{"25.0000":0.000287,"50.0000":0.000311,"60.0000":0.003991,"70.0000":0.185087,"75.0000":0.459263,"80.0000":0.746495,"85.0000":0.783871,"90.0000":0.788991,"95.0000":0.797183,"96.0000":0.800255,"97.0000":0.816639,"98.0000":0.846335,"99.0000":1.031679,"99.9000":2.631679,"99.9900":6.021119,"99.9990":6.021119,"99.9999":6.021119,"100.0000":6.021119},"allocations":{"total_heap":14036789,"minor_heap":299984,"major_heap":13737373,"promoted_words":568,"promoted_pct":0.19},"domain_alloc_stats":{"0":{"total":14036789,"minor":299984,"promoted":568,"major":13737373,"promoted_pct":0.19}},"collections":{"minor":168,"major":168,"forced_major":0,"compactions":0}}
