{"version":1,"wall_time":2.49,"cpu_time":2.49,"gc_time":0.49,"gc_overhead":19.83,"max_rss_kb":129372,"domain_stats":{"0":{"wall_time":2.49,"gc_time":0.49,"gc_overhead":19.83}},"mean_latency":0.001934,"stddev_latency":0.001984,"min_latency":0.0,"max_latency":0.096639,"distr_latency":{"25.0000":4.7e-05,"50.0000":0.001943,"60.0000":0.002023,"70.0000":0.002767,"75.0000":0.003575,"80.0000":0.003831,"85.0000":0.003895,"90.0000":0.004103,"95.0000":0.004663,"96.0000":0.005015,"97.0000":0.006295,"98.0000":0.007767,"99.0000":0.009055,"99.9000":0.011711,"99.9900":0.016575,"99.9990":0.022255,"99.9999":0.096639,"100.0000":0.096639},"allocations":{"total_heap":3994359349,"minor_heap":4706260,"major_heap":3989867152,"promoted_words":214063,"promoted_pct":4.55},"domain_alloc_stats":{"0":{"total":3994359349,"minor":4706260,"promoted":214063,"major":3989867152,"promoted_pct":4.55}},"collections":{"minor":110358,"major":55174,"forced_major":0,"compactions":0}}
{"version":1,"wall_time":2.47,"cpu_time":2.47,"gc_time":0.48,"gc_overhead":19.57,"max_rss_kb":130192,"domain_stats":{"0":{"wall_time":2.47,"gc_time":0.48,"gc_overhead":19.57}},"mean_latency":0.001895,"stddev_latency":0.001931,"min_latency":0.0,"max_latency":0.074623,"distr_latency":{"25.0000":4.7e-05,"50.0000":0.001967,"60.0000":0.002023,"70.0000":0.002791,"75.0000":0.003391,"80.0000":0.003527,"85.0000":0.003711,"90.0000":0.004015,"95.0000":0.004543,"96.0000":0.004911,"97.0000":0.006255,"98.0000":0.007671,"99.0000":0.008943,"99.9000":0.011671,"99.9900":0.015231,"99.9990":0.023695,"99.9999":0.074623,"100.0000":0.074623},"allocations":{"total_heap":3994359349,"minor_heap":4706260,"major_heap":3989867152,"promoted_words":214063,"promoted_pct":4.55},"domain_alloc_stats":{"0":{"total":3994359349,"minor":4706260,"promoted":214063,"major":3989867152,"promoted_pct":4.55}},"collections":{"minor":110358,"major":55174,"forced_major":0,"compactions":0}}
{"version":1,"wall_time":2.5,"cpu_time":2.5,"gc_time":0.5,"gc_overhead":20.17,"max_rss_kb":128776,"domain_stats":{"0":{"wall_time":2.5,"gc_time":0.5,"gc_overhead":20.17}},"mean_latency":0.001973,"stddev_latency":0.002011,"min_latency":0.0,"max_latency":0.035775,"distr_latency":{"25.0000":3.1e-05,"50.0000":0.001951,"60.0000":0.002015,"70.0000":0.002727,"75.0000":0.003655,"80.0000":0.004047,"85.0000":0.004191,"90.0000":0.004351,"95.0000":0.004887,"96.0000":0.005095,"97.0000":0.006287,"98.0000":0.007615,"99.0000":0.008871,"99.9000":0.011527,"99.9900":0.015815,"99.9990":0.021455,"99.9999":0.035775,"100.0000":0.035775},"allocations":{"total_heap":3994359349,"minor_heap":4706260,"major_heap":3989867152,"promoted_words":214063,"promoted_pct":4.55},"domain_alloc_stats":{"0":{"total":3994359349,"minor":4706260,"promoted":214063,"major":3989867152,"promoted_pct":4.55}},"collections":{"minor":110358,"major":55174,"forced_major":0,"compactions":0}}
