{"version":1,"wall_time":2.0,"cpu_time":2.0,"gc_time":0.6,"gc_overhead":29.77,"max_rss_kb":540964,"domain_stats":{"0":{"wall_time":2.0,"gc_time":0.6,"gc_overhead":29.77}},"mean_latency":0.269437,"stddev_latency":0.319843,"min_latency":0.0,"max_latency":2.471935,"distr_latency":{"25.0000":0.059071,"50.0000":0.141183,"60.0000":0.217471,"70.0000":0.310527,"75.0000":0.375295,"80.0000":0.434175,"85.0000":0.515839,"90.0000":0.673791,"95.0000":0.822783,"96.0000":0.981503,"97.0000":1.145855,"98.0000":1.392639,"99.0000":1.611775,"99.9000":2.115583,"99.9900":2.471935,"99.9990":2.471935,"99.9999":2.471935,"100.0000":2.471935},"allocations":{"total_heap":279370907,"minor_heap":265901560,"major_heap":121994862,"promoted_words":108525515,"promoted_pct":40.81},"domain_alloc_stats":{"0":{"total":279370907,"minor":265901560,"promoted":108525515,"major":121994862,"promoted_pct":40.81}},"collections":{"minor":1044,"major":22,"forced_major":0,"compactions":0}}
{"version":1,"wall_time":2.0,"cpu_time":2.0,"gc_time":0.6,"gc_overhead":29.92,"max_rss_kb":540684,"domain_stats":{"0":{"wall_time":2.0,"gc_time":0.6,"gc_overhead":29.92}},"mean_latency":0.271073,"stddev_latency":0.321301,"min_latency":0.0,"max_latency":2.519039,"distr_latency":{"25.0000":0.059359,"50.0000":0.143231,"60.0000":0.217599,"70.0000":0.313599,"75.0000":0.364799,"80.0000":0.437247,"85.0000":0.518911,"90.0000":0.683519,"95.0000":0.831999,"96.0000":0.975871,"97.0000":1.123327,"98.0000":1.354751,"99.0000":1.594367,"99.9000":2.164735,"99.9900":2.519039,"99.9990":2.519039,"99.9999":2.519039,"100.0000":2.519039},"allocations":{"total_heap":279370907,"minor_heap":265901560,"major_heap":121994862,"promoted_words":108525515,"promoted_pct":40.81},"domain_alloc_stats":{"0":{"total":279370907,"minor":265901560,"promoted":108525515,"major":121994862,"promoted_pct":40.81}},"collections":{"minor":1044,"major":22,"forced_major":0,"compactions":0}}
{"version":1,"wall_time":2.01,"cpu_time":2.01,"gc_time":0.61,"gc_overhead":30.26,"max_rss_kb":550772,"domain_stats":{"0":{"wall_time":2.01,"gc_time":0.61,"gc_overhead":30.26}},"mean_latency":0.275641,"stddev_latency":0.32804,"min_latency":0.0,"max_latency":2.572287,"distr_latency":{"25.0000":0.059359,"50.0000":0.145279,"60.0000":0.221055,"70.0000":0.314111,"75.0000":0.371455,"80.0000":0.444159,"85.0000":0.526335,"90.0000":0.683519,"95.0000":0.885247,"96.0000":0.998911,"97.0000":1.139711,"98.0000":1.373183,"99.0000":1.611775,"99.9000":2.187263,"99.9900":2.572287,"99.9990":2.572287,"99.9999":2.572287,"100.0000":2.572287},"allocations":{"total_heap":279370907,"minor_heap":265901560,"major_heap":121994862,"promoted_words":108525515,"promoted_pct":40.81},"domain_alloc_stats":{"0":{"total":279370907,"minor":265901560,"promoted":108525515,"major":121994862,"promoted_pct":40.81}},"collections":{"minor":1044,"major":22,"forced_major":0,"compactions":0}}
