{"version":1,"wall_time":6.16,"cpu_time":6.16,"gc_time":4.85,"gc_overhead":78.68,"max_rss_kb":79228,"domain_stats":{"0":{"wall_time":6.16,"gc_time":4.85,"gc_overhead":78.68}},"mean_latency":0.599002,"stddev_latency":0.644731,"min_latency":0.0,"max_latency":2.281471,"distr_latency":{"25.0000":0.006871,"50.0000":0.160511,"60.0000":1.252351,"70.0000":1.341439,"75.0000":1.349631,"80.0000":1.356799,"85.0000":1.364991,"90.0000":1.373183,"95.0000":1.387519,"96.0000":1.392639,"97.0000":1.399807,"98.0000":1.412095,"99.0000":1.518591,"99.9000":1.930239,"99.9900":2.240511,"99.9990":2.281471,"99.9999":2.281471,"100.0000":2.281471},"allocations":{"total_heap":659182247,"minor_heap":624689337,"major_heap":98100263,"promoted_words":63607353,"promoted_pct":10.18},"domain_alloc_stats":{"0":{"total":659182247,"minor":624689337,"promoted":63607353,"major":98100263,"promoted_pct":10.18}},"collections":{"minor":8977,"major":3438,"forced_major":1116,"compactions":0}}
{"version":1,"wall_time":6.13,"cpu_time":6.13,"gc_time":4.81,"gc_overhead":78.35,"max_rss_kb":79436,"domain_stats":{"0":{"wall_time":6.13,"gc_time":4.81,"gc_overhead":78.35}},"mean_latency":0.593988,"stddev_latency":0.639063,"min_latency":0.0,"max_latency":2.308095,"distr_latency":{"25.0000":0.006911,"50.0000":0.158463,"60.0000":1.236991,"70.0000":1.328127,"75.0000":1.338367,"80.0000":1.345535,"85.0000":1.353727,"90.0000":1.362943,"95.0000":1.380351,"96.0000":1.385471,"97.0000":1.394687,"98.0000":1.410047,"99.0000":1.489919,"99.9000":1.934335,"99.9900":2.287615,"99.9990":2.308095,"99.9999":2.308095,"100.0000":2.308095},"allocations":{"total_heap":659182255,"minor_heap":624689345,"major_heap":98100156,"promoted_words":63607246,"promoted_pct":10.18},"domain_alloc_stats":{"0":{"total":659182255,"minor":624689345,"promoted":63607246,"major":98100156,"promoted_pct":10.18}},"collections":{"minor":8977,"major":3438,"forced_major":1116,"compactions":0}}
{"version":1,"wall_time":6.08,"cpu_time":6.08,"gc_time":4.77,"gc_overhead":78.46,"max_rss_kb":78736,"domain_stats":{"0":{"wall_time":6.08,"gc_time":4.77,"gc_overhead":78.46}},"mean_latency":0.589063,"stddev_latency":0.633157,"min_latency":0.0,"max_latency":2.387967,"distr_latency":{"25.0000":0.006847,"50.0000":0.161023,"60.0000":1.242111,"70.0000":1.316863,"75.0000":1.325055,"80.0000":1.331199,"85.0000":1.337343,"90.0000":1.346559,"95.0000":1.362943,"96.0000":1.368063,"97.0000":1.376255,"98.0000":1.394687,"99.0000":1.483775,"99.9000":1.909759,"99.9900":2.240511,"99.9990":2.387967,"99.9999":2.387967,"100.0000":2.387967},"allocations":{"total_heap":659182253,"minor_heap":624689343,"major_heap":98100294,"promoted_words":63607384,"promoted_pct":10.18},"domain_alloc_stats":{"0":{"total":659182253,"minor":624689343,"promoted":63607384,"major":98100294,"promoted_pct":10.18}},"collections":{"minor":8977,"major":3438,"forced_major":1116,"compactions":0}}
