{"version":1,"wall_time":4.09,"cpu_time":4.09,"gc_time":1.47,"gc_overhead":35.87,"max_rss_kb":271464,"domain_stats":{"0":{"wall_time":4.09,"gc_time":1.47,"gc_overhead":35.87}},"mean_latency":0.429792,"stddev_latency":0.76479,"min_latency":0.0,"max_latency":6.774783,"distr_latency":{"25.0000":0.058783,"50.0000":0.151167,"60.0000":0.273919,"70.0000":0.374527,"75.0000":0.435967,"80.0000":0.541695,"85.0000":0.639487,"90.0000":0.911359,"95.0000":1.953791,"96.0000":2.242559,"97.0000":2.856959,"98.0000":3.534847,"99.0000":3.952639,"99.9000":5.963775,"99.9900":6.774783,"99.9990":6.774783,"99.9999":6.774783,"100.0000":6.774783},"allocations":{"total_heap":434232132,"minor_heap":418244870,"major_heap":139515630,"promoted_words":123528368,"promoted_pct":29.53},"domain_alloc_stats":{"0":{"total":434232132,"minor":418244870,"promoted":123528368,"major":139515630,"promoted_pct":29.53}},"collections":{"minor":1657,"major":78,"forced_major":0,"compactions":0}}
{"version":1,"wall_time":4.07,"cpu_time":4.07,"gc_time":1.46,"gc_overhead":35.93,"max_rss_kb":271440,"domain_stats":{"0":{"wall_time":4.07,"gc_time":1.46,"gc_overhead":35.93}},"mean_latency":0.428609,"stddev_latency":0.762714,"min_latency":0.0,"max_latency":6.758399,"distr_latency":{"25.0000":0.058751,"50.0000":0.152191,"60.0000":0.273151,"70.0000":0.373247,"75.0000":0.434431,"80.0000":0.529407,"85.0000":0.636927,"90.0000":0.906751,"95.0000":1.941503,"96.0000":2.236415,"97.0000":2.887679,"98.0000":3.520511,"99.0000":3.932159,"99.9000":5.890047,"99.9900":6.758399,"99.9990":6.758399,"99.9999":6.758399,"100.0000":6.758399},"allocations":{"total_heap":434232132,"minor_heap":418244870,"major_heap":139515630,"promoted_words":123528368,"promoted_pct":29.53},"domain_alloc_stats":{"0":{"total":434232132,"minor":418244870,"promoted":123528368,"major":139515630,"promoted_pct":29.53}},"collections":{"minor":1657,"major":78,"forced_major":0,"compactions":0}}
{"version":1,"wall_time":4.09,"cpu_time":4.09,"gc_time":1.47,"gc_overhead":35.96,"max_rss_kb":271484,"domain_stats":{"0":{"wall_time":4.09,"gc_time":1.47,"gc_overhead":35.96}},"mean_latency":0.431414,"stddev_latency":0.763729,"min_latency":0.0,"max_latency":6.721535,"distr_latency":{"25.0000":0.058943,"50.0000":0.151679,"60.0000":0.274687,"70.0000":0.378623,"75.0000":0.441599,"80.0000":0.543743,"85.0000":0.649215,"90.0000":0.924671,"95.0000":1.938431,"96.0000":2.252799,"97.0000":2.887679,"98.0000":3.522559,"99.0000":3.940351,"99.9000":5.885951,"99.9900":6.721535,"99.9990":6.721535,"99.9999":6.721535,"100.0000":6.721535},"allocations":{"total_heap":434232132,"minor_heap":418244870,"major_heap":139515630,"promoted_words":123528368,"promoted_pct":29.53},"domain_alloc_stats":{"0":{"total":434232132,"minor":418244870,"promoted":123528368,"major":139515630,"promoted_pct":29.53}},"collections":{"minor":1657,"major":78,"forced_major":0,"compactions":0}}
