{"version":1,"wall_time":2.9,"cpu_time":2.9,"gc_time":2.64,"gc_overhead":90.81,"max_rss_kb":111820,"domain_stats":{"0":{"wall_time":2.9,"gc_time":2.64,"gc_overhead":90.81}},"mean_latency":0.219304,"stddev_latency":0.353108,"min_latency":0.0,"max_latency":2.963455,"distr_latency":{"25.0000":0.000287,"50.0000":0.000311,"60.0000":0.008463,"70.0000":0.157695,"75.0000":0.432127,"80.0000":0.707583,"85.0000":0.853503,"90.0000":0.860159,"95.0000":0.865279,"96.0000":0.866303,"97.0000":0.867839,"98.0000":0.869375,"99.0000":0.872447,"99.9000":1.488895,"99.9900":2.324479,"99.9990":2.963455,"99.9999":2.963455,"100.0000":2.963455},"allocations":{"total_heap":13497877,"minor_heap":120631,"major_heap":13377793,"promoted_words":547,"promoted_pct":0.45},"domain_alloc_stats":{"0":{"total":13497877,"minor":120631,"promoted":547,"major":13377793,"promoted_pct":0.45}},"collections":{"minor":947,"major":947,"forced_major":0,"compactions":0}}
{"version":1,"wall_time":2.9,"cpu_time":2.9,"gc_time":2.64,"gc_overhead":90.82,"max_rss_kb":111796,"domain_stats":{"0":{"wall_time":2.9,"gc_time":2.64,"gc_overhead":90.82}},"mean_latency":0.219255,"stddev_latency":0.352975,"min_latency":0.0,"max_latency":3.223551,"distr_latency":{"25.0000":0.000287,"50.0000":0.000311,"60.0000":0.006455,"70.0000":0.158335,"75.0000":0.434175,"80.0000":0.709631,"85.0000":0.855551,"90.0000":0.863231,"95.0000":0.869375,"96.0000":0.870399,"97.0000":0.871423,"98.0000":0.873471,"99.0000":0.875519,"99.9000":1.487871,"99.9900":2.326527,"99.9990":3.223551,"99.9999":3.223551,"100.0000":3.223551},"allocations":{"total_heap":13497877,"minor_heap":120631,"major_heap":13377793,"promoted_words":547,"promoted_pct":0.45},"domain_alloc_stats":{"0":{"total":13497877,"minor":120631,"promoted":547,"major":13377793,"promoted_pct":0.45}},"collections":{"minor":947,"major":947,"forced_major":0,"compactions":0}}
{"version":1,"wall_time":2.9,"cpu_time":2.9,"gc_time":2.63,"gc_overhead":90.81,"max_rss_kb":111800,"domain_stats":{"0":{"wall_time":2.9,"gc_time":2.63,"gc_overhead":90.81}},"mean_latency":0.218847,"stddev_latency":0.353035,"min_latency":0.0,"max_latency":3.211263,"distr_latency":{"25.0000":0.000287,"50.0000":0.000335,"60.0000":0.008567,"70.0000":0.157567,"75.0000":0.429311,"80.0000":0.706559,"85.0000":0.849407,"90.0000":0.855039,"95.0000":0.861183,"96.0000":0.862719,"97.0000":0.864255,"98.0000":0.866303,"99.0000":0.870911,"99.9000":1.484799,"99.9900":2.357247,"99.9990":3.211263,"99.9999":3.211263,"100.0000":3.211263},"allocations":{"total_heap":13497877,"minor_heap":120631,"major_heap":13377793,"promoted_words":547,"promoted_pct":0.45},"domain_alloc_stats":{"0":{"total":13497877,"minor":120631,"promoted":547,"major":13377793,"promoted_pct":0.45}},"collections":{"minor":947,"major":947,"forced_major":0,"compactions":0}}
