{"version":1,"wall_time":3.4,"cpu_time":3.4,"gc_time":0.83,"gc_overhead":24.51,"max_rss_kb":336312,"domain_stats":{"0":{"wall_time":3.4,"gc_time":0.83,"gc_overhead":24.51}},"mean_latency":0.246489,"stddev_latency":0.360173,"min_latency":0.0,"max_latency":4.354047,"distr_latency":{"25.0000":0.037151,"50.0000":0.111039,"60.0000":0.148351,"70.0000":0.239615,"75.0000":0.326911,"80.0000":0.371711,"85.0000":0.486655,"90.0000":0.653311,"95.0000":0.899071,"96.0000":1.083391,"97.0000":1.213439,"98.0000":1.540095,"99.0000":1.729535,"99.9000":2.426879,"99.9900":4.354047,"99.9990":4.354047,"99.9999":4.354047,"100.0000":4.354047},"allocations":{"total_heap":434085023,"minor_heap":418097761,"major_heap":139293712,"promoted_words":123306450,"promoted_pct":29.49},"domain_alloc_stats":{"0":{"total":434085023,"minor":418097761,"promoted":123306450,"major":139293712,"promoted_pct":29.49}},"collections":{"minor":1629,"major":34,"forced_major":0,"compactions":0}}
{"version":1,"wall_time":3.41,"cpu_time":3.41,"gc_time":0.84,"gc_overhead":24.52,"max_rss_kb":336200,"domain_stats":{"0":{"wall_time":3.41,"gc_time":0.84,"gc_overhead":24.52}},"mean_latency":0.247,"stddev_latency":0.36083,"min_latency":0.0,"max_latency":4.362239,"distr_latency":{"25.0000":0.036447,"50.0000":0.111551,"60.0000":0.149247,"70.0000":0.240255,"75.0000":0.326399,"80.0000":0.374527,"85.0000":0.487679,"90.0000":0.653823,"95.0000":0.922111,"96.0000":1.088511,"97.0000":1.226751,"98.0000":1.533951,"99.0000":1.738751,"99.9000":2.416639,"99.9900":4.362239,"99.9990":4.362239,"99.9999":4.362239,"100.0000":4.362239},"allocations":{"total_heap":434085023,"minor_heap":418097761,"major_heap":139293712,"promoted_words":123306450,"promoted_pct":29.49},"domain_alloc_stats":{"0":{"total":434085023,"minor":418097761,"promoted":123306450,"major":139293712,"promoted_pct":29.49}},"collections":{"minor":1629,"major":34,"forced_major":0,"compactions":0}}
{"version":1,"wall_time":3.42,"cpu_time":3.42,"gc_time":0.84,"gc_overhead":24.55,"max_rss_kb":336488,"domain_stats":{"0":{"wall_time":3.42,"gc_time":0.84,"gc_overhead":24.55}},"mean_latency":0.248337,"stddev_latency":0.358923,"min_latency":0.0,"max_latency":4.366335,"distr_latency":{"25.0000":0.037311,"50.0000":0.112383,"60.0000":0.150015,"70.0000":0.234751,"75.0000":0.338175,"80.0000":0.381183,"85.0000":0.488703,"90.0000":0.666623,"95.0000":0.905727,"96.0000":1.064959,"97.0000":1.207295,"98.0000":1.517567,"99.0000":1.711103,"99.9000":2.375679,"99.9900":4.366335,"99.9990":4.366335,"99.9999":4.366335,"100.0000":4.366335},"allocations":{"total_heap":434085023,"minor_heap":418097761,"major_heap":139293712,"promoted_words":123306450,"promoted_pct":29.49},"domain_alloc_stats":{"0":{"total":434085023,"minor":418097761,"promoted":123306450,"major":139293712,"promoted_pct":29.49}},"collections":{"minor":1629,"major":34,"forced_major":0,"compactions":0}}
