{"version":1,"wall_time":8.56,"cpu_time":8.56,"gc_time":6.96,"gc_overhead":81.37,"max_rss_kb":141316,"domain_stats":{"0":{"wall_time":8.56,"gc_time":6.96,"gc_overhead":81.37}},"mean_latency":0.224841,"stddev_latency":0.511457,"min_latency":0.0,"max_latency":3.399679,"distr_latency":{"25.0000":5.5e-05,"50.0000":0.000311,"60.0000":0.000407,"70.0000":0.004055,"75.0000":0.008975,"80.0000":0.178431,"85.0000":0.659455,"90.0000":1.110015,"95.0000":1.505279,"96.0000":1.645567,"97.0000":1.783807,"98.0000":1.927167,"99.0000":2.079743,"99.9000":2.607103,"99.9900":3.235839,"99.9990":3.399679,"99.9999":3.399679,"100.0000":3.399679},"allocations":{"total_heap":14037964,"minor_heap":300697,"major_heap":13737868,"promoted_words":601,"promoted_pct":0.2},"domain_alloc_stats":{"0":{"total":14037964,"minor":300697,"promoted":601,"major":13737868,"promoted_pct":0.2}},"collections":{"minor":4624,"major":2312,"forced_major":0,"compactions":0}}
{"version":1,"wall_time":8.57,"cpu_time":8.57,"gc_time":6.94,"gc_overhead":80.99,"max_rss_kb":141308,"domain_stats":{"0":{"wall_time":8.57,"gc_time":6.94,"gc_overhead":80.99}},"mean_latency":0.224154,"stddev_latency":0.508902,"min_latency":0.0,"max_latency":3.547135,"distr_latency":{"25.0000":5.5e-05,"50.0000":0.000311,"60.0000":0.000407,"70.0000":0.004095,"75.0000":0.009543,"80.0000":0.181503,"85.0000":0.655359,"90.0000":1.094655,"95.0000":1.503231,"96.0000":1.636351,"97.0000":1.766399,"98.0000":1.911807,"99.0000":2.052095,"99.9000":2.793471,"99.9900":3.332095,"99.9990":3.547135,"99.9999":3.547135,"100.0000":3.547135},"allocations":{"total_heap":14037964,"minor_heap":300697,"major_heap":13737868,"promoted_words":601,"promoted_pct":0.2},"domain_alloc_stats":{"0":{"total":14037964,"minor":300697,"promoted":601,"major":13737868,"promoted_pct":0.2}},"collections":{"minor":4624,"major":2312,"forced_major":0,"compactions":0}}
{"version":1,"wall_time":8.57,"cpu_time":8.57,"gc_time":6.95,"gc_overhead":81.01,"max_rss_kb":140844,"domain_stats":{"0":{"wall_time":8.57,"gc_time":6.95,"gc_overhead":81.01}},"mean_latency":0.224284,"stddev_latency":0.509361,"min_latency":0.0,"max_latency":3.631103,"distr_latency":{"25.0000":4.7e-05,"50.0000":0.000303,"60.0000":0.000407,"70.0000":0.004103,"75.0000":0.009551,"80.0000":0.182271,"85.0000":0.650751,"90.0000":1.092607,"95.0000":1.498111,"96.0000":1.638399,"97.0000":1.780735,"98.0000":1.924095,"99.0000":2.073599,"99.9000":2.613247,"99.9900":3.207167,"99.9990":3.631103,"99.9999":3.631103,"100.0000":3.631103},"allocations":{"total_heap":14037964,"minor_heap":300697,"major_heap":13737868,"promoted_words":601,"promoted_pct":0.2},"domain_alloc_stats":{"0":{"total":14037964,"minor":300697,"promoted":601,"major":13737868,"promoted_pct":0.2}},"collections":{"minor":4624,"major":2312,"forced_major":0,"compactions":0}}
