{"version":1,"wall_time":5.41,"cpu_time":5.41,"gc_time":5.35,"gc_overhead":98.89,"max_rss_kb":115988,"domain_stats":{"0":{"wall_time":5.41,"gc_time":5.35,"gc_overhead":98.89}},"mean_latency":0.180389,"stddev_latency":0.401014,"min_latency":0.0,"max_latency":2.918399,"distr_latency":{"25.0000":0.000103,"50.0000":0.000295,"60.0000":0.000311,"70.0000":0.003703,"75.0000":0.007191,"80.0000":0.037855,"85.0000":0.729087,"90.0000":0.901119,"95.0000":1.122303,"96.0000":1.233919,"97.0000":1.351679,"98.0000":1.479679,"99.0000":1.605631,"99.9000":2.099199,"99.9900":2.553855,"99.9990":2.918399,"99.9999":2.918399,"100.0000":2.918399},"allocations":{"total_heap":14038036,"minor_heap":300769,"major_heap":13737868,"promoted_words":601,"promoted_pct":0.2},"domain_alloc_stats":{"0":{"total":14038036,"minor":300769,"promoted":601,"major":13737868,"promoted_pct":0.2}},"collections":{"minor":3777,"major":1888,"forced_major":0,"compactions":0}}
{"version":1,"wall_time":5.4,"cpu_time":5.4,"gc_time":5.34,"gc_overhead":98.87,"max_rss_kb":115868,"domain_stats":{"0":{"wall_time":5.4,"gc_time":5.34,"gc_overhead":98.87}},"mean_latency":0.179888,"stddev_latency":0.399347,"min_latency":0.0,"max_latency":3.614719,"distr_latency":{"25.0000":0.000111,"50.0000":0.000295,"60.0000":0.000311,"70.0000":0.003791,"75.0000":0.008671,"80.0000":0.037503,"85.0000":0.719871,"90.0000":0.907775,"95.0000":1.107967,"96.0000":1.223679,"97.0000":1.342463,"98.0000":1.469439,"99.0000":1.596415,"99.9000":2.027519,"99.9900":2.543615,"99.9990":3.614719,"99.9999":3.614719,"100.0000":3.614719},"allocations":{"total_heap":14038036,"minor_heap":300769,"major_heap":13737868,"promoted_words":601,"promoted_pct":0.2},"domain_alloc_stats":{"0":{"total":14038036,"minor":300769,"promoted":601,"major":13737868,"promoted_pct":0.2}},"collections":{"minor":3777,"major":1888,"forced_major":0,"compactions":0}}
{"version":1,"wall_time":5.49,"cpu_time":5.49,"gc_time":5.43,"gc_overhead":98.91,"max_rss_kb":116040,"domain_stats":{"0":{"wall_time":5.49,"gc_time":5.43,"gc_overhead":98.91}},"mean_latency":0.18287,"stddev_latency":0.406416,"min_latency":0.0,"max_latency":3.379199,"distr_latency":{"25.0000":0.000103,"50.0000":0.000295,"60.0000":0.000311,"70.0000":0.003751,"75.0000":0.007631,"80.0000":0.037855,"85.0000":0.748543,"90.0000":0.912895,"95.0000":1.140735,"96.0000":1.254399,"97.0000":1.371135,"98.0000":1.484799,"99.0000":1.611775,"99.9000":2.115583,"99.9900":2.500607,"99.9990":3.379199,"99.9999":3.379199,"100.0000":3.379199},"allocations":{"total_heap":14038036,"minor_heap":300769,"major_heap":13737868,"promoted_words":601,"promoted_pct":0.2},"domain_alloc_stats":{"0":{"total":14038036,"minor":300769,"promoted":601,"major":13737868,"promoted_pct":0.2}},"collections":{"minor":3777,"major":1888,"forced_major":0,"compactions":0}}
