{"version":1,"wall_time":4.08,"cpu_time":4.08,"gc_time":1.47,"gc_overhead":36.1,"max_rss_kb":271432,"domain_stats":{"0":{"wall_time":4.08,"gc_time":1.47,"gc_overhead":36.1}},"mean_latency":0.431659,"stddev_latency":0.778067,"min_latency":0.0,"max_latency":6.901759,"distr_latency":{"25.0000":0.058431,"50.0000":0.149631,"60.0000":0.274175,"70.0000":0.369663,"75.0000":0.428543,"80.0000":0.525311,"85.0000":0.636927,"90.0000":0.913919,"95.0000":1.993727,"96.0000":2.287615,"97.0000":2.940927,"98.0000":3.604479,"99.0000":4.036607,"99.9000":5.984255,"99.9900":6.901759,"99.9990":6.901759,"99.9999":6.901759,"100.0000":6.901759},"allocations":{"total_heap":434232132,"minor_heap":418244870,"major_heap":139515630,"promoted_words":123528368,"promoted_pct":29.53},"domain_alloc_stats":{"0":{"total":434232132,"minor":418244870,"promoted":123528368,"major":139515630,"promoted_pct":29.53}},"collections":{"minor":1657,"major":78,"forced_major":0,"compactions":0}}
{"version":1,"wall_time":4.07,"cpu_time":4.07,"gc_time":1.47,"gc_overhead":36.15,"max_rss_kb":271484,"domain_stats":{"0":{"wall_time":4.07,"gc_time":1.47,"gc_overhead":36.15}},"mean_latency":0.431133,"stddev_latency":0.774137,"min_latency":0.0,"max_latency":6.828031,"distr_latency":{"25.0000":0.058335,"50.0000":0.151679,"60.0000":0.274687,"70.0000":0.369919,"75.0000":0.428287,"80.0000":0.524799,"85.0000":0.638975,"90.0000":0.914943,"95.0000":1.992703,"96.0000":2.291711,"97.0000":2.902015,"98.0000":3.547135,"99.0000":3.977215,"99.9000":5.959679,"99.9900":6.828031,"99.9990":6.828031,"99.9999":6.828031,"100.0000":6.828031},"allocations":{"total_heap":434232132,"minor_heap":418244870,"major_heap":139515630,"promoted_words":123528368,"promoted_pct":29.53},"domain_alloc_stats":{"0":{"total":434232132,"minor":418244870,"promoted":123528368,"major":139515630,"promoted_pct":29.53}},"collections":{"minor":1657,"major":78,"forced_major":0,"compactions":0}}
{"version":1,"wall_time":4.08,"cpu_time":4.08,"gc_time":1.48,"gc_overhead":36.24,"max_rss_kb":271480,"domain_stats":{"0":{"wall_time":4.08,"gc_time":1.48,"gc_overhead":36.24}},"mean_latency":0.432809,"stddev_latency":0.7657,"min_latency":0.0,"max_latency":6.733823,"distr_latency":{"25.0000":0.060287,"50.0000":0.153343,"60.0000":0.274687,"70.0000":0.382719,"75.0000":0.440319,"80.0000":0.547839,"85.0000":0.650751,"90.0000":0.903679,"95.0000":1.943551,"96.0000":2.234367,"97.0000":2.852863,"98.0000":3.520511,"99.0000":3.979263,"99.9000":5.922815,"99.9900":6.733823,"99.9990":6.733823,"99.9999":6.733823,"100.0000":6.733823},"allocations":{"total_heap":434232132,"minor_heap":418244870,"major_heap":139515630,"promoted_words":123528368,"promoted_pct":29.53},"domain_alloc_stats":{"0":{"total":434232132,"minor":418244870,"promoted":123528368,"major":139515630,"promoted_pct":29.53}},"collections":{"minor":1657,"major":78,"forced_major":0,"compactions":0}}
