{"version":1,"wall_time":0.5,"cpu_time":0.5,"gc_time":0.47,"gc_overhead":95.25,"max_rss_kb":111676,"domain_stats":{"0":{"wall_time":0.5,"gc_time":0.47,"gc_overhead":95.25}},"mean_latency":0.204334,"stddev_latency":0.331509,"min_latency":0.0,"max_latency":3.104767,"distr_latency":{"25.0000":0.000287,"50.0000":0.000295,"60.0000":0.004695,"70.0000":0.138879,"75.0000":0.403455,"80.0000":0.669183,"85.0000":0.784895,"90.0000":0.790527,"95.0000":0.796159,"96.0000":0.798207,"97.0000":0.799743,"98.0000":0.802815,"99.0000":0.812543,"99.9000":1.362943,"99.9900":3.104767,"99.9990":3.104767,"99.9999":3.104767,"100.0000":3.104767},"allocations":{"total_heap":14036789,"minor_heap":299984,"major_heap":13737373,"promoted_words":568,"promoted_pct":0.19},"domain_alloc_stats":{"0":{"total":14036789,"minor":299984,"promoted":568,"major":13737373,"promoted_pct":0.19}},"collections":{"minor":168,"major":168,"forced_major":0,"compactions":0}}
{"version":1,"wall_time":0.49,"cpu_time":0.49,"gc_time":0.47,"gc_overhead":95.1,"max_rss_kb":111592,"domain_stats":{"0":{"wall_time":0.49,"gc_time":0.47,"gc_overhead":95.1}},"mean_latency":0.202795,"stddev_latency":0.328487,"min_latency":0.0,"max_latency":3.096575,"distr_latency":{"25.0000":0.000287,"50.0000":0.000295,"60.0000":0.004623,"70.0000":0.139263,"75.0000":0.396287,"80.0000":0.661503,"85.0000":0.779263,"90.0000":0.785919,"95.0000":0.792575,"96.0000":0.794111,"97.0000":0.796159,"98.0000":0.800255,"99.0000":0.823807,"99.9000":1.358847,"99.9900":3.096575,"99.9990":3.096575,"99.9999":3.096575,"100.0000":3.096575},"allocations":{"total_heap":14036789,"minor_heap":299984,"major_heap":13737373,"promoted_words":568,"promoted_pct":0.19},"domain_alloc_stats":{"0":{"total":14036789,"minor":299984,"promoted":568,"major":13737373,"promoted_pct":0.19}},"collections":{"minor":168,"major":168,"forced_major":0,"compactions":0}}
{"version":1,"wall_time":0.5,"cpu_time":0.5,"gc_time":0.47,"gc_overhead":95.26,"max_rss_kb":111728,"domain_stats":{"0":{"wall_time":0.5,"gc_time":0.47,"gc_overhead":95.26}},"mean_latency":0.204941,"stddev_latency":0.338837,"min_latency":0.0,"max_latency":4.407295,"distr_latency":{"25.0000":0.000287,"50.0000":0.000295,"60.0000":0.004783,"70.0000":0.122943,"75.0000":0.407295,"80.0000":0.660991,"85.0000":0.779775,"90.0000":0.784895,"95.0000":0.791551,"96.0000":0.793087,"97.0000":0.795647,"98.0000":0.798719,"99.0000":0.827903,"99.9000":1.363967,"99.9900":4.407295,"99.9990":4.407295,"99.9999":4.407295,"100.0000":4.407295},"allocations":{"total_heap":14036789,"minor_heap":299984,"major_heap":13737373,"promoted_words":568,"promoted_pct":0.19},"domain_alloc_stats":{"0":{"total":14036789,"minor":299984,"promoted":568,"major":13737373,"promoted_pct":0.19}},"collections":{"minor":168,"major":168,"forced_major":0,"compactions":0}}
