{"version":1,"wall_time":9.81,"cpu_time":9.81,"gc_time":7.61,"gc_overhead":77.58,"max_rss_kb":258116,"domain_stats":{"0":{"wall_time":9.81,"gc_time":7.61,"gc_overhead":77.58}},"mean_latency":0.019289,"stddev_latency":0.019697,"min_latency":0.0,"max_latency":0.204543,"distr_latency":{"25.0000":4.7e-05,"50.0000":0.011903,"60.0000":0.013127,"70.0000":0.038975,"75.0000":0.039359,"80.0000":0.039935,"85.0000":0.041823,"90.0000":0.049823,"95.0000":0.050751,"96.0000":0.050943,"97.0000":0.051231,"98.0000":0.051551,"99.0000":0.052095,"99.9000":0.067647,"99.9900":0.070399,"99.9990":0.076095,"99.9999":0.204543,"100.0000":0.204543},"allocations":{"total_heap":69978853,"minor_heap":68782058,"major_heap":2097855,"promoted_words":901060,"promoted_pct":1.31},"domain_alloc_stats":{"0":{"total":69978853,"minor":68782058,"promoted":901060,"major":2097855,"promoted_pct":1.31}},"collections":{"minor":148602,"major":148602,"forced_major":0,"compactions":0}}
{"version":1,"wall_time":10.11,"cpu_time":10.11,"gc_time":7.87,"gc_overhead":77.88,"max_rss_kb":257944,"domain_stats":{"0":{"wall_time":10.11,"gc_time":7.87,"gc_overhead":77.88}},"mean_latency":0.019958,"stddev_latency":0.019929,"min_latency":0.0,"max_latency":0.195711,"distr_latency":{"25.0000":4.7e-05,"50.0000":0.013743,"60.0000":0.014535,"70.0000":0.039071,"75.0000":0.039391,"80.0000":0.039935,"85.0000":0.041183,"90.0000":0.051743,"95.0000":0.052671,"96.0000":0.052895,"97.0000":0.053055,"98.0000":0.053407,"99.0000":0.054015,"99.9000":0.064927,"99.9900":0.067583,"99.9990":0.069823,"99.9999":0.195711,"100.0000":0.195711},"allocations":{"total_heap":69978853,"minor_heap":68782058,"major_heap":2097855,"promoted_words":901060,"promoted_pct":1.31},"domain_alloc_stats":{"0":{"total":69978853,"minor":68782058,"promoted":901060,"major":2097855,"promoted_pct":1.31}},"collections":{"minor":148602,"major":148602,"forced_major":0,"compactions":0}}
{"version":1,"wall_time":10.01,"cpu_time":10.01,"gc_time":7.82,"gc_overhead":78.15,"max_rss_kb":258172,"domain_stats":{"0":{"wall_time":10.01,"gc_time":7.82,"gc_overhead":78.15}},"mean_latency":0.019824,"stddev_latency":0.02004,"min_latency":0.0,"max_latency":0.350463,"distr_latency":{"25.0000":4.7e-05,"50.0000":0.012983,"60.0000":0.013727,"70.0000":0.039391,"75.0000":0.039743,"80.0000":0.040287,"85.0000":0.041951,"90.0000":0.051583,"95.0000":0.052287,"96.0000":0.052415,"97.0000":0.052671,"98.0000":0.052959,"99.0000":0.053439,"99.9000":0.064127,"99.9900":0.067583,"99.9990":0.091583,"99.9999":0.350463,"100.0000":0.350463},"allocations":{"total_heap":69978853,"minor_heap":68782058,"major_heap":2097855,"promoted_words":901060,"promoted_pct":1.31},"domain_alloc_stats":{"0":{"total":69978853,"minor":68782058,"promoted":901060,"major":2097855,"promoted_pct":1.31}},"collections":{"minor":148602,"major":148602,"forced_major":0,"compactions":0}}
