{"version":1,"wall_time":4.78,"cpu_time":4.78,"gc_time":2.78,"gc_overhead":58.24,"max_rss_kb":183728,"domain_stats":{"0":{"wall_time":4.78,"gc_time":2.78,"gc_overhead":58.24}},"mean_latency":0.006834,"stddev_latency":0.01313,"min_latency":0.0,"max_latency":0.062399,"distr_latency":{"25.0000":5.5e-05,"50.0000":0.000271,"60.0000":0.000927,"70.0000":0.001295,"75.0000":0.010415,"80.0000":0.010527,"85.0000":0.011271,"90.0000":0.039903,"95.0000":0.040095,"96.0000":0.040159,"97.0000":0.040447,"98.0000":0.040671,"99.0000":0.040895,"99.9000":0.044191,"99.9900":0.049535,"99.9990":0.054271,"99.9999":0.062399,"100.0000":0.062399},"allocations":{"total_heap":69978156,"minor_heap":68781361,"major_heap":1634872,"promoted_words":438077,"promoted_pct":0.64},"domain_alloc_stats":{"0":{"total":69978156,"minor":68781361,"promoted":438077,"major":1634872,"promoted_pct":0.64}},"collections":{"minor":103395,"major":51697,"forced_major":0,"compactions":0}}
{"version":1,"wall_time":4.72,"cpu_time":4.72,"gc_time":2.73,"gc_overhead":57.8,"max_rss_kb":181604,"domain_stats":{"0":{"wall_time":4.72,"gc_time":2.73,"gc_overhead":57.8}},"mean_latency":0.006705,"stddev_latency":0.012829,"min_latency":0.0,"max_latency":0.066047,"distr_latency":{"25.0000":5.5e-05,"50.0000":0.000271,"60.0000":0.000927,"70.0000":0.001303,"75.0000":0.010215,"80.0000":0.010375,"85.0000":0.011215,"90.0000":0.036511,"95.0000":0.040063,"96.0000":0.040159,"97.0000":0.040223,"98.0000":0.040543,"99.0000":0.040863,"99.9000":0.045695,"99.9900":0.055103,"99.9990":0.057567,"99.9999":0.066047,"100.0000":0.066047},"allocations":{"total_heap":69978156,"minor_heap":68781361,"major_heap":1634872,"promoted_words":438077,"promoted_pct":0.64},"domain_alloc_stats":{"0":{"total":69978156,"minor":68781361,"promoted":438077,"major":1634872,"promoted_pct":0.64}},"collections":{"minor":103395,"major":51697,"forced_major":0,"compactions":0}}
{"version":1,"wall_time":4.55,"cpu_time":4.55,"gc_time":2.57,"gc_overhead":56.39,"max_rss_kb":180924,"domain_stats":{"0":{"wall_time":4.55,"gc_time":2.57,"gc_overhead":56.39}},"mean_latency":0.006305,"stddev_latency":0.011658,"min_latency":0.0,"max_latency":0.091583,"distr_latency":{"25.0000":5.5e-05,"50.0000":0.000271,"60.0000":0.000927,"70.0000":0.001303,"75.0000":0.010255,"80.0000":0.011743,"85.0000":0.012503,"90.0000":0.029631,"95.0000":0.039839,"96.0000":0.039967,"97.0000":0.040063,"98.0000":0.040191,"99.0000":0.040703,"99.9000":0.045759,"99.9900":0.049311,"99.9990":0.055839,"99.9999":0.091583,"100.0000":0.091583},"allocations":{"total_heap":69978156,"minor_heap":68781361,"major_heap":1634872,"promoted_words":438077,"promoted_pct":0.64},"domain_alloc_stats":{"0":{"total":69978156,"minor":68781361,"promoted":438077,"major":1634872,"promoted_pct":0.64}},"collections":{"minor":103395,"major":51697,"forced_major":0,"compactions":0}}
