{"version":1,"wall_time":2.33,"cpu_time":2.33,"gc_time":0.65,"gc_overhead":27.83,"max_rss_kb":600164,"domain_stats":{"0":{"wall_time":2.33,"gc_time":0.65,"gc_overhead":27.83}},"mean_latency":0.279677,"stddev_latency":0.458663,"min_latency":0.0,"max_latency":5.509119,"distr_latency":{"25.0000":0.000287,"50.0000":0.000495,"60.0000":0.007271,"70.0000":0.291839,"75.0000":0.622591,"80.0000":0.913407,"85.0000":0.947199,"90.0000":0.956415,"95.0000":0.987135,"96.0000":1.016831,"97.0000":1.095679,"98.0000":1.212415,"99.0000":1.428479,"99.9000":3.121151,"99.9900":5.509119,"99.9990":5.509119,"99.9999":5.509119,"100.0000":5.509119},"allocations":{"total_heap":14037309,"minor_heap":300504,"major_heap":13737373,"promoted_words":568,"promoted_pct":0.19},"domain_alloc_stats":{"0":{"total":14037309,"minor":300504,"promoted":568,"major":13737373,"promoted_pct":0.19}},"collections":{"minor":175,"major":175,"forced_major":0,"compactions":0}}
{"version":1,"wall_time":2.34,"cpu_time":2.34,"gc_time":0.66,"gc_overhead":28.16,"max_rss_kb":600160,"domain_stats":{"0":{"wall_time":2.34,"gc_time":0.66,"gc_overhead":28.16}},"mean_latency":0.284,"stddev_latency":0.468693,"min_latency":0.0,"max_latency":6.160383,"distr_latency":{"25.0000":0.000287,"50.0000":0.000487,"60.0000":0.005375,"70.0000":0.297471,"75.0000":0.609791,"80.0000":0.903679,"85.0000":0.956415,"90.0000":1.006079,"95.0000":1.019391,"96.0000":1.022463,"97.0000":1.036287,"98.0000":1.376255,"99.0000":1.430527,"99.9000":3.155967,"99.9900":6.160383,"99.9990":6.160383,"99.9999":6.160383,"100.0000":6.160383},"allocations":{"total_heap":14037309,"minor_heap":300504,"major_heap":13737373,"promoted_words":568,"promoted_pct":0.19},"domain_alloc_stats":{"0":{"total":14037309,"minor":300504,"promoted":568,"major":13737373,"promoted_pct":0.19}},"collections":{"minor":175,"major":175,"forced_major":0,"compactions":0}}
{"version":1,"wall_time":2.32,"cpu_time":2.32,"gc_time":0.63,"gc_overhead":27.37,"max_rss_kb":600200,"domain_stats":{"0":{"wall_time":2.32,"gc_time":0.63,"gc_overhead":27.37}},"mean_latency":0.2738,"stddev_latency":0.446423,"min_latency":0.0,"max_latency":5.709823,"distr_latency":{"25.0000":0.000287,"50.0000":0.000471,"60.0000":0.005047,"70.0000":0.296191,"75.0000":0.601599,"80.0000":0.884223,"85.0000":0.939519,"90.0000":0.948223,"95.0000":0.961535,"96.0000":0.965119,"97.0000":0.975359,"98.0000":1.289215,"99.0000":1.424383,"99.9000":3.102719,"99.9900":5.709823,"99.9990":5.709823,"99.9999":5.709823,"100.0000":5.709823},"allocations":{"total_heap":14037309,"minor_heap":300504,"major_heap":13737373,"promoted_words":568,"promoted_pct":0.19},"domain_alloc_stats":{"0":{"total":14037309,"minor":300504,"promoted":568,"major":13737373,"promoted_pct":0.19}},"collections":{"minor":175,"major":175,"forced_major":0,"compactions":0}}
