{"version":1,"wall_time":6.21,"cpu_time":6.21,"gc_time":4.92,"gc_overhead":79.27,"max_rss_kb":78348,"domain_stats":{"0":{"wall_time":6.21,"gc_time":4.92,"gc_overhead":79.27}},"mean_latency":0.562091,"stddev_latency":0.623045,"min_latency":0.0,"max_latency":2.396159,"distr_latency":{"25.0000":0.008543,"50.0000":0.157311,"60.0000":0.440319,"70.0000":1.320959,"75.0000":1.331199,"80.0000":1.338367,"85.0000":1.346559,"90.0000":1.355775,"95.0000":1.369087,"96.0000":1.374207,"97.0000":1.380351,"98.0000":1.392639,"99.0000":1.464319,"99.9000":2.197503,"99.9900":2.353151,"99.9990":2.396159,"99.9999":2.396159,"100.0000":2.396159},"allocations":{"total_heap":659181139,"minor_heap":624689345,"major_heap":98082416,"promoted_words":63590622,"promoted_pct":10.18},"domain_alloc_stats":{"0":{"total":659181139,"minor":624689345,"promoted":63590622,"major":98082416,"promoted_pct":10.18}},"collections":{"minor":9062,"major":3534,"forced_major":1116,"compactions":0}}
{"version":1,"wall_time":6.12,"cpu_time":6.12,"gc_time":4.84,"gc_overhead":79.01,"max_rss_kb":78748,"domain_stats":{"0":{"wall_time":6.12,"gc_time":4.84,"gc_overhead":79.01}},"mean_latency":0.552732,"stddev_latency":0.611893,"min_latency":0.0,"max_latency":2.289663,"distr_latency":{"25.0000":0.008575,"50.0000":0.157567,"60.0000":0.436991,"70.0000":1.299455,"75.0000":1.308671,"80.0000":1.315839,"85.0000":1.323007,"90.0000":1.332223,"95.0000":1.344511,"96.0000":1.349631,"97.0000":1.356799,"98.0000":1.369087,"99.0000":1.449983,"99.9000":2.152447,"99.9900":2.205695,"99.9990":2.289663,"99.9999":2.289663,"100.0000":2.289663},"allocations":{"total_heap":659181131,"minor_heap":624689337,"major_heap":98082416,"promoted_words":63590622,"promoted_pct":10.18},"domain_alloc_stats":{"0":{"total":659181131,"minor":624689337,"promoted":63590622,"major":98082416,"promoted_pct":10.18}},"collections":{"minor":9062,"major":3534,"forced_major":1116,"compactions":0}}
{"version":1,"wall_time":6.18,"cpu_time":6.18,"gc_time":4.85,"gc_overhead":78.61,"max_rss_kb":78452,"domain_stats":{"0":{"wall_time":6.18,"gc_time":4.85,"gc_overhead":78.61}},"mean_latency":0.554771,"stddev_latency":0.614337,"min_latency":0.0,"max_latency":2.283519,"distr_latency":{"25.0000":0.008471,"50.0000":0.157055,"60.0000":0.434687,"70.0000":1.301503,"75.0000":1.311743,"80.0000":1.319935,"85.0000":1.327103,"90.0000":1.336319,"95.0000":1.351679,"96.0000":1.355775,"97.0000":1.361919,"98.0000":1.373183,"99.0000":1.451007,"99.9000":2.166783,"99.9900":2.203647,"99.9990":2.283519,"99.9999":2.283519,"100.0000":2.283519},"allocations":{"total_heap":659181141,"minor_heap":624689347,"major_heap":98082409,"promoted_words":63590615,"promoted_pct":10.18},"domain_alloc_stats":{"0":{"total":659181141,"minor":624689347,"promoted":63590615,"major":98082409,"promoted_pct":10.18}},"collections":{"minor":9062,"major":3534,"forced_major":1116,"compactions":0}}
