{"version":1,"wall_time":3.26,"cpu_time":3.26,"gc_time":2.99,"gc_overhead":91.79,"max_rss_kb":112328,"domain_stats":{"0":{"wall_time":3.26,"gc_time":2.99,"gc_overhead":91.79}},"mean_latency":0.202575,"stddev_latency":0.461812,"min_latency":0.0,"max_latency":4.235263,"distr_latency":{"25.0000":5.5e-05,"50.0000":0.000303,"60.0000":0.000351,"70.0000":0.003303,"75.0000":0.007063,"80.0000":0.082303,"85.0000":0.822271,"90.0000":0.860159,"95.0000":1.350655,"96.0000":1.476607,"97.0000":1.488895,"98.0000":1.588223,"99.0000":1.881087,"99.9000":2.754559,"99.9900":2.904063,"99.9990":4.235263,"99.9999":4.235263,"100.0000":4.235263},"allocations":{"total_heap":13497962,"minor_heap":120716,"major_heap":13377826,"promoted_words":580,"promoted_pct":0.48},"domain_alloc_stats":{"0":{"total":13497962,"minor":120716,"promoted":580,"major":13377826,"promoted_pct":0.48}},"collections":{"minor":1889,"major":944,"forced_major":0,"compactions":0}}
{"version":1,"wall_time":2.92,"cpu_time":2.92,"gc_time":2.65,"gc_overhead":90.79,"max_rss_kb":112432,"domain_stats":{"0":{"wall_time":2.92,"gc_time":2.65,"gc_overhead":90.79}},"mean_latency":0.179349,"stddev_latency":0.393119,"min_latency":0.0,"max_latency":2.981887,"distr_latency":{"25.0000":3.1e-05,"50.0000":0.000295,"60.0000":0.000343,"70.0000":0.003543,"75.0000":0.007551,"80.0000":0.078655,"85.0000":0.771583,"90.0000":0.859135,"95.0000":1.084415,"96.0000":1.203199,"97.0000":1.323007,"98.0000":1.446911,"99.0000":1.552383,"99.9000":1.675263,"99.9900":2.658303,"99.9990":2.981887,"99.9999":2.981887,"100.0000":2.981887},"allocations":{"total_heap":13497962,"minor_heap":120716,"major_heap":13377826,"promoted_words":580,"promoted_pct":0.48},"domain_alloc_stats":{"0":{"total":13497962,"minor":120716,"promoted":580,"major":13377826,"promoted_pct":0.48}},"collections":{"minor":1889,"major":944,"forced_major":0,"compactions":0}}
{"version":1,"wall_time":2.91,"cpu_time":2.91,"gc_time":2.65,"gc_overhead":90.83,"max_rss_kb":112292,"domain_stats":{"0":{"wall_time":2.91,"gc_time":2.65,"gc_overhead":90.83}},"mean_latency":0.179224,"stddev_latency":0.393129,"min_latency":0.0,"max_latency":3.174399,"distr_latency":{"25.0000":4.7e-05,"50.0000":0.000303,"60.0000":0.000351,"70.0000":0.003247,"75.0000":0.007735,"80.0000":0.078911,"85.0000":0.774655,"90.0000":0.858111,"95.0000":1.082367,"96.0000":1.199103,"97.0000":1.324031,"98.0000":1.446911,"99.0000":1.555455,"99.9000":1.677311,"99.9900":2.768895,"99.9990":3.174399,"99.9999":3.174399,"100.0000":3.174399},"allocations":{"total_heap":13497962,"minor_heap":120716,"major_heap":13377826,"promoted_words":580,"promoted_pct":0.48},"domain_alloc_stats":{"0":{"total":13497962,"minor":120716,"promoted":580,"major":13377826,"promoted_pct":0.48}},"collections":{"minor":1889,"major":944,"forced_major":0,"compactions":0}}
