{"version":1,"wall_time":3.43,"cpu_time":3.43,"gc_time":0.83,"gc_overhead":24.33,"max_rss_kb":336368,"domain_stats":{"0":{"wall_time":3.43,"gc_time":0.83,"gc_overhead":24.33}},"mean_latency":0.246671,"stddev_latency":0.362495,"min_latency":0.0,"max_latency":4.358143,"distr_latency":{"25.0000":0.036703,"50.0000":0.111935,"60.0000":0.149631,"70.0000":0.239871,"75.0000":0.325631,"80.0000":0.374527,"85.0000":0.485631,"90.0000":0.652799,"95.0000":0.913407,"96.0000":1.090559,"97.0000":1.234943,"98.0000":1.523711,"99.0000":1.764351,"99.9000":2.439167,"99.9900":4.358143,"99.9990":4.358143,"99.9999":4.358143,"100.0000":4.358143},"allocations":{"total_heap":434085023,"minor_heap":418097761,"major_heap":139293712,"promoted_words":123306450,"promoted_pct":29.49},"domain_alloc_stats":{"0":{"total":434085023,"minor":418097761,"promoted":123306450,"major":139293712,"promoted_pct":29.49}},"collections":{"minor":1629,"major":34,"forced_major":0,"compactions":0}}
{"version":1,"wall_time":3.42,"cpu_time":3.42,"gc_time":0.83,"gc_overhead":24.33,"max_rss_kb":336304,"domain_stats":{"0":{"wall_time":3.42,"gc_time":0.83,"gc_overhead":24.33}},"mean_latency":0.245749,"stddev_latency":0.358453,"min_latency":0.0,"max_latency":4.370431,"distr_latency":{"25.0000":0.036639,"50.0000":0.111231,"60.0000":0.149759,"70.0000":0.236927,"75.0000":0.325887,"80.0000":0.374015,"85.0000":0.487423,"90.0000":0.650239,"95.0000":0.911359,"96.0000":1.088511,"97.0000":1.207295,"98.0000":1.520639,"99.0000":1.704959,"99.9000":2.400255,"99.9900":4.370431,"99.9990":4.370431,"99.9999":4.370431,"100.0000":4.370431},"allocations":{"total_heap":434085023,"minor_heap":418097761,"major_heap":139293712,"promoted_words":123306450,"promoted_pct":29.49},"domain_alloc_stats":{"0":{"total":434085023,"minor":418097761,"promoted":123306450,"major":139293712,"promoted_pct":29.49}},"collections":{"minor":1629,"major":34,"forced_major":0,"compactions":0}}
{"version":1,"wall_time":3.44,"cpu_time":3.44,"gc_time":0.84,"gc_overhead":24.41,"max_rss_kb":336252,"domain_stats":{"0":{"wall_time":3.44,"gc_time":0.84,"gc_overhead":24.41}},"mean_latency":0.247823,"stddev_latency":0.361987,"min_latency":0.0,"max_latency":4.349951,"distr_latency":{"25.0000":0.036703,"50.0000":0.111295,"60.0000":0.149759,"70.0000":0.239871,"75.0000":0.328703,"80.0000":0.373759,"85.0000":0.490495,"90.0000":0.655871,"95.0000":0.923135,"96.0000":1.086463,"97.0000":1.217535,"98.0000":1.515519,"99.0000":1.771519,"99.9000":2.412543,"99.9900":4.349951,"99.9990":4.349951,"99.9999":4.349951,"100.0000":4.349951},"allocations":{"total_heap":434085023,"minor_heap":418097761,"major_heap":139293712,"promoted_words":123306450,"promoted_pct":29.49},"domain_alloc_stats":{"0":{"total":434085023,"minor":418097761,"promoted":123306450,"major":139293712,"promoted_pct":29.49}},"collections":{"minor":1629,"major":34,"forced_major":0,"compactions":0}}
