{"version":1,"wall_time":5.91,"cpu_time":5.91,"gc_time":3.94,"gc_overhead":66.58,"max_rss_kb":241988,"domain_stats":{"0":{"wall_time":5.91,"gc_time":3.94,"gc_overhead":66.58}},"mean_latency":0.007477,"stddev_latency":0.012677,"min_latency":0.0,"max_latency":0.062111,"distr_latency":{"25.0000":4.7e-05,"50.0000":0.000271,"60.0000":0.001031,"70.0000":0.010223,"75.0000":0.010311,"80.0000":0.010911,"85.0000":0.035263,"90.0000":0.035775,"95.0000":0.035999,"96.0000":0.036031,"97.0000":0.036159,"98.0000":0.036511,"99.0000":0.036831,"99.9000":0.040831,"99.9900":0.048287,"99.9990":0.053151,"99.9999":0.056415,"100.0000":0.062111},"allocations":{"total_heap":69978929,"minor_heap":68782134,"major_heap":1838294,"promoted_words":641499,"promoted_pct":0.93},"domain_alloc_stats":{"0":{"total":69978929,"minor":68782134,"promoted":641499,"major":1838294,"promoted_pct":0.93}},"collections":{"minor":161101,"major":80550,"forced_major":0,"compactions":0}}
{"version":1,"wall_time":6.19,"cpu_time":6.19,"gc_time":4.23,"gc_overhead":68.35,"max_rss_kb":242368,"domain_stats":{"0":{"wall_time":6.19,"gc_time":4.23,"gc_overhead":68.35}},"mean_latency":0.008045,"stddev_latency":0.013915,"min_latency":0.0,"max_latency":0.073791,"distr_latency":{"25.0000":4.7e-05,"50.0000":0.000271,"60.0000":0.001023,"70.0000":0.010287,"75.0000":0.010463,"80.0000":0.010991,"85.0000":0.038719,"90.0000":0.039263,"95.0000":0.039423,"96.0000":0.039519,"97.0000":0.039615,"98.0000":0.039999,"99.0000":0.040287,"99.9000":0.044863,"99.9900":0.054687,"99.9990":0.058111,"99.9999":0.070527,"100.0000":0.073791},"allocations":{"total_heap":69978929,"minor_heap":68782134,"major_heap":1838294,"promoted_words":641499,"promoted_pct":0.93},"domain_alloc_stats":{"0":{"total":69978929,"minor":68782134,"promoted":641499,"major":1838294,"promoted_pct":0.93}},"collections":{"minor":161101,"major":80550,"forced_major":0,"compactions":0}}
{"version":1,"wall_time":6.28,"cpu_time":6.28,"gc_time":4.29,"gc_overhead":68.32,"max_rss_kb":243588,"domain_stats":{"0":{"wall_time":6.28,"gc_time":4.29,"gc_overhead":68.32}},"mean_latency":0.008152,"stddev_latency":0.013975,"min_latency":0.0,"max_latency":0.083647,"distr_latency":{"25.0000":4.7e-05,"50.0000":0.000287,"60.0000":0.001031,"70.0000":0.010207,"75.0000":0.010847,"80.0000":0.011743,"85.0000":0.038687,"90.0000":0.039423,"95.0000":0.039583,"96.0000":0.039647,"97.0000":0.039775,"98.0000":0.040191,"99.0000":0.040479,"99.9000":0.046655,"99.9900":0.049823,"99.9990":0.057215,"99.9999":0.070911,"100.0000":0.083647},"allocations":{"total_heap":69978929,"minor_heap":68782134,"major_heap":1838294,"promoted_words":641499,"promoted_pct":0.93},"domain_alloc_stats":{"0":{"total":69978929,"minor":68782134,"promoted":641499,"major":1838294,"promoted_pct":0.93}},"collections":{"minor":161101,"major":80550,"forced_major":0,"compactions":0}}
