{"version":1,"wall_time":2.22,"cpu_time":2.22,"gc_time":1.38,"gc_overhead":62.08,"max_rss_kb":262300,"domain_stats":{"0":{"wall_time":2.22,"gc_time":1.38,"gc_overhead":62.08}},"mean_latency":0.19698,"stddev_latency":0.416208,"min_latency":0.0,"max_latency":3.078143,"distr_latency":{"25.0000":8.7e-05,"50.0000":0.000295,"60.0000":0.000335,"70.0000":0.004391,"75.0000":0.008447,"80.0000":0.399615,"85.0000":0.739327,"90.0000":0.795647,"95.0000":1.172479,"96.0000":1.262591,"97.0000":1.324031,"98.0000":1.431551,"99.0000":1.742847,"99.9000":2.217983,"99.9900":2.414591,"99.9990":3.078143,"99.9999":3.078143,"100.0000":3.078143},"allocations":{"total_heap":14037553,"minor_heap":300335,"major_heap":13737819,"promoted_words":601,"promoted_pct":0.2},"domain_alloc_stats":{"0":{"total":14037553,"minor":300335,"promoted":601,"major":13737819,"promoted_pct":0.2}},"collections":{"minor":792,"major":396,"forced_major":0,"compactions":0}}
{"version":1,"wall_time":2.13,"cpu_time":2.13,"gc_time":1.28,"gc_overhead":60.32,"max_rss_kb":262184,"domain_stats":{"0":{"wall_time":2.13,"gc_time":1.28,"gc_overhead":60.32}},"mean_latency":0.183553,"stddev_latency":0.383639,"min_latency":0.0,"max_latency":3.035135,"distr_latency":{"25.0000":8.7e-05,"50.0000":0.000295,"60.0000":0.000335,"70.0000":0.004143,"75.0000":0.008863,"80.0000":0.372223,"85.0000":0.737279,"90.0000":0.782335,"95.0000":1.020415,"96.0000":1.145855,"97.0000":1.251327,"98.0000":1.354751,"99.0000":1.481727,"99.9000":2.087935,"99.9900":2.961407,"99.9990":3.035135,"99.9999":3.035135,"100.0000":3.035135},"allocations":{"total_heap":14037553,"minor_heap":300335,"major_heap":13737819,"promoted_words":601,"promoted_pct":0.2},"domain_alloc_stats":{"0":{"total":14037553,"minor":300335,"promoted":601,"major":13737819,"promoted_pct":0.2}},"collections":{"minor":792,"major":396,"forced_major":0,"compactions":0}}
{"version":1,"wall_time":2.12,"cpu_time":2.12,"gc_time":1.28,"gc_overhead":60.07,"max_rss_kb":262364,"domain_stats":{"0":{"wall_time":2.12,"gc_time":1.28,"gc_overhead":60.07}},"mean_latency":0.182483,"stddev_latency":0.383641,"min_latency":0.0,"max_latency":3.350527,"distr_latency":{"25.0000":8.7e-05,"50.0000":0.000295,"60.0000":0.000335,"70.0000":0.004391,"75.0000":0.008775,"80.0000":0.376063,"85.0000":0.723967,"90.0000":0.765439,"95.0000":1.006079,"96.0000":1.126399,"97.0000":1.225727,"98.0000":1.341439,"99.0000":1.466367,"99.9000":2.236415,"99.9900":2.265087,"99.9990":3.350527,"99.9999":3.350527,"100.0000":3.350527},"allocations":{"total_heap":14037553,"minor_heap":300335,"major_heap":13737819,"promoted_words":601,"promoted_pct":0.2},"domain_alloc_stats":{"0":{"total":14037553,"minor":300335,"promoted":601,"major":13737819,"promoted_pct":0.2}},"collections":{"minor":792,"major":396,"forced_major":0,"compactions":0}}
