{"version":1,"wall_time":2.32,"cpu_time":2.32,"gc_time":0.92,"gc_overhead":39.67,"max_rss_kb":391512,"domain_stats":{"0":{"wall_time":2.32,"gc_time":0.92,"gc_overhead":39.67}},"mean_latency":0.411723,"stddev_latency":0.534118,"min_latency":0.0,"max_latency":4.026367,"distr_latency":{"25.0000":0.096895,"50.0000":0.244991,"60.0000":0.328191,"70.0000":0.417791,"75.0000":0.490495,"80.0000":0.567807,"85.0000":0.700927,"90.0000":1.081343,"95.0000":1.545215,"96.0000":1.612799,"97.0000":1.927167,"98.0000":2.228223,"99.0000":2.820095,"99.9000":3.313663,"99.9900":4.026367,"99.9990":4.026367,"99.9999":4.026367,"100.0000":4.026367},"allocations":{"total_heap":279422699,"minor_heap":265953352,"major_heap":121585944,"promoted_words":108116597,"promoted_pct":40.65},"domain_alloc_stats":{"0":{"total":279422699,"minor":265953352,"promoted":108116597,"major":121585944,"promoted_pct":40.65}},"collections":{"minor":1054,"major":38,"forced_major":0,"compactions":0}}
{"version":1,"wall_time":2.3,"cpu_time":2.3,"gc_time":0.92,"gc_overhead":40.08,"max_rss_kb":385512,"domain_stats":{"0":{"wall_time":2.3,"gc_time":0.92,"gc_overhead":40.08}},"mean_latency":0.412285,"stddev_latency":0.535731,"min_latency":0.0,"max_latency":3.969023,"distr_latency":{"25.0000":0.096575,"50.0000":0.248447,"60.0000":0.328447,"70.0000":0.421119,"75.0000":0.486655,"80.0000":0.565759,"85.0000":0.695295,"90.0000":1.085439,"95.0000":1.569791,"96.0000":1.630207,"97.0000":1.956863,"98.0000":2.217983,"99.0000":2.840575,"99.9000":3.295231,"99.9900":3.969023,"99.9990":3.969023,"99.9999":3.969023,"100.0000":3.969023},"allocations":{"total_heap":279422699,"minor_heap":265953352,"major_heap":121585944,"promoted_words":108116597,"promoted_pct":40.65},"domain_alloc_stats":{"0":{"total":279422699,"minor":265953352,"promoted":108116597,"major":121585944,"promoted_pct":40.65}},"collections":{"minor":1054,"major":38,"forced_major":0,"compactions":0}}
{"version":1,"wall_time":2.29,"cpu_time":2.29,"gc_time":0.91,"gc_overhead":39.92,"max_rss_kb":385940,"domain_stats":{"0":{"wall_time":2.29,"gc_time":0.91,"gc_overhead":39.92}},"mean_latency":0.410103,"stddev_latency":0.528321,"min_latency":0.0,"max_latency":3.868671,"distr_latency":{"25.0000":0.096703,"50.0000":0.245375,"60.0000":0.328191,"70.0000":0.424191,"75.0000":0.490751,"80.0000":0.571903,"85.0000":0.698879,"90.0000":1.085439,"95.0000":1.538047,"96.0000":1.597439,"97.0000":1.917951,"98.0000":2.209791,"99.0000":2.813951,"99.9000":3.203071,"99.9900":3.868671,"99.9990":3.868671,"99.9999":3.868671,"100.0000":3.868671},"allocations":{"total_heap":279422699,"minor_heap":265953352,"major_heap":121585944,"promoted_words":108116597,"promoted_pct":40.65},"domain_alloc_stats":{"0":{"total":279422699,"minor":265953352,"promoted":108116597,"major":121585944,"promoted_pct":40.65}},"collections":{"minor":1054,"major":38,"forced_major":0,"compactions":0}}
