{"version":1,"wall_time":2.76,"cpu_time":2.76,"gc_time":2.74,"gc_overhead":99.05,"max_rss_kb":111568,"domain_stats":{"0":{"wall_time":2.76,"gc_time":2.74,"gc_overhead":99.05}},"mean_latency":0.228256,"stddev_latency":0.364432,"min_latency":0.0,"max_latency":2.955263,"distr_latency":{"25.0000":0.000287,"50.0000":0.000295,"60.0000":0.010151,"70.0000":0.178943,"75.0000":0.454911,"80.0000":0.725503,"85.0000":0.884223,"90.0000":0.892927,"95.0000":0.899071,"96.0000":0.900607,"97.0000":0.902143,"98.0000":0.904191,"99.0000":0.908287,"99.9000":1.542143,"99.9900":2.756607,"99.9990":2.955263,"99.9999":2.955263,"100.0000":2.955263},"allocations":{"total_heap":14037841,"minor_heap":300574,"major_heap":13737835,"promoted_words":568,"promoted_pct":0.19},"domain_alloc_stats":{"0":{"total":14037841,"minor":300574,"promoted":568,"major":13737835,"promoted_pct":0.19}},"collections":{"minor":981,"major":981,"forced_major":0,"compactions":0}}
{"version":1,"wall_time":2.77,"cpu_time":2.77,"gc_time":2.75,"gc_overhead":99.04,"max_rss_kb":111412,"domain_stats":{"0":{"wall_time":2.77,"gc_time":2.75,"gc_overhead":99.04}},"mean_latency":0.228977,"stddev_latency":0.366145,"min_latency":0.0,"max_latency":3.186687,"distr_latency":{"25.0000":0.000287,"50.0000":0.000295,"60.0000":0.010591,"70.0000":0.177535,"75.0000":0.457215,"80.0000":0.727039,"85.0000":0.885247,"90.0000":0.891391,"95.0000":0.897023,"96.0000":0.898559,"97.0000":0.900607,"98.0000":0.902655,"99.0000":0.907263,"99.9000":1.545215,"99.9900":2.770943,"99.9990":3.186687,"99.9999":3.186687,"100.0000":3.186687},"allocations":{"total_heap":14037841,"minor_heap":300574,"major_heap":13737835,"promoted_words":568,"promoted_pct":0.19},"domain_alloc_stats":{"0":{"total":14037841,"minor":300574,"promoted":568,"major":13737835,"promoted_pct":0.19}},"collections":{"minor":981,"major":981,"forced_major":0,"compactions":0}}
{"version":1,"wall_time":2.76,"cpu_time":2.76,"gc_time":2.74,"gc_overhead":99.06,"max_rss_kb":111500,"domain_stats":{"0":{"wall_time":2.76,"gc_time":2.74,"gc_overhead":99.06}},"mean_latency":0.228296,"stddev_latency":0.365518,"min_latency":0.0,"max_latency":3.805183,"distr_latency":{"25.0000":0.000287,"50.0000":0.000295,"60.0000":0.010207,"70.0000":0.179583,"75.0000":0.450815,"80.0000":0.727039,"85.0000":0.881663,"90.0000":0.887807,"95.0000":0.893439,"96.0000":0.895487,"97.0000":0.897023,"98.0000":0.899071,"99.0000":0.905215,"99.9000":1.542143,"99.9900":2.734079,"99.9990":3.805183,"99.9999":3.805183,"100.0000":3.805183},"allocations":{"total_heap":14037841,"minor_heap":300574,"major_heap":13737835,"promoted_words":568,"promoted_pct":0.19},"domain_alloc_stats":{"0":{"total":14037841,"minor":300574,"promoted":568,"major":13737835,"promoted_pct":0.19}},"collections":{"minor":981,"major":981,"forced_major":0,"compactions":0}}
