{"version":1,"wall_time":6.48,"cpu_time":6.48,"gc_time":3.6,"gc_overhead":55.5,"max_rss_kb":791924,"domain_stats":{"0":{"wall_time":6.48,"gc_time":3.6,"gc_overhead":55.5}},"mean_latency":0.161732,"stddev_latency":0.385495,"min_latency":0.0,"max_latency":13.869055,"distr_latency":{"25.0000":0.055775,"50.0000":0.076863,"60.0000":0.086527,"70.0000":0.111423,"75.0000":0.141951,"80.0000":0.270335,"85.0000":0.311551,"90.0000":0.339455,"95.0000":0.390655,"96.0000":0.433151,"97.0000":0.557055,"98.0000":0.959999,"99.0000":1.472511,"99.9000":5.435391,"99.9900":12.460031,"99.9990":13.869055,"99.9999":13.869055,"100.0000":13.869055},"allocations":{"total_heap":2913937003,"minor_heap":2901354844,"major_heap":388715394,"promoted_words":376133235,"promoted_pct":12.96},"domain_alloc_stats":{"0":{"total":2913937003,"minor":2901354844,"promoted":376133235,"major":388715394,"promoted_pct":12.96}},"collections":{"minor":11115,"major":72,"forced_major":0,"compactions":0}}
{"version":1,"wall_time":6.48,"cpu_time":6.48,"gc_time":3.6,"gc_overhead":55.53,"max_rss_kb":791312,"domain_stats":{"0":{"wall_time":6.48,"gc_time":3.6,"gc_overhead":55.53}},"mean_latency":0.161884,"stddev_latency":0.386133,"min_latency":0.0,"max_latency":13.533183,"distr_latency":{"25.0000":0.055551,"50.0000":0.076415,"60.0000":0.086399,"70.0000":0.111487,"75.0000":0.142335,"80.0000":0.268543,"85.0000":0.312831,"90.0000":0.340479,"95.0000":0.391167,"96.0000":0.431103,"97.0000":0.565759,"98.0000":0.954879,"99.0000":1.470463,"99.9000":5.296127,"99.9900":12.460031,"99.9990":13.533183,"99.9999":13.533183,"100.0000":13.533183},"allocations":{"total_heap":2913937003,"minor_heap":2901354844,"major_heap":388715394,"promoted_words":376133235,"promoted_pct":12.96},"domain_alloc_stats":{"0":{"total":2913937003,"minor":2901354844,"promoted":376133235,"major":388715394,"promoted_pct":12.96}},"collections":{"minor":11115,"major":72,"forced_major":0,"compactions":0}}
{"version":1,"wall_time":6.58,"cpu_time":6.58,"gc_time":3.65,"gc_overhead":55.39,"max_rss_kb":791972,"domain_stats":{"0":{"wall_time":6.58,"gc_time":3.65,"gc_overhead":55.39}},"mean_latency":0.163966,"stddev_latency":0.385421,"min_latency":0.0,"max_latency":13.549567,"distr_latency":{"25.0000":0.055359,"50.0000":0.080383,"60.0000":0.088895,"70.0000":0.114559,"75.0000":0.142719,"80.0000":0.268287,"85.0000":0.318975,"90.0000":0.346623,"95.0000":0.397311,"96.0000":0.434943,"97.0000":0.557567,"98.0000":0.953343,"99.0000":1.490943,"99.9000":5.275647,"99.9900":12.435455,"99.9990":13.549567,"99.9999":13.549567,"100.0000":13.549567},"allocations":{"total_heap":2913937003,"minor_heap":2901354844,"major_heap":388715394,"promoted_words":376133235,"promoted_pct":12.96},"domain_alloc_stats":{"0":{"total":2913937003,"minor":2901354844,"promoted":376133235,"major":388715394,"promoted_pct":12.96}},"collections":{"minor":11115,"major":72,"forced_major":0,"compactions":0}}
