{"version":1,"wall_time":1.26,"cpu_time":1.26,"gc_time":1.22,"gc_overhead":97.02,"max_rss_kb":110332,"domain_stats":{"0":{"wall_time":1.26,"gc_time":1.22,"gc_overhead":97.02}},"mean_latency":0.171903,"stddev_latency":0.378517,"min_latency":0.0,"max_latency":3.188735,"distr_latency":{"25.0000":0.000103,"50.0000":0.000295,"60.0000":0.000303,"70.0000":0.005591,"75.0000":0.007695,"80.0000":0.077951,"85.0000":0.739327,"90.0000":0.798207,"95.0000":1.027583,"96.0000":1.149951,"97.0000":1.257471,"98.0000":1.372159,"99.0000":1.500159,"99.9000":2.038783,"99.9900":2.535423,"99.9990":3.188735,"99.9999":3.188735,"100.0000":3.188735},"allocations":{"total_heap":14037553,"minor_heap":300335,"major_heap":13737819,"promoted_words":601,"promoted_pct":0.2},"domain_alloc_stats":{"0":{"total":14037553,"minor":300335,"promoted":601,"major":13737819,"promoted_pct":0.2}},"collections":{"minor":864,"major":432,"forced_major":0,"compactions":0}}
{"version":1,"wall_time":1.27,"cpu_time":1.27,"gc_time":1.23,"gc_overhead":97.16,"max_rss_kb":110668,"domain_stats":{"0":{"wall_time":1.27,"gc_time":1.23,"gc_overhead":97.16}},"mean_latency":0.173295,"stddev_latency":0.380259,"min_latency":0.0,"max_latency":3.446783,"distr_latency":{"25.0000":8.7e-05,"50.0000":0.000295,"60.0000":0.000303,"70.0000":0.005231,"75.0000":0.007071,"80.0000":0.078143,"85.0000":0.752127,"90.0000":0.811007,"95.0000":1.037823,"96.0000":1.159167,"97.0000":1.282047,"98.0000":1.384447,"99.0000":1.514495,"99.9000":1.894399,"99.9900":2.449407,"99.9990":3.446783,"99.9999":3.446783,"100.0000":3.446783},"allocations":{"total_heap":14037553,"minor_heap":300335,"major_heap":13737819,"promoted_words":601,"promoted_pct":0.2},"domain_alloc_stats":{"0":{"total":14037553,"minor":300335,"promoted":601,"major":13737819,"promoted_pct":0.2}},"collections":{"minor":864,"major":432,"forced_major":0,"compactions":0}}
{"version":1,"wall_time":1.27,"cpu_time":1.27,"gc_time":1.23,"gc_overhead":97.03,"max_rss_kb":110484,"domain_stats":{"0":{"wall_time":1.27,"gc_time":1.23,"gc_overhead":97.03}},"mean_latency":0.173583,"stddev_latency":0.381368,"min_latency":0.0,"max_latency":3.217407,"distr_latency":{"25.0000":9.5e-05,"50.0000":0.000295,"60.0000":0.000311,"70.0000":0.005831,"75.0000":0.008311,"80.0000":0.079103,"85.0000":0.745983,"90.0000":0.811519,"95.0000":1.035775,"96.0000":1.166335,"97.0000":1.272831,"98.0000":1.386495,"99.0000":1.523711,"99.9000":1.945599,"99.9900":2.521087,"99.9990":3.217407,"99.9999":3.217407,"100.0000":3.217407},"allocations":{"total_heap":14037553,"minor_heap":300335,"major_heap":13737819,"promoted_words":601,"promoted_pct":0.2},"domain_alloc_stats":{"0":{"total":14037553,"minor":300335,"promoted":601,"major":13737819,"promoted_pct":0.2}},"collections":{"minor":864,"major":432,"forced_major":0,"compactions":0}}
