{"version":1,"wall_time":0.49,"cpu_time":0.49,"gc_time":0.46,"gc_overhead":92.77,"max_rss_kb":111116,"domain_stats":{"0":{"wall_time":0.49,"gc_time":0.46,"gc_overhead":92.77}},"mean_latency":0.164012,"stddev_latency":0.35097,"min_latency":0.0,"max_latency":2.914303,"distr_latency":{"25.0000":0.000111,"50.0000":0.000295,"60.0000":0.000303,"70.0000":0.007295,"75.0000":0.010663,"80.0000":0.122239,"85.0000":0.738303,"90.0000":0.751615,"95.0000":0.960511,"96.0000":1.065983,"97.0000":1.177599,"98.0000":1.270783,"99.0000":1.389567,"99.9000":1.507327,"99.9900":2.914303,"99.9990":2.914303,"99.9999":2.914303,"100.0000":2.914303},"allocations":{"total_heap":14037063,"minor_heap":300279,"major_heap":13737385,"promoted_words":601,"promoted_pct":0.2},"domain_alloc_stats":{"0":{"total":14037063,"minor":300279,"promoted":601,"major":13737385,"promoted_pct":0.2}},"collections":{"minor":318,"major":159,"forced_major":0,"compactions":0}}
{"version":1,"wall_time":0.51,"cpu_time":0.51,"gc_time":0.47,"gc_overhead":92.93,"max_rss_kb":111208,"domain_stats":{"0":{"wall_time":0.51,"gc_time":0.47,"gc_overhead":92.93}},"mean_latency":0.170043,"stddev_latency":0.372878,"min_latency":0.0,"max_latency":3.547135,"distr_latency":{"25.0000":0.000111,"50.0000":0.000295,"60.0000":0.000311,"70.0000":0.007815,"75.0000":0.010815,"80.0000":0.128511,"85.0000":0.741887,"90.0000":0.755199,"95.0000":0.978943,"96.0000":1.098751,"97.0000":1.224703,"98.0000":1.314815,"99.0000":1.444863,"99.9000":2.314239,"99.9900":3.547135,"99.9990":3.547135,"99.9999":3.547135,"100.0000":3.547135},"allocations":{"total_heap":14037063,"minor_heap":300279,"major_heap":13737385,"promoted_words":601,"promoted_pct":0.2},"domain_alloc_stats":{"0":{"total":14037063,"minor":300279,"promoted":601,"major":13737385,"promoted_pct":0.2}},"collections":{"minor":318,"major":159,"forced_major":0,"compactions":0}}
{"version":1,"wall_time":0.49,"cpu_time":0.49,"gc_time":0.46,"gc_overhead":92.65,"max_rss_kb":110852,"domain_stats":{"0":{"wall_time":0.49,"gc_time":0.46,"gc_overhead":92.65}},"mean_latency":0.163492,"stddev_latency":0.34907,"min_latency":0.0,"max_latency":2.854911,"distr_latency":{"25.0000":0.000111,"50.0000":0.000295,"60.0000":0.000303,"70.0000":0.007071,"75.0000":0.010575,"80.0000":0.129663,"85.0000":0.739327,"90.0000":0.754687,"95.0000":0.915455,"96.0000":1.013759,"97.0000":1.131519,"98.0000":1.271807,"99.0000":1.403903,"99.9000":1.655807,"99.9900":2.854911,"99.9990":2.854911,"99.9999":2.854911,"100.0000":2.854911},"allocations":{"total_heap":14037063,"minor_heap":300279,"major_heap":13737385,"promoted_words":601,"promoted_pct":0.2},"domain_alloc_stats":{"0":{"total":14037063,"minor":300279,"promoted":601,"major":13737385,"promoted_pct":0.2}},"collections":{"minor":318,"major":159,"forced_major":0,"compactions":0}}
