{"version":1,"wall_time":2.95,"cpu_time":2.95,"gc_time":0.72,"gc_overhead":24.32,"max_rss_kb":459396,"domain_stats":{"0":{"wall_time":2.95,"gc_time":0.72,"gc_overhead":24.32}},"mean_latency":0.253779,"stddev_latency":0.538526,"min_latency":0.0,"max_latency":3.825663,"distr_latency":{"25.0000":8.7e-05,"50.0000":0.000431,"60.0000":0.000551,"70.0000":0.008663,"75.0000":0.014447,"80.0000":0.585727,"85.0000":0.949759,"90.0000":0.972799,"95.0000":1.332223,"96.0000":1.428479,"97.0000":1.519615,"98.0000":1.652735,"99.0000":2.351103,"99.9000":3.452927,"99.9900":3.825663,"99.9990":3.825663,"99.9999":3.825663,"100.0000":3.825663},"allocations":{"total_heap":14037323,"minor_heap":300539,"major_heap":13737385,"promoted_words":601,"promoted_pct":0.2},"domain_alloc_stats":{"0":{"total":14037323,"minor":300539,"promoted":601,"major":13737385,"promoted_pct":0.2}},"collections":{"minor":347,"major":173,"forced_major":0,"compactions":0}}
{"version":1,"wall_time":2.91,"cpu_time":2.91,"gc_time":0.7,"gc_overhead":24.18,"max_rss_kb":459196,"domain_stats":{"0":{"wall_time":2.91,"gc_time":0.7,"gc_overhead":24.18}},"mean_latency":0.249134,"stddev_latency":0.527446,"min_latency":0.0,"max_latency":3.784703,"distr_latency":{"25.0000":8.7e-05,"50.0000":0.000415,"60.0000":0.000575,"70.0000":0.008751,"75.0000":0.014471,"80.0000":0.587775,"85.0000":0.948223,"90.0000":0.964607,"95.0000":1.269759,"96.0000":1.402879,"97.0000":1.514495,"98.0000":1.634303,"99.0000":2.009087,"99.9000":3.387391,"99.9900":3.784703,"99.9990":3.784703,"99.9999":3.784703,"100.0000":3.784703},"allocations":{"total_heap":14037323,"minor_heap":300539,"major_heap":13737385,"promoted_words":601,"promoted_pct":0.2},"domain_alloc_stats":{"0":{"total":14037323,"minor":300539,"promoted":601,"major":13737385,"promoted_pct":0.2}},"collections":{"minor":347,"major":173,"forced_major":0,"compactions":0}}
{"version":1,"wall_time":2.94,"cpu_time":2.94,"gc_time":0.71,"gc_overhead":24.01,"max_rss_kb":459084,"domain_stats":{"0":{"wall_time":2.94,"gc_time":0.71,"gc_overhead":24.01}},"mean_latency":0.250367,"stddev_latency":0.531046,"min_latency":0.0,"max_latency":3.721215,"distr_latency":{"25.0000":8.7e-05,"50.0000":0.000415,"60.0000":0.000575,"70.0000":0.008615,"75.0000":0.014007,"80.0000":0.587263,"85.0000":0.946175,"90.0000":0.966143,"95.0000":1.285119,"96.0000":1.397759,"97.0000":1.524735,"98.0000":1.641471,"99.0000":2.179071,"99.9000":3.409919,"99.9900":3.721215,"99.9990":3.721215,"99.9999":3.721215,"100.0000":3.721215},"allocations":{"total_heap":14037323,"minor_heap":300539,"major_heap":13737385,"promoted_words":601,"promoted_pct":0.2},"domain_alloc_stats":{"0":{"total":14037323,"minor":300539,"promoted":601,"major":13737385,"promoted_pct":0.2}},"collections":{"minor":347,"major":173,"forced_major":0,"compactions":0}}
