{"version":1,"wall_time":2.21,"cpu_time":2.21,"gc_time":0.8,"gc_overhead":36.22,"max_rss_kb":470944,"domain_stats":{"0":{"wall_time":2.21,"gc_time":0.8,"gc_overhead":36.22}},"mean_latency":0.362005,"stddev_latency":0.422131,"min_latency":0.0,"max_latency":3.137535,"distr_latency":{"25.0000":0.097791,"50.0000":0.237439,"60.0000":0.314879,"70.0000":0.418559,"75.0000":0.459263,"80.0000":0.512511,"85.0000":0.614399,"90.0000":0.790015,"95.0000":1.351679,"96.0000":1.474559,"97.0000":1.594367,"98.0000":1.642495,"99.0000":2.068479,"99.9000":2.785279,"99.9900":3.137535,"99.9990":3.137535,"99.9999":3.137535,"100.0000":3.137535},"allocations":{"total_heap":279324647,"minor_heap":265855300,"major_heap":121638301,"promoted_words":108168954,"promoted_pct":40.69},"domain_alloc_stats":{"0":{"total":279324647,"minor":265855300,"promoted":108168954,"major":121638301,"promoted_pct":40.69}},"collections":{"minor":1051,"major":33,"forced_major":0,"compactions":0}}
{"version":1,"wall_time":2.21,"cpu_time":2.21,"gc_time":0.8,"gc_overhead":36.16,"max_rss_kb":459324,"domain_stats":{"0":{"wall_time":2.21,"gc_time":0.8,"gc_overhead":36.16}},"mean_latency":0.360829,"stddev_latency":0.420213,"min_latency":0.0,"max_latency":3.155967,"distr_latency":{"25.0000":0.097535,"50.0000":0.235775,"60.0000":0.314367,"70.0000":0.417535,"75.0000":0.461055,"80.0000":0.510207,"85.0000":0.608255,"90.0000":0.788479,"95.0000":1.343487,"96.0000":1.459199,"97.0000":1.571839,"98.0000":1.645567,"99.0000":2.051071,"99.9000":2.826239,"99.9900":3.155967,"99.9990":3.155967,"99.9999":3.155967,"100.0000":3.155967},"allocations":{"total_heap":279324647,"minor_heap":265855300,"major_heap":121638301,"promoted_words":108168954,"promoted_pct":40.69},"domain_alloc_stats":{"0":{"total":279324647,"minor":265855300,"promoted":108168954,"major":121638301,"promoted_pct":40.69}},"collections":{"minor":1051,"major":33,"forced_major":0,"compactions":0}}
{"version":1,"wall_time":2.21,"cpu_time":2.21,"gc_time":0.8,"gc_overhead":36.19,"max_rss_kb":470896,"domain_stats":{"0":{"wall_time":2.21,"gc_time":0.8,"gc_overhead":36.19}},"mean_latency":0.361399,"stddev_latency":0.417994,"min_latency":0.0,"max_latency":3.100671,"distr_latency":{"25.0000":0.098303,"50.0000":0.236799,"60.0000":0.314111,"70.0000":0.421887,"75.0000":0.464639,"80.0000":0.515839,"85.0000":0.612863,"90.0000":0.786943,"95.0000":1.339391,"96.0000":1.441791,"97.0000":1.562623,"98.0000":1.625087,"99.0000":2.053119,"99.9000":2.748415,"99.9900":3.100671,"99.9990":3.100671,"99.9999":3.100671,"100.0000":3.100671},"allocations":{"total_heap":279324647,"minor_heap":265855300,"major_heap":121638301,"promoted_words":108168954,"promoted_pct":40.69},"domain_alloc_stats":{"0":{"total":279324647,"minor":265855300,"promoted":108168954,"major":121638301,"promoted_pct":40.69}},"collections":{"minor":1051,"major":33,"forced_major":0,"compactions":0}}
