{"version":1,"wall_time":13.39,"cpu_time":13.39,"gc_time":3.15,"gc_overhead":23.49,"max_rss_kb":466032,"domain_stats":{"0":{"wall_time":13.39,"gc_time":3.15,"gc_overhead":23.49}},"mean_latency":0.170629,"stddev_latency":0.268286,"min_latency":0.0,"max_latency":3.803135,"distr_latency":{"25.0000":0.038111,"50.0000":0.081471,"60.0000":0.109695,"70.0000":0.149247,"75.0000":0.181503,"80.0000":0.228479,"85.0000":0.304639,"90.0000":0.423935,"95.0000":0.628223,"96.0000":0.729087,"97.0000":0.857087,"98.0000":0.995327,"99.0000":1.325055,"99.9000":2.486271,"99.9900":3.526655,"99.9990":3.803135,"99.9999":3.803135,"100.0000":3.803135},"allocations":{"total_heap":2410379827,"minor_heap":2361675616,"major_heap":435710133,"promoted_words":387005922,"promoted_pct":16.39},"domain_alloc_stats":{"0":{"total":2410379827,"minor":2361675616,"promoted":387005922,"major":435710133,"promoted_pct":16.39}},"collections":{"minor":9067,"major":77,"forced_major":0,"compactions":0}}
{"version":1,"wall_time":13.34,"cpu_time":13.34,"gc_time":3.12,"gc_overhead":23.41,"max_rss_kb":466032,"domain_stats":{"0":{"wall_time":13.34,"gc_time":3.12,"gc_overhead":23.41}},"mean_latency":0.169403,"stddev_latency":0.266981,"min_latency":0.0,"max_latency":3.799039,"distr_latency":{"25.0000":0.037631,"50.0000":0.080703,"60.0000":0.108351,"70.0000":0.147967,"75.0000":0.179455,"80.0000":0.227327,"85.0000":0.302591,"90.0000":0.421375,"95.0000":0.622079,"96.0000":0.720895,"97.0000":0.848383,"98.0000":0.991743,"99.0000":1.324031,"99.9000":2.467839,"99.9900":3.481599,"99.9990":3.799039,"99.9999":3.799039,"100.0000":3.799039},"allocations":{"total_heap":2410379827,"minor_heap":2361675616,"major_heap":435710133,"promoted_words":387005922,"promoted_pct":16.39},"domain_alloc_stats":{"0":{"total":2410379827,"minor":2361675616,"promoted":387005922,"major":435710133,"promoted_pct":16.39}},"collections":{"minor":9067,"major":77,"forced_major":0,"compactions":0}}
{"version":1,"wall_time":13.38,"cpu_time":13.38,"gc_time":3.11,"gc_overhead":23.26,"max_rss_kb":465948,"domain_stats":{"0":{"wall_time":13.38,"gc_time":3.11,"gc_overhead":23.26}},"mean_latency":0.168805,"stddev_latency":0.265683,"min_latency":0.0,"max_latency":3.792895,"distr_latency":{"25.0000":0.037599,"50.0000":0.080383,"60.0000":0.108351,"70.0000":0.148479,"75.0000":0.180095,"80.0000":0.227071,"85.0000":0.302335,"90.0000":0.417023,"95.0000":0.614911,"96.0000":0.721919,"97.0000":0.845823,"98.0000":0.994303,"99.0000":1.317887,"99.9000":2.494463,"99.9900":3.495935,"99.9990":3.792895,"99.9999":3.792895,"100.0000":3.792895},"allocations":{"total_heap":2410379827,"minor_heap":2361675616,"major_heap":435710133,"promoted_words":387005922,"promoted_pct":16.39},"domain_alloc_stats":{"0":{"total":2410379827,"minor":2361675616,"promoted":387005922,"major":435710133,"promoted_pct":16.39}},"collections":{"minor":9067,"major":77,"forced_major":0,"compactions":0}}
