{"version":1,"wall_time":12.4,"cpu_time":12.4,"gc_time":2.25,"gc_overhead":18.11,"max_rss_kb":556888,"domain_stats":{"0":{"wall_time":12.4,"gc_time":2.25,"gc_overhead":18.11}},"mean_latency":0.122037,"stddev_latency":0.1981,"min_latency":0.0,"max_latency":4.579327,"distr_latency":{"25.0000":0.026799,"50.0000":0.060863,"60.0000":0.082559,"70.0000":0.107007,"75.0000":0.123647,"80.0000":0.147839,"85.0000":0.188415,"90.0000":0.341759,"95.0000":0.485375,"96.0000":0.529407,"97.0000":0.589311,"98.0000":0.662527,"99.0000":0.900607,"99.9000":2.024447,"99.9900":3.928063,"99.9990":4.579327,"99.9999":4.579327,"100.0000":4.579327},"allocations":{"total_heap":2410357978,"minor_heap":2361653767,"major_heap":435328505,"promoted_words":386624294,"promoted_pct":16.37},"domain_alloc_stats":{"0":{"total":2410357978,"minor":2361653767,"promoted":386624294,"major":435328505,"promoted_pct":16.37}},"collections":{"minor":9047,"major":41,"forced_major":0,"compactions":0}}
{"version":1,"wall_time":12.53,"cpu_time":12.53,"gc_time":2.26,"gc_overhead":18.03,"max_rss_kb":556744,"domain_stats":{"0":{"wall_time":12.53,"gc_time":2.26,"gc_overhead":18.03}},"mean_latency":0.122794,"stddev_latency":0.199152,"min_latency":0.0,"max_latency":4.562943,"distr_latency":{"25.0000":0.027007,"50.0000":0.061471,"60.0000":0.082623,"70.0000":0.107135,"75.0000":0.123903,"80.0000":0.147455,"85.0000":0.187903,"90.0000":0.348159,"95.0000":0.491263,"96.0000":0.534015,"97.0000":0.591359,"98.0000":0.674303,"99.0000":0.913407,"99.9000":2.011135,"99.9900":3.917823,"99.9990":4.562943,"99.9999":4.562943,"100.0000":4.562943},"allocations":{"total_heap":2410357978,"minor_heap":2361653767,"major_heap":435328505,"promoted_words":386624294,"promoted_pct":16.37},"domain_alloc_stats":{"0":{"total":2410357978,"minor":2361653767,"promoted":386624294,"major":435328505,"promoted_pct":16.37}},"collections":{"minor":9047,"major":41,"forced_major":0,"compactions":0}}
{"version":1,"wall_time":12.47,"cpu_time":12.47,"gc_time":2.23,"gc_overhead":17.87,"max_rss_kb":556948,"domain_stats":{"0":{"wall_time":12.47,"gc_time":2.23,"gc_overhead":17.87}},"mean_latency":0.121098,"stddev_latency":0.197546,"min_latency":0.0,"max_latency":4.567039,"distr_latency":{"25.0000":0.026799,"50.0000":0.060287,"60.0000":0.081535,"70.0000":0.105791,"75.0000":0.122431,"80.0000":0.146175,"85.0000":0.187391,"90.0000":0.339967,"95.0000":0.479487,"96.0000":0.524799,"97.0000":0.580095,"98.0000":0.667135,"99.0000":0.900095,"99.9000":2.020351,"99.9900":3.962879,"99.9990":4.567039,"99.9999":4.567039,"100.0000":4.567039},"allocations":{"total_heap":2410357978,"minor_heap":2361653767,"major_heap":435328505,"promoted_words":386624294,"promoted_pct":16.37},"domain_alloc_stats":{"0":{"total":2410357978,"minor":2361653767,"promoted":386624294,"major":435328505,"promoted_pct":16.37}},"collections":{"minor":9047,"major":41,"forced_major":0,"compactions":0}}
