{"version":1,"wall_time":2.23,"cpu_time":2.23,"gc_time":0.6,"gc_overhead":27.09,"max_rss_kb":600184,"domain_stats":{"0":{"wall_time":2.23,"gc_time":0.6,"gc_overhead":27.09}},"mean_latency":0.261189,"stddev_latency":0.435644,"min_latency":0.0,"max_latency":6.365183,"distr_latency":{"25.0000":0.000287,"50.0000":0.000471,"60.0000":0.004791,"70.0000":0.239487,"75.0000":0.570367,"80.0000":0.840703,"85.0000":0.907775,"90.0000":0.915967,"95.0000":0.926719,"96.0000":0.931839,"97.0000":0.972799,"98.0000":1.340415,"99.0000":1.375231,"99.9000":2.590719,"99.9900":6.365183,"99.9990":6.365183,"99.9999":6.365183,"100.0000":6.365183},"allocations":{"total_heap":14036789,"minor_heap":299984,"major_heap":13737373,"promoted_words":568,"promoted_pct":0.19},"domain_alloc_stats":{"0":{"total":14036789,"minor":299984,"promoted":568,"major":13737373,"promoted_pct":0.19}},"collections":{"minor":168,"major":168,"forced_major":0,"compactions":0}}
{"version":1,"wall_time":2.25,"cpu_time":2.25,"gc_time":0.6,"gc_overhead":26.84,"max_rss_kb":600204,"domain_stats":{"0":{"wall_time":2.25,"gc_time":0.6,"gc_overhead":26.84}},"mean_latency":0.261118,"stddev_latency":0.432909,"min_latency":0.0,"max_latency":6.094847,"distr_latency":{"25.0000":0.000287,"50.0000":0.000455,"60.0000":0.004383,"70.0000":0.238719,"75.0000":0.563199,"80.0000":0.853503,"85.0000":0.915455,"90.0000":0.923135,"95.0000":0.932863,"96.0000":0.938495,"97.0000":0.945663,"98.0000":1.239039,"99.0000":1.375231,"99.9000":2.422783,"99.9900":6.094847,"99.9990":6.094847,"99.9999":6.094847,"100.0000":6.094847},"allocations":{"total_heap":14036789,"minor_heap":299984,"major_heap":13737373,"promoted_words":568,"promoted_pct":0.19},"domain_alloc_stats":{"0":{"total":14036789,"minor":299984,"promoted":568,"major":13737373,"promoted_pct":0.19}},"collections":{"minor":168,"major":168,"forced_major":0,"compactions":0}}
{"version":1,"wall_time":2.26,"cpu_time":2.26,"gc_time":0.6,"gc_overhead":26.68,"max_rss_kb":600208,"domain_stats":{"0":{"wall_time":2.26,"gc_time":0.6,"gc_overhead":26.68}},"mean_latency":0.260375,"stddev_latency":0.433326,"min_latency":0.0,"max_latency":6.750207,"distr_latency":{"25.0000":0.000287,"50.0000":0.000455,"60.0000":0.004727,"70.0000":0.239359,"75.0000":0.562687,"80.0000":0.868351,"85.0000":0.916479,"90.0000":0.924159,"95.0000":0.934399,"96.0000":0.939007,"97.0000":0.947199,"98.0000":1.027071,"99.0000":1.373183,"99.9000":2.412543,"99.9900":6.750207,"99.9990":6.750207,"99.9999":6.750207,"100.0000":6.750207},"allocations":{"total_heap":14036789,"minor_heap":299984,"major_heap":13737373,"promoted_words":568,"promoted_pct":0.19},"domain_alloc_stats":{"0":{"total":14036789,"minor":299984,"promoted":568,"major":13737373,"promoted_pct":0.19}},"collections":{"minor":168,"major":168,"forced_major":0,"compactions":0}}
