{"version":1,"wall_time":3.25,"cpu_time":3.25,"gc_time":3.22,"gc_overhead":99.0,"max_rss_kb":112100,"domain_stats":{"0":{"wall_time":3.25,"gc_time":3.22,"gc_overhead":99.0}},"mean_latency":0.268123,"stddev_latency":0.420505,"min_latency":0.0,"max_latency":3.209215,"distr_latency":{"25.0000":0.000287,"50.0000":0.000303,"60.0000":0.012671,"70.0000":0.260863,"75.0000":0.533503,"80.0000":0.811007,"85.0000":1.025023,"90.0000":1.037311,"95.0000":1.050623,"96.0000":1.054719,"97.0000":1.058815,"98.0000":1.062911,"99.0000":1.070079,"99.9000":1.816575,"99.9900":2.770943,"99.9990":3.209215,"99.9999":3.209215,"100.0000":3.209215},"allocations":{"total_heap":14037791,"minor_heap":300524,"major_heap":13737835,"promoted_words":568,"promoted_pct":0.19},"domain_alloc_stats":{"0":{"total":14037791,"minor":300524,"promoted":568,"major":13737835,"promoted_pct":0.19}},"collections":{"minor":1158,"major":1158,"forced_major":0,"compactions":0}}
{"version":1,"wall_time":3.26,"cpu_time":3.26,"gc_time":3.23,"gc_overhead":98.99,"max_rss_kb":112036,"domain_stats":{"0":{"wall_time":3.26,"gc_time":3.23,"gc_overhead":98.99}},"mean_latency":0.268868,"stddev_latency":0.421801,"min_latency":0.0,"max_latency":3.063807,"distr_latency":{"25.0000":0.000287,"50.0000":0.000295,"60.0000":0.013311,"70.0000":0.257919,"75.0000":0.530943,"80.0000":0.806399,"85.0000":1.038335,"90.0000":1.050623,"95.0000":1.058815,"96.0000":1.059839,"97.0000":1.061887,"98.0000":1.064959,"99.0000":1.068031,"99.9000":1.812479,"99.9900":2.779135,"99.9990":3.063807,"99.9999":3.063807,"100.0000":3.063807},"allocations":{"total_heap":14037791,"minor_heap":300524,"major_heap":13737835,"promoted_words":568,"promoted_pct":0.19},"domain_alloc_stats":{"0":{"total":14037791,"minor":300524,"promoted":568,"major":13737835,"promoted_pct":0.19}},"collections":{"minor":1158,"major":1158,"forced_major":0,"compactions":0}}
{"version":1,"wall_time":3.34,"cpu_time":3.34,"gc_time":3.3,"gc_overhead":99.01,"max_rss_kb":112056,"domain_stats":{"0":{"wall_time":3.34,"gc_time":3.3,"gc_overhead":99.01}},"mean_latency":0.27552,"stddev_latency":0.436466,"min_latency":0.0,"max_latency":3.155967,"distr_latency":{"25.0000":0.000287,"50.0000":0.000311,"60.0000":0.013087,"70.0000":0.261759,"75.0000":0.543743,"80.0000":0.817663,"85.0000":1.041407,"90.0000":1.052671,"95.0000":1.060863,"96.0000":1.062911,"97.0000":1.063935,"98.0000":1.068031,"99.0000":1.383423,"99.9000":1.819647,"99.9900":2.793471,"99.9990":3.155967,"99.9999":3.155967,"100.0000":3.155967},"allocations":{"total_heap":14037791,"minor_heap":300524,"major_heap":13737835,"promoted_words":568,"promoted_pct":0.19},"domain_alloc_stats":{"0":{"total":14037791,"minor":300524,"promoted":568,"major":13737835,"promoted_pct":0.19}},"collections":{"minor":1158,"major":1158,"forced_major":0,"compactions":0}}
