{"version":1,"wall_time":5.52,"cpu_time":5.52,"gc_time":3.35,"gc_overhead":60.75,"max_rss_kb":172984,"domain_stats":{"0":{"wall_time":5.52,"gc_time":3.35,"gc_overhead":60.75}},"mean_latency":0.226001,"stddev_latency":0.478848,"min_latency":0.0,"max_latency":3.917823,"distr_latency":{"25.0000":4.7e-05,"50.0000":0.000327,"60.0000":0.000431,"70.0000":0.003791,"75.0000":0.009887,"80.0000":0.393471,"85.0000":0.896511,"90.0000":0.915967,"95.0000":1.356799,"96.0000":1.487871,"97.0000":1.519615,"98.0000":1.674239,"99.0000":1.858559,"99.9000":2.770943,"99.9900":2.957311,"99.9990":3.917823,"99.9999":3.917823,"100.0000":3.917823},"allocations":{"total_heap":14037986,"minor_heap":300719,"major_heap":13737868,"promoted_words":601,"promoted_pct":0.2},"domain_alloc_stats":{"0":{"total":14037986,"minor":300719,"promoted":601,"major":13737868,"promoted_pct":0.2}},"collections":{"minor":1889,"major":944,"forced_major":0,"compactions":0}}
{"version":1,"wall_time":5.24,"cpu_time":5.24,"gc_time":3.09,"gc_overhead":58.94,"max_rss_kb":173000,"domain_stats":{"0":{"wall_time":5.24,"gc_time":3.09,"gc_overhead":58.94}},"mean_latency":0.208246,"stddev_latency":0.432122,"min_latency":0.0,"max_latency":3.164159,"distr_latency":{"25.0000":6.3e-05,"50.0000":0.000327,"60.0000":0.000455,"70.0000":0.003847,"75.0000":0.010095,"80.0000":0.375551,"85.0000":0.867327,"90.0000":0.910335,"95.0000":1.180671,"96.0000":1.308671,"97.0000":1.438719,"98.0000":1.551359,"99.0000":1.699839,"99.9000":2.125823,"99.9900":2.648063,"99.9990":3.164159,"99.9999":3.164159,"100.0000":3.164159},"allocations":{"total_heap":14037986,"minor_heap":300719,"major_heap":13737868,"promoted_words":601,"promoted_pct":0.2},"domain_alloc_stats":{"0":{"total":14037986,"minor":300719,"promoted":601,"major":13737868,"promoted_pct":0.2}},"collections":{"minor":1889,"major":944,"forced_major":0,"compactions":0}}
{"version":1,"wall_time":5.28,"cpu_time":5.28,"gc_time":3.14,"gc_overhead":59.42,"max_rss_kb":173068,"domain_stats":{"0":{"wall_time":5.28,"gc_time":3.14,"gc_overhead":59.42}},"mean_latency":0.211445,"stddev_latency":0.441583,"min_latency":0.0,"max_latency":3.153919,"distr_latency":{"25.0000":5.5e-05,"50.0000":0.000335,"60.0000":0.000455,"70.0000":0.003783,"75.0000":0.009815,"80.0000":0.379135,"85.0000":0.875519,"90.0000":0.905215,"95.0000":1.218559,"96.0000":1.342463,"97.0000":1.464319,"98.0000":1.557503,"99.0000":1.698815,"99.9000":2.420735,"99.9900":2.930687,"99.9990":3.153919,"99.9999":3.153919,"100.0000":3.153919},"allocations":{"total_heap":14037986,"minor_heap":300719,"major_heap":13737868,"promoted_words":601,"promoted_pct":0.2},"domain_alloc_stats":{"0":{"total":14037986,"minor":300719,"promoted":601,"major":13737868,"promoted_pct":0.2}},"collections":{"minor":1889,"major":944,"forced_major":0,"compactions":0}}
