{"version":1,"wall_time":6.41,"cpu_time":6.41,"gc_time":5.09,"gc_overhead":79.43,"max_rss_kb":78448,"domain_stats":{"0":{"wall_time":6.41,"gc_time":5.09,"gc_overhead":79.43}},"mean_latency":0.528883,"stddev_latency":0.604091,"min_latency":0.0,"max_latency":2.269183,"distr_latency":{"25.0000":0.010183,"50.0000":0.159359,"60.0000":0.303871,"70.0000":1.303551,"75.0000":1.318911,"80.0000":1.330175,"85.0000":1.338367,"90.0000":1.349631,"95.0000":1.363967,"96.0000":1.368063,"97.0000":1.375231,"98.0000":1.384447,"99.0000":1.433599,"99.9000":2.185215,"99.9900":2.258943,"99.9990":2.269183,"99.9999":2.269183,"100.0000":2.269183},"allocations":{"total_heap":659181135,"minor_heap":624689341,"major_heap":98091876,"promoted_words":63600082,"promoted_pct":10.18},"domain_alloc_stats":{"0":{"total":659181135,"minor":624689341,"promoted":63600082,"major":98091876,"promoted_pct":10.18}},"collections":{"minor":9193,"major":3666,"forced_major":1116,"compactions":0}}
{"version":1,"wall_time":6.33,"cpu_time":6.33,"gc_time":5.04,"gc_overhead":79.69,"max_rss_kb":77996,"domain_stats":{"0":{"wall_time":6.33,"gc_time":5.04,"gc_overhead":79.69}},"mean_latency":0.523897,"stddev_latency":0.598042,"min_latency":0.0,"max_latency":2.220031,"distr_latency":{"25.0000":0.010175,"50.0000":0.158463,"60.0000":0.304127,"70.0000":1.297407,"75.0000":1.309695,"80.0000":1.317887,"85.0000":1.324031,"90.0000":1.332223,"95.0000":1.345535,"96.0000":1.349631,"97.0000":1.356799,"98.0000":1.368063,"99.0000":1.437695,"99.9000":2.168831,"99.9900":2.207743,"99.9990":2.220031,"99.9999":2.220031,"100.0000":2.220031},"allocations":{"total_heap":659181137,"minor_heap":624689343,"major_heap":98095334,"promoted_words":63603540,"promoted_pct":10.18},"domain_alloc_stats":{"0":{"total":659181137,"minor":624689343,"promoted":63603540,"major":98095334,"promoted_pct":10.18}},"collections":{"minor":9194,"major":3665,"forced_major":1116,"compactions":0}}
{"version":1,"wall_time":6.28,"cpu_time":6.28,"gc_time":4.99,"gc_overhead":79.46,"max_rss_kb":78740,"domain_stats":{"0":{"wall_time":6.28,"gc_time":4.99,"gc_overhead":79.46}},"mean_latency":0.518237,"stddev_latency":0.591034,"min_latency":0.0,"max_latency":2.334719,"distr_latency":{"25.0000":0.010223,"50.0000":0.160511,"60.0000":0.301567,"70.0000":1.278975,"75.0000":1.293311,"80.0000":1.300479,"85.0000":1.308671,"90.0000":1.316863,"95.0000":1.330175,"96.0000":1.335295,"97.0000":1.342463,"98.0000":1.354751,"99.0000":1.421311,"99.9000":2.152447,"99.9900":2.193407,"99.9990":2.334719,"99.9999":2.334719,"100.0000":2.334719},"allocations":{"total_heap":659181137,"minor_heap":624689343,"major_heap":98091864,"promoted_words":63600070,"promoted_pct":10.18},"domain_alloc_stats":{"0":{"total":659181137,"minor":624689343,"promoted":63600070,"major":98091864,"promoted_pct":10.18}},"collections":{"minor":9193,"major":3666,"forced_major":1116,"compactions":0}}
