{"version":1,"wall_time":3.43,"cpu_time":3.43,"gc_time":0.83,"gc_overhead":24.31,"max_rss_kb":336440,"domain_stats":{"0":{"wall_time":3.43,"gc_time":0.83,"gc_overhead":24.31}},"mean_latency":0.246633,"stddev_latency":0.360651,"min_latency":0.0,"max_latency":4.366335,"distr_latency":{"25.0000":0.036511,"50.0000":0.112191,"60.0000":0.148991,"70.0000":0.238847,"75.0000":0.326655,"80.0000":0.373759,"85.0000":0.485887,"90.0000":0.649727,"95.0000":0.906751,"96.0000":1.091583,"97.0000":1.214463,"98.0000":1.516543,"99.0000":1.739775,"99.9000":2.447359,"99.9900":4.366335,"99.9990":4.366335,"99.9999":4.366335,"100.0000":4.366335},"allocations":{"total_heap":434085023,"minor_heap":418097761,"major_heap":139293712,"promoted_words":123306450,"promoted_pct":29.49},"domain_alloc_stats":{"0":{"total":434085023,"minor":418097761,"promoted":123306450,"major":139293712,"promoted_pct":29.49}},"collections":{"minor":1629,"major":34,"forced_major":0,"compactions":0}}
{"version":1,"wall_time":3.43,"cpu_time":3.43,"gc_time":0.84,"gc_overhead":24.35,"max_rss_kb":336380,"domain_stats":{"0":{"wall_time":3.43,"gc_time":0.84,"gc_overhead":24.35}},"mean_latency":0.247129,"stddev_latency":0.360808,"min_latency":0.0,"max_latency":4.337663,"distr_latency":{"25.0000":0.036863,"50.0000":0.112383,"60.0000":0.150399,"70.0000":0.239743,"75.0000":0.326399,"80.0000":0.374271,"85.0000":0.486655,"90.0000":0.647167,"95.0000":0.922111,"96.0000":1.095679,"97.0000":1.211391,"98.0000":1.533951,"99.0000":1.734655,"99.9000":2.447359,"99.9900":4.337663,"99.9990":4.337663,"99.9999":4.337663,"100.0000":4.337663},"allocations":{"total_heap":434085023,"minor_heap":418097761,"major_heap":139293712,"promoted_words":123306450,"promoted_pct":29.49},"domain_alloc_stats":{"0":{"total":434085023,"minor":418097761,"promoted":123306450,"major":139293712,"promoted_pct":29.49}},"collections":{"minor":1629,"major":34,"forced_major":0,"compactions":0}}
{"version":1,"wall_time":3.44,"cpu_time":3.44,"gc_time":0.85,"gc_overhead":24.6,"max_rss_kb":336340,"domain_stats":{"0":{"wall_time":3.44,"gc_time":0.85,"gc_overhead":24.6}},"mean_latency":0.250288,"stddev_latency":0.363239,"min_latency":0.0,"max_latency":4.345855,"distr_latency":{"25.0000":0.037471,"50.0000":0.112447,"60.0000":0.150527,"70.0000":0.241791,"75.0000":0.335103,"80.0000":0.383487,"85.0000":0.492799,"90.0000":0.665599,"95.0000":0.927231,"96.0000":1.094655,"97.0000":1.218559,"98.0000":1.535999,"99.0000":1.755135,"99.9000":2.392063,"99.9900":4.345855,"99.9990":4.345855,"99.9999":4.345855,"100.0000":4.345855},"allocations":{"total_heap":434085023,"minor_heap":418097761,"major_heap":139293712,"promoted_words":123306450,"promoted_pct":29.49},"domain_alloc_stats":{"0":{"total":434085023,"minor":418097761,"promoted":123306450,"major":139293712,"promoted_pct":29.49}},"collections":{"minor":1629,"major":34,"forced_major":0,"compactions":0}}
