{"version":1,"wall_time":2.06,"cpu_time":2.06,"gc_time":0.67,"gc_overhead":32.59,"max_rss_kb":438124,"domain_stats":{"0":{"wall_time":2.06,"gc_time":0.67,"gc_overhead":32.59}},"mean_latency":0.303244,"stddev_latency":0.339953,"min_latency":0.0,"max_latency":4.579327,"distr_latency":{"25.0000":0.089279,"50.0000":0.163839,"60.0000":0.299263,"70.0000":0.349183,"75.0000":0.422655,"80.0000":0.482047,"85.0000":0.580095,"90.0000":0.707583,"95.0000":0.963583,"96.0000":1.098751,"97.0000":1.209343,"98.0000":1.385471,"99.0000":1.556479,"99.9000":2.051071,"99.9900":4.579327,"99.9990":4.579327,"99.9999":4.579327,"100.0000":4.579327},"allocations":{"total_heap":279370935,"minor_heap":265901588,"major_heap":121996675,"promoted_words":108527328,"promoted_pct":40.81},"domain_alloc_stats":{"0":{"total":279370935,"minor":265901588,"promoted":108527328,"major":121996675,"promoted_pct":40.81}},"collections":{"minor":1045,"major":22,"forced_major":0,"compactions":0}}
{"version":1,"wall_time":2.06,"cpu_time":2.06,"gc_time":0.68,"gc_overhead":32.78,"max_rss_kb":438136,"domain_stats":{"0":{"wall_time":2.06,"gc_time":0.68,"gc_overhead":32.78}},"mean_latency":0.305455,"stddev_latency":0.342994,"min_latency":0.0,"max_latency":4.571135,"distr_latency":{"25.0000":0.088575,"50.0000":0.166143,"60.0000":0.301567,"70.0000":0.348159,"75.0000":0.418815,"80.0000":0.490495,"85.0000":0.593407,"90.0000":0.715263,"95.0000":0.989183,"96.0000":1.106943,"97.0000":1.223679,"98.0000":1.394687,"99.0000":1.567743,"99.9000":2.044927,"99.9900":4.571135,"99.9990":4.571135,"99.9999":4.571135,"100.0000":4.571135},"allocations":{"total_heap":279370935,"minor_heap":265901588,"major_heap":121996675,"promoted_words":108527328,"promoted_pct":40.81},"domain_alloc_stats":{"0":{"total":279370935,"minor":265901588,"promoted":108527328,"major":121996675,"promoted_pct":40.81}},"collections":{"minor":1045,"major":22,"forced_major":0,"compactions":0}}
{"version":1,"wall_time":2.05,"cpu_time":2.05,"gc_time":0.68,"gc_overhead":32.9,"max_rss_kb":438404,"domain_stats":{"0":{"wall_time":2.05,"gc_time":0.68,"gc_overhead":32.9}},"mean_latency":0.305753,"stddev_latency":0.343327,"min_latency":0.0,"max_latency":4.575231,"distr_latency":{"25.0000":0.088703,"50.0000":0.165631,"60.0000":0.301055,"70.0000":0.350463,"75.0000":0.419071,"80.0000":0.488959,"85.0000":0.586751,"90.0000":0.712703,"95.0000":0.974847,"96.0000":1.116159,"97.0000":1.224703,"98.0000":1.407999,"99.0000":1.569791,"99.9000":2.045951,"99.9900":4.575231,"99.9990":4.575231,"99.9999":4.575231,"100.0000":4.575231},"allocations":{"total_heap":279370935,"minor_heap":265901588,"major_heap":121996675,"promoted_words":108527328,"promoted_pct":40.81},"domain_alloc_stats":{"0":{"total":279370935,"minor":265901588,"promoted":108527328,"major":121996675,"promoted_pct":40.81}},"collections":{"minor":1045,"major":22,"forced_major":0,"compactions":0}}
