{"version":1,"wall_time":0.74,"cpu_time":0.74,"gc_time":0.48,"gc_overhead":64.88,"max_rss_kb":108680,"domain_stats":{"0":{"wall_time":0.74,"gc_time":0.48,"gc_overhead":64.88}},"mean_latency":0.20797,"stddev_latency":0.342984,"min_latency":0.0,"max_latency":3.000319,"distr_latency":{"25.0000":0.000287,"50.0000":0.000327,"60.0000":0.006815,"70.0000":0.127935,"75.0000":0.407295,"80.0000":0.680959,"85.0000":0.791551,"90.0000":0.795647,"95.0000":0.800767,"96.0000":0.804863,"97.0000":0.808959,"98.0000":0.813055,"99.0000":0.991743,"99.9000":1.390591,"99.9900":3.000319,"99.9990":3.000319,"99.9999":3.000319,"100.0000":3.000319},"allocations":{"total_heap":13497511,"minor_heap":120415,"major_heap":13377643,"promoted_words":547,"promoted_pct":0.45},"domain_alloc_stats":{"0":{"total":13497511,"minor":120415,"promoted":547,"major":13377643,"promoted_pct":0.45}},"collections":{"minor":170,"major":170,"forced_major":0,"compactions":0}}
{"version":1,"wall_time":0.75,"cpu_time":0.75,"gc_time":0.49,"gc_overhead":65.08,"max_rss_kb":108676,"domain_stats":{"0":{"wall_time":0.75,"gc_time":0.49,"gc_overhead":65.08}},"mean_latency":0.210117,"stddev_latency":0.347386,"min_latency":0.0,"max_latency":3.153919,"distr_latency":{"25.0000":0.000287,"50.0000":0.000327,"60.0000":0.006791,"70.0000":0.125951,"75.0000":0.408063,"80.0000":0.697855,"85.0000":0.795647,"90.0000":0.799231,"95.0000":0.804863,"96.0000":0.807423,"97.0000":0.810495,"98.0000":0.815103,"99.0000":1.165311,"99.9000":1.391615,"99.9900":3.153919,"99.9990":3.153919,"99.9999":3.153919,"100.0000":3.153919},"allocations":{"total_heap":13497511,"minor_heap":120415,"major_heap":13377643,"promoted_words":547,"promoted_pct":0.45},"domain_alloc_stats":{"0":{"total":13497511,"minor":120415,"promoted":547,"major":13377643,"promoted_pct":0.45}},"collections":{"minor":170,"major":170,"forced_major":0,"compactions":0}}
{"version":1,"wall_time":0.75,"cpu_time":0.75,"gc_time":0.48,"gc_overhead":64.9,"max_rss_kb":108716,"domain_stats":{"0":{"wall_time":0.75,"gc_time":0.48,"gc_overhead":64.9}},"mean_latency":0.20953,"stddev_latency":0.3447,"min_latency":0.0,"max_latency":3.043327,"distr_latency":{"25.0000":0.000287,"50.0000":0.000327,"60.0000":0.006823,"70.0000":0.132607,"75.0000":0.405503,"80.0000":0.689151,"85.0000":0.799231,"90.0000":0.805887,"95.0000":0.813567,"96.0000":0.815615,"97.0000":0.818175,"98.0000":0.821247,"99.0000":0.831999,"99.9000":1.421311,"99.9900":3.043327,"99.9990":3.043327,"99.9999":3.043327,"100.0000":3.043327},"allocations":{"total_heap":13497511,"minor_heap":120415,"major_heap":13377643,"promoted_words":547,"promoted_pct":0.45},"domain_alloc_stats":{"0":{"total":13497511,"minor":120415,"promoted":547,"major":13377643,"promoted_pct":0.45}},"collections":{"minor":170,"major":170,"forced_major":0,"compactions":0}}
