{"version":1,"wall_time":2.77,"cpu_time":2.77,"gc_time":1.36,"gc_overhead":49.17,"max_rss_kb":330456,"domain_stats":{"0":{"wall_time":2.77,"gc_time":1.36,"gc_overhead":49.17}},"mean_latency":0.606843,"stddev_latency":0.906759,"min_latency":0.0,"max_latency":6.963199,"distr_latency":{"25.0000":0.112639,"50.0000":0.338175,"60.0000":0.403711,"70.0000":0.517631,"75.0000":0.617471,"80.0000":0.741375,"85.0000":0.972287,"90.0000":1.720319,"95.0000":2.603007,"96.0000":2.813951,"97.0000":3.379199,"98.0000":3.856383,"99.0000":4.829183,"99.9000":5.771263,"99.9900":6.963199,"99.9990":6.963199,"99.9999":6.963199,"100.0000":6.963199},"allocations":{"total_heap":279422426,"minor_heap":265953079,"major_heap":121564184,"promoted_words":108094837,"promoted_pct":40.64},"domain_alloc_stats":{"0":{"total":279422426,"minor":265953079,"promoted":108094837,"major":121564184,"promoted_pct":40.64}},"collections":{"minor":1069,"major":59,"forced_major":0,"compactions":0}}
{"version":1,"wall_time":2.77,"cpu_time":2.77,"gc_time":1.36,"gc_overhead":49.0,"max_rss_kb":330092,"domain_stats":{"0":{"wall_time":2.77,"gc_time":1.36,"gc_overhead":49.0}},"mean_latency":0.605762,"stddev_latency":0.902946,"min_latency":0.0,"max_latency":6.955007,"distr_latency":{"25.0000":0.115263,"50.0000":0.339967,"60.0000":0.411391,"70.0000":0.522495,"75.0000":0.618495,"80.0000":0.741375,"85.0000":0.949247,"90.0000":1.704959,"95.0000":2.592767,"96.0000":2.779135,"97.0000":3.342335,"98.0000":3.893247,"99.0000":4.747263,"99.9000":5.824511,"99.9900":6.955007,"99.9990":6.955007,"99.9999":6.955007,"100.0000":6.955007},"allocations":{"total_heap":279422426,"minor_heap":265953079,"major_heap":121564184,"promoted_words":108094837,"promoted_pct":40.64},"domain_alloc_stats":{"0":{"total":279422426,"minor":265953079,"promoted":108094837,"major":121564184,"promoted_pct":40.64}},"collections":{"minor":1069,"major":59,"forced_major":0,"compactions":0}}
{"version":1,"wall_time":2.78,"cpu_time":2.78,"gc_time":1.38,"gc_overhead":49.43,"max_rss_kb":329492,"domain_stats":{"0":{"wall_time":2.78,"gc_time":1.38,"gc_overhead":49.43}},"mean_latency":0.613937,"stddev_latency":0.921779,"min_latency":0.0,"max_latency":7.118847,"distr_latency":{"25.0000":0.113919,"50.0000":0.340991,"60.0000":0.410879,"70.0000":0.527871,"75.0000":0.623103,"80.0000":0.743935,"85.0000":0.968703,"90.0000":1.748991,"95.0000":2.643967,"96.0000":2.809855,"97.0000":3.459071,"98.0000":3.954687,"99.0000":4.886527,"99.9000":5.918719,"99.9900":7.118847,"99.9990":7.118847,"99.9999":7.118847,"100.0000":7.118847},"allocations":{"total_heap":279422426,"minor_heap":265953079,"major_heap":121564184,"promoted_words":108094837,"promoted_pct":40.64},"domain_alloc_stats":{"0":{"total":279422426,"minor":265953079,"promoted":108094837,"major":121564184,"promoted_pct":40.64}},"collections":{"minor":1069,"major":59,"forced_major":0,"compactions":0}}
