{"version":1,"wall_time":4.45,"cpu_time":4.45,"gc_time":1.59,"gc_overhead":35.69,"max_rss_kb":1459884,"domain_stats":{"0":{"wall_time":4.45,"gc_time":1.59,"gc_overhead":35.69}},"mean_latency":0.071542,"stddev_latency":0.097352,"min_latency":0.0,"max_latency":3.839999,"distr_latency":{"25.0000":0.023087,"50.0000":0.053759,"60.0000":0.069887,"70.0000":0.091199,"75.0000":0.098175,"80.0000":0.102783,"85.0000":0.106047,"90.0000":0.116415,"95.0000":0.189567,"96.0000":0.245375,"97.0000":0.280575,"98.0000":0.355327,"99.0000":0.455167,"99.9000":0.889343,"99.9900":2.596863,"99.9990":3.839999,"99.9999":3.839999,"100.0000":3.839999},"allocations":{"total_heap":2914060097,"minor_heap":2901420004,"major_heap":388708912,"promoted_words":376068819,"promoted_pct":12.96},"domain_alloc_stats":{"0":{"total":2914060097,"minor":2901420004,"promoted":376068819,"major":388708912,"promoted_pct":12.96}},"collections":{"minor":11082,"major":23,"forced_major":0,"compactions":0}}
{"version":1,"wall_time":4.43,"cpu_time":4.43,"gc_time":1.6,"gc_overhead":36.14,"max_rss_kb":1459688,"domain_stats":{"0":{"wall_time":4.43,"gc_time":1.6,"gc_overhead":36.14}},"mean_latency":0.071991,"stddev_latency":0.098388,"min_latency":0.0,"max_latency":3.893247,"distr_latency":{"25.0000":0.024015,"50.0000":0.054079,"60.0000":0.069759,"70.0000":0.092287,"75.0000":0.098751,"80.0000":0.102911,"85.0000":0.106111,"90.0000":0.116671,"95.0000":0.188543,"96.0000":0.243711,"97.0000":0.277247,"98.0000":0.362495,"99.0000":0.456703,"99.9000":0.911359,"99.9900":2.725887,"99.9990":3.893247,"99.9999":3.893247,"100.0000":3.893247},"allocations":{"total_heap":2914060097,"minor_heap":2901420004,"major_heap":388708912,"promoted_words":376068819,"promoted_pct":12.96},"domain_alloc_stats":{"0":{"total":2914060097,"minor":2901420004,"promoted":376068819,"major":388708912,"promoted_pct":12.96}},"collections":{"minor":11082,"major":23,"forced_major":0,"compactions":0}}
{"version":1,"wall_time":4.41,"cpu_time":4.41,"gc_time":1.58,"gc_overhead":35.85,"max_rss_kb":1459664,"domain_stats":{"0":{"wall_time":4.41,"gc_time":1.58,"gc_overhead":35.85}},"mean_latency":0.071216,"stddev_latency":0.097301,"min_latency":0.0,"max_latency":3.817471,"distr_latency":{"25.0000":0.023215,"50.0000":0.053471,"60.0000":0.069823,"70.0000":0.090815,"75.0000":0.097727,"80.0000":0.102271,"85.0000":0.105471,"90.0000":0.116223,"95.0000":0.185471,"96.0000":0.234623,"97.0000":0.275711,"98.0000":0.360447,"99.0000":0.451327,"99.9000":0.905215,"99.9900":2.695167,"99.9990":3.817471,"99.9999":3.817471,"100.0000":3.817471},"allocations":{"total_heap":2914060097,"minor_heap":2901420004,"major_heap":388708912,"promoted_words":376068819,"promoted_pct":12.96},"domain_alloc_stats":{"0":{"total":2914060097,"minor":2901420004,"promoted":376068819,"major":388708912,"promoted_pct":12.96}},"collections":{"minor":11082,"major":23,"forced_major":0,"compactions":0}}
