{"version":1,"wall_time":2.76,"cpu_time":2.76,"gc_time":1.35,"gc_overhead":49.06,"max_rss_kb":330564,"domain_stats":{"0":{"wall_time":2.76,"gc_time":1.35,"gc_overhead":49.06}},"mean_latency":0.603785,"stddev_latency":0.898402,"min_latency":0.0,"max_latency":6.897663,"distr_latency":{"25.0000":0.113407,"50.0000":0.337663,"60.0000":0.409087,"70.0000":0.521983,"75.0000":0.617983,"80.0000":0.733695,"85.0000":0.951295,"90.0000":1.698815,"95.0000":2.578431,"96.0000":2.719743,"97.0000":3.348479,"98.0000":3.839999,"99.0000":4.694015,"99.9000":5.820415,"99.9900":6.897663,"99.9990":6.897663,"99.9999":6.897663,"100.0000":6.897663},"allocations":{"total_heap":279422426,"minor_heap":265953079,"major_heap":121564184,"promoted_words":108094837,"promoted_pct":40.64},"domain_alloc_stats":{"0":{"total":279422426,"minor":265953079,"promoted":108094837,"major":121564184,"promoted_pct":40.64}},"collections":{"minor":1069,"major":59,"forced_major":0,"compactions":0}}
{"version":1,"wall_time":2.78,"cpu_time":2.78,"gc_time":1.37,"gc_overhead":49.34,"max_rss_kb":329688,"domain_stats":{"0":{"wall_time":2.78,"gc_time":1.37,"gc_overhead":49.34}},"mean_latency":0.61118,"stddev_latency":0.904522,"min_latency":0.0,"max_latency":6.959103,"distr_latency":{"25.0000":0.115839,"50.0000":0.343551,"60.0000":0.414719,"70.0000":0.534015,"75.0000":0.622591,"80.0000":0.755711,"85.0000":0.967679,"90.0000":1.724415,"95.0000":2.594815,"96.0000":2.750463,"97.0000":3.387391,"98.0000":3.860479,"99.0000":4.755455,"99.9000":5.799935,"99.9900":6.959103,"99.9990":6.959103,"99.9999":6.959103,"100.0000":6.959103},"allocations":{"total_heap":279422426,"minor_heap":265953079,"major_heap":121564184,"promoted_words":108094837,"promoted_pct":40.64},"domain_alloc_stats":{"0":{"total":279422426,"minor":265953079,"promoted":108094837,"major":121564184,"promoted_pct":40.64}},"collections":{"minor":1069,"major":59,"forced_major":0,"compactions":0}}
{"version":1,"wall_time":2.77,"cpu_time":2.77,"gc_time":1.36,"gc_overhead":49.05,"max_rss_kb":329992,"domain_stats":{"0":{"wall_time":2.77,"gc_time":1.36,"gc_overhead":49.05}},"mean_latency":0.605914,"stddev_latency":0.902304,"min_latency":0.0,"max_latency":6.901759,"distr_latency":{"25.0000":0.113983,"50.0000":0.338943,"60.0000":0.411391,"70.0000":0.526335,"75.0000":0.620543,"80.0000":0.740351,"85.0000":0.953343,"90.0000":1.711103,"95.0000":2.582527,"96.0000":2.744319,"97.0000":3.401727,"98.0000":3.907583,"99.0000":4.759551,"99.9000":5.795839,"99.9900":6.901759,"99.9990":6.901759,"99.9999":6.901759,"100.0000":6.901759},"allocations":{"total_heap":279422426,"minor_heap":265953079,"major_heap":121564184,"promoted_words":108094837,"promoted_pct":40.64},"domain_alloc_stats":{"0":{"total":279422426,"minor":265953079,"promoted":108094837,"major":121564184,"promoted_pct":40.64}},"collections":{"minor":1069,"major":59,"forced_major":0,"compactions":0}}
