{"version":1,"wall_time":2.82,"cpu_time":2.82,"gc_time":2.78,"gc_overhead":98.56,"max_rss_kb":111472,"domain_stats":{"0":{"wall_time":2.82,"gc_time":2.78,"gc_overhead":98.56}},"mean_latency":0.186028,"stddev_latency":0.416122,"min_latency":0.0,"max_latency":3.106815,"distr_latency":{"25.0000":9.5e-05,"50.0000":0.000295,"60.0000":0.000327,"70.0000":0.005735,"75.0000":0.008151,"80.0000":0.034143,"85.0000":0.713215,"90.0000":0.892415,"95.0000":1.174527,"96.0000":1.301503,"97.0000":1.416191,"98.0000":1.541119,"99.0000":1.679359,"99.9000":2.001919,"99.9900":2.840575,"99.9990":3.106815,"99.9999":3.106815,"100.0000":3.106815},"allocations":{"total_heap":14038036,"minor_heap":300769,"major_heap":13737868,"promoted_words":601,"promoted_pct":0.2},"domain_alloc_stats":{"0":{"total":14038036,"minor":300769,"promoted":601,"major":13737868,"promoted_pct":0.2}},"collections":{"minor":1963,"major":981,"forced_major":0,"compactions":0}}
{"version":1,"wall_time":2.79,"cpu_time":2.79,"gc_time":2.75,"gc_overhead":98.52,"max_rss_kb":111572,"domain_stats":{"0":{"wall_time":2.79,"gc_time":2.75,"gc_overhead":98.52}},"mean_latency":0.184041,"stddev_latency":0.410811,"min_latency":0.0,"max_latency":3.078143,"distr_latency":{"25.0000":0.000111,"50.0000":0.000295,"60.0000":0.000311,"70.0000":0.005791,"75.0000":0.007743,"80.0000":0.033471,"85.0000":0.710143,"90.0000":0.888831,"95.0000":1.153023,"96.0000":1.276927,"97.0000":1.398783,"98.0000":1.531903,"99.0000":1.659903,"99.9000":1.995775,"99.9900":2.562047,"99.9990":3.078143,"99.9999":3.078143,"100.0000":3.078143},"allocations":{"total_heap":14038036,"minor_heap":300769,"major_heap":13737868,"promoted_words":601,"promoted_pct":0.2},"domain_alloc_stats":{"0":{"total":14038036,"minor":300769,"promoted":601,"major":13737868,"promoted_pct":0.2}},"collections":{"minor":1963,"major":981,"forced_major":0,"compactions":0}}
{"version":1,"wall_time":2.84,"cpu_time":2.84,"gc_time":2.8,"gc_overhead":98.55,"max_rss_kb":111588,"domain_stats":{"0":{"wall_time":2.84,"gc_time":2.8,"gc_overhead":98.55}},"mean_latency":0.187354,"stddev_latency":0.42076,"min_latency":0.0,"max_latency":3.842047,"distr_latency":{"25.0000":0.000111,"50.0000":0.000295,"60.0000":0.000335,"70.0000":0.005751,"75.0000":0.007711,"80.0000":0.033727,"85.0000":0.712703,"90.0000":0.900607,"95.0000":1.177599,"96.0000":1.299455,"97.0000":1.424383,"98.0000":1.545215,"99.0000":1.678335,"99.9000":2.381823,"99.9900":2.848767,"99.9990":3.842047,"99.9999":3.842047,"100.0000":3.842047},"allocations":{"total_heap":14038036,"minor_heap":300769,"major_heap":13737868,"promoted_words":601,"promoted_pct":0.2},"domain_alloc_stats":{"0":{"total":14038036,"minor":300769,"promoted":601,"major":13737868,"promoted_pct":0.2}},"collections":{"minor":1963,"major":981,"forced_major":0,"compactions":0}}
