{"version":1,"wall_time":3.09,"cpu_time":3.09,"gc_time":1.2,"gc_overhead":38.83,"max_rss_kb":126480,"domain_stats":{"0":{"wall_time":3.09,"gc_time":1.2,"gc_overhead":38.83}},"mean_latency":0.004323,"stddev_latency":0.0091,"min_latency":0.0,"max_latency":0.064063,"distr_latency":{"25.0000":0.000263,"50.0000":0.000271,"60.0000":0.000271,"70.0000":0.001071,"75.0000":0.001407,"80.0000":0.004007,"85.0000":0.010727,"90.0000":0.012063,"95.0000":0.030543,"96.0000":0.030575,"97.0000":0.030623,"98.0000":0.030703,"99.0000":0.031311,"99.9000":0.042559,"99.9900":0.045023,"99.9990":0.053279,"99.9999":0.064063,"100.0000":0.064063},"allocations":{"total_heap":69978795,"minor_heap":68782000,"major_heap":1420324,"promoted_words":223529,"promoted_pct":0.32},"domain_alloc_stats":{"0":{"total":69978795,"minor":68782000,"promoted":223529,"major":1420324,"promoted_pct":0.32}},"collections":{"minor":51681,"major":25840,"forced_major":0,"compactions":0}}
{"version":1,"wall_time":3.27,"cpu_time":3.27,"gc_time":1.38,"gc_overhead":42.09,"max_rss_kb":127228,"domain_stats":{"0":{"wall_time":3.27,"gc_time":1.38,"gc_overhead":42.09}},"mean_latency":0.004954,"stddev_latency":0.010856,"min_latency":0.0,"max_latency":0.078463,"distr_latency":{"25.0000":0.000263,"50.0000":0.000271,"60.0000":0.000271,"70.0000":0.001087,"75.0000":0.001431,"80.0000":0.004071,"85.0000":0.011327,"90.0000":0.012967,"95.0000":0.037055,"96.0000":0.037087,"97.0000":0.037119,"98.0000":0.037215,"99.0000":0.037855,"99.9000":0.042495,"99.9900":0.045375,"99.9990":0.055871,"99.9999":0.078463,"100.0000":0.078463},"allocations":{"total_heap":69978795,"minor_heap":68782000,"major_heap":1420324,"promoted_words":223529,"promoted_pct":0.32},"domain_alloc_stats":{"0":{"total":69978795,"minor":68782000,"promoted":223529,"major":1420324,"promoted_pct":0.32}},"collections":{"minor":51681,"major":25840,"forced_major":0,"compactions":0}}
{"version":1,"wall_time":3.38,"cpu_time":3.38,"gc_time":1.47,"gc_overhead":43.41,"max_rss_kb":126844,"domain_stats":{"0":{"wall_time":3.38,"gc_time":1.47,"gc_overhead":43.41}},"mean_latency":0.005283,"stddev_latency":0.011869,"min_latency":0.0,"max_latency":0.061119,"distr_latency":{"25.0000":0.000263,"50.0000":0.000271,"60.0000":0.000287,"70.0000":0.001095,"75.0000":0.001431,"80.0000":0.004103,"85.0000":0.010775,"90.0000":0.013063,"95.0000":0.040927,"96.0000":0.040991,"97.0000":0.041055,"98.0000":0.041151,"99.0000":0.041727,"99.9000":0.047231,"99.9900":0.057439,"99.9990":0.059551,"99.9999":0.061119,"100.0000":0.061119},"allocations":{"total_heap":69978795,"minor_heap":68782000,"major_heap":1420324,"promoted_words":223529,"promoted_pct":0.32},"domain_alloc_stats":{"0":{"total":69978795,"minor":68782000,"promoted":223529,"major":1420324,"promoted_pct":0.32}},"collections":{"minor":51681,"major":25840,"forced_major":0,"compactions":0}}
