{"version":1,"wall_time":7.33,"cpu_time":7.33,"gc_time":6.23,"gc_overhead":84.92,"max_rss_kb":157192,"domain_stats":{"0":{"wall_time":7.33,"gc_time":6.23,"gc_overhead":84.92}},"mean_latency":0.259726,"stddev_latency":0.40916,"min_latency":0.0,"max_latency":3.203071,"distr_latency":{"25.0000":0.000287,"50.0000":0.000335,"60.0000":0.009887,"70.0000":0.238207,"75.0000":0.519167,"80.0000":0.800767,"85.0000":0.920575,"90.0000":0.943103,"95.0000":1.044479,"96.0000":1.048063,"97.0000":1.053695,"98.0000":1.061887,"99.0000":1.168383,"99.9000":1.767423,"99.9900":1.790975,"99.9990":3.203071,"99.9999":3.203071,"100.0000":3.203071},"allocations":{"total_heap":14037891,"minor_heap":300624,"major_heap":13737835,"promoted_words":568,"promoted_pct":0.19},"domain_alloc_stats":{"0":{"total":14037891,"minor":300624,"promoted":568,"major":13737835,"promoted_pct":0.19}},"collections":{"minor":2096,"major":2096,"forced_major":0,"compactions":0}}
{"version":1,"wall_time":7.26,"cpu_time":7.26,"gc_time":6.18,"gc_overhead":85.05,"max_rss_kb":156984,"domain_stats":{"0":{"wall_time":7.26,"gc_time":6.18,"gc_overhead":85.05}},"mean_latency":0.257566,"stddev_latency":0.40449,"min_latency":0.0,"max_latency":3.153919,"distr_latency":{"25.0000":0.000287,"50.0000":0.000335,"60.0000":0.009775,"70.0000":0.238207,"75.0000":0.512767,"80.0000":0.797183,"85.0000":0.920575,"90.0000":0.937983,"95.0000":1.043967,"96.0000":1.047039,"97.0000":1.050623,"98.0000":1.055743,"99.0000":1.068031,"99.9000":1.758207,"99.9900":1.775615,"99.9990":3.153919,"99.9999":3.153919,"100.0000":3.153919},"allocations":{"total_heap":14037891,"minor_heap":300624,"major_heap":13737835,"promoted_words":568,"promoted_pct":0.19},"domain_alloc_stats":{"0":{"total":14037891,"minor":300624,"promoted":568,"major":13737835,"promoted_pct":0.19}},"collections":{"minor":2096,"major":2096,"forced_major":0,"compactions":0}}
{"version":1,"wall_time":7.29,"cpu_time":7.29,"gc_time":6.2,"gc_overhead":85.07,"max_rss_kb":157136,"domain_stats":{"0":{"wall_time":7.29,"gc_time":6.2,"gc_overhead":85.07}},"mean_latency":0.258568,"stddev_latency":0.406061,"min_latency":0.0,"max_latency":3.203071,"distr_latency":{"25.0000":0.000287,"50.0000":0.000335,"60.0000":0.009951,"70.0000":0.238975,"75.0000":0.517887,"80.0000":0.797695,"85.0000":0.923647,"90.0000":0.940543,"95.0000":1.047551,"96.0000":1.050623,"97.0000":1.054719,"98.0000":1.058815,"99.0000":1.071103,"99.9000":1.764351,"99.9900":1.776639,"99.9990":3.203071,"99.9999":3.203071,"100.0000":3.203071},"allocations":{"total_heap":14037891,"minor_heap":300624,"major_heap":13737835,"promoted_words":568,"promoted_pct":0.19},"domain_alloc_stats":{"0":{"total":14037891,"minor":300624,"promoted":568,"major":13737835,"promoted_pct":0.19}},"collections":{"minor":2096,"major":2096,"forced_major":0,"compactions":0}}
