{"version":1,"wall_time":6.04,"cpu_time":6.04,"gc_time":4.07,"gc_overhead":67.5,"max_rss_kb":169980,"domain_stats":{"0":{"wall_time":6.04,"gc_time":4.07,"gc_overhead":67.5}},"mean_latency":0.013712,"stddev_latency":0.020645,"min_latency":0.0,"max_latency":0.188159,"distr_latency":{"25.0000":0.000727,"50.0000":0.002335,"60.0000":0.003055,"70.0000":0.004895,"75.0000":0.014895,"80.0000":0.048607,"85.0000":0.049439,"90.0000":0.050111,"95.0000":0.050783,"96.0000":0.050943,"97.0000":0.051167,"98.0000":0.051551,"99.0000":0.052127,"99.9000":0.063199,"99.9900":0.067647,"99.9990":0.076479,"99.9999":0.188159,"100.0000":0.188159},"allocations":{"total_heap":69978719,"minor_heap":68781924,"major_heap":1794303,"promoted_words":597508,"promoted_pct":0.87},"domain_alloc_stats":{"0":{"total":69978719,"minor":68781924,"promoted":597508,"major":1794303,"promoted_pct":0.87}},"collections":{"minor":74243,"major":74243,"forced_major":0,"compactions":0}}
{"version":1,"wall_time":6.06,"cpu_time":6.06,"gc_time":4.08,"gc_overhead":67.3,"max_rss_kb":170332,"domain_stats":{"0":{"wall_time":6.06,"gc_time":4.08,"gc_overhead":67.3}},"mean_latency":0.013729,"stddev_latency":0.020098,"min_latency":0.0,"max_latency":0.199167,"distr_latency":{"25.0000":0.001111,"50.0000":0.002847,"60.0000":0.003831,"70.0000":0.005487,"75.0000":0.014223,"80.0000":0.048127,"85.0000":0.048639,"90.0000":0.049023,"95.0000":0.049567,"96.0000":0.049727,"97.0000":0.049919,"98.0000":0.050207,"99.0000":0.050847,"99.9000":0.062783,"99.9900":0.065119,"99.9990":0.070207,"99.9999":0.199167,"100.0000":0.199167},"allocations":{"total_heap":69978719,"minor_heap":68781924,"major_heap":1794303,"promoted_words":597508,"promoted_pct":0.87},"domain_alloc_stats":{"0":{"total":69978719,"minor":68781924,"promoted":597508,"major":1794303,"promoted_pct":0.87}},"collections":{"minor":74243,"major":74243,"forced_major":0,"compactions":0}}
{"version":1,"wall_time":5.83,"cpu_time":5.83,"gc_time":3.89,"gc_overhead":66.7,"max_rss_kb":168572,"domain_stats":{"0":{"wall_time":5.83,"gc_time":3.89,"gc_overhead":66.7}},"mean_latency":0.013098,"stddev_latency":0.01968,"min_latency":0.0,"max_latency":0.191743,"distr_latency":{"25.0000":0.000727,"50.0000":0.002335,"60.0000":0.003023,"70.0000":0.004847,"75.0000":0.015055,"80.0000":0.042431,"85.0000":0.046815,"90.0000":0.049247,"95.0000":0.050335,"96.0000":0.050591,"97.0000":0.050815,"98.0000":0.051135,"99.0000":0.051775,"99.9000":0.066751,"99.9900":0.070463,"99.9990":0.076543,"99.9999":0.191743,"100.0000":0.191743},"allocations":{"total_heap":69978719,"minor_heap":68781924,"major_heap":1794303,"promoted_words":597508,"promoted_pct":0.87},"domain_alloc_stats":{"0":{"total":69978719,"minor":68781924,"promoted":597508,"major":1794303,"promoted_pct":0.87}},"collections":{"minor":74243,"major":74243,"forced_major":0,"compactions":0}}
