{"version":1,"wall_time":6.12,"cpu_time":6.12,"gc_time":4.85,"gc_overhead":79.25,"max_rss_kb":71644,"domain_stats":{"0":{"wall_time":6.12,"gc_time":4.85,"gc_overhead":79.25}},"mean_latency":0.597571,"stddev_latency":0.625096,"min_latency":0.0,"max_latency":2.125823,"distr_latency":{"25.0000":0.005927,"50.0000":0.182015,"60.0000":1.200127,"70.0000":1.316863,"75.0000":1.326079,"80.0000":1.335295,"85.0000":1.343487,"90.0000":1.352703,"95.0000":1.368063,"96.0000":1.372159,"97.0000":1.378303,"98.0000":1.388543,"99.0000":1.453055,"99.9000":2.091007,"99.9900":2.125823,"99.9990":2.125823,"99.9999":2.125823,"100.0000":2.125823},"allocations":{"total_heap":659182651,"minor_heap":624689741,"major_heap":97765464,"promoted_words":63272554,"promoted_pct":10.13},"domain_alloc_stats":{"0":{"total":659182651,"minor":624689741,"promoted":63272554,"major":97765464,"promoted_pct":10.13}},"collections":{"minor":9007,"major":3482,"forced_major":1116,"compactions":0}}
{"version":1,"wall_time":6.13,"cpu_time":6.13,"gc_time":4.86,"gc_overhead":79.34,"max_rss_kb":71364,"domain_stats":{"0":{"wall_time":6.13,"gc_time":4.86,"gc_overhead":79.34}},"mean_latency":0.599569,"stddev_latency":0.627921,"min_latency":0.0,"max_latency":2.213887,"distr_latency":{"25.0000":0.005735,"50.0000":0.180479,"60.0000":1.205247,"70.0000":1.319935,"75.0000":1.332223,"80.0000":1.341439,"85.0000":1.349631,"90.0000":1.357823,"95.0000":1.371135,"96.0000":1.376255,"97.0000":1.382399,"98.0000":1.394687,"99.0000":1.475583,"99.9000":2.109439,"99.9900":2.193407,"99.9990":2.213887,"99.9999":2.213887,"100.0000":2.213887},"allocations":{"total_heap":659182647,"minor_heap":624689737,"major_heap":97765464,"promoted_words":63272554,"promoted_pct":10.13},"domain_alloc_stats":{"0":{"total":659182647,"minor":624689737,"promoted":63272554,"major":97765464,"promoted_pct":10.13}},"collections":{"minor":9007,"major":3482,"forced_major":1116,"compactions":0}}
{"version":1,"wall_time":6.17,"cpu_time":6.17,"gc_time":4.77,"gc_overhead":77.25,"max_rss_kb":71256,"domain_stats":{"0":{"wall_time":6.17,"gc_time":4.77,"gc_overhead":77.25}},"mean_latency":0.587615,"stddev_latency":0.614662,"min_latency":0.0,"max_latency":2.217983,"distr_latency":{"25.0000":0.005687,"50.0000":0.179327,"60.0000":1.198079,"70.0000":1.292287,"75.0000":1.301503,"80.0000":1.309695,"85.0000":1.317887,"90.0000":1.327103,"95.0000":1.341439,"96.0000":1.346559,"97.0000":1.350655,"98.0000":1.361919,"99.0000":1.438719,"99.9000":2.071551,"99.9900":2.217983,"99.9990":2.217983,"99.9999":2.217983,"100.0000":2.217983},"allocations":{"total_heap":659182647,"minor_heap":624689737,"major_heap":97765459,"promoted_words":63272549,"promoted_pct":10.13},"domain_alloc_stats":{"0":{"total":659182647,"minor":624689737,"promoted":63272549,"major":97765459,"promoted_pct":10.13}},"collections":{"minor":9007,"major":3482,"forced_major":1116,"compactions":0}}
