{"version":1,"wall_time":0.47,"cpu_time":0.47,"gc_time":0.45,"gc_overhead":94.35,"max_rss_kb":117008,"domain_stats":{"0":{"wall_time":0.47,"gc_time":0.45,"gc_overhead":94.35}},"mean_latency":0.194643,"stddev_latency":0.31601,"min_latency":0.0,"max_latency":3.674111,"distr_latency":{"25.0000":0.000287,"50.0000":0.000295,"60.0000":0.003903,"70.0000":0.118591,"75.0000":0.394495,"80.0000":0.662527,"85.0000":0.745471,"90.0000":0.751103,"95.0000":0.756223,"96.0000":0.757759,"97.0000":0.759295,"98.0000":0.762367,"99.0000":0.782847,"99.9000":1.163263,"99.9900":3.674111,"99.9990":3.674111,"99.9999":3.674111,"100.0000":3.674111},"allocations":{"total_heap":14037049,"minor_heap":300244,"major_heap":13737373,"promoted_words":568,"promoted_pct":0.19},"domain_alloc_stats":{"0":{"total":14037049,"minor":300244,"promoted":568,"major":13737373,"promoted_pct":0.19}},"collections":{"minor":160,"major":160,"forced_major":0,"compactions":0}}
{"version":1,"wall_time":0.47,"cpu_time":0.47,"gc_time":0.45,"gc_overhead":94.7,"max_rss_kb":117012,"domain_stats":{"0":{"wall_time":0.47,"gc_time":0.45,"gc_overhead":94.7}},"mean_latency":0.194108,"stddev_latency":0.313057,"min_latency":0.0,"max_latency":3.219455,"distr_latency":{"25.0000":0.000287,"50.0000":0.000295,"60.0000":0.003983,"70.0000":0.120127,"75.0000":0.385279,"80.0000":0.664063,"85.0000":0.747007,"90.0000":0.752127,"95.0000":0.757247,"96.0000":0.758271,"97.0000":0.759295,"98.0000":0.760831,"99.0000":0.765439,"99.9000":1.149951,"99.9900":3.219455,"99.9990":3.219455,"99.9999":3.219455,"100.0000":3.219455},"allocations":{"total_heap":14037049,"minor_heap":300244,"major_heap":13737373,"promoted_words":568,"promoted_pct":0.19},"domain_alloc_stats":{"0":{"total":14037049,"minor":300244,"promoted":568,"major":13737373,"promoted_pct":0.19}},"collections":{"minor":160,"major":160,"forced_major":0,"compactions":0}}
{"version":1,"wall_time":0.48,"cpu_time":0.48,"gc_time":0.46,"gc_overhead":94.34,"max_rss_kb":116880,"domain_stats":{"0":{"wall_time":0.48,"gc_time":0.46,"gc_overhead":94.34}},"mean_latency":0.198608,"stddev_latency":0.321952,"min_latency":0.0,"max_latency":2.928639,"distr_latency":{"25.0000":0.000287,"50.0000":0.000295,"60.0000":0.003927,"70.0000":0.121023,"75.0000":0.398591,"80.0000":0.675839,"85.0000":0.745471,"90.0000":0.752127,"95.0000":0.758783,"96.0000":0.761343,"97.0000":0.765439,"98.0000":0.782847,"99.0000":0.905215,"99.9000":1.298431,"99.9900":2.928639,"99.9990":2.928639,"99.9999":2.928639,"100.0000":2.928639},"allocations":{"total_heap":14037049,"minor_heap":300244,"major_heap":13737373,"promoted_words":568,"promoted_pct":0.19},"domain_alloc_stats":{"0":{"total":14037049,"minor":300244,"promoted":568,"major":13737373,"promoted_pct":0.19}},"collections":{"minor":160,"major":160,"forced_major":0,"compactions":0}}
