{"version":1,"wall_time":4.44,"cpu_time":4.44,"gc_time":1.59,"gc_overhead":35.87,"max_rss_kb":1459932,"domain_stats":{"0":{"wall_time":4.44,"gc_time":1.59,"gc_overhead":35.87}},"mean_latency":0.071636,"stddev_latency":0.097456,"min_latency":0.0,"max_latency":3.835903,"distr_latency":{"25.0000":0.023343,"50.0000":0.053567,"60.0000":0.069951,"70.0000":0.091455,"75.0000":0.098431,"80.0000":0.103103,"85.0000":0.106303,"90.0000":0.116159,"95.0000":0.189695,"96.0000":0.247807,"97.0000":0.275967,"98.0000":0.359679,"99.0000":0.452863,"99.9000":0.903679,"99.9900":2.648063,"99.9990":3.835903,"99.9999":3.835903,"100.0000":3.835903},"allocations":{"total_heap":2914060097,"minor_heap":2901420004,"major_heap":388708912,"promoted_words":376068819,"promoted_pct":12.96},"domain_alloc_stats":{"0":{"total":2914060097,"minor":2901420004,"promoted":376068819,"major":388708912,"promoted_pct":12.96}},"collections":{"minor":11082,"major":23,"forced_major":0,"compactions":0}}
{"version":1,"wall_time":4.41,"cpu_time":4.41,"gc_time":1.59,"gc_overhead":36.02,"max_rss_kb":1459836,"domain_stats":{"0":{"wall_time":4.41,"gc_time":1.59,"gc_overhead":36.02}},"mean_latency":0.071502,"stddev_latency":0.097623,"min_latency":0.0,"max_latency":3.842047,"distr_latency":{"25.0000":0.023167,"50.0000":0.053695,"60.0000":0.069951,"70.0000":0.090943,"75.0000":0.098175,"80.0000":0.102847,"85.0000":0.105919,"90.0000":0.116031,"95.0000":0.186751,"96.0000":0.239487,"97.0000":0.278783,"98.0000":0.358911,"99.0000":0.451839,"99.9000":0.897535,"99.9900":2.629631,"99.9990":3.842047,"99.9999":3.842047,"100.0000":3.842047},"allocations":{"total_heap":2914060097,"minor_heap":2901420004,"major_heap":388708912,"promoted_words":376068819,"promoted_pct":12.96},"domain_alloc_stats":{"0":{"total":2914060097,"minor":2901420004,"promoted":376068819,"major":388708912,"promoted_pct":12.96}},"collections":{"minor":11082,"major":23,"forced_major":0,"compactions":0}}
{"version":1,"wall_time":4.49,"cpu_time":4.49,"gc_time":1.61,"gc_overhead":35.93,"max_rss_kb":1459776,"domain_stats":{"0":{"wall_time":4.49,"gc_time":1.61,"gc_overhead":35.93}},"mean_latency":0.072568,"stddev_latency":0.098377,"min_latency":0.0,"max_latency":3.827711,"distr_latency":{"25.0000":0.023311,"50.0000":0.054175,"60.0000":0.071551,"70.0000":0.091903,"75.0000":0.099967,"80.0000":0.105087,"85.0000":0.108287,"90.0000":0.118527,"95.0000":0.191103,"96.0000":0.247935,"97.0000":0.279551,"98.0000":0.361727,"99.0000":0.466175,"99.9000":0.894463,"99.9900":2.666495,"99.9990":3.827711,"99.9999":3.827711,"100.0000":3.827711},"allocations":{"total_heap":2914060097,"minor_heap":2901420004,"major_heap":388708912,"promoted_words":376068819,"promoted_pct":12.96},"domain_alloc_stats":{"0":{"total":2914060097,"minor":2901420004,"promoted":376068819,"major":388708912,"promoted_pct":12.96}},"collections":{"minor":11082,"major":23,"forced_major":0,"compactions":0}}
