{"version":1,"wall_time":4.88,"cpu_time":4.88,"gc_time":2.03,"gc_overhead":41.65,"max_rss_kb":1026036,"domain_stats":{"0":{"wall_time":4.88,"gc_time":2.03,"gc_overhead":41.65}},"mean_latency":0.091369,"stddev_latency":0.234228,"min_latency":0.0,"max_latency":13.238271,"distr_latency":{"25.0000":0.025823,"50.0000":0.074687,"60.0000":0.079423,"70.0000":0.106303,"75.0000":0.111615,"80.0000":0.116223,"85.0000":0.124607,"90.0000":0.145279,"95.0000":0.239359,"96.0000":0.270847,"97.0000":0.303615,"98.0000":0.410879,"99.0000":0.553983,"99.9000":2.969599,"99.9900":8.994815,"99.9990":13.238271,"99.9999":13.238271,"100.0000":13.238271},"allocations":{"total_heap":2913663794,"minor_heap":2901091989,"major_heap":388677907,"promoted_words":376106102,"promoted_pct":12.96},"domain_alloc_stats":{"0":{"total":2913663794,"minor":2901091989,"promoted":376106102,"major":388677907,"promoted_pct":12.96}},"collections":{"minor":11086,"major":28,"forced_major":0,"compactions":0}}
{"version":1,"wall_time":4.82,"cpu_time":4.82,"gc_time":2.01,"gc_overhead":41.58,"max_rss_kb":1025752,"domain_stats":{"0":{"wall_time":4.82,"gc_time":2.01,"gc_overhead":41.58}},"mean_latency":0.090247,"stddev_latency":0.234746,"min_latency":0.0,"max_latency":13.246463,"distr_latency":{"25.0000":0.025871,"50.0000":0.072383,"60.0000":0.076671,"70.0000":0.104127,"75.0000":0.109759,"80.0000":0.115903,"85.0000":0.124607,"90.0000":0.146047,"95.0000":0.233215,"96.0000":0.265983,"97.0000":0.295167,"98.0000":0.403455,"99.0000":0.564223,"99.9000":2.957311,"99.9900":9.076735,"99.9990":13.246463,"99.9999":13.246463,"100.0000":13.246463},"allocations":{"total_heap":2913663794,"minor_heap":2901091989,"major_heap":388677907,"promoted_words":376106102,"promoted_pct":12.96},"domain_alloc_stats":{"0":{"total":2913663794,"minor":2901091989,"promoted":376106102,"major":388677907,"promoted_pct":12.96}},"collections":{"minor":11086,"major":28,"forced_major":0,"compactions":0}}
{"version":1,"wall_time":4.83,"cpu_time":4.83,"gc_time":2.0,"gc_overhead":41.35,"max_rss_kb":1026004,"domain_stats":{"0":{"wall_time":4.83,"gc_time":2.0,"gc_overhead":41.35}},"mean_latency":0.08991,"stddev_latency":0.233425,"min_latency":0.0,"max_latency":13.197311,"distr_latency":{"25.0000":0.025599,"50.0000":0.072383,"60.0000":0.076671,"70.0000":0.104447,"75.0000":0.109695,"80.0000":0.114815,"85.0000":0.123647,"90.0000":0.144255,"95.0000":0.231167,"96.0000":0.267263,"97.0000":0.293375,"98.0000":0.400639,"99.0000":0.551935,"99.9000":2.967551,"99.9900":9.019391,"99.9990":13.197311,"99.9999":13.197311,"100.0000":13.197311},"allocations":{"total_heap":2913663794,"minor_heap":2901091989,"major_heap":388677907,"promoted_words":376106102,"promoted_pct":12.96},"domain_alloc_stats":{"0":{"total":2913663794,"minor":2901091989,"promoted":376106102,"major":388677907,"promoted_pct":12.96}},"collections":{"minor":11086,"major":28,"forced_major":0,"compactions":0}}
