{"version":1,"wall_time":4.16,"cpu_time":4.16,"gc_time":3.19,"gc_overhead":76.66,"max_rss_kb":166352,"domain_stats":{"0":{"wall_time":4.16,"gc_time":3.19,"gc_overhead":76.66}},"mean_latency":0.210463,"stddev_latency":0.452449,"min_latency":0.0,"max_latency":3.067903,"distr_latency":{"25.0000":8.7e-05,"50.0000":0.000295,"60.0000":0.000335,"70.0000":0.005167,"75.0000":0.009023,"80.0000":0.270335,"85.0000":0.770559,"90.0000":0.961535,"95.0000":1.296383,"96.0000":1.419263,"97.0000":1.548287,"98.0000":1.675263,"99.0000":1.819647,"99.9000":2.252799,"99.9900":2.717695,"99.9990":3.067903,"99.9999":3.067903,"100.0000":3.067903},"allocations":{"total_heap":14037986,"minor_heap":300719,"major_heap":13737868,"promoted_words":601,"promoted_pct":0.2},"domain_alloc_stats":{"0":{"total":14037986,"minor":300719,"promoted":601,"major":13737868,"promoted_pct":0.2}},"collections":{"minor":2099,"major":1049,"forced_major":0,"compactions":0}}
{"version":1,"wall_time":4.33,"cpu_time":4.33,"gc_time":3.37,"gc_overhead":77.75,"max_rss_kb":166344,"domain_stats":{"0":{"wall_time":4.33,"gc_time":3.37,"gc_overhead":77.75}},"mean_latency":0.222416,"stddev_latency":0.485113,"min_latency":0.0,"max_latency":3.495935,"distr_latency":{"25.0000":0.000127,"50.0000":0.000295,"60.0000":0.000335,"70.0000":0.005255,"75.0000":0.008735,"80.0000":0.271103,"85.0000":0.781823,"90.0000":0.967679,"95.0000":1.389567,"96.0000":1.524735,"97.0000":1.648639,"98.0000":1.741823,"99.0000":1.889279,"99.9000":2.707455,"99.9900":3.151871,"99.9990":3.495935,"99.9999":3.495935,"100.0000":3.495935},"allocations":{"total_heap":14037986,"minor_heap":300719,"major_heap":13737868,"promoted_words":601,"promoted_pct":0.2},"domain_alloc_stats":{"0":{"total":14037986,"minor":300719,"promoted":601,"major":13737868,"promoted_pct":0.2}},"collections":{"minor":2099,"major":1049,"forced_major":0,"compactions":0}}
{"version":1,"wall_time":4.23,"cpu_time":4.23,"gc_time":3.26,"gc_overhead":76.91,"max_rss_kb":166316,"domain_stats":{"0":{"wall_time":4.23,"gc_time":3.26,"gc_overhead":76.91}},"mean_latency":0.214937,"stddev_latency":0.465677,"min_latency":0.0,"max_latency":3.153919,"distr_latency":{"25.0000":8.7e-05,"50.0000":0.000295,"60.0000":0.000335,"70.0000":0.005143,"75.0000":0.008431,"80.0000":0.277247,"85.0000":0.782335,"90.0000":0.965119,"95.0000":1.327103,"96.0000":1.443839,"97.0000":1.580031,"98.0000":1.704959,"99.0000":1.853439,"99.9000":2.596863,"99.9900":3.149823,"99.9990":3.153919,"99.9999":3.153919,"100.0000":3.153919},"allocations":{"total_heap":14037986,"minor_heap":300719,"major_heap":13737868,"promoted_words":601,"promoted_pct":0.2},"domain_alloc_stats":{"0":{"total":14037986,"minor":300719,"promoted":601,"major":13737868,"promoted_pct":0.2}},"collections":{"minor":2099,"major":1049,"forced_major":0,"compactions":0}}
