{"version":1,"wall_time":3.3,"cpu_time":3.3,"gc_time":0.72,"gc_overhead":21.79,"max_rss_kb":406340,"domain_stats":{"0":{"wall_time":3.3,"gc_time":0.72,"gc_overhead":21.79}},"mean_latency":0.213067,"stddev_latency":0.315149,"min_latency":0.0,"max_latency":4.325375,"distr_latency":{"25.0000":0.030655,"50.0000":0.094463,"60.0000":0.135935,"70.0000":0.183807,"75.0000":0.274687,"80.0000":0.335103,"85.0000":0.461823,"90.0000":0.595967,"95.0000":0.802815,"96.0000":0.877567,"97.0000":1.056767,"98.0000":1.235967,"99.0000":1.530879,"99.9000":2.318335,"99.9900":4.325375,"99.9990":4.325375,"99.9999":4.325375,"100.0000":4.325375},"allocations":{"total_heap":434009381,"minor_heap":418022119,"major_heap":138808471,"promoted_words":122821209,"promoted_pct":29.38},"domain_alloc_stats":{"0":{"total":434009381,"minor":418022119,"promoted":122821209,"major":138808471,"promoted_pct":29.38}},"collections":{"minor":1624,"major":26,"forced_major":0,"compactions":0}}
{"version":1,"wall_time":3.3,"cpu_time":3.3,"gc_time":0.73,"gc_overhead":22.0,"max_rss_kb":406348,"domain_stats":{"0":{"wall_time":3.3,"gc_time":0.73,"gc_overhead":22.0}},"mean_latency":0.214925,"stddev_latency":0.318174,"min_latency":0.0,"max_latency":4.333567,"distr_latency":{"25.0000":0.030943,"50.0000":0.095487,"60.0000":0.136319,"70.0000":0.183935,"75.0000":0.272383,"80.0000":0.338687,"85.0000":0.463871,"90.0000":0.594431,"95.0000":0.814591,"96.0000":0.882687,"97.0000":1.079295,"98.0000":1.241087,"99.0000":1.535999,"99.9000":2.428927,"99.9900":4.333567,"99.9990":4.333567,"99.9999":4.333567,"100.0000":4.333567},"allocations":{"total_heap":434009381,"minor_heap":418022119,"major_heap":138808471,"promoted_words":122821209,"promoted_pct":29.38},"domain_alloc_stats":{"0":{"total":434009381,"minor":418022119,"promoted":122821209,"major":138808471,"promoted_pct":29.38}},"collections":{"minor":1624,"major":26,"forced_major":0,"compactions":0}}
{"version":1,"wall_time":3.29,"cpu_time":3.29,"gc_time":0.73,"gc_overhead":22.07,"max_rss_kb":406312,"domain_stats":{"0":{"wall_time":3.29,"gc_time":0.73,"gc_overhead":22.07}},"mean_latency":0.214908,"stddev_latency":0.319728,"min_latency":0.0,"max_latency":4.317183,"distr_latency":{"25.0000":0.030415,"50.0000":0.095487,"60.0000":0.136447,"70.0000":0.186751,"75.0000":0.276479,"80.0000":0.335359,"85.0000":0.456447,"90.0000":0.593919,"95.0000":0.806911,"96.0000":0.882687,"97.0000":1.089535,"98.0000":1.260543,"99.0000":1.593343,"99.9000":2.439167,"99.9900":4.317183,"99.9990":4.317183,"99.9999":4.317183,"100.0000":4.317183},"allocations":{"total_heap":434009381,"minor_heap":418022119,"major_heap":138808471,"promoted_words":122821209,"promoted_pct":29.38},"domain_alloc_stats":{"0":{"total":434009381,"minor":418022119,"promoted":122821209,"major":138808471,"promoted_pct":29.38}},"collections":{"minor":1624,"major":26,"forced_major":0,"compactions":0}}
