{"version":1,"wall_time":2.14,"cpu_time":2.14,"gc_time":0.3,"gc_overhead":14.12,"max_rss_kb":49132,"domain_stats":{"0":{"wall_time":2.14,"gc_time":0.3,"gc_overhead":14.12}},"mean_latency":0.004835,"stddev_latency":0.011356,"min_latency":0.0,"max_latency":0.073727,"distr_latency":{"25.0000":0.000263,"50.0000":0.000271,"60.0000":0.000287,"70.0000":0.000295,"75.0000":0.001311,"80.0000":0.003751,"85.0000":0.010807,"90.0000":0.011815,"95.0000":0.042431,"96.0000":0.042527,"97.0000":0.042623,"98.0000":0.042719,"99.0000":0.043391,"99.9000":0.057055,"99.9900":0.059647,"99.9990":0.060063,"99.9999":0.073727,"100.0000":0.073727},"allocations":{"total_heap":69968778,"minor_heap":68772007,"major_heap":1243756,"promoted_words":46985,"promoted_pct":0.07},"domain_alloc_stats":{"0":{"total":69968778,"minor":68772007,"promoted":46985,"major":1243756,"promoted_pct":0.07}},"collections":{"minor":10113,"major":5051,"forced_major":0,"compactions":0}}
{"version":1,"wall_time":2.09,"cpu_time":2.09,"gc_time":0.26,"gc_overhead":12.2,"max_rss_kb":49700,"domain_stats":{"0":{"wall_time":2.09,"gc_time":0.26,"gc_overhead":12.2}},"mean_latency":0.004089,"stddev_latency":0.008986,"min_latency":0.0,"max_latency":0.063871,"distr_latency":{"25.0000":0.000263,"50.0000":0.000271,"60.0000":0.000271,"70.0000":0.000287,"75.0000":0.001295,"80.0000":0.003703,"85.0000":0.010447,"90.0000":0.011927,"95.0000":0.031951,"96.0000":0.032015,"97.0000":0.032079,"98.0000":0.032175,"99.0000":0.032863,"99.9000":0.044991,"99.9900":0.048031,"99.9990":0.051167,"99.9999":0.063871,"100.0000":0.063871},"allocations":{"total_heap":69968778,"minor_heap":68772007,"major_heap":1243756,"promoted_words":46985,"promoted_pct":0.07},"domain_alloc_stats":{"0":{"total":69968778,"minor":68772007,"promoted":46985,"major":1243756,"promoted_pct":0.07}},"collections":{"minor":10113,"major":5051,"forced_major":0,"compactions":0}}
{"version":1,"wall_time":2.14,"cpu_time":2.14,"gc_time":0.3,"gc_overhead":13.93,"max_rss_kb":49196,"domain_stats":{"0":{"wall_time":2.14,"gc_time":0.3,"gc_overhead":13.93}},"mean_latency":0.004769,"stddev_latency":0.011273,"min_latency":0.0,"max_latency":0.063103,"distr_latency":{"25.0000":0.000263,"50.0000":0.000271,"60.0000":0.000271,"70.0000":0.000287,"75.0000":0.001271,"80.0000":0.003655,"85.0000":0.010447,"90.0000":0.011431,"95.0000":0.042271,"96.0000":0.042335,"97.0000":0.042431,"98.0000":0.042495,"99.0000":0.043199,"99.9000":0.047743,"99.9900":0.050751,"99.9990":0.055231,"99.9999":0.063103,"100.0000":0.063103},"allocations":{"total_heap":69968778,"minor_heap":68772007,"major_heap":1243756,"promoted_words":46985,"promoted_pct":0.07},"domain_alloc_stats":{"0":{"total":69968778,"minor":68772007,"promoted":46985,"major":1243756,"promoted_pct":0.07}},"collections":{"minor":10113,"major":5051,"forced_major":0,"compactions":0}}
