{"version":1,"wall_time":5.59,"cpu_time":5.59,"gc_time":5.53,"gc_overhead":98.94,"max_rss_kb":115900,"domain_stats":{"0":{"wall_time":5.59,"gc_time":5.53,"gc_overhead":98.94}},"mean_latency":0.186518,"stddev_latency":0.419315,"min_latency":0.0,"max_latency":3.057663,"distr_latency":{"25.0000":0.000103,"50.0000":0.000295,"60.0000":0.000311,"70.0000":0.003647,"75.0000":0.007207,"80.0000":0.037567,"85.0000":0.727551,"90.0000":0.900607,"95.0000":1.193983,"96.0000":1.305599,"97.0000":1.409023,"98.0000":1.543167,"99.0000":1.660927,"99.9000":2.351103,"99.9900":2.809855,"99.9990":3.057663,"99.9999":3.057663,"100.0000":3.057663},"allocations":{"total_heap":14038036,"minor_heap":300769,"major_heap":13737868,"promoted_words":601,"promoted_pct":0.2},"domain_alloc_stats":{"0":{"total":14038036,"minor":300769,"promoted":601,"major":13737868,"promoted_pct":0.2}},"collections":{"minor":3777,"major":1888,"forced_major":0,"compactions":0}}
{"version":1,"wall_time":5.4,"cpu_time":5.4,"gc_time":5.34,"gc_overhead":98.87,"max_rss_kb":116136,"domain_stats":{"0":{"wall_time":5.4,"gc_time":5.34,"gc_overhead":98.87}},"mean_latency":0.180035,"stddev_latency":0.399831,"min_latency":0.0,"max_latency":3.127295,"distr_latency":{"25.0000":0.000111,"50.0000":0.000295,"60.0000":0.000311,"70.0000":0.003751,"75.0000":0.007207,"80.0000":0.037727,"85.0000":0.726015,"90.0000":0.901119,"95.0000":1.119231,"96.0000":1.235967,"97.0000":1.354751,"98.0000":1.471487,"99.0000":1.592319,"99.9000":2.028543,"99.9900":2.488319,"99.9990":3.127295,"99.9999":3.127295,"100.0000":3.127295},"allocations":{"total_heap":14038036,"minor_heap":300769,"major_heap":13737868,"promoted_words":601,"promoted_pct":0.2},"domain_alloc_stats":{"0":{"total":14038036,"minor":300769,"promoted":601,"major":13737868,"promoted_pct":0.2}},"collections":{"minor":3777,"major":1888,"forced_major":0,"compactions":0}}
{"version":1,"wall_time":5.74,"cpu_time":5.74,"gc_time":5.68,"gc_overhead":98.94,"max_rss_kb":116072,"domain_stats":{"0":{"wall_time":5.74,"gc_time":5.68,"gc_overhead":98.94}},"mean_latency":0.191313,"stddev_latency":0.427816,"min_latency":0.0,"max_latency":3.106815,"distr_latency":{"25.0000":0.000111,"50.0000":0.000295,"60.0000":0.000311,"70.0000":0.003695,"75.0000":0.007831,"80.0000":0.038239,"85.0000":0.763903,"90.0000":0.913407,"95.0000":1.205247,"96.0000":1.298431,"97.0000":1.413119,"98.0000":1.549311,"99.0000":1.681407,"99.9000":2.213887,"99.9900":2.605055,"99.9990":3.106815,"99.9999":3.106815,"100.0000":3.106815},"allocations":{"total_heap":14038036,"minor_heap":300769,"major_heap":13737868,"promoted_words":601,"promoted_pct":0.2},"domain_alloc_stats":{"0":{"total":14038036,"minor":300769,"promoted":601,"major":13737868,"promoted_pct":0.2}},"collections":{"minor":3777,"major":1888,"forced_major":0,"compactions":0}}
