{"version":1,"wall_time":11.73,"cpu_time":11.73,"gc_time":9.36,"gc_overhead":79.83,"max_rss_kb":286716,"domain_stats":{"0":{"wall_time":11.73,"gc_time":9.36,"gc_overhead":79.83}},"mean_latency":0.020999,"stddev_latency":0.0234,"min_latency":0.0,"max_latency":0.188159,"distr_latency":{"25.0000":4.7e-05,"50.0000":0.003647,"60.0000":0.040127,"70.0000":0.048063,"75.0000":0.048575,"80.0000":0.049151,"85.0000":0.049983,"90.0000":0.050943,"95.0000":0.051743,"96.0000":0.052031,"97.0000":0.052319,"98.0000":0.052703,"99.0000":0.053375,"99.9000":0.065247,"99.9900":0.073535,"99.9990":0.079167,"99.9999":0.188159,"100.0000":0.188159},"allocations":{"total_heap":69978853,"minor_heap":68782058,"major_heap":2270447,"promoted_words":1073652,"promoted_pct":1.56},"domain_alloc_stats":{"0":{"total":69978853,"minor":68782058,"promoted":1073652,"major":2270447,"promoted_pct":1.56}},"collections":{"minor":180212,"major":180212,"forced_major":0,"compactions":0}}
{"version":1,"wall_time":11.59,"cpu_time":11.59,"gc_time":9.18,"gc_overhead":79.19,"max_rss_kb":286884,"domain_stats":{"0":{"wall_time":11.59,"gc_time":9.18,"gc_overhead":79.19}},"mean_latency":0.020588,"stddev_latency":0.022907,"min_latency":0.0,"max_latency":0.204543,"distr_latency":{"25.0000":4.7e-05,"50.0000":0.003671,"60.0000":0.039871,"70.0000":0.047103,"75.0000":0.047551,"80.0000":0.048063,"85.0000":0.049119,"90.0000":0.050015,"95.0000":0.050815,"96.0000":0.051071,"97.0000":0.051359,"98.0000":0.051839,"99.0000":0.052511,"99.9000":0.065791,"99.9900":0.072959,"99.9990":0.081279,"99.9999":0.204543,"100.0000":0.204543},"allocations":{"total_heap":69978853,"minor_heap":68782058,"major_heap":2270447,"promoted_words":1073652,"promoted_pct":1.56},"domain_alloc_stats":{"0":{"total":69978853,"minor":68782058,"promoted":1073652,"major":2270447,"promoted_pct":1.56}},"collections":{"minor":180212,"major":180212,"forced_major":0,"compactions":0}}
{"version":1,"wall_time":11.46,"cpu_time":11.46,"gc_time":9.08,"gc_overhead":79.27,"max_rss_kb":286820,"domain_stats":{"0":{"wall_time":11.46,"gc_time":9.08,"gc_overhead":79.27}},"mean_latency":0.020376,"stddev_latency":0.02265,"min_latency":0.0,"max_latency":0.193023,"distr_latency":{"25.0000":4.7e-05,"50.0000":0.003735,"60.0000":0.037855,"70.0000":0.046719,"75.0000":0.047231,"80.0000":0.047743,"85.0000":0.048415,"90.0000":0.049791,"95.0000":0.050655,"96.0000":0.050911,"97.0000":0.051231,"98.0000":0.051647,"99.0000":0.052415,"99.9000":0.063551,"99.9900":0.069759,"99.9990":0.074495,"99.9999":0.193023,"100.0000":0.193023},"allocations":{"total_heap":69978853,"minor_heap":68782058,"major_heap":2270447,"promoted_words":1073652,"promoted_pct":1.56},"domain_alloc_stats":{"0":{"total":69978853,"minor":68782058,"promoted":1073652,"major":2270447,"promoted_pct":1.56}},"collections":{"minor":180212,"major":180212,"forced_major":0,"compactions":0}}
