{"version":1,"wall_time":6.1,"cpu_time":6.1,"gc_time":4.82,"gc_overhead":79.04,"max_rss_kb":79104,"domain_stats":{"0":{"wall_time":6.1,"gc_time":4.82,"gc_overhead":79.04}},"mean_latency":0.581848,"stddev_latency":0.630899,"min_latency":0.0,"max_latency":2.310143,"distr_latency":{"25.0000":0.006183,"50.0000":0.160383,"60.0000":1.215487,"70.0000":1.315839,"75.0000":1.327103,"80.0000":1.337343,"85.0000":1.346559,"90.0000":1.356799,"95.0000":1.372159,"96.0000":1.377279,"97.0000":1.385471,"98.0000":1.397759,"99.0000":1.476607,"99.9000":1.931263,"99.9900":2.306047,"99.9990":2.310143,"99.9999":2.310143,"100.0000":2.310143},"allocations":{"total_heap":659181139,"minor_heap":624689345,"major_heap":98093737,"promoted_words":63601943,"promoted_pct":10.18},"domain_alloc_stats":{"0":{"total":659181139,"minor":624689345,"promoted":63601943,"major":98093737,"promoted_pct":10.18}},"collections":{"minor":9007,"major":3468,"forced_major":1116,"compactions":0}}
{"version":1,"wall_time":6.16,"cpu_time":6.16,"gc_time":4.89,"gc_overhead":79.3,"max_rss_kb":80036,"domain_stats":{"0":{"wall_time":6.16,"gc_time":4.89,"gc_overhead":79.3}},"mean_latency":0.589648,"stddev_latency":0.639751,"min_latency":0.0,"max_latency":2.449407,"distr_latency":{"25.0000":0.006367,"50.0000":0.159871,"60.0000":1.229823,"70.0000":1.332223,"75.0000":1.345535,"80.0000":1.355775,"85.0000":1.367039,"90.0000":1.379327,"95.0000":1.394687,"96.0000":1.398783,"97.0000":1.403903,"98.0000":1.415167,"99.0000":1.492991,"99.9000":1.959935,"99.9900":2.263039,"99.9990":2.449407,"99.9999":2.449407,"100.0000":2.449407},"allocations":{"total_heap":659181137,"minor_heap":624689343,"major_heap":98093761,"promoted_words":63601967,"promoted_pct":10.18},"domain_alloc_stats":{"0":{"total":659181137,"minor":624689343,"promoted":63601967,"major":98093761,"promoted_pct":10.18}},"collections":{"minor":9007,"major":3468,"forced_major":1116,"compactions":0}}
{"version":1,"wall_time":6.15,"cpu_time":6.15,"gc_time":4.87,"gc_overhead":79.14,"max_rss_kb":79144,"domain_stats":{"0":{"wall_time":6.15,"gc_time":4.87,"gc_overhead":79.14}},"mean_latency":0.587518,"stddev_latency":0.637305,"min_latency":0.0,"max_latency":2.297855,"distr_latency":{"25.0000":0.006247,"50.0000":0.160767,"60.0000":1.225727,"70.0000":1.334271,"75.0000":1.342463,"80.0000":1.350655,"85.0000":1.358847,"90.0000":1.368063,"95.0000":1.383423,"96.0000":1.388543,"97.0000":1.396735,"98.0000":1.411071,"99.0000":1.476607,"99.9000":1.932287,"99.9900":2.291711,"99.9990":2.297855,"99.9999":2.297855,"100.0000":2.297855},"allocations":{"total_heap":659181131,"minor_heap":624689337,"major_heap":98093631,"promoted_words":63601837,"promoted_pct":10.18},"domain_alloc_stats":{"0":{"total":659181131,"minor":624689337,"promoted":63601837,"major":98093631,"promoted_pct":10.18}},"collections":{"minor":9007,"major":3468,"forced_major":1116,"compactions":0}}
