{"version":1,"wall_time":3.89,"cpu_time":3.89,"gc_time":1.25,"gc_overhead":32.2,"max_rss_kb":302792,"domain_stats":{"0":{"wall_time":3.89,"gc_time":1.25,"gc_overhead":32.2}},"mean_latency":0.370313,"stddev_latency":0.68412,"min_latency":0.0,"max_latency":6.332415,"distr_latency":{"25.0000":0.049279,"50.0000":0.132607,"60.0000":0.240767,"70.0000":0.340735,"75.0000":0.409087,"80.0000":0.475903,"85.0000":0.558591,"90.0000":0.734207,"95.0000":1.767423,"96.0000":1.976319,"97.0000":2.303999,"98.0000":3.246079,"99.0000":3.839999,"99.9000":5.144575,"99.9900":6.332415,"99.9990":6.332415,"99.9999":6.332415,"100.0000":6.332415},"allocations":{"total_heap":434231787,"minor_heap":418244525,"major_heap":138346408,"promoted_words":122359146,"promoted_pct":29.26},"domain_alloc_stats":{"0":{"total":434231787,"minor":418244525,"promoted":122359146,"major":138346408,"promoted_pct":29.26}},"collections":{"minor":1650,"major":70,"forced_major":0,"compactions":0}}
{"version":1,"wall_time":3.88,"cpu_time":3.88,"gc_time":1.25,"gc_overhead":32.21,"max_rss_kb":302768,"domain_stats":{"0":{"wall_time":3.88,"gc_time":1.25,"gc_overhead":32.21}},"mean_latency":0.369623,"stddev_latency":0.682408,"min_latency":0.0,"max_latency":6.275071,"distr_latency":{"25.0000":0.049407,"50.0000":0.133247,"60.0000":0.242431,"70.0000":0.340223,"75.0000":0.406271,"80.0000":0.476159,"85.0000":0.556543,"90.0000":0.732159,"95.0000":1.756159,"96.0000":1.972223,"97.0000":2.291711,"98.0000":3.180543,"99.0000":3.856383,"99.9000":5.177343,"99.9900":6.275071,"99.9990":6.275071,"99.9999":6.275071,"100.0000":6.275071},"allocations":{"total_heap":434231787,"minor_heap":418244525,"major_heap":138346408,"promoted_words":122359146,"promoted_pct":29.26},"domain_alloc_stats":{"0":{"total":434231787,"minor":418244525,"promoted":122359146,"major":138346408,"promoted_pct":29.26}},"collections":{"minor":1650,"major":70,"forced_major":0,"compactions":0}}
{"version":1,"wall_time":3.91,"cpu_time":3.91,"gc_time":1.25,"gc_overhead":32.04,"max_rss_kb":302708,"domain_stats":{"0":{"wall_time":3.91,"gc_time":1.25,"gc_overhead":32.04}},"mean_latency":0.370021,"stddev_latency":0.681928,"min_latency":0.0,"max_latency":6.279167,"distr_latency":{"25.0000":0.050015,"50.0000":0.133503,"60.0000":0.239487,"70.0000":0.341759,"75.0000":0.408319,"80.0000":0.476415,"85.0000":0.570879,"90.0000":0.736767,"95.0000":1.770495,"96.0000":1.974271,"97.0000":2.283519,"98.0000":3.170303,"99.0000":3.827711,"99.9000":5.173247,"99.9900":6.279167,"99.9990":6.279167,"99.9999":6.279167,"100.0000":6.279167},"allocations":{"total_heap":434231787,"minor_heap":418244525,"major_heap":138346408,"promoted_words":122359146,"promoted_pct":29.26},"domain_alloc_stats":{"0":{"total":434231787,"minor":418244525,"promoted":122359146,"major":138346408,"promoted_pct":29.26}},"collections":{"minor":1650,"major":70,"forced_major":0,"compactions":0}}
