{"version":1,"wall_time":12.13,"cpu_time":12.13,"gc_time":11.84,"gc_overhead":97.62,"max_rss_kb":125184,"domain_stats":{"0":{"wall_time":12.13,"gc_time":11.84,"gc_overhead":97.62}},"mean_latency":0.229393,"stddev_latency":0.509476,"min_latency":0.0,"max_latency":4.780031,"distr_latency":{"25.0000":5.5e-05,"50.0000":0.000327,"60.0000":0.000735,"70.0000":0.006847,"75.0000":0.007991,"80.0000":0.230399,"85.0000":0.882687,"90.0000":0.907775,"95.0000":1.480703,"96.0000":1.557503,"97.0000":1.651711,"98.0000":1.743871,"99.0000":2.203647,"99.9000":2.629631,"99.9900":3.852287,"99.9990":3.926015,"99.9999":4.780031,"100.0000":4.780031},"allocations":{"total_heap":13498034,"minor_heap":120752,"major_heap":13377862,"promoted_words":580,"promoted_pct":0.48},"domain_alloc_stats":{"0":{"total":13498034,"minor":120752,"promoted":580,"major":13377862,"promoted_pct":0.48}},"collections":{"minor":8391,"major":4195,"forced_major":0,"compactions":0}}
{"version":1,"wall_time":14.29,"cpu_time":14.29,"gc_time":14.0,"gc_overhead":97.99,"max_rss_kb":125204,"domain_stats":{"0":{"wall_time":14.29,"gc_time":14.0,"gc_overhead":97.99}},"mean_latency":0.271318,"stddev_latency":0.629345,"min_latency":0.0,"max_latency":3.944447,"distr_latency":{"25.0000":6.3e-05,"50.0000":0.000335,"60.0000":0.000735,"70.0000":0.007063,"75.0000":0.008583,"80.0000":0.252671,"85.0000":0.881151,"90.0000":1.283071,"95.0000":1.648639,"96.0000":1.786879,"97.0000":2.217983,"98.0000":2.365439,"99.0000":2.791423,"99.9000":3.870719,"99.9900":3.936255,"99.9990":3.944447,"99.9999":3.944447,"100.0000":3.944447},"allocations":{"total_heap":13498034,"minor_heap":120752,"major_heap":13377862,"promoted_words":580,"promoted_pct":0.48},"domain_alloc_stats":{"0":{"total":13498034,"minor":120752,"promoted":580,"major":13377862,"promoted_pct":0.48}},"collections":{"minor":8391,"major":4195,"forced_major":0,"compactions":0}}
{"version":1,"wall_time":11.93,"cpu_time":11.93,"gc_time":11.65,"gc_overhead":97.59,"max_rss_kb":125192,"domain_stats":{"0":{"wall_time":11.93,"gc_time":11.65,"gc_overhead":97.59}},"mean_latency":0.225636,"stddev_latency":0.498971,"min_latency":0.0,"max_latency":3.975167,"distr_latency":{"25.0000":6.3e-05,"50.0000":0.000327,"60.0000":0.000743,"70.0000":0.006831,"75.0000":0.007943,"80.0000":0.226687,"85.0000":0.880127,"90.0000":0.905215,"95.0000":1.452031,"96.0000":1.540095,"97.0000":1.630207,"98.0000":1.722367,"99.0000":2.185215,"99.9000":2.373631,"99.9900":3.450879,"99.9990":3.637247,"99.9999":3.975167,"100.0000":3.975167},"allocations":{"total_heap":13498034,"minor_heap":120752,"major_heap":13377862,"promoted_words":580,"promoted_pct":0.48},"domain_alloc_stats":{"0":{"total":13498034,"minor":120752,"promoted":580,"major":13377862,"promoted_pct":0.48}},"collections":{"minor":8391,"major":4195,"forced_major":0,"compactions":0}}
