{"version":1,"wall_time":2.13,"cpu_time":2.13,"gc_time":0.42,"gc_overhead":19.65,"max_rss_kb":83916,"domain_stats":{"0":{"wall_time":2.13,"gc_time":0.42,"gc_overhead":19.65}},"mean_latency":0.002841,"stddev_latency":0.002517,"min_latency":0.0,"max_latency":0.056927,"distr_latency":{"25.0000":3.1e-05,"50.0000":0.003167,"60.0000":0.003375,"70.0000":0.004671,"75.0000":0.005431,"80.0000":0.005551,"85.0000":0.005655,"90.0000":0.006151,"95.0000":0.006487,"96.0000":0.006575,"97.0000":0.006911,"98.0000":0.007743,"99.0000":0.009031,"99.9000":0.012511,"99.9900":0.015551,"99.9990":0.038431,"99.9999":0.056927,"100.0000":0.056927},"allocations":{"total_heap":3994323891,"minor_heap":4706222,"major_heap":3989760740,"promoted_words":143071,"promoted_pct":3.04},"domain_alloc_stats":{"0":{"total":3994323891,"minor":4706222,"promoted":143071,"major":3989760740,"promoted_pct":3.04}},"collections":{"minor":39648,"major":39638,"forced_major":0,"compactions":0}}
{"version":1,"wall_time":2.16,"cpu_time":2.16,"gc_time":0.48,"gc_overhead":22.45,"max_rss_kb":82588,"domain_stats":{"0":{"wall_time":2.16,"gc_time":0.48,"gc_overhead":22.45}},"mean_latency":0.003294,"stddev_latency":0.00276,"min_latency":0.0,"max_latency":0.068223,"distr_latency":{"25.0000":3.1e-05,"50.0000":0.004335,"60.0000":0.004583,"70.0000":0.005327,"75.0000":0.005775,"80.0000":0.005887,"85.0000":0.006031,"90.0000":0.006591,"95.0000":0.006967,"96.0000":0.007143,"97.0000":0.007727,"98.0000":0.008487,"99.0000":0.009775,"99.9000":0.013287,"99.9900":0.016383,"99.9990":0.027711,"99.9999":0.068223,"100.0000":0.068223},"allocations":{"total_heap":3994323891,"minor_heap":4706222,"major_heap":3989760740,"promoted_words":143071,"promoted_pct":3.04},"domain_alloc_stats":{"0":{"total":3994323891,"minor":4706222,"promoted":143071,"major":3989760740,"promoted_pct":3.04}},"collections":{"minor":39648,"major":39638,"forced_major":0,"compactions":0}}
{"version":1,"wall_time":2.11,"cpu_time":2.11,"gc_time":0.41,"gc_overhead":19.26,"max_rss_kb":81384,"domain_stats":{"0":{"wall_time":2.11,"gc_time":0.41,"gc_overhead":19.26}},"mean_latency":0.002766,"stddev_latency":0.002429,"min_latency":0.0,"max_latency":0.064511,"distr_latency":{"25.0000":3.1e-05,"50.0000":0.003167,"60.0000":0.003375,"70.0000":0.004431,"75.0000":0.005103,"80.0000":0.005231,"85.0000":0.005367,"90.0000":0.005887,"95.0000":0.006191,"96.0000":0.006351,"97.0000":0.006911,"98.0000":0.007631,"99.0000":0.008887,"99.9000":0.012455,"99.9900":0.016063,"99.9990":0.023631,"99.9999":0.064511,"100.0000":0.064511},"allocations":{"total_heap":3994323891,"minor_heap":4706222,"major_heap":3989760740,"promoted_words":143071,"promoted_pct":3.04},"domain_alloc_stats":{"0":{"total":3994323891,"minor":4706222,"promoted":143071,"major":3989760740,"promoted_pct":3.04}},"collections":{"minor":39648,"major":39638,"forced_major":0,"compactions":0}}
