{"version":1,"wall_time":2.33,"cpu_time":2.33,"gc_time":0.42,"gc_overhead":17.82,"max_rss_kb":108456,"domain_stats":{"0":{"wall_time":2.33,"gc_time":0.42,"gc_overhead":17.82}},"mean_latency":0.001731,"stddev_latency":0.002117,"min_latency":0.0,"max_latency":0.026175,"distr_latency":{"25.0000":5.5e-05,"50.0000":0.000815,"60.0000":0.001943,"70.0000":0.002095,"75.0000":0.002815,"80.0000":0.004263,"85.0000":0.004535,"90.0000":0.004687,"95.0000":0.005231,"96.0000":0.005471,"97.0000":0.006031,"98.0000":0.007367,"99.0000":0.008927,"99.9000":0.011815,"99.9900":0.015751,"99.9990":0.021695,"99.9999":0.026175,"100.0000":0.026175},"allocations":{"total_heap":3994359314,"minor_heap":4706225,"major_heap":3989808744,"promoted_words":155655,"promoted_pct":3.31},"domain_alloc_stats":{"0":{"total":3994359314,"minor":4706225,"promoted":155655,"major":3989808744,"promoted_pct":3.31}},"collections":{"minor":80222,"major":40106,"forced_major":0,"compactions":0}}
{"version":1,"wall_time":2.32,"cpu_time":2.32,"gc_time":0.41,"gc_overhead":17.47,"max_rss_kb":108972,"domain_stats":{"0":{"wall_time":2.32,"gc_time":0.41,"gc_overhead":17.47}},"mean_latency":0.001688,"stddev_latency":0.002068,"min_latency":0.0,"max_latency":0.024047,"distr_latency":{"25.0000":3.1e-05,"50.0000":0.000823,"60.0000":0.001935,"70.0000":0.002087,"75.0000":0.002807,"80.0000":0.003751,"85.0000":0.004375,"90.0000":0.004663,"95.0000":0.005063,"96.0000":0.005431,"97.0000":0.005975,"98.0000":0.007327,"99.0000":0.008943,"99.9000":0.011695,"99.9900":0.014687,"99.9990":0.022175,"99.9999":0.024047,"100.0000":0.024047},"allocations":{"total_heap":3994359314,"minor_heap":4706225,"major_heap":3989808744,"promoted_words":155655,"promoted_pct":3.31},"domain_alloc_stats":{"0":{"total":3994359314,"minor":4706225,"promoted":155655,"major":3989808744,"promoted_pct":3.31}},"collections":{"minor":80222,"major":40106,"forced_major":0,"compactions":0}}
{"version":1,"wall_time":2.32,"cpu_time":2.32,"gc_time":0.4,"gc_overhead":17.37,"max_rss_kb":109012,"domain_stats":{"0":{"wall_time":2.32,"gc_time":0.4,"gc_overhead":17.37}},"mean_latency":0.001679,"stddev_latency":0.00205,"min_latency":0.0,"max_latency":0.021711,"distr_latency":{"25.0000":3.1e-05,"50.0000":0.000823,"60.0000":0.001935,"70.0000":0.002095,"75.0000":0.002791,"80.0000":0.003647,"85.0000":0.004415,"90.0000":0.004583,"95.0000":0.005103,"96.0000":0.005367,"97.0000":0.005871,"98.0000":0.007231,"99.0000":0.008783,"99.9000":0.011567,"99.9900":0.013911,"99.9990":0.019599,"99.9999":0.021711,"100.0000":0.021711},"allocations":{"total_heap":3994359314,"minor_heap":4706225,"major_heap":3989808744,"promoted_words":155655,"promoted_pct":3.31},"domain_alloc_stats":{"0":{"total":3994359314,"minor":4706225,"promoted":155655,"major":3989808744,"promoted_pct":3.31}},"collections":{"minor":80222,"major":40106,"forced_major":0,"compactions":0}}
