{"version":1,"wall_time":5.01,"cpu_time":5.01,"gc_time":3.12,"gc_overhead":62.31,"max_rss_kb":172596,"domain_stats":{"0":{"wall_time":5.01,"gc_time":3.12,"gc_overhead":62.31}},"mean_latency":0.208874,"stddev_latency":0.442294,"min_latency":0.0,"max_latency":3.145727,"distr_latency":{"25.0000":4.7e-05,"50.0000":0.000335,"60.0000":0.000447,"70.0000":0.005311,"75.0000":0.010135,"80.0000":0.303103,"85.0000":0.792063,"90.0000":0.945151,"95.0000":1.243135,"96.0000":1.357823,"97.0000":1.512447,"98.0000":1.632255,"99.0000":1.774591,"99.9000":2.170879,"99.9900":2.672639,"99.9990":3.145727,"99.9999":3.145727,"100.0000":3.145727},"allocations":{"total_heap":14038036,"minor_heap":300769,"major_heap":13737868,"promoted_words":601,"promoted_pct":0.2},"domain_alloc_stats":{"0":{"total":14038036,"minor":300769,"promoted":601,"major":13737868,"promoted_pct":0.2}},"collections":{"minor":1963,"major":981,"forced_major":0,"compactions":0}}
{"version":1,"wall_time":5.0,"cpu_time":5.0,"gc_time":3.12,"gc_overhead":62.38,"max_rss_kb":172556,"domain_stats":{"0":{"wall_time":5.0,"gc_time":3.12,"gc_overhead":62.38}},"mean_latency":0.208655,"stddev_latency":0.441422,"min_latency":0.0,"max_latency":3.119103,"distr_latency":{"25.0000":4.7e-05,"50.0000":0.000335,"60.0000":0.000495,"70.0000":0.005247,"75.0000":0.010727,"80.0000":0.299263,"85.0000":0.796159,"90.0000":0.944127,"95.0000":1.242111,"96.0000":1.362943,"97.0000":1.506303,"98.0000":1.629183,"99.0000":1.773567,"99.9000":2.148351,"99.9900":2.635775,"99.9990":3.119103,"99.9999":3.119103,"100.0000":3.119103},"allocations":{"total_heap":14038036,"minor_heap":300769,"major_heap":13737868,"promoted_words":601,"promoted_pct":0.2},"domain_alloc_stats":{"0":{"total":14038036,"minor":300769,"promoted":601,"major":13737868,"promoted_pct":0.2}},"collections":{"minor":1963,"major":981,"forced_major":0,"compactions":0}}
{"version":1,"wall_time":4.98,"cpu_time":4.98,"gc_time":3.1,"gc_overhead":62.35,"max_rss_kb":172732,"domain_stats":{"0":{"wall_time":4.98,"gc_time":3.1,"gc_overhead":62.35}},"mean_latency":0.207708,"stddev_latency":0.439158,"min_latency":0.0,"max_latency":3.657727,"distr_latency":{"25.0000":4.7e-05,"50.0000":0.000327,"60.0000":0.000471,"70.0000":0.005375,"75.0000":0.010743,"80.0000":0.300543,"85.0000":0.794623,"90.0000":0.941055,"95.0000":1.230847,"96.0000":1.359871,"97.0000":1.488895,"98.0000":1.618943,"99.0000":1.762303,"99.9000":2.129919,"99.9900":2.707455,"99.9990":3.657727,"99.9999":3.657727,"100.0000":3.657727},"allocations":{"total_heap":14038036,"minor_heap":300769,"major_heap":13737868,"promoted_words":601,"promoted_pct":0.2},"domain_alloc_stats":{"0":{"total":14038036,"minor":300769,"promoted":601,"major":13737868,"promoted_pct":0.2}},"collections":{"minor":1963,"major":981,"forced_major":0,"compactions":0}}
